==============================================================================
D-029 wave 2: N500 DYNAMIC mom-lowvol regime basket, monthly, kills pre-registered
==============================================================================
[panel] price (6491, 2511) return (6674, 2556) vol-cov 94.6%
[members] N500 snapshots=42 (2005-03-01->2025-09-01)
[stale_mask] 61,906 rows (0.90%) flagged frozen, 212 symbols, threshold=20d, built in 2.8s
[regime] VIX raw 2016-01-04->2026-07-03 n=2591
[regime] pre-2016 realized-63d-vol proxy built on 914 N500-ever names, range 2000-02-29->2026-01-22
[regime] spliced series built, splice_date=2016-01-04, NaN count=51 (expected only in earliest ~63d warmup)
[rebal] MONTHLY count=253
  [checkpoint] wrote c:\Users\Shreyas.1Gupta\OneDrive - Angel Broking Limited\Desktop\Backup\NIFTY 500\results\factor_replication\20260704_dynamic_basket\regime_timeline.csv (253 rows)
[regime] timeline built: 131 RISK_ON months, 122 RISK_OFF months (51.8% on)

[build] DYNAMIC (regime-blended mom/lowvol) ...
C:\Users\Shreyas.1Gupta\AppData\Local\Python\pythoncore-3.14-64\Lib\site-packages\numpy\lib\_nanfunctions_impl.py:1997: RuntimeWarning: Degrees of freedom <= 0 for slice.
  var = nanvar(a, axis=axis, dtype=dtype, out=out, ddof=ddof,
C:\Users\Shreyas.1Gupta\AppData\Local\Python\pythoncore-3.14-64\Lib\site-packages\numpy\lib\_nanfunctions_impl.py:1997: RuntimeWarning: Degrees of freedom <= 0 for slice.
  var = nanvar(a, axis=axis, dtype=dtype, out=out, ddof=ddof,
C:\Users\Shreyas.1Gupta\AppData\Local\Python\pythoncore-3.14-64\Lib\site-packages\numpy\lib\_nanfunctions_impl.py:1997: RuntimeWarning: Degrees of freedom <= 0 for slice.
  var = nanvar(a, axis=axis, dtype=dtype, out=out, ddof=ddof,
C:\Users\Shreyas.1Gupta\AppData\Local\Python\pythoncore-3.14-64\Lib\site-packages\numpy\lib\_nanfunctions_impl.py:1997: RuntimeWarning: Degrees of freedom <= 0 for slice.
  var = nanvar(a, axis=axis, dtype=dtype, out=out, ddof=ddof,
C:\Users\Shreyas.1Gupta\AppData\Local\Python\pythoncore-3.14-64\Lib\site-packages\numpy\lib\_nanfunctions_impl.py:1997: RuntimeWarning: Degrees of freedom <= 0 for slice.
  var = nanvar(a, axis=axis, dtype=dtype, out=out, ddof=ddof,
C:\Users\Shreyas.1Gupta\AppData\Local\Python\pythoncore-3.14-64\Lib\site-packages\numpy\lib\_nanfunctions_impl.py:1997: RuntimeWarning: Degrees of freedom <= 0 for slice.
  var = nanvar(a, axis=axis, dtype=dtype, out=out, ddof=ddof,
C:\Users\Shreyas.1Gupta\AppData\Local\Python\pythoncore-3.14-64\Lib\site-packages\numpy\lib\_nanfunctions_impl.py:1997: RuntimeWarning: Degrees of freedom <= 0 for slice.
  var = nanvar(a, axis=axis, dtype=dtype, out=out, ddof=ddof,
C:\Users\Shreyas.1Gupta\AppData\Local\Python\pythoncore-3.14-64\Lib\site-packages\numpy\lib\_nanfunctions_impl.py:1997: RuntimeWarning: Degrees of freedom <= 0 for slice.
  var = nanvar(a, axis=axis, dtype=dtype, out=out, ddof=ddof,
C:\Users\Shreyas.1Gupta\AppData\Local\Python\pythoncore-3.14-64\Lib\site-packages\numpy\lib\_nanfunctions_impl.py:1997: RuntimeWarning: Degrees of freedom <= 0 for slice.
  var = nanvar(a, axis=axis, dtype=dtype, out=out, ddof=ddof,
C:\Users\Shreyas.1Gupta\AppData\Local\Python\pythoncore-3.14-64\Lib\site-packages\numpy\lib\_nanfunctions_impl.py:1997: RuntimeWarning: Degrees of freedom <= 0 for slice.
  var = nanvar(a, axis=axis, dtype=dtype, out=out, ddof=ddof,
C:\Users\Shreyas.1Gupta\AppData\Local\Python\pythoncore-3.14-64\Lib\site-packages\numpy\lib\_nanfunctions_impl.py:1997: RuntimeWarning: Degrees of freedom <= 0 for slice.
  var = nanvar(a, axis=axis, dtype=dtype, out=out, ddof=ddof,
C:\Users\Shreyas.1Gupta\AppData\Local\Python\pythoncore-3.14-64\Lib\site-packages\numpy\lib\_nanfunctions_impl.py:1997: RuntimeWarning: Degrees of freedom <= 0 for slice.
  var = nanvar(a, axis=axis, dtype=dtype, out=out, ddof=ddof,
C:\Users\Shreyas.1Gupta\AppData\Local\Python\pythoncore-3.14-64\Lib\site-packages\numpy\lib\_nanfunctions_impl.py:1997: RuntimeWarning: Degrees of freedom <= 0 for slice.
  var = nanvar(a, axis=axis, dtype=dtype, out=out, ddof=ddof,
C:\Users\Shreyas.1Gupta\AppData\Local\Python\pythoncore-3.14-64\Lib\site-packages\numpy\lib\_nanfunctions_impl.py:1997: RuntimeWarning: Degrees of freedom <= 0 for slice.
  var = nanvar(a, axis=axis, dtype=dtype, out=out, ddof=ddof,
C:\Users\Shreyas.1Gupta\AppData\Local\Python\pythoncore-3.14-64\Lib\site-packages\numpy\lib\_nanfunctions_impl.py:1997: RuntimeWarning: Degrees of freedom <= 0 for slice.
  var = nanvar(a, axis=axis, dtype=dtype, out=out, ddof=ddof,
C:\Users\Shreyas.1Gupta\AppData\Local\Python\pythoncore-3.14-64\Lib\site-packages\numpy\lib\_nanfunctions_impl.py:1997: RuntimeWarning: Degrees of freedom <= 0 for slice.
  var = nanvar(a, axis=axis, dtype=dtype, out=out, ddof=ddof,
C:\Users\Shreyas.1Gupta\AppData\Local\Python\pythoncore-3.14-64\Lib\site-packages\numpy\lib\_nanfunctions_impl.py:1997: RuntimeWarning: Degrees of freedom <= 0 for slice.
  var = nanvar(a, axis=axis, dtype=dtype, out=out, ddof=ddof,
C:\Users\Shreyas.1Gupta\AppData\Local\Python\pythoncore-3.14-64\Lib\site-packages\numpy\lib\_nanfunctions_impl.py:1997: RuntimeWarning: Degrees of freedom <= 0 for slice.
  var = nanvar(a, axis=axis, dtype=dtype, out=out, ddof=ddof,
C:\Users\Shreyas.1Gupta\AppData\Local\Python\pythoncore-3.14-64\Lib\site-packages\numpy\lib\_nanfunctions_impl.py:1997: RuntimeWarning: Degrees of freedom <= 0 for slice.
  var = nanvar(a, axis=axis, dtype=dtype, out=out, ddof=ddof,
C:\Users\Shreyas.1Gupta\AppData\Local\Python\pythoncore-3.14-64\Lib\site-packages\numpy\lib\_nanfunctions_impl.py:1997: RuntimeWarning: Degrees of freedom <= 0 for slice.
  var = nanvar(a, axis=axis, dtype=dtype, out=out, ddof=ddof,
C:\Users\Shreyas.1Gupta\AppData\Local\Python\pythoncore-3.14-64\Lib\site-packages\numpy\lib\_nanfunctions_impl.py:1997: RuntimeWarning: Degrees of freedom <= 0 for slice.
  var = nanvar(a, axis=axis, dtype=dtype, out=out, ddof=ddof,
C:\Users\Shreyas.1Gupta\AppData\Local\Python\pythoncore-3.14-64\Lib\site-packages\numpy\lib\_nanfunctions_impl.py:1997: RuntimeWarning: Degrees of freedom <= 0 for slice.
  var = nanvar(a, axis=axis, dtype=dtype, out=out, ddof=ddof,
C:\Users\Shreyas.1Gupta\AppData\Local\Python\pythoncore-3.14-64\Lib\site-packages\numpy\lib\_nanfunctions_impl.py:1997: RuntimeWarning: Degrees of freedom <= 0 for slice.
  var = nanvar(a, axis=axis, dtype=dtype, out=out, ddof=ddof,
C:\Users\Shreyas.1Gupta\AppData\Local\Python\pythoncore-3.14-64\Lib\site-packages\numpy\lib\_nanfunctions_impl.py:1997: RuntimeWarning: Degrees of freedom <= 0 for slice.
  var = nanvar(a, axis=axis, dtype=dtype, out=out, ddof=ddof,
C:\Users\Shreyas.1Gupta\AppData\Local\Python\pythoncore-3.14-64\Lib\site-packages\numpy\lib\_nanfunctions_impl.py:1997: RuntimeWarning: Degrees of freedom <= 0 for slice.
  var = nanvar(a, axis=axis, dtype=dtype, out=out, ddof=ddof,
C:\Users\Shreyas.1Gupta\AppData\Local\Python\pythoncore-3.14-64\Lib\site-packages\numpy\lib\_nanfunctions_impl.py:1997: RuntimeWarning: Degrees of freedom <= 0 for slice.
  var = nanvar(a, axis=axis, dtype=dtype, out=out, ddof=ddof,
C:\Users\Shreyas.1Gupta\AppData\Local\Python\pythoncore-3.14-64\Lib\site-packages\numpy\lib\_nanfunctions_impl.py:1997: RuntimeWarning: Degrees of freedom <= 0 for slice.
  var = nanvar(a, axis=axis, dtype=dtype, out=out, ddof=ddof,
C:\Users\Shreyas.1Gupta\AppData\Local\Python\pythoncore-3.14-64\Lib\site-packages\numpy\lib\_nanfunctions_impl.py:1997: RuntimeWarning: Degrees of freedom <= 0 for slice.
  var = nanvar(a, axis=axis, dtype=dtype, out=out, ddof=ddof,
C:\Users\Shreyas.1Gupta\AppData\Local\Python\pythoncore-3.14-64\Lib\site-packages\numpy\lib\_nanfunctions_impl.py:1997: RuntimeWarning: Degrees of freedom <= 0 for slice.
  var = nanvar(a, axis=axis, dtype=dtype, out=out, ddof=ddof,
C:\Users\Shreyas.1Gupta\AppData\Local\Python\pythoncore-3.14-64\Lib\site-packages\numpy\lib\_nanfunctions_impl.py:1997: RuntimeWarning: Degrees of freedom <= 0 for slice.
  var = nanvar(a, axis=axis, dtype=dtype, out=out, ddof=ddof,
C:\Users\Shreyas.1Gupta\AppData\Local\Python\pythoncore-3.14-64\Lib\site-packages\numpy\lib\_nanfunctions_impl.py:1997: RuntimeWarning: Degrees of freedom <= 0 for slice.
  var = nanvar(a, axis=axis, dtype=dtype, out=out, ddof=ddof,
C:\Users\Shreyas.1Gupta\AppData\Local\Python\pythoncore-3.14-64\Lib\site-packages\numpy\lib\_nanfunctions_impl.py:1997: RuntimeWarning: Degrees of freedom <= 0 for slice.
  var = nanvar(a, axis=axis, dtype=dtype, out=out, ddof=ddof,
C:\Users\Shreyas.1Gupta\AppData\Local\Python\pythoncore-3.14-64\Lib\site-packages\numpy\lib\_nanfunctions_impl.py:1997: RuntimeWarning: Degrees of freedom <= 0 for slice.
  var = nanvar(a, axis=axis, dtype=dtype, out=out, ddof=ddof,
C:\Users\Shreyas.1Gupta\AppData\Local\Python\pythoncore-3.14-64\Lib\site-packages\numpy\lib\_nanfunctions_impl.py:1997: RuntimeWarning: Degrees of freedom <= 0 for slice.
  var = nanvar(a, axis=axis, dtype=dtype, out=out, ddof=ddof,
C:\Users\Shreyas.1Gupta\AppData\Local\Python\pythoncore-3.14-64\Lib\site-packages\numpy\lib\_nanfunctions_impl.py:1997: RuntimeWarning: Degrees of freedom <= 0 for slice.
  var = nanvar(a, axis=axis, dtype=dtype, out=out, ddof=ddof,
C:\Users\Shreyas.1Gupta\AppData\Local\Python\pythoncore-3.14-64\Lib\site-packages\numpy\lib\_nanfunctions_impl.py:1997: RuntimeWarning: Degrees of freedom <= 0 for slice.
  var = nanvar(a, axis=axis, dtype=dtype, out=out, ddof=ddof,
C:\Users\Shreyas.1Gupta\AppData\Local\Python\pythoncore-3.14-64\Lib\site-packages\numpy\lib\_nanfunctions_impl.py:1997: RuntimeWarning: Degrees of freedom <= 0 for slice.
  var = nanvar(a, axis=axis, dtype=dtype, out=out, ddof=ddof,
C:\Users\Shreyas.1Gupta\AppData\Local\Python\pythoncore-3.14-64\Lib\site-packages\numpy\lib\_nanfunctions_impl.py:1997: RuntimeWarning: Degrees of freedom <= 0 for slice.
  var = nanvar(a, axis=axis, dtype=dtype, out=out, ddof=ddof,
C:\Users\Shreyas.1Gupta\AppData\Local\Python\pythoncore-3.14-64\Lib\site-packages\numpy\lib\_nanfunctions_impl.py:1997: RuntimeWarning: Degrees of freedom <= 0 for slice.
  var = nanvar(a, axis=axis, dtype=dtype, out=out, ddof=ddof,
C:\Users\Shreyas.1Gupta\AppData\Local\Python\pythoncore-3.14-64\Lib\site-packages\numpy\lib\_nanfunctions_impl.py:1997: RuntimeWarning: Degrees of freedom <= 0 for slice.
  var = nanvar(a, axis=axis, dtype=dtype, out=out, ddof=ddof,
C:\Users\Shreyas.1Gupta\AppData\Local\Python\pythoncore-3.14-64\Lib\site-packages\numpy\lib\_nanfunctions_impl.py:1997: RuntimeWarning: Degrees of freedom <= 0 for slice.
  var = nanvar(a, axis=axis, dtype=dtype, out=out, ddof=ddof,
C:\Users\Shreyas.1Gupta\AppData\Local\Python\pythoncore-3.14-64\Lib\site-packages\numpy\lib\_nanfunctions_impl.py:1997: RuntimeWarning: Degrees of freedom <= 0 for slice.
  var = nanvar(a, axis=axis, dtype=dtype, out=out, ddof=ddof,
C:\Users\Shreyas.1Gupta\AppData\Local\Python\pythoncore-3.14-64\Lib\site-packages\numpy\lib\_nanfunctions_impl.py:1997: RuntimeWarning: Degrees of freedom <= 0 for slice.
  var = nanvar(a, axis=axis, dtype=dtype, out=out, ddof=ddof,
C:\Users\Shreyas.1Gupta\AppData\Local\Python\pythoncore-3.14-64\Lib\site-packages\numpy\lib\_nanfunctions_impl.py:1997: RuntimeWarning: Degrees of freedom <= 0 for slice.
  var = nanvar(a, axis=axis, dtype=dtype, out=out, ddof=ddof,
C:\Users\Shreyas.1Gupta\AppData\Local\Python\pythoncore-3.14-64\Lib\site-packages\numpy\lib\_nanfunctions_impl.py:1997: RuntimeWarning: Degrees of freedom <= 0 for slice.
  var = nanvar(a, axis=axis, dtype=dtype, out=out, ddof=ddof,
C:\Users\Shreyas.1Gupta\AppData\Local\Python\pythoncore-3.14-64\Lib\site-packages\numpy\lib\_nanfunctions_impl.py:1997: RuntimeWarning: Degrees of freedom <= 0 for slice.
  var = nanvar(a, axis=axis, dtype=dtype, out=out, ddof=ddof,
C:\Users\Shreyas.1Gupta\AppData\Local\Python\pythoncore-3.14-64\Lib\site-packages\numpy\lib\_nanfunctions_impl.py:1997: RuntimeWarning: Degrees of freedom <= 0 for slice.
  var = nanvar(a, axis=axis, dtype=dtype, out=out, ddof=ddof,
C:\Users\Shreyas.1Gupta\AppData\Local\Python\pythoncore-3.14-64\Lib\site-packages\numpy\lib\_nanfunctions_impl.py:1997: RuntimeWarning: Degrees of freedom <= 0 for slice.
  var = nanvar(a, axis=axis, dtype=dtype, out=out, ddof=ddof,
C:\Users\Shreyas.1Gupta\AppData\Local\Python\pythoncore-3.14-64\Lib\site-packages\numpy\lib\_nanfunctions_impl.py:1997: RuntimeWarning: Degrees of freedom <= 0 for slice.
  var = nanvar(a, axis=axis, dtype=dtype, out=out, ddof=ddof,
C:\Users\Shreyas.1Gupta\AppData\Local\Python\pythoncore-3.14-64\Lib\site-packages\numpy\lib\_nanfunctions_impl.py:1997: RuntimeWarning: Degrees of freedom <= 0 for slice.
  var = nanvar(a, axis=axis, dtype=dtype, out=out, ddof=ddof,
C:\Users\Shreyas.1Gupta\AppData\Local\Python\pythoncore-3.14-64\Lib\site-packages\numpy\lib\_nanfunctions_impl.py:1997: RuntimeWarning: Degrees of freedom <= 0 for slice.
  var = nanvar(a, axis=axis, dtype=dtype, out=out, ddof=ddof,
C:\Users\Shreyas.1Gupta\AppData\Local\Python\pythoncore-3.14-64\Lib\site-packages\numpy\lib\_nanfunctions_impl.py:1997: RuntimeWarning: Degrees of freedom <= 0 for slice.
  var = nanvar(a, axis=axis, dtype=dtype, out=out, ddof=ddof,
C:\Users\Shreyas.1Gupta\AppData\Local\Python\pythoncore-3.14-64\Lib\site-packages\numpy\lib\_nanfunctions_impl.py:1997: RuntimeWarning: Degrees of freedom <= 0 for slice.
  var = nanvar(a, axis=axis, dtype=dtype, out=out, ddof=ddof,
C:\Users\Shreyas.1Gupta\AppData\Local\Python\pythoncore-3.14-64\Lib\site-packages\numpy\lib\_nanfunctions_impl.py:1997: RuntimeWarning: Degrees of freedom <= 0 for slice.
  var = nanvar(a, axis=axis, dtype=dtype, out=out, ddof=ddof,
C:\Users\Shreyas.1Gupta\AppData\Local\Python\pythoncore-3.14-64\Lib\site-packages\numpy\lib\_nanfunctions_impl.py:1997: RuntimeWarning: Degrees of freedom <= 0 for slice.
  var = nanvar(a, axis=axis, dtype=dtype, out=out, ddof=ddof,
C:\Users\Shreyas.1Gupta\AppData\Local\Python\pythoncore-3.14-64\Lib\site-packages\numpy\lib\_nanfunctions_impl.py:1997: RuntimeWarning: Degrees of freedom <= 0 for slice.
  var = nanvar(a, axis=axis, dtype=dtype, out=out, ddof=ddof,
C:\Users\Shreyas.1Gupta\AppData\Local\Python\pythoncore-3.14-64\Lib\site-packages\numpy\lib\_nanfunctions_impl.py:1997: RuntimeWarning: Degrees of freedom <= 0 for slice.
  var = nanvar(a, axis=axis, dtype=dtype, out=out, ddof=ddof,
C:\Users\Shreyas.1Gupta\AppData\Local\Python\pythoncore-3.14-64\Lib\site-packages\numpy\lib\_nanfunctions_impl.py:1997: RuntimeWarning: Degrees of freedom <= 0 for slice.
  var = nanvar(a, axis=axis, dtype=dtype, out=out, ddof=ddof,
C:\Users\Shreyas.1Gupta\AppData\Local\Python\pythoncore-3.14-64\Lib\site-packages\numpy\lib\_nanfunctions_impl.py:1997: RuntimeWarning: Degrees of freedom <= 0 for slice.
  var = nanvar(a, axis=axis, dtype=dtype, out=out, ddof=ddof,
C:\Users\Shreyas.1Gupta\AppData\Local\Python\pythoncore-3.14-64\Lib\site-packages\numpy\lib\_nanfunctions_impl.py:1997: RuntimeWarning: Degrees of freedom <= 0 for slice.
  var = nanvar(a, axis=axis, dtype=dtype, out=out, ddof=ddof,
C:\Users\Shreyas.1Gupta\AppData\Local\Python\pythoncore-3.14-64\Lib\site-packages\numpy\lib\_nanfunctions_impl.py:1997: RuntimeWarning: Degrees of freedom <= 0 for slice.
  var = nanvar(a, axis=axis, dtype=dtype, out=out, ddof=ddof,
C:\Users\Shreyas.1Gupta\AppData\Local\Python\pythoncore-3.14-64\Lib\site-packages\numpy\lib\_nanfunctions_impl.py:1997: RuntimeWarning: Degrees of freedom <= 0 for slice.
  var = nanvar(a, axis=axis, dtype=dtype, out=out, ddof=ddof,
C:\Users\Shreyas.1Gupta\AppData\Local\Python\pythoncore-3.14-64\Lib\site-packages\numpy\lib\_nanfunctions_impl.py:1997: RuntimeWarning: Degrees of freedom <= 0 for slice.
  var = nanvar(a, axis=axis, dtype=dtype, out=out, ddof=ddof,
C:\Users\Shreyas.1Gupta\AppData\Local\Python\pythoncore-3.14-64\Lib\site-packages\numpy\lib\_nanfunctions_impl.py:1997: RuntimeWarning: Degrees of freedom <= 0 for slice.
  var = nanvar(a, axis=axis, dtype=dtype, out=out, ddof=ddof,
C:\Users\Shreyas.1Gupta\AppData\Local\Python\pythoncore-3.14-64\Lib\site-packages\numpy\lib\_nanfunctions_impl.py:1997: RuntimeWarning: Degrees of freedom <= 0 for slice.
  var = nanvar(a, axis=axis, dtype=dtype, out=out, ddof=ddof,
C:\Users\Shreyas.1Gupta\AppData\Local\Python\pythoncore-3.14-64\Lib\site-packages\numpy\lib\_nanfunctions_impl.py:1997: RuntimeWarning: Degrees of freedom <= 0 for slice.
  var = nanvar(a, axis=axis, dtype=dtype, out=out, ddof=ddof,
C:\Users\Shreyas.1Gupta\AppData\Local\Python\pythoncore-3.14-64\Lib\site-packages\numpy\lib\_nanfunctions_impl.py:1997: RuntimeWarning: Degrees of freedom <= 0 for slice.
  var = nanvar(a, axis=axis, dtype=dtype, out=out, ddof=ddof,
C:\Users\Shreyas.1Gupta\AppData\Local\Python\pythoncore-3.14-64\Lib\site-packages\numpy\lib\_nanfunctions_impl.py:1997: RuntimeWarning: Degrees of freedom <= 0 for slice.
  var = nanvar(a, axis=axis, dtype=dtype, out=out, ddof=ddof,
C:\Users\Shreyas.1Gupta\AppData\Local\Python\pythoncore-3.14-64\Lib\site-packages\numpy\lib\_nanfunctions_impl.py:1997: RuntimeWarning: Degrees of freedom <= 0 for slice.
  var = nanvar(a, axis=axis, dtype=dtype, out=out, ddof=ddof,
C:\Users\Shreyas.1Gupta\AppData\Local\Python\pythoncore-3.14-64\Lib\site-packages\numpy\lib\_nanfunctions_impl.py:1997: RuntimeWarning: Degrees of freedom <= 0 for slice.
  var = nanvar(a, axis=axis, dtype=dtype, out=out, ddof=ddof,
C:\Users\Shreyas.1Gupta\AppData\Local\Python\pythoncore-3.14-64\Lib\site-packages\numpy\lib\_nanfunctions_impl.py:1997: RuntimeWarning: Degrees of freedom <= 0 for slice.
  var = nanvar(a, axis=axis, dtype=dtype, out=out, ddof=ddof,
C:\Users\Shreyas.1Gupta\AppData\Local\Python\pythoncore-3.14-64\Lib\site-packages\numpy\lib\_nanfunctions_impl.py:1997: RuntimeWarning: Degrees of freedom <= 0 for slice.
  var = nanvar(a, axis=axis, dtype=dtype, out=out, ddof=ddof,
C:\Users\Shreyas.1Gupta\AppData\Local\Python\pythoncore-3.14-64\Lib\site-packages\numpy\lib\_nanfunctions_impl.py:1997: RuntimeWarning: Degrees of freedom <= 0 for slice.
  var = nanvar(a, axis=axis, dtype=dtype, out=out, ddof=ddof,
C:\Users\Shreyas.1Gupta\AppData\Local\Python\pythoncore-3.14-64\Lib\site-packages\numpy\lib\_nanfunctions_impl.py:1997: RuntimeWarning: Degrees of freedom <= 0 for slice.
  var = nanvar(a, axis=axis, dtype=dtype, out=out, ddof=ddof,
C:\Users\Shreyas.1Gupta\AppData\Local\Python\pythoncore-3.14-64\Lib\site-packages\numpy\lib\_nanfunctions_impl.py:1997: RuntimeWarning: Degrees of freedom <= 0 for slice.
  var = nanvar(a, axis=axis, dtype=dtype, out=out, ddof=ddof,
C:\Users\Shreyas.1Gupta\AppData\Local\Python\pythoncore-3.14-64\Lib\site-packages\numpy\lib\_nanfunctions_impl.py:1997: RuntimeWarning: Degrees of freedom <= 0 for slice.
  var = nanvar(a, axis=axis, dtype=dtype, out=out, ddof=ddof,
C:\Users\Shreyas.1Gupta\AppData\Local\Python\pythoncore-3.14-64\Lib\site-packages\numpy\lib\_nanfunctions_impl.py:1997: RuntimeWarning: Degrees of freedom <= 0 for slice.
  var = nanvar(a, axis=axis, dtype=dtype, out=out, ddof=ddof,
C:\Users\Shreyas.1Gupta\AppData\Local\Python\pythoncore-3.14-64\Lib\site-packages\numpy\lib\_nanfunctions_impl.py:1997: RuntimeWarning: Degrees of freedom <= 0 for slice.
  var = nanvar(a, axis=axis, dtype=dtype, out=out, ddof=ddof,
C:\Users\Shreyas.1Gupta\AppData\Local\Python\pythoncore-3.14-64\Lib\site-packages\numpy\lib\_nanfunctions_impl.py:1997: RuntimeWarning: Degrees of freedom <= 0 for slice.
  var = nanvar(a, axis=axis, dtype=dtype, out=out, ddof=ddof,
C:\Users\Shreyas.1Gupta\AppData\Local\Python\pythoncore-3.14-64\Lib\site-packages\numpy\lib\_nanfunctions_impl.py:1997: RuntimeWarning: Degrees of freedom <= 0 for slice.
  var = nanvar(a, axis=axis, dtype=dtype, out=out, ddof=ddof,
C:\Users\Shreyas.1Gupta\AppData\Local\Python\pythoncore-3.14-64\Lib\site-packages\numpy\lib\_nanfunctions_impl.py:1997: RuntimeWarning: Degrees of freedom <= 0 for slice.
  var = nanvar(a, axis=axis, dtype=dtype, out=out, ddof=ddof,
C:\Users\Shreyas.1Gupta\AppData\Local\Python\pythoncore-3.14-64\Lib\site-packages\numpy\lib\_nanfunctions_impl.py:1997: RuntimeWarning: Degrees of freedom <= 0 for slice.
  var = nanvar(a, axis=axis, dtype=dtype, out=out, ddof=ddof,
C:\Users\Shreyas.1Gupta\AppData\Local\Python\pythoncore-3.14-64\Lib\site-packages\numpy\lib\_nanfunctions_impl.py:1997: RuntimeWarning: Degrees of freedom <= 0 for slice.
  var = nanvar(a, axis=axis, dtype=dtype, out=out, ddof=ddof,
C:\Users\Shreyas.1Gupta\AppData\Local\Python\pythoncore-3.14-64\Lib\site-packages\numpy\lib\_nanfunctions_impl.py:1997: RuntimeWarning: Degrees of freedom <= 0 for slice.
  var = nanvar(a, axis=axis, dtype=dtype, out=out, ddof=ddof,
C:\Users\Shreyas.1Gupta\AppData\Local\Python\pythoncore-3.14-64\Lib\site-packages\numpy\lib\_nanfunctions_impl.py:1997: RuntimeWarning: Degrees of freedom <= 0 for slice.
  var = nanvar(a, axis=axis, dtype=dtype, out=out, ddof=ddof,
C:\Users\Shreyas.1Gupta\AppData\Local\Python\pythoncore-3.14-64\Lib\site-packages\numpy\lib\_nanfunctions_impl.py:1997: RuntimeWarning: Degrees of freedom <= 0 for slice.
  var = nanvar(a, axis=axis, dtype=dtype, out=out, ddof=ddof,
C:\Users\Shreyas.1Gupta\AppData\Local\Python\pythoncore-3.14-64\Lib\site-packages\numpy\lib\_nanfunctions_impl.py:1997: RuntimeWarning: Degrees of freedom <= 0 for slice.
  var = nanvar(a, axis=axis, dtype=dtype, out=out, ddof=ddof,
C:\Users\Shreyas.1Gupta\AppData\Local\Python\pythoncore-3.14-64\Lib\site-packages\numpy\lib\_nanfunctions_impl.py:1997: RuntimeWarning: Degrees of freedom <= 0 for slice.
  var = nanvar(a, axis=axis, dtype=dtype, out=out, ddof=ddof,
C:\Users\Shreyas.1Gupta\AppData\Local\Python\pythoncore-3.14-64\Lib\site-packages\numpy\lib\_nanfunctions_impl.py:1997: RuntimeWarning: Degrees of freedom <= 0 for slice.
  var = nanvar(a, axis=axis, dtype=dtype, out=out, ddof=ddof,
C:\Users\Shreyas.1Gupta\AppData\Local\Python\pythoncore-3.14-64\Lib\site-packages\numpy\lib\_nanfunctions_impl.py:1997: RuntimeWarning: Degrees of freedom <= 0 for slice.
  var = nanvar(a, axis=axis, dtype=dtype, out=out, ddof=ddof,
C:\Users\Shreyas.1Gupta\AppData\Local\Python\pythoncore-3.14-64\Lib\site-packages\numpy\lib\_nanfunctions_impl.py:1997: RuntimeWarning: Degrees of freedom <= 0 for slice.
  var = nanvar(a, axis=axis, dtype=dtype, out=out, ddof=ddof,
C:\Users\Shreyas.1Gupta\AppData\Local\Python\pythoncore-3.14-64\Lib\site-packages\numpy\lib\_nanfunctions_impl.py:1997: RuntimeWarning: Degrees of freedom <= 0 for slice.
  var = nanvar(a, axis=axis, dtype=dtype, out=out, ddof=ddof,
C:\Users\Shreyas.1Gupta\AppData\Local\Python\pythoncore-3.14-64\Lib\site-packages\numpy\lib\_nanfunctions_impl.py:1997: RuntimeWarning: Degrees of freedom <= 0 for slice.
  var = nanvar(a, axis=axis, dtype=dtype, out=out, ddof=ddof,
C:\Users\Shreyas.1Gupta\AppData\Local\Python\pythoncore-3.14-64\Lib\site-packages\numpy\lib\_nanfunctions_impl.py:1997: RuntimeWarning: Degrees of freedom <= 0 for slice.
  var = nanvar(a, axis=axis, dtype=dtype, out=out, ddof=ddof,
C:\Users\Shreyas.1Gupta\AppData\Local\Python\pythoncore-3.14-64\Lib\site-packages\numpy\lib\_nanfunctions_impl.py:1997: RuntimeWarning: Degrees of freedom <= 0 for slice.
  var = nanvar(a, axis=axis, dtype=dtype, out=out, ddof=ddof,
C:\Users\Shreyas.1Gupta\AppData\Local\Python\pythoncore-3.14-64\Lib\site-packages\numpy\lib\_nanfunctions_impl.py:1997: RuntimeWarning: Degrees of freedom <= 0 for slice.
  var = nanvar(a, axis=axis, dtype=dtype, out=out, ddof=ddof,
C:\Users\Shreyas.1Gupta\AppData\Local\Python\pythoncore-3.14-64\Lib\site-packages\numpy\lib\_nanfunctions_impl.py:1997: RuntimeWarning: Degrees of freedom <= 0 for slice.
  var = nanvar(a, axis=axis, dtype=dtype, out=out, ddof=ddof,
C:\Users\Shreyas.1Gupta\AppData\Local\Python\pythoncore-3.14-64\Lib\site-packages\numpy\lib\_nanfunctions_impl.py:1997: RuntimeWarning: Degrees of freedom <= 0 for slice.
  var = nanvar(a, axis=axis, dtype=dtype, out=out, ddof=ddof,
C:\Users\Shreyas.1Gupta\AppData\Local\Python\pythoncore-3.14-64\Lib\site-packages\numpy\lib\_nanfunctions_impl.py:1997: RuntimeWarning: Degrees of freedom <= 0 for slice.
  var = nanvar(a, axis=axis, dtype=dtype, out=out, ddof=ddof,
C:\Users\Shreyas.1Gupta\AppData\Local\Python\pythoncore-3.14-64\Lib\site-packages\numpy\lib\_nanfunctions_impl.py:1997: RuntimeWarning: Degrees of freedom <= 0 for slice.
  var = nanvar(a, axis=axis, dtype=dtype, out=out, ddof=ddof,
C:\Users\Shreyas.1Gupta\AppData\Local\Python\pythoncore-3.14-64\Lib\site-packages\numpy\lib\_nanfunctions_impl.py:1997: RuntimeWarning: Degrees of freedom <= 0 for slice.
  var = nanvar(a, axis=axis, dtype=dtype, out=out, ddof=ddof,
C:\Users\Shreyas.1Gupta\AppData\Local\Python\pythoncore-3.14-64\Lib\site-packages\numpy\lib\_nanfunctions_impl.py:1997: RuntimeWarning: Degrees of freedom <= 0 for slice.
  var = nanvar(a, axis=axis, dtype=dtype, out=out, ddof=ddof,
C:\Users\Shreyas.1Gupta\AppData\Local\Python\pythoncore-3.14-64\Lib\site-packages\numpy\lib\_nanfunctions_impl.py:1997: RuntimeWarning: Degrees of freedom <= 0 for slice.
  var = nanvar(a, axis=axis, dtype=dtype, out=out, ddof=ddof,
C:\Users\Shreyas.1Gupta\AppData\Local\Python\pythoncore-3.14-64\Lib\site-packages\numpy\lib\_nanfunctions_impl.py:1997: RuntimeWarning: Degrees of freedom <= 0 for slice.
  var = nanvar(a, axis=axis, dtype=dtype, out=out, ddof=ddof,
C:\Users\Shreyas.1Gupta\AppData\Local\Python\pythoncore-3.14-64\Lib\site-packages\numpy\lib\_nanfunctions_impl.py:1997: RuntimeWarning: Degrees of freedom <= 0 for slice.
  var = nanvar(a, axis=axis, dtype=dtype, out=out, ddof=ddof,
C:\Users\Shreyas.1Gupta\AppData\Local\Python\pythoncore-3.14-64\Lib\site-packages\numpy\lib\_nanfunctions_impl.py:1997: RuntimeWarning: Degrees of freedom <= 0 for slice.
  var = nanvar(a, axis=axis, dtype=dtype, out=out, ddof=ddof,
C:\Users\Shreyas.1Gupta\AppData\Local\Python\pythoncore-3.14-64\Lib\site-packages\numpy\lib\_nanfunctions_impl.py:1997: RuntimeWarning: Degrees of freedom <= 0 for slice.
  var = nanvar(a, axis=axis, dtype=dtype, out=out, ddof=ddof,
C:\Users\Shreyas.1Gupta\AppData\Local\Python\pythoncore-3.14-64\Lib\site-packages\numpy\lib\_nanfunctions_impl.py:1997: RuntimeWarning: Degrees of freedom <= 0 for slice.
  var = nanvar(a, axis=axis, dtype=dtype, out=out, ddof=ddof,
C:\Users\Shreyas.1Gupta\AppData\Local\Python\pythoncore-3.14-64\Lib\site-packages\numpy\lib\_nanfunctions_impl.py:1997: RuntimeWarning: Degrees of freedom <= 0 for slice.
  var = nanvar(a, axis=axis, dtype=dtype, out=out, ddof=ddof,
C:\Users\Shreyas.1Gupta\AppData\Local\Python\pythoncore-3.14-64\Lib\site-packages\numpy\lib\_nanfunctions_impl.py:1997: RuntimeWarning: Degrees of freedom <= 0 for slice.
  var = nanvar(a, axis=axis, dtype=dtype, out=out, ddof=ddof,
C:\Users\Shreyas.1Gupta\AppData\Local\Python\pythoncore-3.14-64\Lib\site-packages\numpy\lib\_nanfunctions_impl.py:1997: RuntimeWarning: Degrees of freedom <= 0 for slice.
  var = nanvar(a, axis=axis, dtype=dtype, out=out, ddof=ddof,
C:\Users\Shreyas.1Gupta\AppData\Local\Python\pythoncore-3.14-64\Lib\site-packages\numpy\lib\_nanfunctions_impl.py:1997: RuntimeWarning: Degrees of freedom <= 0 for slice.
  var = nanvar(a, axis=axis, dtype=dtype, out=out, ddof=ddof,
C:\Users\Shreyas.1Gupta\AppData\Local\Python\pythoncore-3.14-64\Lib\site-packages\numpy\lib\_nanfunctions_impl.py:1997: RuntimeWarning: Degrees of freedom <= 0 for slice.
  var = nanvar(a, axis=axis, dtype=dtype, out=out, ddof=ddof,
C:\Users\Shreyas.1Gupta\AppData\Local\Python\pythoncore-3.14-64\Lib\site-packages\numpy\lib\_nanfunctions_impl.py:1997: RuntimeWarning: Degrees of freedom <= 0 for slice.
  var = nanvar(a, axis=axis, dtype=dtype, out=out, ddof=ddof,
C:\Users\Shreyas.1Gupta\AppData\Local\Python\pythoncore-3.14-64\Lib\site-packages\numpy\lib\_nanfunctions_impl.py:1997: RuntimeWarning: Degrees of freedom <= 0 for slice.
  var = nanvar(a, axis=axis, dtype=dtype, out=out, ddof=ddof,
C:\Users\Shreyas.1Gupta\AppData\Local\Python\pythoncore-3.14-64\Lib\site-packages\numpy\lib\_nanfunctions_impl.py:1997: RuntimeWarning: Degrees of freedom <= 0 for slice.
  var = nanvar(a, axis=axis, dtype=dtype, out=out, ddof=ddof,
C:\Users\Shreyas.1Gupta\AppData\Local\Python\pythoncore-3.14-64\Lib\site-packages\numpy\lib\_nanfunctions_impl.py:1997: RuntimeWarning: Degrees of freedom <= 0 for slice.
  var = nanvar(a, axis=axis, dtype=dtype, out=out, ddof=ddof,
C:\Users\Shreyas.1Gupta\AppData\Local\Python\pythoncore-3.14-64\Lib\site-packages\numpy\lib\_nanfunctions_impl.py:1997: RuntimeWarning: Degrees of freedom <= 0 for slice.
  var = nanvar(a, axis=axis, dtype=dtype, out=out, ddof=ddof,
C:\Users\Shreyas.1Gupta\AppData\Local\Python\pythoncore-3.14-64\Lib\site-packages\numpy\lib\_nanfunctions_impl.py:1997: RuntimeWarning: Degrees of freedom <= 0 for slice.
  var = nanvar(a, axis=axis, dtype=dtype, out=out, ddof=ddof,
C:\Users\Shreyas.1Gupta\AppData\Local\Python\pythoncore-3.14-64\Lib\site-packages\numpy\lib\_nanfunctions_impl.py:1997: RuntimeWarning: Degrees of freedom <= 0 for slice.
  var = nanvar(a, axis=axis, dtype=dtype, out=out, ddof=ddof,
C:\Users\Shreyas.1Gupta\AppData\Local\Python\pythoncore-3.14-64\Lib\site-packages\numpy\lib\_nanfunctions_impl.py:1997: RuntimeWarning: Degrees of freedom <= 0 for slice.
  var = nanvar(a, axis=axis, dtype=dtype, out=out, ddof=ddof,
C:\Users\Shreyas.1Gupta\AppData\Local\Python\pythoncore-3.14-64\Lib\site-packages\numpy\lib\_nanfunctions_impl.py:1997: RuntimeWarning: Degrees of freedom <= 0 for slice.
  var = nanvar(a, axis=axis, dtype=dtype, out=out, ddof=ddof,
C:\Users\Shreyas.1Gupta\AppData\Local\Python\pythoncore-3.14-64\Lib\site-packages\numpy\lib\_nanfunctions_impl.py:1997: RuntimeWarning: Degrees of freedom <= 0 for slice.
  var = nanvar(a, axis=axis, dtype=dtype, out=out, ddof=ddof,
C:\Users\Shreyas.1Gupta\AppData\Local\Python\pythoncore-3.14-64\Lib\site-packages\numpy\lib\_nanfunctions_impl.py:1997: RuntimeWarning: Degrees of freedom <= 0 for slice.
  var = nanvar(a, axis=axis, dtype=dtype, out=out, ddof=ddof,
C:\Users\Shreyas.1Gupta\AppData\Local\Python\pythoncore-3.14-64\Lib\site-packages\numpy\lib\_nanfunctions_impl.py:1997: RuntimeWarning: Degrees of freedom <= 0 for slice.
  var = nanvar(a, axis=axis, dtype=dtype, out=out, ddof=ddof,
C:\Users\Shreyas.1Gupta\AppData\Local\Python\pythoncore-3.14-64\Lib\site-packages\numpy\lib\_nanfunctions_impl.py:1997: RuntimeWarning: Degrees of freedom <= 0 for slice.
  var = nanvar(a, axis=axis, dtype=dtype, out=out, ddof=ddof,
C:\Users\Shreyas.1Gupta\AppData\Local\Python\pythoncore-3.14-64\Lib\site-packages\numpy\lib\_nanfunctions_impl.py:1997: RuntimeWarning: Degrees of freedom <= 0 for slice.
  var = nanvar(a, axis=axis, dtype=dtype, out=out, ddof=ddof,
C:\Users\Shreyas.1Gupta\AppData\Local\Python\pythoncore-3.14-64\Lib\site-packages\numpy\lib\_nanfunctions_impl.py:1997: RuntimeWarning: Degrees of freedom <= 0 for slice.
  var = nanvar(a, axis=axis, dtype=dtype, out=out, ddof=ddof,
C:\Users\Shreyas.1Gupta\AppData\Local\Python\pythoncore-3.14-64\Lib\site-packages\numpy\lib\_nanfunctions_impl.py:1997: RuntimeWarning: Degrees of freedom <= 0 for slice.
  var = nanvar(a, axis=axis, dtype=dtype, out=out, ddof=ddof,
C:\Users\Shreyas.1Gupta\AppData\Local\Python\pythoncore-3.14-64\Lib\site-packages\numpy\lib\_nanfunctions_impl.py:1997: RuntimeWarning: Degrees of freedom <= 0 for slice.
  var = nanvar(a, axis=axis, dtype=dtype, out=out, ddof=ddof,
C:\Users\Shreyas.1Gupta\AppData\Local\Python\pythoncore-3.14-64\Lib\site-packages\numpy\lib\_nanfunctions_impl.py:1997: RuntimeWarning: Degrees of freedom <= 0 for slice.
  var = nanvar(a, axis=axis, dtype=dtype, out=out, ddof=ddof,
C:\Users\Shreyas.1Gupta\AppData\Local\Python\pythoncore-3.14-64\Lib\site-packages\numpy\lib\_nanfunctions_impl.py:1997: RuntimeWarning: Degrees of freedom <= 0 for slice.
  var = nanvar(a, axis=axis, dtype=dtype, out=out, ddof=ddof,
C:\Users\Shreyas.1Gupta\AppData\Local\Python\pythoncore-3.14-64\Lib\site-packages\numpy\lib\_nanfunctions_impl.py:1997: RuntimeWarning: Degrees of freedom <= 0 for slice.
  var = nanvar(a, axis=axis, dtype=dtype, out=out, ddof=ddof,
C:\Users\Shreyas.1Gupta\AppData\Local\Python\pythoncore-3.14-64\Lib\site-packages\numpy\lib\_nanfunctions_impl.py:1997: RuntimeWarning: Degrees of freedom <= 0 for slice.
  var = nanvar(a, axis=axis, dtype=dtype, out=out, ddof=ddof,
C:\Users\Shreyas.1Gupta\AppData\Local\Python\pythoncore-3.14-64\Lib\site-packages\numpy\lib\_nanfunctions_impl.py:1997: RuntimeWarning: Degrees of freedom <= 0 for slice.
  var = nanvar(a, axis=axis, dtype=dtype, out=out, ddof=ddof,
C:\Users\Shreyas.1Gupta\AppData\Local\Python\pythoncore-3.14-64\Lib\site-packages\numpy\lib\_nanfunctions_impl.py:1997: RuntimeWarning: Degrees of freedom <= 0 for slice.
  var = nanvar(a, axis=axis, dtype=dtype, out=out, ddof=ddof,
C:\Users\Shreyas.1Gupta\AppData\Local\Python\pythoncore-3.14-64\Lib\site-packages\numpy\lib\_nanfunctions_impl.py:1997: RuntimeWarning: Degrees of freedom <= 0 for slice.
  var = nanvar(a, axis=axis, dtype=dtype, out=out, ddof=ddof,
C:\Users\Shreyas.1Gupta\AppData\Local\Python\pythoncore-3.14-64\Lib\site-packages\numpy\lib\_nanfunctions_impl.py:1997: RuntimeWarning: Degrees of freedom <= 0 for slice.
  var = nanvar(a, axis=axis, dtype=dtype, out=out, ddof=ddof,
C:\Users\Shreyas.1Gupta\AppData\Local\Python\pythoncore-3.14-64\Lib\site-packages\numpy\lib\_nanfunctions_impl.py:1997: RuntimeWarning: Degrees of freedom <= 0 for slice.
  var = nanvar(a, axis=axis, dtype=dtype, out=out, ddof=ddof,
C:\Users\Shreyas.1Gupta\AppData\Local\Python\pythoncore-3.14-64\Lib\site-packages\numpy\lib\_nanfunctions_impl.py:1997: RuntimeWarning: Degrees of freedom <= 0 for slice.
  var = nanvar(a, axis=axis, dtype=dtype, out=out, ddof=ddof,
C:\Users\Shreyas.1Gupta\AppData\Local\Python\pythoncore-3.14-64\Lib\site-packages\numpy\lib\_nanfunctions_impl.py:1997: RuntimeWarning: Degrees of freedom <= 0 for slice.
  var = nanvar(a, axis=axis, dtype=dtype, out=out, ddof=ddof,
C:\Users\Shreyas.1Gupta\AppData\Local\Python\pythoncore-3.14-64\Lib\site-packages\numpy\lib\_nanfunctions_impl.py:1997: RuntimeWarning: Degrees of freedom <= 0 for slice.
  var = nanvar(a, axis=axis, dtype=dtype, out=out, ddof=ddof,
C:\Users\Shreyas.1Gupta\AppData\Local\Python\pythoncore-3.14-64\Lib\site-packages\numpy\lib\_nanfunctions_impl.py:1997: RuntimeWarning: Degrees of freedom <= 0 for slice.
  var = nanvar(a, axis=axis, dtype=dtype, out=out, ddof=ddof,
C:\Users\Shreyas.1Gupta\AppData\Local\Python\pythoncore-3.14-64\Lib\site-packages\numpy\lib\_nanfunctions_impl.py:1997: RuntimeWarning: Degrees of freedom <= 0 for slice.
  var = nanvar(a, axis=axis, dtype=dtype, out=out, ddof=ddof,
C:\Users\Shreyas.1Gupta\AppData\Local\Python\pythoncore-3.14-64\Lib\site-packages\numpy\lib\_nanfunctions_impl.py:1997: RuntimeWarning: Degrees of freedom <= 0 for slice.
  var = nanvar(a, axis=axis, dtype=dtype, out=out, ddof=ddof,
C:\Users\Shreyas.1Gupta\AppData\Local\Python\pythoncore-3.14-64\Lib\site-packages\numpy\lib\_nanfunctions_impl.py:1997: RuntimeWarning: Degrees of freedom <= 0 for slice.
  var = nanvar(a, axis=axis, dtype=dtype, out=out, ddof=ddof,
C:\Users\Shreyas.1Gupta\AppData\Local\Python\pythoncore-3.14-64\Lib\site-packages\numpy\lib\_nanfunctions_impl.py:1997: RuntimeWarning: Degrees of freedom <= 0 for slice.
  var = nanvar(a, axis=axis, dtype=dtype, out=out, ddof=ddof,
C:\Users\Shreyas.1Gupta\AppData\Local\Python\pythoncore-3.14-64\Lib\site-packages\numpy\lib\_nanfunctions_impl.py:1997: RuntimeWarning: Degrees of freedom <= 0 for slice.
  var = nanvar(a, axis=axis, dtype=dtype, out=out, ddof=ddof,
C:\Users\Shreyas.1Gupta\AppData\Local\Python\pythoncore-3.14-64\Lib\site-packages\numpy\lib\_nanfunctions_impl.py:1997: RuntimeWarning: Degrees of freedom <= 0 for slice.
  var = nanvar(a, axis=axis, dtype=dtype, out=out, ddof=ddof,
C:\Users\Shreyas.1Gupta\AppData\Local\Python\pythoncore-3.14-64\Lib\site-packages\numpy\lib\_nanfunctions_impl.py:1997: RuntimeWarning: Degrees of freedom <= 0 for slice.
  var = nanvar(a, axis=axis, dtype=dtype, out=out, ddof=ddof,
C:\Users\Shreyas.1Gupta\AppData\Local\Python\pythoncore-3.14-64\Lib\site-packages\numpy\lib\_nanfunctions_impl.py:1997: RuntimeWarning: Degrees of freedom <= 0 for slice.
  var = nanvar(a, axis=axis, dtype=dtype, out=out, ddof=ddof,
C:\Users\Shreyas.1Gupta\AppData\Local\Python\pythoncore-3.14-64\Lib\site-packages\numpy\lib\_nanfunctions_impl.py:1997: RuntimeWarning: Degrees of freedom <= 0 for slice.
  var = nanvar(a, axis=axis, dtype=dtype, out=out, ddof=ddof,
C:\Users\Shreyas.1Gupta\AppData\Local\Python\pythoncore-3.14-64\Lib\site-packages\numpy\lib\_nanfunctions_impl.py:1997: RuntimeWarning: Degrees of freedom <= 0 for slice.
  var = nanvar(a, axis=axis, dtype=dtype, out=out, ddof=ddof,
C:\Users\Shreyas.1Gupta\AppData\Local\Python\pythoncore-3.14-64\Lib\site-packages\numpy\lib\_nanfunctions_impl.py:1997: RuntimeWarning: Degrees of freedom <= 0 for slice.
  var = nanvar(a, axis=axis, dtype=dtype, out=out, ddof=ddof,
C:\Users\Shreyas.1Gupta\AppData\Local\Python\pythoncore-3.14-64\Lib\site-packages\numpy\lib\_nanfunctions_impl.py:1997: RuntimeWarning: Degrees of freedom <= 0 for slice.
  var = nanvar(a, axis=axis, dtype=dtype, out=out, ddof=ddof,
C:\Users\Shreyas.1Gupta\AppData\Local\Python\pythoncore-3.14-64\Lib\site-packages\numpy\lib\_nanfunctions_impl.py:1997: RuntimeWarning: Degrees of freedom <= 0 for slice.
  var = nanvar(a, axis=axis, dtype=dtype, out=out, ddof=ddof,
C:\Users\Shreyas.1Gupta\AppData\Local\Python\pythoncore-3.14-64\Lib\site-packages\numpy\lib\_nanfunctions_impl.py:1997: RuntimeWarning: Degrees of freedom <= 0 for slice.
  var = nanvar(a, axis=axis, dtype=dtype, out=out, ddof=ddof,
C:\Users\Shreyas.1Gupta\AppData\Local\Python\pythoncore-3.14-64\Lib\site-packages\numpy\lib\_nanfunctions_impl.py:1997: RuntimeWarning: Degrees of freedom <= 0 for slice.
  var = nanvar(a, axis=axis, dtype=dtype, out=out, ddof=ddof,
C:\Users\Shreyas.1Gupta\AppData\Local\Python\pythoncore-3.14-64\Lib\site-packages\numpy\lib\_nanfunctions_impl.py:1997: RuntimeWarning: Degrees of freedom <= 0 for slice.
  var = nanvar(a, axis=axis, dtype=dtype, out=out, ddof=ddof,
C:\Users\Shreyas.1Gupta\AppData\Local\Python\pythoncore-3.14-64\Lib\site-packages\numpy\lib\_nanfunctions_impl.py:1997: RuntimeWarning: Degrees of freedom <= 0 for slice.
  var = nanvar(a, axis=axis, dtype=dtype, out=out, ddof=ddof,
C:\Users\Shreyas.1Gupta\AppData\Local\Python\pythoncore-3.14-64\Lib\site-packages\numpy\lib\_nanfunctions_impl.py:1997: RuntimeWarning: Degrees of freedom <= 0 for slice.
  var = nanvar(a, axis=axis, dtype=dtype, out=out, ddof=ddof,
C:\Users\Shreyas.1Gupta\AppData\Local\Python\pythoncore-3.14-64\Lib\site-packages\numpy\lib\_nanfunctions_impl.py:1997: RuntimeWarning: Degrees of freedom <= 0 for slice.
  var = nanvar(a, axis=axis, dtype=dtype, out=out, ddof=ddof,
C:\Users\Shreyas.1Gupta\AppData\Local\Python\pythoncore-3.14-64\Lib\site-packages\numpy\lib\_nanfunctions_impl.py:1997: RuntimeWarning: Degrees of freedom <= 0 for slice.
  var = nanvar(a, axis=axis, dtype=dtype, out=out, ddof=ddof,
C:\Users\Shreyas.1Gupta\AppData\Local\Python\pythoncore-3.14-64\Lib\site-packages\numpy\lib\_nanfunctions_impl.py:1997: RuntimeWarning: Degrees of freedom <= 0 for slice.
  var = nanvar(a, axis=axis, dtype=dtype, out=out, ddof=ddof,
C:\Users\Shreyas.1Gupta\AppData\Local\Python\pythoncore-3.14-64\Lib\site-packages\numpy\lib\_nanfunctions_impl.py:1997: RuntimeWarning: Degrees of freedom <= 0 for slice.
  var = nanvar(a, axis=axis, dtype=dtype, out=out, ddof=ddof,
C:\Users\Shreyas.1Gupta\AppData\Local\Python\pythoncore-3.14-64\Lib\site-packages\numpy\lib\_nanfunctions_impl.py:1997: RuntimeWarning: Degrees of freedom <= 0 for slice.
  var = nanvar(a, axis=axis, dtype=dtype, out=out, ddof=ddof,
C:\Users\Shreyas.1Gupta\AppData\Local\Python\pythoncore-3.14-64\Lib\site-packages\numpy\lib\_nanfunctions_impl.py:1997: RuntimeWarning: Degrees of freedom <= 0 for slice.
  var = nanvar(a, axis=axis, dtype=dtype, out=out, ddof=ddof,
C:\Users\Shreyas.1Gupta\AppData\Local\Python\pythoncore-3.14-64\Lib\site-packages\numpy\lib\_nanfunctions_impl.py:1997: RuntimeWarning: Degrees of freedom <= 0 for slice.
  var = nanvar(a, axis=axis, dtype=dtype, out=out, ddof=ddof,
C:\Users\Shreyas.1Gupta\AppData\Local\Python\pythoncore-3.14-64\Lib\site-packages\numpy\lib\_nanfunctions_impl.py:1997: RuntimeWarning: Degrees of freedom <= 0 for slice.
  var = nanvar(a, axis=axis, dtype=dtype, out=out, ddof=ddof,
C:\Users\Shreyas.1Gupta\AppData\Local\Python\pythoncore-3.14-64\Lib\site-packages\numpy\lib\_nanfunctions_impl.py:1997: RuntimeWarning: Degrees of freedom <= 0 for slice.
  var = nanvar(a, axis=axis, dtype=dtype, out=out, ddof=ddof,
C:\Users\Shreyas.1Gupta\AppData\Local\Python\pythoncore-3.14-64\Lib\site-packages\numpy\lib\_nanfunctions_impl.py:1997: RuntimeWarning: Degrees of freedom <= 0 for slice.
  var = nanvar(a, axis=axis, dtype=dtype, out=out, ddof=ddof,
C:\Users\Shreyas.1Gupta\AppData\Local\Python\pythoncore-3.14-64\Lib\site-packages\numpy\lib\_nanfunctions_impl.py:1997: RuntimeWarning: Degrees of freedom <= 0 for slice.
  var = nanvar(a, axis=axis, dtype=dtype, out=out, ddof=ddof,
C:\Users\Shreyas.1Gupta\AppData\Local\Python\pythoncore-3.14-64\Lib\site-packages\numpy\lib\_nanfunctions_impl.py:1997: RuntimeWarning: Degrees of freedom <= 0 for slice.
  var = nanvar(a, axis=axis, dtype=dtype, out=out, ddof=ddof,
C:\Users\Shreyas.1Gupta\AppData\Local\Python\pythoncore-3.14-64\Lib\site-packages\numpy\lib\_nanfunctions_impl.py:1997: RuntimeWarning: Degrees of freedom <= 0 for slice.
  var = nanvar(a, axis=axis, dtype=dtype, out=out, ddof=ddof,
C:\Users\Shreyas.1Gupta\AppData\Local\Python\pythoncore-3.14-64\Lib\site-packages\numpy\lib\_nanfunctions_impl.py:1997: RuntimeWarning: Degrees of freedom <= 0 for slice.
  var = nanvar(a, axis=axis, dtype=dtype, out=out, ddof=ddof,
C:\Users\Shreyas.1Gupta\AppData\Local\Python\pythoncore-3.14-64\Lib\site-packages\numpy\lib\_nanfunctions_impl.py:1997: RuntimeWarning: Degrees of freedom <= 0 for slice.
  var = nanvar(a, axis=axis, dtype=dtype, out=out, ddof=ddof,
C:\Users\Shreyas.1Gupta\AppData\Local\Python\pythoncore-3.14-64\Lib\site-packages\numpy\lib\_nanfunctions_impl.py:1997: RuntimeWarning: Degrees of freedom <= 0 for slice.
  var = nanvar(a, axis=axis, dtype=dtype, out=out, ddof=ddof,
C:\Users\Shreyas.1Gupta\AppData\Local\Python\pythoncore-3.14-64\Lib\site-packages\numpy\lib\_nanfunctions_impl.py:1997: RuntimeWarning: Degrees of freedom <= 0 for slice.
  var = nanvar(a, axis=axis, dtype=dtype, out=out, ddof=ddof,
C:\Users\Shreyas.1Gupta\AppData\Local\Python\pythoncore-3.14-64\Lib\site-packages\numpy\lib\_nanfunctions_impl.py:1997: RuntimeWarning: Degrees of freedom <= 0 for slice.
  var = nanvar(a, axis=axis, dtype=dtype, out=out, ddof=ddof,
C:\Users\Shreyas.1Gupta\AppData\Local\Python\pythoncore-3.14-64\Lib\site-packages\numpy\lib\_nanfunctions_impl.py:1997: RuntimeWarning: Degrees of freedom <= 0 for slice.
  var = nanvar(a, axis=axis, dtype=dtype, out=out, ddof=ddof,
C:\Users\Shreyas.1Gupta\AppData\Local\Python\pythoncore-3.14-64\Lib\site-packages\numpy\lib\_nanfunctions_impl.py:1997: RuntimeWarning: Degrees of freedom <= 0 for slice.
  var = nanvar(a, axis=axis, dtype=dtype, out=out, ddof=ddof,
C:\Users\Shreyas.1Gupta\AppData\Local\Python\pythoncore-3.14-64\Lib\site-packages\numpy\lib\_nanfunctions_impl.py:1997: RuntimeWarning: Degrees of freedom <= 0 for slice.
  var = nanvar(a, axis=axis, dtype=dtype, out=out, ddof=ddof,
C:\Users\Shreyas.1Gupta\AppData\Local\Python\pythoncore-3.14-64\Lib\site-packages\numpy\lib\_nanfunctions_impl.py:1997: RuntimeWarning: Degrees of freedom <= 0 for slice.
  var = nanvar(a, axis=axis, dtype=dtype, out=out, ddof=ddof,
C:\Users\Shreyas.1Gupta\AppData\Local\Python\pythoncore-3.14-64\Lib\site-packages\numpy\lib\_nanfunctions_impl.py:1997: RuntimeWarning: Degrees of freedom <= 0 for slice.
  var = nanvar(a, axis=axis, dtype=dtype, out=out, ddof=ddof,
C:\Users\Shreyas.1Gupta\AppData\Local\Python\pythoncore-3.14-64\Lib\site-packages\numpy\lib\_nanfunctions_impl.py:1997: RuntimeWarning: Degrees of freedom <= 0 for slice.
  var = nanvar(a, axis=axis, dtype=dtype, out=out, ddof=ddof,
C:\Users\Shreyas.1Gupta\AppData\Local\Python\pythoncore-3.14-64\Lib\site-packages\numpy\lib\_nanfunctions_impl.py:1997: RuntimeWarning: Degrees of freedom <= 0 for slice.
  var = nanvar(a, axis=axis, dtype=dtype, out=out, ddof=ddof,
C:\Users\Shreyas.1Gupta\AppData\Local\Python\pythoncore-3.14-64\Lib\site-packages\numpy\lib\_nanfunctions_impl.py:1997: RuntimeWarning: Degrees of freedom <= 0 for slice.
  var = nanvar(a, axis=axis, dtype=dtype, out=out, ddof=ddof,
C:\Users\Shreyas.1Gupta\AppData\Local\Python\pythoncore-3.14-64\Lib\site-packages\numpy\lib\_nanfunctions_impl.py:1997: RuntimeWarning: Degrees of freedom <= 0 for slice.
  var = nanvar(a, axis=axis, dtype=dtype, out=out, ddof=ddof,
C:\Users\Shreyas.1Gupta\AppData\Local\Python\pythoncore-3.14-64\Lib\site-packages\numpy\lib\_nanfunctions_impl.py:1997: RuntimeWarning: Degrees of freedom <= 0 for slice.
  var = nanvar(a, axis=axis, dtype=dtype, out=out, ddof=ddof,
C:\Users\Shreyas.1Gupta\AppData\Local\Python\pythoncore-3.14-64\Lib\site-packages\numpy\lib\_nanfunctions_impl.py:1997: RuntimeWarning: Degrees of freedom <= 0 for slice.
  var = nanvar(a, axis=axis, dtype=dtype, out=out, ddof=ddof,
C:\Users\Shreyas.1Gupta\AppData\Local\Python\pythoncore-3.14-64\Lib\site-packages\numpy\lib\_nanfunctions_impl.py:1997: RuntimeWarning: Degrees of freedom <= 0 for slice.
  var = nanvar(a, axis=axis, dtype=dtype, out=out, ddof=ddof,
C:\Users\Shreyas.1Gupta\AppData\Local\Python\pythoncore-3.14-64\Lib\site-packages\numpy\lib\_nanfunctions_impl.py:1997: RuntimeWarning: Degrees of freedom <= 0 for slice.
  var = nanvar(a, axis=axis, dtype=dtype, out=out, ddof=ddof,
C:\Users\Shreyas.1Gupta\AppData\Local\Python\pythoncore-3.14-64\Lib\site-packages\numpy\lib\_nanfunctions_impl.py:1997: RuntimeWarning: Degrees of freedom <= 0 for slice.
  var = nanvar(a, axis=axis, dtype=dtype, out=out, ddof=ddof,
C:\Users\Shreyas.1Gupta\AppData\Local\Python\pythoncore-3.14-64\Lib\site-packages\numpy\lib\_nanfunctions_impl.py:1997: RuntimeWarning: Degrees of freedom <= 0 for slice.
  var = nanvar(a, axis=axis, dtype=dtype, out=out, ddof=ddof,
C:\Users\Shreyas.1Gupta\AppData\Local\Python\pythoncore-3.14-64\Lib\site-packages\numpy\lib\_nanfunctions_impl.py:1997: RuntimeWarning: Degrees of freedom <= 0 for slice.
  var = nanvar(a, axis=axis, dtype=dtype, out=out, ddof=ddof,
C:\Users\Shreyas.1Gupta\AppData\Local\Python\pythoncore-3.14-64\Lib\site-packages\numpy\lib\_nanfunctions_impl.py:1997: RuntimeWarning: Degrees of freedom <= 0 for slice.
  var = nanvar(a, axis=axis, dtype=dtype, out=out, ddof=ddof,
C:\Users\Shreyas.1Gupta\AppData\Local\Python\pythoncore-3.14-64\Lib\site-packages\numpy\lib\_nanfunctions_impl.py:1997: RuntimeWarning: Degrees of freedom <= 0 for slice.
  var = nanvar(a, axis=axis, dtype=dtype, out=out, ddof=ddof,
C:\Users\Shreyas.1Gupta\AppData\Local\Python\pythoncore-3.14-64\Lib\site-packages\numpy\lib\_nanfunctions_impl.py:1997: RuntimeWarning: Degrees of freedom <= 0 for slice.
  var = nanvar(a, axis=axis, dtype=dtype, out=out, ddof=ddof,
C:\Users\Shreyas.1Gupta\AppData\Local\Python\pythoncore-3.14-64\Lib\site-packages\numpy\lib\_nanfunctions_impl.py:1997: RuntimeWarning: Degrees of freedom <= 0 for slice.
  var = nanvar(a, axis=axis, dtype=dtype, out=out, ddof=ddof,
C:\Users\Shreyas.1Gupta\AppData\Local\Python\pythoncore-3.14-64\Lib\site-packages\numpy\lib\_nanfunctions_impl.py:1997: RuntimeWarning: Degrees of freedom <= 0 for slice.
  var = nanvar(a, axis=axis, dtype=dtype, out=out, ddof=ddof,
C:\Users\Shreyas.1Gupta\AppData\Local\Python\pythoncore-3.14-64\Lib\site-packages\numpy\lib\_nanfunctions_impl.py:1997: RuntimeWarning: Degrees of freedom <= 0 for slice.
  var = nanvar(a, axis=axis, dtype=dtype, out=out, ddof=ddof,
C:\Users\Shreyas.1Gupta\AppData\Local\Python\pythoncore-3.14-64\Lib\site-packages\numpy\lib\_nanfunctions_impl.py:1997: RuntimeWarning: Degrees of freedom <= 0 for slice.
  var = nanvar(a, axis=axis, dtype=dtype, out=out, ddof=ddof,
C:\Users\Shreyas.1Gupta\AppData\Local\Python\pythoncore-3.14-64\Lib\site-packages\numpy\lib\_nanfunctions_impl.py:1997: RuntimeWarning: Degrees of freedom <= 0 for slice.
  var = nanvar(a, axis=axis, dtype=dtype, out=out, ddof=ddof,
C:\Users\Shreyas.1Gupta\AppData\Local\Python\pythoncore-3.14-64\Lib\site-packages\numpy\lib\_nanfunctions_impl.py:1997: RuntimeWarning: Degrees of freedom <= 0 for slice.
  var = nanvar(a, axis=axis, dtype=dtype, out=out, ddof=ddof,
C:\Users\Shreyas.1Gupta\AppData\Local\Python\pythoncore-3.14-64\Lib\site-packages\numpy\lib\_nanfunctions_impl.py:1997: RuntimeWarning: Degrees of freedom <= 0 for slice.
  var = nanvar(a, axis=axis, dtype=dtype, out=out, ddof=ddof,
C:\Users\Shreyas.1Gupta\AppData\Local\Python\pythoncore-3.14-64\Lib\site-packages\numpy\lib\_nanfunctions_impl.py:1997: RuntimeWarning: Degrees of freedom <= 0 for slice.
  var = nanvar(a, axis=axis, dtype=dtype, out=out, ddof=ddof,
C:\Users\Shreyas.1Gupta\AppData\Local\Python\pythoncore-3.14-64\Lib\site-packages\numpy\lib\_nanfunctions_impl.py:1997: RuntimeWarning: Degrees of freedom <= 0 for slice.
  var = nanvar(a, axis=axis, dtype=dtype, out=out, ddof=ddof,
C:\Users\Shreyas.1Gupta\AppData\Local\Python\pythoncore-3.14-64\Lib\site-packages\numpy\lib\_nanfunctions_impl.py:1997: RuntimeWarning: Degrees of freedom <= 0 for slice.
  var = nanvar(a, axis=axis, dtype=dtype, out=out, ddof=ddof,
C:\Users\Shreyas.1Gupta\AppData\Local\Python\pythoncore-3.14-64\Lib\site-packages\numpy\lib\_nanfunctions_impl.py:1997: RuntimeWarning: Degrees of freedom <= 0 for slice.
  var = nanvar(a, axis=axis, dtype=dtype, out=out, ddof=ddof,
C:\Users\Shreyas.1Gupta\AppData\Local\Python\pythoncore-3.14-64\Lib\site-packages\numpy\lib\_nanfunctions_impl.py:1997: RuntimeWarning: Degrees of freedom <= 0 for slice.
  var = nanvar(a, axis=axis, dtype=dtype, out=out, ddof=ddof,
C:\Users\Shreyas.1Gupta\AppData\Local\Python\pythoncore-3.14-64\Lib\site-packages\numpy\lib\_nanfunctions_impl.py:1997: RuntimeWarning: Degrees of freedom <= 0 for slice.
  var = nanvar(a, axis=axis, dtype=dtype, out=out, ddof=ddof,
C:\Users\Shreyas.1Gupta\AppData\Local\Python\pythoncore-3.14-64\Lib\site-packages\numpy\lib\_nanfunctions_impl.py:1997: RuntimeWarning: Degrees of freedom <= 0 for slice.
  var = nanvar(a, axis=axis, dtype=dtype, out=out, ddof=ddof,
C:\Users\Shreyas.1Gupta\AppData\Local\Python\pythoncore-3.14-64\Lib\site-packages\numpy\lib\_nanfunctions_impl.py:1997: RuntimeWarning: Degrees of freedom <= 0 for slice.
  var = nanvar(a, axis=axis, dtype=dtype, out=out, ddof=ddof,
C:\Users\Shreyas.1Gupta\AppData\Local\Python\pythoncore-3.14-64\Lib\site-packages\numpy\lib\_nanfunctions_impl.py:1997: RuntimeWarning: Degrees of freedom <= 0 for slice.
  var = nanvar(a, axis=axis, dtype=dtype, out=out, ddof=ddof,
C:\Users\Shreyas.1Gupta\AppData\Local\Python\pythoncore-3.14-64\Lib\site-packages\numpy\lib\_nanfunctions_impl.py:1997: RuntimeWarning: Degrees of freedom <= 0 for slice.
  var = nanvar(a, axis=axis, dtype=dtype, out=out, ddof=ddof,
C:\Users\Shreyas.1Gupta\AppData\Local\Python\pythoncore-3.14-64\Lib\site-packages\numpy\lib\_nanfunctions_impl.py:1997: RuntimeWarning: Degrees of freedom <= 0 for slice.
  var = nanvar(a, axis=axis, dtype=dtype, out=out, ddof=ddof,
C:\Users\Shreyas.1Gupta\AppData\Local\Python\pythoncore-3.14-64\Lib\site-packages\numpy\lib\_nanfunctions_impl.py:1997: RuntimeWarning: Degrees of freedom <= 0 for slice.
  var = nanvar(a, axis=axis, dtype=dtype, out=out, ddof=ddof,
C:\Users\Shreyas.1Gupta\AppData\Local\Python\pythoncore-3.14-64\Lib\site-packages\numpy\lib\_nanfunctions_impl.py:1997: RuntimeWarning: Degrees of freedom <= 0 for slice.
  var = nanvar(a, axis=axis, dtype=dtype, out=out, ddof=ddof,
C:\Users\Shreyas.1Gupta\AppData\Local\Python\pythoncore-3.14-64\Lib\site-packages\numpy\lib\_nanfunctions_impl.py:1997: RuntimeWarning: Degrees of freedom <= 0 for slice.
  var = nanvar(a, axis=axis, dtype=dtype, out=out, ddof=ddof,
C:\Users\Shreyas.1Gupta\AppData\Local\Python\pythoncore-3.14-64\Lib\site-packages\numpy\lib\_nanfunctions_impl.py:1997: RuntimeWarning: Degrees of freedom <= 0 for slice.
  var = nanvar(a, axis=axis, dtype=dtype, out=out, ddof=ddof,
C:\Users\Shreyas.1Gupta\AppData\Local\Python\pythoncore-3.14-64\Lib\site-packages\numpy\lib\_nanfunctions_impl.py:1997: RuntimeWarning: Degrees of freedom <= 0 for slice.
  var = nanvar(a, axis=axis, dtype=dtype, out=out, ddof=ddof,
C:\Users\Shreyas.1Gupta\AppData\Local\Python\pythoncore-3.14-64\Lib\site-packages\numpy\lib\_nanfunctions_impl.py:1997: RuntimeWarning: Degrees of freedom <= 0 for slice.
  var = nanvar(a, axis=axis, dtype=dtype, out=out, ddof=ddof,
C:\Users\Shreyas.1Gupta\AppData\Local\Python\pythoncore-3.14-64\Lib\site-packages\numpy\lib\_nanfunctions_impl.py:1997: RuntimeWarning: Degrees of freedom <= 0 for slice.
  var = nanvar(a, axis=axis, dtype=dtype, out=out, ddof=ddof,
C:\Users\Shreyas.1Gupta\AppData\Local\Python\pythoncore-3.14-64\Lib\site-packages\numpy\lib\_nanfunctions_impl.py:1997: RuntimeWarning: Degrees of freedom <= 0 for slice.
  var = nanvar(a, axis=axis, dtype=dtype, out=out, ddof=ddof,
C:\Users\Shreyas.1Gupta\AppData\Local\Python\pythoncore-3.14-64\Lib\site-packages\numpy\lib\_nanfunctions_impl.py:1997: RuntimeWarning: Degrees of freedom <= 0 for slice.
  var = nanvar(a, axis=axis, dtype=dtype, out=out, ddof=ddof,
C:\Users\Shreyas.1Gupta\AppData\Local\Python\pythoncore-3.14-64\Lib\site-packages\numpy\lib\_nanfunctions_impl.py:1997: RuntimeWarning: Degrees of freedom <= 0 for slice.
  var = nanvar(a, axis=axis, dtype=dtype, out=out, ddof=ddof,
C:\Users\Shreyas.1Gupta\AppData\Local\Python\pythoncore-3.14-64\Lib\site-packages\numpy\lib\_nanfunctions_impl.py:1997: RuntimeWarning: Degrees of freedom <= 0 for slice.
  var = nanvar(a, axis=axis, dtype=dtype, out=out, ddof=ddof,
C:\Users\Shreyas.1Gupta\AppData\Local\Python\pythoncore-3.14-64\Lib\site-packages\numpy\lib\_nanfunctions_impl.py:1997: RuntimeWarning: Degrees of freedom <= 0 for slice.
  var = nanvar(a, axis=axis, dtype=dtype, out=out, ddof=ddof,
C:\Users\Shreyas.1Gupta\AppData\Local\Python\pythoncore-3.14-64\Lib\site-packages\numpy\lib\_nanfunctions_impl.py:1997: RuntimeWarning: Degrees of freedom <= 0 for slice.
  var = nanvar(a, axis=axis, dtype=dtype, out=out, ddof=ddof,
C:\Users\Shreyas.1Gupta\AppData\Local\Python\pythoncore-3.14-64\Lib\site-packages\numpy\lib\_nanfunctions_impl.py:1997: RuntimeWarning: Degrees of freedom <= 0 for slice.
  var = nanvar(a, axis=axis, dtype=dtype, out=out, ddof=ddof,
C:\Users\Shreyas.1Gupta\AppData\Local\Python\pythoncore-3.14-64\Lib\site-packages\numpy\lib\_nanfunctions_impl.py:1997: RuntimeWarning: Degrees of freedom <= 0 for slice.
  var = nanvar(a, axis=axis, dtype=dtype, out=out, ddof=ddof,
C:\Users\Shreyas.1Gupta\AppData\Local\Python\pythoncore-3.14-64\Lib\site-packages\numpy\lib\_nanfunctions_impl.py:1997: RuntimeWarning: Degrees of freedom <= 0 for slice.
  var = nanvar(a, axis=axis, dtype=dtype, out=out, ddof=ddof,
C:\Users\Shreyas.1Gupta\AppData\Local\Python\pythoncore-3.14-64\Lib\site-packages\numpy\lib\_nanfunctions_impl.py:1997: RuntimeWarning: Degrees of freedom <= 0 for slice.
  var = nanvar(a, axis=axis, dtype=dtype, out=out, ddof=ddof,
C:\Users\Shreyas.1Gupta\AppData\Local\Python\pythoncore-3.14-64\Lib\site-packages\numpy\lib\_nanfunctions_impl.py:1997: RuntimeWarning: Degrees of freedom <= 0 for slice.
  var = nanvar(a, axis=axis, dtype=dtype, out=out, ddof=ddof,
C:\Users\Shreyas.1Gupta\AppData\Local\Python\pythoncore-3.14-64\Lib\site-packages\numpy\lib\_nanfunctions_impl.py:1997: RuntimeWarning: Degrees of freedom <= 0 for slice.
  var = nanvar(a, axis=axis, dtype=dtype, out=out, ddof=ddof,
C:\Users\Shreyas.1Gupta\AppData\Local\Python\pythoncore-3.14-64\Lib\site-packages\numpy\lib\_nanfunctions_impl.py:1997: RuntimeWarning: Degrees of freedom <= 0 for slice.
  var = nanvar(a, axis=axis, dtype=dtype, out=out, ddof=ddof,
C:\Users\Shreyas.1Gupta\AppData\Local\Python\pythoncore-3.14-64\Lib\site-packages\numpy\lib\_nanfunctions_impl.py:1997: RuntimeWarning: Degrees of freedom <= 0 for slice.
  var = nanvar(a, axis=axis, dtype=dtype, out=out, ddof=ddof,
C:\Users\Shreyas.1Gupta\AppData\Local\Python\pythoncore-3.14-64\Lib\site-packages\numpy\lib\_nanfunctions_impl.py:1997: RuntimeWarning: Degrees of freedom <= 0 for slice.
  var = nanvar(a, axis=axis, dtype=dtype, out=out, ddof=ddof,
C:\Users\Shreyas.1Gupta\AppData\Local\Python\pythoncore-3.14-64\Lib\site-packages\numpy\lib\_nanfunctions_impl.py:1997: RuntimeWarning: Degrees of freedom <= 0 for slice.
  var = nanvar(a, axis=axis, dtype=dtype, out=out, ddof=ddof,
C:\Users\Shreyas.1Gupta\AppData\Local\Python\pythoncore-3.14-64\Lib\site-packages\numpy\lib\_nanfunctions_impl.py:1997: RuntimeWarning: Degrees of freedom <= 0 for slice.
  var = nanvar(a, axis=axis, dtype=dtype, out=out, ddof=ddof,
C:\Users\Shreyas.1Gupta\AppData\Local\Python\pythoncore-3.14-64\Lib\site-packages\numpy\lib\_nanfunctions_impl.py:1997: RuntimeWarning: Degrees of freedom <= 0 for slice.
  var = nanvar(a, axis=axis, dtype=dtype, out=out, ddof=ddof,
C:\Users\Shreyas.1Gupta\AppData\Local\Python\pythoncore-3.14-64\Lib\site-packages\numpy\lib\_nanfunctions_impl.py:1997: RuntimeWarning: Degrees of freedom <= 0 for slice.
  var = nanvar(a, axis=axis, dtype=dtype, out=out, ddof=ddof,
C:\Users\Shreyas.1Gupta\AppData\Local\Python\pythoncore-3.14-64\Lib\site-packages\numpy\lib\_nanfunctions_impl.py:1997: RuntimeWarning: Degrees of freedom <= 0 for slice.
  var = nanvar(a, axis=axis, dtype=dtype, out=out, ddof=ddof,
C:\Users\Shreyas.1Gupta\AppData\Local\Python\pythoncore-3.14-64\Lib\site-packages\numpy\lib\_nanfunctions_impl.py:1997: RuntimeWarning: Degrees of freedom <= 0 for slice.
  var = nanvar(a, axis=axis, dtype=dtype, out=out, ddof=ddof,
C:\Users\Shreyas.1Gupta\AppData\Local\Python\pythoncore-3.14-64\Lib\site-packages\numpy\lib\_nanfunctions_impl.py:1997: RuntimeWarning: Degrees of freedom <= 0 for slice.
  var = nanvar(a, axis=axis, dtype=dtype, out=out, ddof=ddof,
C:\Users\Shreyas.1Gupta\AppData\Local\Python\pythoncore-3.14-64\Lib\site-packages\numpy\lib\_nanfunctions_impl.py:1997: RuntimeWarning: Degrees of freedom <= 0 for slice.
  var = nanvar(a, axis=axis, dtype=dtype, out=out, ddof=ddof,
C:\Users\Shreyas.1Gupta\AppData\Local\Python\pythoncore-3.14-64\Lib\site-packages\numpy\lib\_nanfunctions_impl.py:1997: RuntimeWarning: Degrees of freedom <= 0 for slice.
  var = nanvar(a, axis=axis, dtype=dtype, out=out, ddof=ddof,
C:\Users\Shreyas.1Gupta\AppData\Local\Python\pythoncore-3.14-64\Lib\site-packages\numpy\lib\_nanfunctions_impl.py:1997: RuntimeWarning: Degrees of freedom <= 0 for slice.
  var = nanvar(a, axis=axis, dtype=dtype, out=out, ddof=ddof,
C:\Users\Shreyas.1Gupta\AppData\Local\Python\pythoncore-3.14-64\Lib\site-packages\numpy\lib\_nanfunctions_impl.py:1997: RuntimeWarning: Degrees of freedom <= 0 for slice.
  var = nanvar(a, axis=axis, dtype=dtype, out=out, ddof=ddof,
C:\Users\Shreyas.1Gupta\AppData\Local\Python\pythoncore-3.14-64\Lib\site-packages\numpy\lib\_nanfunctions_impl.py:1997: RuntimeWarning: Degrees of freedom <= 0 for slice.
  var = nanvar(a, axis=axis, dtype=dtype, out=out, ddof=ddof,
[dynamic] rebals=246 active 2005-04-01->2026-01-22 ann_turnover~379.5% fricCAGR=25.34% net1CAGR=22.07% net2CAGR=18.88%
  [checkpoint] wrote c:\Users\Shreyas.1Gupta\OneDrive - Angel Broking Limited\Desktop\Backup\NIFTY 500\results\factor_replication\20260704_dynamic_basket\nav_dynamic.csv (5173 rows)

[build] CONTROL pure_momentum_50 ...
C:\Users\Shreyas.1Gupta\AppData\Local\Python\pythoncore-3.14-64\Lib\site-packages\numpy\lib\_nanfunctions_impl.py:1997: RuntimeWarning: Degrees of freedom <= 0 for slice.
  var = nanvar(a, axis=axis, dtype=dtype, out=out, ddof=ddof,
C:\Users\Shreyas.1Gupta\AppData\Local\Python\pythoncore-3.14-64\Lib\site-packages\numpy\lib\_nanfunctions_impl.py:1997: RuntimeWarning: Degrees of freedom <= 0 for slice.
  var = nanvar(a, axis=axis, dtype=dtype, out=out, ddof=ddof,
C:\Users\Shreyas.1Gupta\AppData\Local\Python\pythoncore-3.14-64\Lib\site-packages\numpy\lib\_nanfunctions_impl.py:1997: RuntimeWarning: Degrees of freedom <= 0 for slice.
  var = nanvar(a, axis=axis, dtype=dtype, out=out, ddof=ddof,
C:\Users\Shreyas.1Gupta\AppData\Local\Python\pythoncore-3.14-64\Lib\site-packages\numpy\lib\_nanfunctions_impl.py:1997: RuntimeWarning: Degrees of freedom <= 0 for slice.
  var = nanvar(a, axis=axis, dtype=dtype, out=out, ddof=ddof,
C:\Users\Shreyas.1Gupta\AppData\Local\Python\pythoncore-3.14-64\Lib\site-packages\numpy\lib\_nanfunctions_impl.py:1997: RuntimeWarning: Degrees of freedom <= 0 for slice.
  var = nanvar(a, axis=axis, dtype=dtype, out=out, ddof=ddof,
C:\Users\Shreyas.1Gupta\AppData\Local\Python\pythoncore-3.14-64\Lib\site-packages\numpy\lib\_nanfunctions_impl.py:1997: RuntimeWarning: Degrees of freedom <= 0 for slice.
  var = nanvar(a, axis=axis, dtype=dtype, out=out, ddof=ddof,
C:\Users\Shreyas.1Gupta\AppData\Local\Python\pythoncore-3.14-64\Lib\site-packages\numpy\lib\_nanfunctions_impl.py:1997: RuntimeWarning: Degrees of freedom <= 0 for slice.
  var = nanvar(a, axis=axis, dtype=dtype, out=out, ddof=ddof,
C:\Users\Shreyas.1Gupta\AppData\Local\Python\pythoncore-3.14-64\Lib\site-packages\numpy\lib\_nanfunctions_impl.py:1997: RuntimeWarning: Degrees of freedom <= 0 for slice.
  var = nanvar(a, axis=axis, dtype=dtype, out=out, ddof=ddof,
C:\Users\Shreyas.1Gupta\AppData\Local\Python\pythoncore-3.14-64\Lib\site-packages\numpy\lib\_nanfunctions_impl.py:1997: RuntimeWarning: Degrees of freedom <= 0 for slice.
  var = nanvar(a, axis=axis, dtype=dtype, out=out, ddof=ddof,
C:\Users\Shreyas.1Gupta\AppData\Local\Python\pythoncore-3.14-64\Lib\site-packages\numpy\lib\_nanfunctions_impl.py:1997: RuntimeWarning: Degrees of freedom <= 0 for slice.
  var = nanvar(a, axis=axis, dtype=dtype, out=out, ddof=ddof,
C:\Users\Shreyas.1Gupta\AppData\Local\Python\pythoncore-3.14-64\Lib\site-packages\numpy\lib\_nanfunctions_impl.py:1997: RuntimeWarning: Degrees of freedom <= 0 for slice.
  var = nanvar(a, axis=axis, dtype=dtype, out=out, ddof=ddof,
C:\Users\Shreyas.1Gupta\AppData\Local\Python\pythoncore-3.14-64\Lib\site-packages\numpy\lib\_nanfunctions_impl.py:1997: RuntimeWarning: Degrees of freedom <= 0 for slice.
  var = nanvar(a, axis=axis, dtype=dtype, out=out, ddof=ddof,
C:\Users\Shreyas.1Gupta\AppData\Local\Python\pythoncore-3.14-64\Lib\site-packages\numpy\lib\_nanfunctions_impl.py:1997: RuntimeWarning: Degrees of freedom <= 0 for slice.
  var = nanvar(a, axis=axis, dtype=dtype, out=out, ddof=ddof,
C:\Users\Shreyas.1Gupta\AppData\Local\Python\pythoncore-3.14-64\Lib\site-packages\numpy\lib\_nanfunctions_impl.py:1997: RuntimeWarning: Degrees of freedom <= 0 for slice.
  var = nanvar(a, axis=axis, dtype=dtype, out=out, ddof=ddof,
C:\Users\Shreyas.1Gupta\AppData\Local\Python\pythoncore-3.14-64\Lib\site-packages\numpy\lib\_nanfunctions_impl.py:1997: RuntimeWarning: Degrees of freedom <= 0 for slice.
  var = nanvar(a, axis=axis, dtype=dtype, out=out, ddof=ddof,
C:\Users\Shreyas.1Gupta\AppData\Local\Python\pythoncore-3.14-64\Lib\site-packages\numpy\lib\_nanfunctions_impl.py:1997: RuntimeWarning: Degrees of freedom <= 0 for slice.
  var = nanvar(a, axis=axis, dtype=dtype, out=out, ddof=ddof,
C:\Users\Shreyas.1Gupta\AppData\Local\Python\pythoncore-3.14-64\Lib\site-packages\numpy\lib\_nanfunctions_impl.py:1997: RuntimeWarning: Degrees of freedom <= 0 for slice.
  var = nanvar(a, axis=axis, dtype=dtype, out=out, ddof=ddof,
C:\Users\Shreyas.1Gupta\AppData\Local\Python\pythoncore-3.14-64\Lib\site-packages\numpy\lib\_nanfunctions_impl.py:1997: RuntimeWarning: Degrees of freedom <= 0 for slice.
  var = nanvar(a, axis=axis, dtype=dtype, out=out, ddof=ddof,
C:\Users\Shreyas.1Gupta\AppData\Local\Python\pythoncore-3.14-64\Lib\site-packages\numpy\lib\_nanfunctions_impl.py:1997: RuntimeWarning: Degrees of freedom <= 0 for slice.
  var = nanvar(a, axis=axis, dtype=dtype, out=out, ddof=ddof,
C:\Users\Shreyas.1Gupta\AppData\Local\Python\pythoncore-3.14-64\Lib\site-packages\numpy\lib\_nanfunctions_impl.py:1997: RuntimeWarning: Degrees of freedom <= 0 for slice.
  var = nanvar(a, axis=axis, dtype=dtype, out=out, ddof=ddof,
C:\Users\Shreyas.1Gupta\AppData\Local\Python\pythoncore-3.14-64\Lib\site-packages\numpy\lib\_nanfunctions_impl.py:1997: RuntimeWarning: Degrees of freedom <= 0 for slice.
  var = nanvar(a, axis=axis, dtype=dtype, out=out, ddof=ddof,
C:\Users\Shreyas.1Gupta\AppData\Local\Python\pythoncore-3.14-64\Lib\site-packages\numpy\lib\_nanfunctions_impl.py:1997: RuntimeWarning: Degrees of freedom <= 0 for slice.
  var = nanvar(a, axis=axis, dtype=dtype, out=out, ddof=ddof,
C:\Users\Shreyas.1Gupta\AppData\Local\Python\pythoncore-3.14-64\Lib\site-packages\numpy\lib\_nanfunctions_impl.py:1997: RuntimeWarning: Degrees of freedom <= 0 for slice.
  var = nanvar(a, axis=axis, dtype=dtype, out=out, ddof=ddof,
C:\Users\Shreyas.1Gupta\AppData\Local\Python\pythoncore-3.14-64\Lib\site-packages\numpy\lib\_nanfunctions_impl.py:1997: RuntimeWarning: Degrees of freedom <= 0 for slice.
  var = nanvar(a, axis=axis, dtype=dtype, out=out, ddof=ddof,
C:\Users\Shreyas.1Gupta\AppData\Local\Python\pythoncore-3.14-64\Lib\site-packages\numpy\lib\_nanfunctions_impl.py:1997: RuntimeWarning: Degrees of freedom <= 0 for slice.
  var = nanvar(a, axis=axis, dtype=dtype, out=out, ddof=ddof,
C:\Users\Shreyas.1Gupta\AppData\Local\Python\pythoncore-3.14-64\Lib\site-packages\numpy\lib\_nanfunctions_impl.py:1997: RuntimeWarning: Degrees of freedom <= 0 for slice.
  var = nanvar(a, axis=axis, dtype=dtype, out=out, ddof=ddof,
C:\Users\Shreyas.1Gupta\AppData\Local\Python\pythoncore-3.14-64\Lib\site-packages\numpy\lib\_nanfunctions_impl.py:1997: RuntimeWarning: Degrees of freedom <= 0 for slice.
  var = nanvar(a, axis=axis, dtype=dtype, out=out, ddof=ddof,
C:\Users\Shreyas.1Gupta\AppData\Local\Python\pythoncore-3.14-64\Lib\site-packages\numpy\lib\_nanfunctions_impl.py:1997: RuntimeWarning: Degrees of freedom <= 0 for slice.
  var = nanvar(a, axis=axis, dtype=dtype, out=out, ddof=ddof,
C:\Users\Shreyas.1Gupta\AppData\Local\Python\pythoncore-3.14-64\Lib\site-packages\numpy\lib\_nanfunctions_impl.py:1997: RuntimeWarning: Degrees of freedom <= 0 for slice.
  var = nanvar(a, axis=axis, dtype=dtype, out=out, ddof=ddof,
C:\Users\Shreyas.1Gupta\AppData\Local\Python\pythoncore-3.14-64\Lib\site-packages\numpy\lib\_nanfunctions_impl.py:1997: RuntimeWarning: Degrees of freedom <= 0 for slice.
  var = nanvar(a, axis=axis, dtype=dtype, out=out, ddof=ddof,
C:\Users\Shreyas.1Gupta\AppData\Local\Python\pythoncore-3.14-64\Lib\site-packages\numpy\lib\_nanfunctions_impl.py:1997: RuntimeWarning: Degrees of freedom <= 0 for slice.
  var = nanvar(a, axis=axis, dtype=dtype, out=out, ddof=ddof,
C:\Users\Shreyas.1Gupta\AppData\Local\Python\pythoncore-3.14-64\Lib\site-packages\numpy\lib\_nanfunctions_impl.py:1997: RuntimeWarning: Degrees of freedom <= 0 for slice.
  var = nanvar(a, axis=axis, dtype=dtype, out=out, ddof=ddof,
C:\Users\Shreyas.1Gupta\AppData\Local\Python\pythoncore-3.14-64\Lib\site-packages\numpy\lib\_nanfunctions_impl.py:1997: RuntimeWarning: Degrees of freedom <= 0 for slice.
  var = nanvar(a, axis=axis, dtype=dtype, out=out, ddof=ddof,
C:\Users\Shreyas.1Gupta\AppData\Local\Python\pythoncore-3.14-64\Lib\site-packages\numpy\lib\_nanfunctions_impl.py:1997: RuntimeWarning: Degrees of freedom <= 0 for slice.
  var = nanvar(a, axis=axis, dtype=dtype, out=out, ddof=ddof,
C:\Users\Shreyas.1Gupta\AppData\Local\Python\pythoncore-3.14-64\Lib\site-packages\numpy\lib\_nanfunctions_impl.py:1997: RuntimeWarning: Degrees of freedom <= 0 for slice.
  var = nanvar(a, axis=axis, dtype=dtype, out=out, ddof=ddof,
C:\Users\Shreyas.1Gupta\AppData\Local\Python\pythoncore-3.14-64\Lib\site-packages\numpy\lib\_nanfunctions_impl.py:1997: RuntimeWarning: Degrees of freedom <= 0 for slice.
  var = nanvar(a, axis=axis, dtype=dtype, out=out, ddof=ddof,
C:\Users\Shreyas.1Gupta\AppData\Local\Python\pythoncore-3.14-64\Lib\site-packages\numpy\lib\_nanfunctions_impl.py:1997: RuntimeWarning: Degrees of freedom <= 0 for slice.
  var = nanvar(a, axis=axis, dtype=dtype, out=out, ddof=ddof,
C:\Users\Shreyas.1Gupta\AppData\Local\Python\pythoncore-3.14-64\Lib\site-packages\numpy\lib\_nanfunctions_impl.py:1997: RuntimeWarning: Degrees of freedom <= 0 for slice.
  var = nanvar(a, axis=axis, dtype=dtype, out=out, ddof=ddof,
C:\Users\Shreyas.1Gupta\AppData\Local\Python\pythoncore-3.14-64\Lib\site-packages\numpy\lib\_nanfunctions_impl.py:1997: RuntimeWarning: Degrees of freedom <= 0 for slice.
  var = nanvar(a, axis=axis, dtype=dtype, out=out, ddof=ddof,
C:\Users\Shreyas.1Gupta\AppData\Local\Python\pythoncore-3.14-64\Lib\site-packages\numpy\lib\_nanfunctions_impl.py:1997: RuntimeWarning: Degrees of freedom <= 0 for slice.
  var = nanvar(a, axis=axis, dtype=dtype, out=out, ddof=ddof,
C:\Users\Shreyas.1Gupta\AppData\Local\Python\pythoncore-3.14-64\Lib\site-packages\numpy\lib\_nanfunctions_impl.py:1997: RuntimeWarning: Degrees of freedom <= 0 for slice.
  var = nanvar(a, axis=axis, dtype=dtype, out=out, ddof=ddof,
C:\Users\Shreyas.1Gupta\AppData\Local\Python\pythoncore-3.14-64\Lib\site-packages\numpy\lib\_nanfunctions_impl.py:1997: RuntimeWarning: Degrees of freedom <= 0 for slice.
  var = nanvar(a, axis=axis, dtype=dtype, out=out, ddof=ddof,
C:\Users\Shreyas.1Gupta\AppData\Local\Python\pythoncore-3.14-64\Lib\site-packages\numpy\lib\_nanfunctions_impl.py:1997: RuntimeWarning: Degrees of freedom <= 0 for slice.
  var = nanvar(a, axis=axis, dtype=dtype, out=out, ddof=ddof,
C:\Users\Shreyas.1Gupta\AppData\Local\Python\pythoncore-3.14-64\Lib\site-packages\numpy\lib\_nanfunctions_impl.py:1997: RuntimeWarning: Degrees of freedom <= 0 for slice.
  var = nanvar(a, axis=axis, dtype=dtype, out=out, ddof=ddof,
C:\Users\Shreyas.1Gupta\AppData\Local\Python\pythoncore-3.14-64\Lib\site-packages\numpy\lib\_nanfunctions_impl.py:1997: RuntimeWarning: Degrees of freedom <= 0 for slice.
  var = nanvar(a, axis=axis, dtype=dtype, out=out, ddof=ddof,
C:\Users\Shreyas.1Gupta\AppData\Local\Python\pythoncore-3.14-64\Lib\site-packages\numpy\lib\_nanfunctions_impl.py:1997: RuntimeWarning: Degrees of freedom <= 0 for slice.
  var = nanvar(a, axis=axis, dtype=dtype, out=out, ddof=ddof,
C:\Users\Shreyas.1Gupta\AppData\Local\Python\pythoncore-3.14-64\Lib\site-packages\numpy\lib\_nanfunctions_impl.py:1997: RuntimeWarning: Degrees of freedom <= 0 for slice.
  var = nanvar(a, axis=axis, dtype=dtype, out=out, ddof=ddof,
C:\Users\Shreyas.1Gupta\AppData\Local\Python\pythoncore-3.14-64\Lib\site-packages\numpy\lib\_nanfunctions_impl.py:1997: RuntimeWarning: Degrees of freedom <= 0 for slice.
  var = nanvar(a, axis=axis, dtype=dtype, out=out, ddof=ddof,
C:\Users\Shreyas.1Gupta\AppData\Local\Python\pythoncore-3.14-64\Lib\site-packages\numpy\lib\_nanfunctions_impl.py:1997: RuntimeWarning: Degrees of freedom <= 0 for slice.
  var = nanvar(a, axis=axis, dtype=dtype, out=out, ddof=ddof,
C:\Users\Shreyas.1Gupta\AppData\Local\Python\pythoncore-3.14-64\Lib\site-packages\numpy\lib\_nanfunctions_impl.py:1997: RuntimeWarning: Degrees of freedom <= 0 for slice.
  var = nanvar(a, axis=axis, dtype=dtype, out=out, ddof=ddof,
C:\Users\Shreyas.1Gupta\AppData\Local\Python\pythoncore-3.14-64\Lib\site-packages\numpy\lib\_nanfunctions_impl.py:1997: RuntimeWarning: Degrees of freedom <= 0 for slice.
  var = nanvar(a, axis=axis, dtype=dtype, out=out, ddof=ddof,
C:\Users\Shreyas.1Gupta\AppData\Local\Python\pythoncore-3.14-64\Lib\site-packages\numpy\lib\_nanfunctions_impl.py:1997: RuntimeWarning: Degrees of freedom <= 0 for slice.
  var = nanvar(a, axis=axis, dtype=dtype, out=out, ddof=ddof,
C:\Users\Shreyas.1Gupta\AppData\Local\Python\pythoncore-3.14-64\Lib\site-packages\numpy\lib\_nanfunctions_impl.py:1997: RuntimeWarning: Degrees of freedom <= 0 for slice.
  var = nanvar(a, axis=axis, dtype=dtype, out=out, ddof=ddof,
C:\Users\Shreyas.1Gupta\AppData\Local\Python\pythoncore-3.14-64\Lib\site-packages\numpy\lib\_nanfunctions_impl.py:1997: RuntimeWarning: Degrees of freedom <= 0 for slice.
  var = nanvar(a, axis=axis, dtype=dtype, out=out, ddof=ddof,
C:\Users\Shreyas.1Gupta\AppData\Local\Python\pythoncore-3.14-64\Lib\site-packages\numpy\lib\_nanfunctions_impl.py:1997: RuntimeWarning: Degrees of freedom <= 0 for slice.
  var = nanvar(a, axis=axis, dtype=dtype, out=out, ddof=ddof,
C:\Users\Shreyas.1Gupta\AppData\Local\Python\pythoncore-3.14-64\Lib\site-packages\numpy\lib\_nanfunctions_impl.py:1997: RuntimeWarning: Degrees of freedom <= 0 for slice.
  var = nanvar(a, axis=axis, dtype=dtype, out=out, ddof=ddof,
C:\Users\Shreyas.1Gupta\AppData\Local\Python\pythoncore-3.14-64\Lib\site-packages\numpy\lib\_nanfunctions_impl.py:1997: RuntimeWarning: Degrees of freedom <= 0 for slice.
  var = nanvar(a, axis=axis, dtype=dtype, out=out, ddof=ddof,
C:\Users\Shreyas.1Gupta\AppData\Local\Python\pythoncore-3.14-64\Lib\site-packages\numpy\lib\_nanfunctions_impl.py:1997: RuntimeWarning: Degrees of freedom <= 0 for slice.
  var = nanvar(a, axis=axis, dtype=dtype, out=out, ddof=ddof,
C:\Users\Shreyas.1Gupta\AppData\Local\Python\pythoncore-3.14-64\Lib\site-packages\numpy\lib\_nanfunctions_impl.py:1997: RuntimeWarning: Degrees of freedom <= 0 for slice.
  var = nanvar(a, axis=axis, dtype=dtype, out=out, ddof=ddof,
C:\Users\Shreyas.1Gupta\AppData\Local\Python\pythoncore-3.14-64\Lib\site-packages\numpy\lib\_nanfunctions_impl.py:1997: RuntimeWarning: Degrees of freedom <= 0 for slice.
  var = nanvar(a, axis=axis, dtype=dtype, out=out, ddof=ddof,
C:\Users\Shreyas.1Gupta\AppData\Local\Python\pythoncore-3.14-64\Lib\site-packages\numpy\lib\_nanfunctions_impl.py:1997: RuntimeWarning: Degrees of freedom <= 0 for slice.
  var = nanvar(a, axis=axis, dtype=dtype, out=out, ddof=ddof,
C:\Users\Shreyas.1Gupta\AppData\Local\Python\pythoncore-3.14-64\Lib\site-packages\numpy\lib\_nanfunctions_impl.py:1997: RuntimeWarning: Degrees of freedom <= 0 for slice.
  var = nanvar(a, axis=axis, dtype=dtype, out=out, ddof=ddof,
C:\Users\Shreyas.1Gupta\AppData\Local\Python\pythoncore-3.14-64\Lib\site-packages\numpy\lib\_nanfunctions_impl.py:1997: RuntimeWarning: Degrees of freedom <= 0 for slice.
  var = nanvar(a, axis=axis, dtype=dtype, out=out, ddof=ddof,
C:\Users\Shreyas.1Gupta\AppData\Local\Python\pythoncore-3.14-64\Lib\site-packages\numpy\lib\_nanfunctions_impl.py:1997: RuntimeWarning: Degrees of freedom <= 0 for slice.
  var = nanvar(a, axis=axis, dtype=dtype, out=out, ddof=ddof,
C:\Users\Shreyas.1Gupta\AppData\Local\Python\pythoncore-3.14-64\Lib\site-packages\numpy\lib\_nanfunctions_impl.py:1997: RuntimeWarning: Degrees of freedom <= 0 for slice.
  var = nanvar(a, axis=axis, dtype=dtype, out=out, ddof=ddof,
C:\Users\Shreyas.1Gupta\AppData\Local\Python\pythoncore-3.14-64\Lib\site-packages\numpy\lib\_nanfunctions_impl.py:1997: RuntimeWarning: Degrees of freedom <= 0 for slice.
  var = nanvar(a, axis=axis, dtype=dtype, out=out, ddof=ddof,
C:\Users\Shreyas.1Gupta\AppData\Local\Python\pythoncore-3.14-64\Lib\site-packages\numpy\lib\_nanfunctions_impl.py:1997: RuntimeWarning: Degrees of freedom <= 0 for slice.
  var = nanvar(a, axis=axis, dtype=dtype, out=out, ddof=ddof,
C:\Users\Shreyas.1Gupta\AppData\Local\Python\pythoncore-3.14-64\Lib\site-packages\numpy\lib\_nanfunctions_impl.py:1997: RuntimeWarning: Degrees of freedom <= 0 for slice.
  var = nanvar(a, axis=axis, dtype=dtype, out=out, ddof=ddof,
C:\Users\Shreyas.1Gupta\AppData\Local\Python\pythoncore-3.14-64\Lib\site-packages\numpy\lib\_nanfunctions_impl.py:1997: RuntimeWarning: Degrees of freedom <= 0 for slice.
  var = nanvar(a, axis=axis, dtype=dtype, out=out, ddof=ddof,
C:\Users\Shreyas.1Gupta\AppData\Local\Python\pythoncore-3.14-64\Lib\site-packages\numpy\lib\_nanfunctions_impl.py:1997: RuntimeWarning: Degrees of freedom <= 0 for slice.
  var = nanvar(a, axis=axis, dtype=dtype, out=out, ddof=ddof,
C:\Users\Shreyas.1Gupta\AppData\Local\Python\pythoncore-3.14-64\Lib\site-packages\numpy\lib\_nanfunctions_impl.py:1997: RuntimeWarning: Degrees of freedom <= 0 for slice.
  var = nanvar(a, axis=axis, dtype=dtype, out=out, ddof=ddof,
C:\Users\Shreyas.1Gupta\AppData\Local\Python\pythoncore-3.14-64\Lib\site-packages\numpy\lib\_nanfunctions_impl.py:1997: RuntimeWarning: Degrees of freedom <= 0 for slice.
  var = nanvar(a, axis=axis, dtype=dtype, out=out, ddof=ddof,
C:\Users\Shreyas.1Gupta\AppData\Local\Python\pythoncore-3.14-64\Lib\site-packages\numpy\lib\_nanfunctions_impl.py:1997: RuntimeWarning: Degrees of freedom <= 0 for slice.
  var = nanvar(a, axis=axis, dtype=dtype, out=out, ddof=ddof,
C:\Users\Shreyas.1Gupta\AppData\Local\Python\pythoncore-3.14-64\Lib\site-packages\numpy\lib\_nanfunctions_impl.py:1997: RuntimeWarning: Degrees of freedom <= 0 for slice.
  var = nanvar(a, axis=axis, dtype=dtype, out=out, ddof=ddof,
C:\Users\Shreyas.1Gupta\AppData\Local\Python\pythoncore-3.14-64\Lib\site-packages\numpy\lib\_nanfunctions_impl.py:1997: RuntimeWarning: Degrees of freedom <= 0 for slice.
  var = nanvar(a, axis=axis, dtype=dtype, out=out, ddof=ddof,
C:\Users\Shreyas.1Gupta\AppData\Local\Python\pythoncore-3.14-64\Lib\site-packages\numpy\lib\_nanfunctions_impl.py:1997: RuntimeWarning: Degrees of freedom <= 0 for slice.
  var = nanvar(a, axis=axis, dtype=dtype, out=out, ddof=ddof,
C:\Users\Shreyas.1Gupta\AppData\Local\Python\pythoncore-3.14-64\Lib\site-packages\numpy\lib\_nanfunctions_impl.py:1997: RuntimeWarning: Degrees of freedom <= 0 for slice.
  var = nanvar(a, axis=axis, dtype=dtype, out=out, ddof=ddof,
C:\Users\Shreyas.1Gupta\AppData\Local\Python\pythoncore-3.14-64\Lib\site-packages\numpy\lib\_nanfunctions_impl.py:1997: RuntimeWarning: Degrees of freedom <= 0 for slice.
  var = nanvar(a, axis=axis, dtype=dtype, out=out, ddof=ddof,
C:\Users\Shreyas.1Gupta\AppData\Local\Python\pythoncore-3.14-64\Lib\site-packages\numpy\lib\_nanfunctions_impl.py:1997: RuntimeWarning: Degrees of freedom <= 0 for slice.
  var = nanvar(a, axis=axis, dtype=dtype, out=out, ddof=ddof,
C:\Users\Shreyas.1Gupta\AppData\Local\Python\pythoncore-3.14-64\Lib\site-packages\numpy\lib\_nanfunctions_impl.py:1997: RuntimeWarning: Degrees of freedom <= 0 for slice.
  var = nanvar(a, axis=axis, dtype=dtype, out=out, ddof=ddof,
C:\Users\Shreyas.1Gupta\AppData\Local\Python\pythoncore-3.14-64\Lib\site-packages\numpy\lib\_nanfunctions_impl.py:1997: RuntimeWarning: Degrees of freedom <= 0 for slice.
  var = nanvar(a, axis=axis, dtype=dtype, out=out, ddof=ddof,
C:\Users\Shreyas.1Gupta\AppData\Local\Python\pythoncore-3.14-64\Lib\site-packages\numpy\lib\_nanfunctions_impl.py:1997: RuntimeWarning: Degrees of freedom <= 0 for slice.
  var = nanvar(a, axis=axis, dtype=dtype, out=out, ddof=ddof,
C:\Users\Shreyas.1Gupta\AppData\Local\Python\pythoncore-3.14-64\Lib\site-packages\numpy\lib\_nanfunctions_impl.py:1997: RuntimeWarning: Degrees of freedom <= 0 for slice.
  var = nanvar(a, axis=axis, dtype=dtype, out=out, ddof=ddof,
C:\Users\Shreyas.1Gupta\AppData\Local\Python\pythoncore-3.14-64\Lib\site-packages\numpy\lib\_nanfunctions_impl.py:1997: RuntimeWarning: Degrees of freedom <= 0 for slice.
  var = nanvar(a, axis=axis, dtype=dtype, out=out, ddof=ddof,
C:\Users\Shreyas.1Gupta\AppData\Local\Python\pythoncore-3.14-64\Lib\site-packages\numpy\lib\_nanfunctions_impl.py:1997: RuntimeWarning: Degrees of freedom <= 0 for slice.
  var = nanvar(a, axis=axis, dtype=dtype, out=out, ddof=ddof,
C:\Users\Shreyas.1Gupta\AppData\Local\Python\pythoncore-3.14-64\Lib\site-packages\numpy\lib\_nanfunctions_impl.py:1997: RuntimeWarning: Degrees of freedom <= 0 for slice.
  var = nanvar(a, axis=axis, dtype=dtype, out=out, ddof=ddof,
C:\Users\Shreyas.1Gupta\AppData\Local\Python\pythoncore-3.14-64\Lib\site-packages\numpy\lib\_nanfunctions_impl.py:1997: RuntimeWarning: Degrees of freedom <= 0 for slice.
  var = nanvar(a, axis=axis, dtype=dtype, out=out, ddof=ddof,
C:\Users\Shreyas.1Gupta\AppData\Local\Python\pythoncore-3.14-64\Lib\site-packages\numpy\lib\_nanfunctions_impl.py:1997: RuntimeWarning: Degrees of freedom <= 0 for slice.
  var = nanvar(a, axis=axis, dtype=dtype, out=out, ddof=ddof,
C:\Users\Shreyas.1Gupta\AppData\Local\Python\pythoncore-3.14-64\Lib\site-packages\numpy\lib\_nanfunctions_impl.py:1997: RuntimeWarning: Degrees of freedom <= 0 for slice.
  var = nanvar(a, axis=axis, dtype=dtype, out=out, ddof=ddof,
C:\Users\Shreyas.1Gupta\AppData\Local\Python\pythoncore-3.14-64\Lib\site-packages\numpy\lib\_nanfunctions_impl.py:1997: RuntimeWarning: Degrees of freedom <= 0 for slice.
  var = nanvar(a, axis=axis, dtype=dtype, out=out, ddof=ddof,
C:\Users\Shreyas.1Gupta\AppData\Local\Python\pythoncore-3.14-64\Lib\site-packages\numpy\lib\_nanfunctions_impl.py:1997: RuntimeWarning: Degrees of freedom <= 0 for slice.
  var = nanvar(a, axis=axis, dtype=dtype, out=out, ddof=ddof,
C:\Users\Shreyas.1Gupta\AppData\Local\Python\pythoncore-3.14-64\Lib\site-packages\numpy\lib\_nanfunctions_impl.py:1997: RuntimeWarning: Degrees of freedom <= 0 for slice.
  var = nanvar(a, axis=axis, dtype=dtype, out=out, ddof=ddof,
C:\Users\Shreyas.1Gupta\AppData\Local\Python\pythoncore-3.14-64\Lib\site-packages\numpy\lib\_nanfunctions_impl.py:1997: RuntimeWarning: Degrees of freedom <= 0 for slice.
  var = nanvar(a, axis=axis, dtype=dtype, out=out, ddof=ddof,
C:\Users\Shreyas.1Gupta\AppData\Local\Python\pythoncore-3.14-64\Lib\site-packages\numpy\lib\_nanfunctions_impl.py:1997: RuntimeWarning: Degrees of freedom <= 0 for slice.
  var = nanvar(a, axis=axis, dtype=dtype, out=out, ddof=ddof,
C:\Users\Shreyas.1Gupta\AppData\Local\Python\pythoncore-3.14-64\Lib\site-packages\numpy\lib\_nanfunctions_impl.py:1997: RuntimeWarning: Degrees of freedom <= 0 for slice.
  var = nanvar(a, axis=axis, dtype=dtype, out=out, ddof=ddof,
C:\Users\Shreyas.1Gupta\AppData\Local\Python\pythoncore-3.14-64\Lib\site-packages\numpy\lib\_nanfunctions_impl.py:1997: RuntimeWarning: Degrees of freedom <= 0 for slice.
  var = nanvar(a, axis=axis, dtype=dtype, out=out, ddof=ddof,
C:\Users\Shreyas.1Gupta\AppData\Local\Python\pythoncore-3.14-64\Lib\site-packages\numpy\lib\_nanfunctions_impl.py:1997: RuntimeWarning: Degrees of freedom <= 0 for slice.
  var = nanvar(a, axis=axis, dtype=dtype, out=out, ddof=ddof,
C:\Users\Shreyas.1Gupta\AppData\Local\Python\pythoncore-3.14-64\Lib\site-packages\numpy\lib\_nanfunctions_impl.py:1997: RuntimeWarning: Degrees of freedom <= 0 for slice.
  var = nanvar(a, axis=axis, dtype=dtype, out=out, ddof=ddof,
C:\Users\Shreyas.1Gupta\AppData\Local\Python\pythoncore-3.14-64\Lib\site-packages\numpy\lib\_nanfunctions_impl.py:1997: RuntimeWarning: Degrees of freedom <= 0 for slice.
  var = nanvar(a, axis=axis, dtype=dtype, out=out, ddof=ddof,
C:\Users\Shreyas.1Gupta\AppData\Local\Python\pythoncore-3.14-64\Lib\site-packages\numpy\lib\_nanfunctions_impl.py:1997: RuntimeWarning: Degrees of freedom <= 0 for slice.
  var = nanvar(a, axis=axis, dtype=dtype, out=out, ddof=ddof,
C:\Users\Shreyas.1Gupta\AppData\Local\Python\pythoncore-3.14-64\Lib\site-packages\numpy\lib\_nanfunctions_impl.py:1997: RuntimeWarning: Degrees of freedom <= 0 for slice.
  var = nanvar(a, axis=axis, dtype=dtype, out=out, ddof=ddof,
C:\Users\Shreyas.1Gupta\AppData\Local\Python\pythoncore-3.14-64\Lib\site-packages\numpy\lib\_nanfunctions_impl.py:1997: RuntimeWarning: Degrees of freedom <= 0 for slice.
  var = nanvar(a, axis=axis, dtype=dtype, out=out, ddof=ddof,
C:\Users\Shreyas.1Gupta\AppData\Local\Python\pythoncore-3.14-64\Lib\site-packages\numpy\lib\_nanfunctions_impl.py:1997: RuntimeWarning: Degrees of freedom <= 0 for slice.
  var = nanvar(a, axis=axis, dtype=dtype, out=out, ddof=ddof,
C:\Users\Shreyas.1Gupta\AppData\Local\Python\pythoncore-3.14-64\Lib\site-packages\numpy\lib\_nanfunctions_impl.py:1997: RuntimeWarning: Degrees of freedom <= 0 for slice.
  var = nanvar(a, axis=axis, dtype=dtype, out=out, ddof=ddof,
C:\Users\Shreyas.1Gupta\AppData\Local\Python\pythoncore-3.14-64\Lib\site-packages\numpy\lib\_nanfunctions_impl.py:1997: RuntimeWarning: Degrees of freedom <= 0 for slice.
  var = nanvar(a, axis=axis, dtype=dtype, out=out, ddof=ddof,
C:\Users\Shreyas.1Gupta\AppData\Local\Python\pythoncore-3.14-64\Lib\site-packages\numpy\lib\_nanfunctions_impl.py:1997: RuntimeWarning: Degrees of freedom <= 0 for slice.
  var = nanvar(a, axis=axis, dtype=dtype, out=out, ddof=ddof,
C:\Users\Shreyas.1Gupta\AppData\Local\Python\pythoncore-3.14-64\Lib\site-packages\numpy\lib\_nanfunctions_impl.py:1997: RuntimeWarning: Degrees of freedom <= 0 for slice.
  var = nanvar(a, axis=axis, dtype=dtype, out=out, ddof=ddof,
C:\Users\Shreyas.1Gupta\AppData\Local\Python\pythoncore-3.14-64\Lib\site-packages\numpy\lib\_nanfunctions_impl.py:1997: RuntimeWarning: Degrees of freedom <= 0 for slice.
  var = nanvar(a, axis=axis, dtype=dtype, out=out, ddof=ddof,
C:\Users\Shreyas.1Gupta\AppData\Local\Python\pythoncore-3.14-64\Lib\site-packages\numpy\lib\_nanfunctions_impl.py:1997: RuntimeWarning: Degrees of freedom <= 0 for slice.
  var = nanvar(a, axis=axis, dtype=dtype, out=out, ddof=ddof,
C:\Users\Shreyas.1Gupta\AppData\Local\Python\pythoncore-3.14-64\Lib\site-packages\numpy\lib\_nanfunctions_impl.py:1997: RuntimeWarning: Degrees of freedom <= 0 for slice.
  var = nanvar(a, axis=axis, dtype=dtype, out=out, ddof=ddof,
C:\Users\Shreyas.1Gupta\AppData\Local\Python\pythoncore-3.14-64\Lib\site-packages\numpy\lib\_nanfunctions_impl.py:1997: RuntimeWarning: Degrees of freedom <= 0 for slice.
  var = nanvar(a, axis=axis, dtype=dtype, out=out, ddof=ddof,
C:\Users\Shreyas.1Gupta\AppData\Local\Python\pythoncore-3.14-64\Lib\site-packages\numpy\lib\_nanfunctions_impl.py:1997: RuntimeWarning: Degrees of freedom <= 0 for slice.
  var = nanvar(a, axis=axis, dtype=dtype, out=out, ddof=ddof,
C:\Users\Shreyas.1Gupta\AppData\Local\Python\pythoncore-3.14-64\Lib\site-packages\numpy\lib\_nanfunctions_impl.py:1997: RuntimeWarning: Degrees of freedom <= 0 for slice.
  var = nanvar(a, axis=axis, dtype=dtype, out=out, ddof=ddof,
C:\Users\Shreyas.1Gupta\AppData\Local\Python\pythoncore-3.14-64\Lib\site-packages\numpy\lib\_nanfunctions_impl.py:1997: RuntimeWarning: Degrees of freedom <= 0 for slice.
  var = nanvar(a, axis=axis, dtype=dtype, out=out, ddof=ddof,
C:\Users\Shreyas.1Gupta\AppData\Local\Python\pythoncore-3.14-64\Lib\site-packages\numpy\lib\_nanfunctions_impl.py:1997: RuntimeWarning: Degrees of freedom <= 0 for slice.
  var = nanvar(a, axis=axis, dtype=dtype, out=out, ddof=ddof,
C:\Users\Shreyas.1Gupta\AppData\Local\Python\pythoncore-3.14-64\Lib\site-packages\numpy\lib\_nanfunctions_impl.py:1997: RuntimeWarning: Degrees of freedom <= 0 for slice.
  var = nanvar(a, axis=axis, dtype=dtype, out=out, ddof=ddof,
C:\Users\Shreyas.1Gupta\AppData\Local\Python\pythoncore-3.14-64\Lib\site-packages\numpy\lib\_nanfunctions_impl.py:1997: RuntimeWarning: Degrees of freedom <= 0 for slice.
  var = nanvar(a, axis=axis, dtype=dtype, out=out, ddof=ddof,
C:\Users\Shreyas.1Gupta\AppData\Local\Python\pythoncore-3.14-64\Lib\site-packages\numpy\lib\_nanfunctions_impl.py:1997: RuntimeWarning: Degrees of freedom <= 0 for slice.
  var = nanvar(a, axis=axis, dtype=dtype, out=out, ddof=ddof,
C:\Users\Shreyas.1Gupta\AppData\Local\Python\pythoncore-3.14-64\Lib\site-packages\numpy\lib\_nanfunctions_impl.py:1997: RuntimeWarning: Degrees of freedom <= 0 for slice.
  var = nanvar(a, axis=axis, dtype=dtype, out=out, ddof=ddof,
C:\Users\Shreyas.1Gupta\AppData\Local\Python\pythoncore-3.14-64\Lib\site-packages\numpy\lib\_nanfunctions_impl.py:1997: RuntimeWarning: Degrees of freedom <= 0 for slice.
  var = nanvar(a, axis=axis, dtype=dtype, out=out, ddof=ddof,
C:\Users\Shreyas.1Gupta\AppData\Local\Python\pythoncore-3.14-64\Lib\site-packages\numpy\lib\_nanfunctions_impl.py:1997: RuntimeWarning: Degrees of freedom <= 0 for slice.
  var = nanvar(a, axis=axis, dtype=dtype, out=out, ddof=ddof,
C:\Users\Shreyas.1Gupta\AppData\Local\Python\pythoncore-3.14-64\Lib\site-packages\numpy\lib\_nanfunctions_impl.py:1997: RuntimeWarning: Degrees of freedom <= 0 for slice.
  var = nanvar(a, axis=axis, dtype=dtype, out=out, ddof=ddof,
C:\Users\Shreyas.1Gupta\AppData\Local\Python\pythoncore-3.14-64\Lib\site-packages\numpy\lib\_nanfunctions_impl.py:1997: RuntimeWarning: Degrees of freedom <= 0 for slice.
  var = nanvar(a, axis=axis, dtype=dtype, out=out, ddof=ddof,
C:\Users\Shreyas.1Gupta\AppData\Local\Python\pythoncore-3.14-64\Lib\site-packages\numpy\lib\_nanfunctions_impl.py:1997: RuntimeWarning: Degrees of freedom <= 0 for slice.
  var = nanvar(a, axis=axis, dtype=dtype, out=out, ddof=ddof,
C:\Users\Shreyas.1Gupta\AppData\Local\Python\pythoncore-3.14-64\Lib\site-packages\numpy\lib\_nanfunctions_impl.py:1997: RuntimeWarning: Degrees of freedom <= 0 for slice.
  var = nanvar(a, axis=axis, dtype=dtype, out=out, ddof=ddof,
C:\Users\Shreyas.1Gupta\AppData\Local\Python\pythoncore-3.14-64\Lib\site-packages\numpy\lib\_nanfunctions_impl.py:1997: RuntimeWarning: Degrees of freedom <= 0 for slice.
  var = nanvar(a, axis=axis, dtype=dtype, out=out, ddof=ddof,
C:\Users\Shreyas.1Gupta\AppData\Local\Python\pythoncore-3.14-64\Lib\site-packages\numpy\lib\_nanfunctions_impl.py:1997: RuntimeWarning: Degrees of freedom <= 0 for slice.
  var = nanvar(a, axis=axis, dtype=dtype, out=out, ddof=ddof,
C:\Users\Shreyas.1Gupta\AppData\Local\Python\pythoncore-3.14-64\Lib\site-packages\numpy\lib\_nanfunctions_impl.py:1997: RuntimeWarning: Degrees of freedom <= 0 for slice.
  var = nanvar(a, axis=axis, dtype=dtype, out=out, ddof=ddof,
C:\Users\Shreyas.1Gupta\AppData\Local\Python\pythoncore-3.14-64\Lib\site-packages\numpy\lib\_nanfunctions_impl.py:1997: RuntimeWarning: Degrees of freedom <= 0 for slice.
  var = nanvar(a, axis=axis, dtype=dtype, out=out, ddof=ddof,
C:\Users\Shreyas.1Gupta\AppData\Local\Python\pythoncore-3.14-64\Lib\site-packages\numpy\lib\_nanfunctions_impl.py:1997: RuntimeWarning: Degrees of freedom <= 0 for slice.
  var = nanvar(a, axis=axis, dtype=dtype, out=out, ddof=ddof,
C:\Users\Shreyas.1Gupta\AppData\Local\Python\pythoncore-3.14-64\Lib\site-packages\numpy\lib\_nanfunctions_impl.py:1997: RuntimeWarning: Degrees of freedom <= 0 for slice.
  var = nanvar(a, axis=axis, dtype=dtype, out=out, ddof=ddof,
C:\Users\Shreyas.1Gupta\AppData\Local\Python\pythoncore-3.14-64\Lib\site-packages\numpy\lib\_nanfunctions_impl.py:1997: RuntimeWarning: Degrees of freedom <= 0 for slice.
  var = nanvar(a, axis=axis, dtype=dtype, out=out, ddof=ddof,
C:\Users\Shreyas.1Gupta\AppData\Local\Python\pythoncore-3.14-64\Lib\site-packages\numpy\lib\_nanfunctions_impl.py:1997: RuntimeWarning: Degrees of freedom <= 0 for slice.
  var = nanvar(a, axis=axis, dtype=dtype, out=out, ddof=ddof,
C:\Users\Shreyas.1Gupta\AppData\Local\Python\pythoncore-3.14-64\Lib\site-packages\numpy\lib\_nanfunctions_impl.py:1997: RuntimeWarning: Degrees of freedom <= 0 for slice.
  var = nanvar(a, axis=axis, dtype=dtype, out=out, ddof=ddof,
C:\Users\Shreyas.1Gupta\AppData\Local\Python\pythoncore-3.14-64\Lib\site-packages\numpy\lib\_nanfunctions_impl.py:1997: RuntimeWarning: Degrees of freedom <= 0 for slice.
  var = nanvar(a, axis=axis, dtype=dtype, out=out, ddof=ddof,
C:\Users\Shreyas.1Gupta\AppData\Local\Python\pythoncore-3.14-64\Lib\site-packages\numpy\lib\_nanfunctions_impl.py:1997: RuntimeWarning: Degrees of freedom <= 0 for slice.
  var = nanvar(a, axis=axis, dtype=dtype, out=out, ddof=ddof,
C:\Users\Shreyas.1Gupta\AppData\Local\Python\pythoncore-3.14-64\Lib\site-packages\numpy\lib\_nanfunctions_impl.py:1997: RuntimeWarning: Degrees of freedom <= 0 for slice.
  var = nanvar(a, axis=axis, dtype=dtype, out=out, ddof=ddof,
C:\Users\Shreyas.1Gupta\AppData\Local\Python\pythoncore-3.14-64\Lib\site-packages\numpy\lib\_nanfunctions_impl.py:1997: RuntimeWarning: Degrees of freedom <= 0 for slice.
  var = nanvar(a, axis=axis, dtype=dtype, out=out, ddof=ddof,
C:\Users\Shreyas.1Gupta\AppData\Local\Python\pythoncore-3.14-64\Lib\site-packages\numpy\lib\_nanfunctions_impl.py:1997: RuntimeWarning: Degrees of freedom <= 0 for slice.
  var = nanvar(a, axis=axis, dtype=dtype, out=out, ddof=ddof,
C:\Users\Shreyas.1Gupta\AppData\Local\Python\pythoncore-3.14-64\Lib\site-packages\numpy\lib\_nanfunctions_impl.py:1997: RuntimeWarning: Degrees of freedom <= 0 for slice.
  var = nanvar(a, axis=axis, dtype=dtype, out=out, ddof=ddof,
C:\Users\Shreyas.1Gupta\AppData\Local\Python\pythoncore-3.14-64\Lib\site-packages\numpy\lib\_nanfunctions_impl.py:1997: RuntimeWarning: Degrees of freedom <= 0 for slice.
  var = nanvar(a, axis=axis, dtype=dtype, out=out, ddof=ddof,
C:\Users\Shreyas.1Gupta\AppData\Local\Python\pythoncore-3.14-64\Lib\site-packages\numpy\lib\_nanfunctions_impl.py:1997: RuntimeWarning: Degrees of freedom <= 0 for slice.
  var = nanvar(a, axis=axis, dtype=dtype, out=out, ddof=ddof,
C:\Users\Shreyas.1Gupta\AppData\Local\Python\pythoncore-3.14-64\Lib\site-packages\numpy\lib\_nanfunctions_impl.py:1997: RuntimeWarning: Degrees of freedom <= 0 for slice.
  var = nanvar(a, axis=axis, dtype=dtype, out=out, ddof=ddof,
C:\Users\Shreyas.1Gupta\AppData\Local\Python\pythoncore-3.14-64\Lib\site-packages\numpy\lib\_nanfunctions_impl.py:1997: RuntimeWarning: Degrees of freedom <= 0 for slice.
  var = nanvar(a, axis=axis, dtype=dtype, out=out, ddof=ddof,
C:\Users\Shreyas.1Gupta\AppData\Local\Python\pythoncore-3.14-64\Lib\site-packages\numpy\lib\_nanfunctions_impl.py:1997: RuntimeWarning: Degrees of freedom <= 0 for slice.
  var = nanvar(a, axis=axis, dtype=dtype, out=out, ddof=ddof,
C:\Users\Shreyas.1Gupta\AppData\Local\Python\pythoncore-3.14-64\Lib\site-packages\numpy\lib\_nanfunctions_impl.py:1997: RuntimeWarning: Degrees of freedom <= 0 for slice.
  var = nanvar(a, axis=axis, dtype=dtype, out=out, ddof=ddof,
C:\Users\Shreyas.1Gupta\AppData\Local\Python\pythoncore-3.14-64\Lib\site-packages\numpy\lib\_nanfunctions_impl.py:1997: RuntimeWarning: Degrees of freedom <= 0 for slice.
  var = nanvar(a, axis=axis, dtype=dtype, out=out, ddof=ddof,
C:\Users\Shreyas.1Gupta\AppData\Local\Python\pythoncore-3.14-64\Lib\site-packages\numpy\lib\_nanfunctions_impl.py:1997: RuntimeWarning: Degrees of freedom <= 0 for slice.
  var = nanvar(a, axis=axis, dtype=dtype, out=out, ddof=ddof,
C:\Users\Shreyas.1Gupta\AppData\Local\Python\pythoncore-3.14-64\Lib\site-packages\numpy\lib\_nanfunctions_impl.py:1997: RuntimeWarning: Degrees of freedom <= 0 for slice.
  var = nanvar(a, axis=axis, dtype=dtype, out=out, ddof=ddof,
C:\Users\Shreyas.1Gupta\AppData\Local\Python\pythoncore-3.14-64\Lib\site-packages\numpy\lib\_nanfunctions_impl.py:1997: RuntimeWarning: Degrees of freedom <= 0 for slice.
  var = nanvar(a, axis=axis, dtype=dtype, out=out, ddof=ddof,
C:\Users\Shreyas.1Gupta\AppData\Local\Python\pythoncore-3.14-64\Lib\site-packages\numpy\lib\_nanfunctions_impl.py:1997: RuntimeWarning: Degrees of freedom <= 0 for slice.
  var = nanvar(a, axis=axis, dtype=dtype, out=out, ddof=ddof,
C:\Users\Shreyas.1Gupta\AppData\Local\Python\pythoncore-3.14-64\Lib\site-packages\numpy\lib\_nanfunctions_impl.py:1997: RuntimeWarning: Degrees of freedom <= 0 for slice.
  var = nanvar(a, axis=axis, dtype=dtype, out=out, ddof=ddof,
C:\Users\Shreyas.1Gupta\AppData\Local\Python\pythoncore-3.14-64\Lib\site-packages\numpy\lib\_nanfunctions_impl.py:1997: RuntimeWarning: Degrees of freedom <= 0 for slice.
  var = nanvar(a, axis=axis, dtype=dtype, out=out, ddof=ddof,
C:\Users\Shreyas.1Gupta\AppData\Local\Python\pythoncore-3.14-64\Lib\site-packages\numpy\lib\_nanfunctions_impl.py:1997: RuntimeWarning: Degrees of freedom <= 0 for slice.
  var = nanvar(a, axis=axis, dtype=dtype, out=out, ddof=ddof,
C:\Users\Shreyas.1Gupta\AppData\Local\Python\pythoncore-3.14-64\Lib\site-packages\numpy\lib\_nanfunctions_impl.py:1997: RuntimeWarning: Degrees of freedom <= 0 for slice.
  var = nanvar(a, axis=axis, dtype=dtype, out=out, ddof=ddof,
C:\Users\Shreyas.1Gupta\AppData\Local\Python\pythoncore-3.14-64\Lib\site-packages\numpy\lib\_nanfunctions_impl.py:1997: RuntimeWarning: Degrees of freedom <= 0 for slice.
  var = nanvar(a, axis=axis, dtype=dtype, out=out, ddof=ddof,
C:\Users\Shreyas.1Gupta\AppData\Local\Python\pythoncore-3.14-64\Lib\site-packages\numpy\lib\_nanfunctions_impl.py:1997: RuntimeWarning: Degrees of freedom <= 0 for slice.
  var = nanvar(a, axis=axis, dtype=dtype, out=out, ddof=ddof,
C:\Users\Shreyas.1Gupta\AppData\Local\Python\pythoncore-3.14-64\Lib\site-packages\numpy\lib\_nanfunctions_impl.py:1997: RuntimeWarning: Degrees of freedom <= 0 for slice.
  var = nanvar(a, axis=axis, dtype=dtype, out=out, ddof=ddof,
C:\Users\Shreyas.1Gupta\AppData\Local\Python\pythoncore-3.14-64\Lib\site-packages\numpy\lib\_nanfunctions_impl.py:1997: RuntimeWarning: Degrees of freedom <= 0 for slice.
  var = nanvar(a, axis=axis, dtype=dtype, out=out, ddof=ddof,
C:\Users\Shreyas.1Gupta\AppData\Local\Python\pythoncore-3.14-64\Lib\site-packages\numpy\lib\_nanfunctions_impl.py:1997: RuntimeWarning: Degrees of freedom <= 0 for slice.
  var = nanvar(a, axis=axis, dtype=dtype, out=out, ddof=ddof,
C:\Users\Shreyas.1Gupta\AppData\Local\Python\pythoncore-3.14-64\Lib\site-packages\numpy\lib\_nanfunctions_impl.py:1997: RuntimeWarning: Degrees of freedom <= 0 for slice.
  var = nanvar(a, axis=axis, dtype=dtype, out=out, ddof=ddof,
C:\Users\Shreyas.1Gupta\AppData\Local\Python\pythoncore-3.14-64\Lib\site-packages\numpy\lib\_nanfunctions_impl.py:1997: RuntimeWarning: Degrees of freedom <= 0 for slice.
  var = nanvar(a, axis=axis, dtype=dtype, out=out, ddof=ddof,
C:\Users\Shreyas.1Gupta\AppData\Local\Python\pythoncore-3.14-64\Lib\site-packages\numpy\lib\_nanfunctions_impl.py:1997: RuntimeWarning: Degrees of freedom <= 0 for slice.
  var = nanvar(a, axis=axis, dtype=dtype, out=out, ddof=ddof,
C:\Users\Shreyas.1Gupta\AppData\Local\Python\pythoncore-3.14-64\Lib\site-packages\numpy\lib\_nanfunctions_impl.py:1997: RuntimeWarning: Degrees of freedom <= 0 for slice.
  var = nanvar(a, axis=axis, dtype=dtype, out=out, ddof=ddof,
C:\Users\Shreyas.1Gupta\AppData\Local\Python\pythoncore-3.14-64\Lib\site-packages\numpy\lib\_nanfunctions_impl.py:1997: RuntimeWarning: Degrees of freedom <= 0 for slice.
  var = nanvar(a, axis=axis, dtype=dtype, out=out, ddof=ddof,
C:\Users\Shreyas.1Gupta\AppData\Local\Python\pythoncore-3.14-64\Lib\site-packages\numpy\lib\_nanfunctions_impl.py:1997: RuntimeWarning: Degrees of freedom <= 0 for slice.
  var = nanvar(a, axis=axis, dtype=dtype, out=out, ddof=ddof,
C:\Users\Shreyas.1Gupta\AppData\Local\Python\pythoncore-3.14-64\Lib\site-packages\numpy\lib\_nanfunctions_impl.py:1997: RuntimeWarning: Degrees of freedom <= 0 for slice.
  var = nanvar(a, axis=axis, dtype=dtype, out=out, ddof=ddof,
C:\Users\Shreyas.1Gupta\AppData\Local\Python\pythoncore-3.14-64\Lib\site-packages\numpy\lib\_nanfunctions_impl.py:1997: RuntimeWarning: Degrees of freedom <= 0 for slice.
  var = nanvar(a, axis=axis, dtype=dtype, out=out, ddof=ddof,
C:\Users\Shreyas.1Gupta\AppData\Local\Python\pythoncore-3.14-64\Lib\site-packages\numpy\lib\_nanfunctions_impl.py:1997: RuntimeWarning: Degrees of freedom <= 0 for slice.
  var = nanvar(a, axis=axis, dtype=dtype, out=out, ddof=ddof,
C:\Users\Shreyas.1Gupta\AppData\Local\Python\pythoncore-3.14-64\Lib\site-packages\numpy\lib\_nanfunctions_impl.py:1997: RuntimeWarning: Degrees of freedom <= 0 for slice.
  var = nanvar(a, axis=axis, dtype=dtype, out=out, ddof=ddof,
C:\Users\Shreyas.1Gupta\AppData\Local\Python\pythoncore-3.14-64\Lib\site-packages\numpy\lib\_nanfunctions_impl.py:1997: RuntimeWarning: Degrees of freedom <= 0 for slice.
  var = nanvar(a, axis=axis, dtype=dtype, out=out, ddof=ddof,
C:\Users\Shreyas.1Gupta\AppData\Local\Python\pythoncore-3.14-64\Lib\site-packages\numpy\lib\_nanfunctions_impl.py:1997: RuntimeWarning: Degrees of freedom <= 0 for slice.
  var = nanvar(a, axis=axis, dtype=dtype, out=out, ddof=ddof,
C:\Users\Shreyas.1Gupta\AppData\Local\Python\pythoncore-3.14-64\Lib\site-packages\numpy\lib\_nanfunctions_impl.py:1997: RuntimeWarning: Degrees of freedom <= 0 for slice.
  var = nanvar(a, axis=axis, dtype=dtype, out=out, ddof=ddof,
C:\Users\Shreyas.1Gupta\AppData\Local\Python\pythoncore-3.14-64\Lib\site-packages\numpy\lib\_nanfunctions_impl.py:1997: RuntimeWarning: Degrees of freedom <= 0 for slice.
  var = nanvar(a, axis=axis, dtype=dtype, out=out, ddof=ddof,
C:\Users\Shreyas.1Gupta\AppData\Local\Python\pythoncore-3.14-64\Lib\site-packages\numpy\lib\_nanfunctions_impl.py:1997: RuntimeWarning: Degrees of freedom <= 0 for slice.
  var = nanvar(a, axis=axis, dtype=dtype, out=out, ddof=ddof,
C:\Users\Shreyas.1Gupta\AppData\Local\Python\pythoncore-3.14-64\Lib\site-packages\numpy\lib\_nanfunctions_impl.py:1997: RuntimeWarning: Degrees of freedom <= 0 for slice.
  var = nanvar(a, axis=axis, dtype=dtype, out=out, ddof=ddof,
C:\Users\Shreyas.1Gupta\AppData\Local\Python\pythoncore-3.14-64\Lib\site-packages\numpy\lib\_nanfunctions_impl.py:1997: RuntimeWarning: Degrees of freedom <= 0 for slice.
  var = nanvar(a, axis=axis, dtype=dtype, out=out, ddof=ddof,
C:\Users\Shreyas.1Gupta\AppData\Local\Python\pythoncore-3.14-64\Lib\site-packages\numpy\lib\_nanfunctions_impl.py:1997: RuntimeWarning: Degrees of freedom <= 0 for slice.
  var = nanvar(a, axis=axis, dtype=dtype, out=out, ddof=ddof,
C:\Users\Shreyas.1Gupta\AppData\Local\Python\pythoncore-3.14-64\Lib\site-packages\numpy\lib\_nanfunctions_impl.py:1997: RuntimeWarning: Degrees of freedom <= 0 for slice.
  var = nanvar(a, axis=axis, dtype=dtype, out=out, ddof=ddof,
C:\Users\Shreyas.1Gupta\AppData\Local\Python\pythoncore-3.14-64\Lib\site-packages\numpy\lib\_nanfunctions_impl.py:1997: RuntimeWarning: Degrees of freedom <= 0 for slice.
  var = nanvar(a, axis=axis, dtype=dtype, out=out, ddof=ddof,
C:\Users\Shreyas.1Gupta\AppData\Local\Python\pythoncore-3.14-64\Lib\site-packages\numpy\lib\_nanfunctions_impl.py:1997: RuntimeWarning: Degrees of freedom <= 0 for slice.
  var = nanvar(a, axis=axis, dtype=dtype, out=out, ddof=ddof,
C:\Users\Shreyas.1Gupta\AppData\Local\Python\pythoncore-3.14-64\Lib\site-packages\numpy\lib\_nanfunctions_impl.py:1997: RuntimeWarning: Degrees of freedom <= 0 for slice.
  var = nanvar(a, axis=axis, dtype=dtype, out=out, ddof=ddof,
C:\Users\Shreyas.1Gupta\AppData\Local\Python\pythoncore-3.14-64\Lib\site-packages\numpy\lib\_nanfunctions_impl.py:1997: RuntimeWarning: Degrees of freedom <= 0 for slice.
  var = nanvar(a, axis=axis, dtype=dtype, out=out, ddof=ddof,
C:\Users\Shreyas.1Gupta\AppData\Local\Python\pythoncore-3.14-64\Lib\site-packages\numpy\lib\_nanfunctions_impl.py:1997: RuntimeWarning: Degrees of freedom <= 0 for slice.
  var = nanvar(a, axis=axis, dtype=dtype, out=out, ddof=ddof,
C:\Users\Shreyas.1Gupta\AppData\Local\Python\pythoncore-3.14-64\Lib\site-packages\numpy\lib\_nanfunctions_impl.py:1997: RuntimeWarning: Degrees of freedom <= 0 for slice.
  var = nanvar(a, axis=axis, dtype=dtype, out=out, ddof=ddof,
C:\Users\Shreyas.1Gupta\AppData\Local\Python\pythoncore-3.14-64\Lib\site-packages\numpy\lib\_nanfunctions_impl.py:1997: RuntimeWarning: Degrees of freedom <= 0 for slice.
  var = nanvar(a, axis=axis, dtype=dtype, out=out, ddof=ddof,
C:\Users\Shreyas.1Gupta\AppData\Local\Python\pythoncore-3.14-64\Lib\site-packages\numpy\lib\_nanfunctions_impl.py:1997: RuntimeWarning: Degrees of freedom <= 0 for slice.
  var = nanvar(a, axis=axis, dtype=dtype, out=out, ddof=ddof,
C:\Users\Shreyas.1Gupta\AppData\Local\Python\pythoncore-3.14-64\Lib\site-packages\numpy\lib\_nanfunctions_impl.py:1997: RuntimeWarning: Degrees of freedom <= 0 for slice.
  var = nanvar(a, axis=axis, dtype=dtype, out=out, ddof=ddof,
C:\Users\Shreyas.1Gupta\AppData\Local\Python\pythoncore-3.14-64\Lib\site-packages\numpy\lib\_nanfunctions_impl.py:1997: RuntimeWarning: Degrees of freedom <= 0 for slice.
  var = nanvar(a, axis=axis, dtype=dtype, out=out, ddof=ddof,
C:\Users\Shreyas.1Gupta\AppData\Local\Python\pythoncore-3.14-64\Lib\site-packages\numpy\lib\_nanfunctions_impl.py:1997: RuntimeWarning: Degrees of freedom <= 0 for slice.
  var = nanvar(a, axis=axis, dtype=dtype, out=out, ddof=ddof,
C:\Users\Shreyas.1Gupta\AppData\Local\Python\pythoncore-3.14-64\Lib\site-packages\numpy\lib\_nanfunctions_impl.py:1997: RuntimeWarning: Degrees of freedom <= 0 for slice.
  var = nanvar(a, axis=axis, dtype=dtype, out=out, ddof=ddof,
C:\Users\Shreyas.1Gupta\AppData\Local\Python\pythoncore-3.14-64\Lib\site-packages\numpy\lib\_nanfunctions_impl.py:1997: RuntimeWarning: Degrees of freedom <= 0 for slice.
  var = nanvar(a, axis=axis, dtype=dtype, out=out, ddof=ddof,
C:\Users\Shreyas.1Gupta\AppData\Local\Python\pythoncore-3.14-64\Lib\site-packages\numpy\lib\_nanfunctions_impl.py:1997: RuntimeWarning: Degrees of freedom <= 0 for slice.
  var = nanvar(a, axis=axis, dtype=dtype, out=out, ddof=ddof,
C:\Users\Shreyas.1Gupta\AppData\Local\Python\pythoncore-3.14-64\Lib\site-packages\numpy\lib\_nanfunctions_impl.py:1997: RuntimeWarning: Degrees of freedom <= 0 for slice.
  var = nanvar(a, axis=axis, dtype=dtype, out=out, ddof=ddof,
C:\Users\Shreyas.1Gupta\AppData\Local\Python\pythoncore-3.14-64\Lib\site-packages\numpy\lib\_nanfunctions_impl.py:1997: RuntimeWarning: Degrees of freedom <= 0 for slice.
  var = nanvar(a, axis=axis, dtype=dtype, out=out, ddof=ddof,
C:\Users\Shreyas.1Gupta\AppData\Local\Python\pythoncore-3.14-64\Lib\site-packages\numpy\lib\_nanfunctions_impl.py:1997: RuntimeWarning: Degrees of freedom <= 0 for slice.
  var = nanvar(a, axis=axis, dtype=dtype, out=out, ddof=ddof,
C:\Users\Shreyas.1Gupta\AppData\Local\Python\pythoncore-3.14-64\Lib\site-packages\numpy\lib\_nanfunctions_impl.py:1997: RuntimeWarning: Degrees of freedom <= 0 for slice.
  var = nanvar(a, axis=axis, dtype=dtype, out=out, ddof=ddof,
C:\Users\Shreyas.1Gupta\AppData\Local\Python\pythoncore-3.14-64\Lib\site-packages\numpy\lib\_nanfunctions_impl.py:1997: RuntimeWarning: Degrees of freedom <= 0 for slice.
  var = nanvar(a, axis=axis, dtype=dtype, out=out, ddof=ddof,
C:\Users\Shreyas.1Gupta\AppData\Local\Python\pythoncore-3.14-64\Lib\site-packages\numpy\lib\_nanfunctions_impl.py:1997: RuntimeWarning: Degrees of freedom <= 0 for slice.
  var = nanvar(a, axis=axis, dtype=dtype, out=out, ddof=ddof,
C:\Users\Shreyas.1Gupta\AppData\Local\Python\pythoncore-3.14-64\Lib\site-packages\numpy\lib\_nanfunctions_impl.py:1997: RuntimeWarning: Degrees of freedom <= 0 for slice.
  var = nanvar(a, axis=axis, dtype=dtype, out=out, ddof=ddof,
C:\Users\Shreyas.1Gupta\AppData\Local\Python\pythoncore-3.14-64\Lib\site-packages\numpy\lib\_nanfunctions_impl.py:1997: RuntimeWarning: Degrees of freedom <= 0 for slice.
  var = nanvar(a, axis=axis, dtype=dtype, out=out, ddof=ddof,
C:\Users\Shreyas.1Gupta\AppData\Local\Python\pythoncore-3.14-64\Lib\site-packages\numpy\lib\_nanfunctions_impl.py:1997: RuntimeWarning: Degrees of freedom <= 0 for slice.
  var = nanvar(a, axis=axis, dtype=dtype, out=out, ddof=ddof,
C:\Users\Shreyas.1Gupta\AppData\Local\Python\pythoncore-3.14-64\Lib\site-packages\numpy\lib\_nanfunctions_impl.py:1997: RuntimeWarning: Degrees of freedom <= 0 for slice.
  var = nanvar(a, axis=axis, dtype=dtype, out=out, ddof=ddof,
C:\Users\Shreyas.1Gupta\AppData\Local\Python\pythoncore-3.14-64\Lib\site-packages\numpy\lib\_nanfunctions_impl.py:1997: RuntimeWarning: Degrees of freedom <= 0 for slice.
  var = nanvar(a, axis=axis, dtype=dtype, out=out, ddof=ddof,
C:\Users\Shreyas.1Gupta\AppData\Local\Python\pythoncore-3.14-64\Lib\site-packages\numpy\lib\_nanfunctions_impl.py:1997: RuntimeWarning: Degrees of freedom <= 0 for slice.
  var = nanvar(a, axis=axis, dtype=dtype, out=out, ddof=ddof,
C:\Users\Shreyas.1Gupta\AppData\Local\Python\pythoncore-3.14-64\Lib\site-packages\numpy\lib\_nanfunctions_impl.py:1997: RuntimeWarning: Degrees of freedom <= 0 for slice.
  var = nanvar(a, axis=axis, dtype=dtype, out=out, ddof=ddof,
C:\Users\Shreyas.1Gupta\AppData\Local\Python\pythoncore-3.14-64\Lib\site-packages\numpy\lib\_nanfunctions_impl.py:1997: RuntimeWarning: Degrees of freedom <= 0 for slice.
  var = nanvar(a, axis=axis, dtype=dtype, out=out, ddof=ddof,
C:\Users\Shreyas.1Gupta\AppData\Local\Python\pythoncore-3.14-64\Lib\site-packages\numpy\lib\_nanfunctions_impl.py:1997: RuntimeWarning: Degrees of freedom <= 0 for slice.
  var = nanvar(a, axis=axis, dtype=dtype, out=out, ddof=ddof,
C:\Users\Shreyas.1Gupta\AppData\Local\Python\pythoncore-3.14-64\Lib\site-packages\numpy\lib\_nanfunctions_impl.py:1997: RuntimeWarning: Degrees of freedom <= 0 for slice.
  var = nanvar(a, axis=axis, dtype=dtype, out=out, ddof=ddof,
C:\Users\Shreyas.1Gupta\AppData\Local\Python\pythoncore-3.14-64\Lib\site-packages\numpy\lib\_nanfunctions_impl.py:1997: RuntimeWarning: Degrees of freedom <= 0 for slice.
  var = nanvar(a, axis=axis, dtype=dtype, out=out, ddof=ddof,
C:\Users\Shreyas.1Gupta\AppData\Local\Python\pythoncore-3.14-64\Lib\site-packages\numpy\lib\_nanfunctions_impl.py:1997: RuntimeWarning: Degrees of freedom <= 0 for slice.
  var = nanvar(a, axis=axis, dtype=dtype, out=out, ddof=ddof,
C:\Users\Shreyas.1Gupta\AppData\Local\Python\pythoncore-3.14-64\Lib\site-packages\numpy\lib\_nanfunctions_impl.py:1997: RuntimeWarning: Degrees of freedom <= 0 for slice.
  var = nanvar(a, axis=axis, dtype=dtype, out=out, ddof=ddof,
C:\Users\Shreyas.1Gupta\AppData\Local\Python\pythoncore-3.14-64\Lib\site-packages\numpy\lib\_nanfunctions_impl.py:1997: RuntimeWarning: Degrees of freedom <= 0 for slice.
  var = nanvar(a, axis=axis, dtype=dtype, out=out, ddof=ddof,
C:\Users\Shreyas.1Gupta\AppData\Local\Python\pythoncore-3.14-64\Lib\site-packages\numpy\lib\_nanfunctions_impl.py:1997: RuntimeWarning: Degrees of freedom <= 0 for slice.
  var = nanvar(a, axis=axis, dtype=dtype, out=out, ddof=ddof,
C:\Users\Shreyas.1Gupta\AppData\Local\Python\pythoncore-3.14-64\Lib\site-packages\numpy\lib\_nanfunctions_impl.py:1997: RuntimeWarning: Degrees of freedom <= 0 for slice.
  var = nanvar(a, axis=axis, dtype=dtype, out=out, ddof=ddof,
C:\Users\Shreyas.1Gupta\AppData\Local\Python\pythoncore-3.14-64\Lib\site-packages\numpy\lib\_nanfunctions_impl.py:1997: RuntimeWarning: Degrees of freedom <= 0 for slice.
  var = nanvar(a, axis=axis, dtype=dtype, out=out, ddof=ddof,
C:\Users\Shreyas.1Gupta\AppData\Local\Python\pythoncore-3.14-64\Lib\site-packages\numpy\lib\_nanfunctions_impl.py:1997: RuntimeWarning: Degrees of freedom <= 0 for slice.
  var = nanvar(a, axis=axis, dtype=dtype, out=out, ddof=ddof,
C:\Users\Shreyas.1Gupta\AppData\Local\Python\pythoncore-3.14-64\Lib\site-packages\numpy\lib\_nanfunctions_impl.py:1997: RuntimeWarning: Degrees of freedom <= 0 for slice.
  var = nanvar(a, axis=axis, dtype=dtype, out=out, ddof=ddof,
C:\Users\Shreyas.1Gupta\AppData\Local\Python\pythoncore-3.14-64\Lib\site-packages\numpy\lib\_nanfunctions_impl.py:1997: RuntimeWarning: Degrees of freedom <= 0 for slice.
  var = nanvar(a, axis=axis, dtype=dtype, out=out, ddof=ddof,
C:\Users\Shreyas.1Gupta\AppData\Local\Python\pythoncore-3.14-64\Lib\site-packages\numpy\lib\_nanfunctions_impl.py:1997: RuntimeWarning: Degrees of freedom <= 0 for slice.
  var = nanvar(a, axis=axis, dtype=dtype, out=out, ddof=ddof,
C:\Users\Shreyas.1Gupta\AppData\Local\Python\pythoncore-3.14-64\Lib\site-packages\numpy\lib\_nanfunctions_impl.py:1997: RuntimeWarning: Degrees of freedom <= 0 for slice.
  var = nanvar(a, axis=axis, dtype=dtype, out=out, ddof=ddof,
C:\Users\Shreyas.1Gupta\AppData\Local\Python\pythoncore-3.14-64\Lib\site-packages\numpy\lib\_nanfunctions_impl.py:1997: RuntimeWarning: Degrees of freedom <= 0 for slice.
  var = nanvar(a, axis=axis, dtype=dtype, out=out, ddof=ddof,
C:\Users\Shreyas.1Gupta\AppData\Local\Python\pythoncore-3.14-64\Lib\site-packages\numpy\lib\_nanfunctions_impl.py:1997: RuntimeWarning: Degrees of freedom <= 0 for slice.
  var = nanvar(a, axis=axis, dtype=dtype, out=out, ddof=ddof,
C:\Users\Shreyas.1Gupta\AppData\Local\Python\pythoncore-3.14-64\Lib\site-packages\numpy\lib\_nanfunctions_impl.py:1997: RuntimeWarning: Degrees of freedom <= 0 for slice.
  var = nanvar(a, axis=axis, dtype=dtype, out=out, ddof=ddof,
C:\Users\Shreyas.1Gupta\AppData\Local\Python\pythoncore-3.14-64\Lib\site-packages\numpy\lib\_nanfunctions_impl.py:1997: RuntimeWarning: Degrees of freedom <= 0 for slice.
  var = nanvar(a, axis=axis, dtype=dtype, out=out, ddof=ddof,
C:\Users\Shreyas.1Gupta\AppData\Local\Python\pythoncore-3.14-64\Lib\site-packages\numpy\lib\_nanfunctions_impl.py:1997: RuntimeWarning: Degrees of freedom <= 0 for slice.
  var = nanvar(a, axis=axis, dtype=dtype, out=out, ddof=ddof,
C:\Users\Shreyas.1Gupta\AppData\Local\Python\pythoncore-3.14-64\Lib\site-packages\numpy\lib\_nanfunctions_impl.py:1997: RuntimeWarning: Degrees of freedom <= 0 for slice.
  var = nanvar(a, axis=axis, dtype=dtype, out=out, ddof=ddof,
C:\Users\Shreyas.1Gupta\AppData\Local\Python\pythoncore-3.14-64\Lib\site-packages\numpy\lib\_nanfunctions_impl.py:1997: RuntimeWarning: Degrees of freedom <= 0 for slice.
  var = nanvar(a, axis=axis, dtype=dtype, out=out, ddof=ddof,
C:\Users\Shreyas.1Gupta\AppData\Local\Python\pythoncore-3.14-64\Lib\site-packages\numpy\lib\_nanfunctions_impl.py:1997: RuntimeWarning: Degrees of freedom <= 0 for slice.
  var = nanvar(a, axis=axis, dtype=dtype, out=out, ddof=ddof,
C:\Users\Shreyas.1Gupta\AppData\Local\Python\pythoncore-3.14-64\Lib\site-packages\numpy\lib\_nanfunctions_impl.py:1997: RuntimeWarning: Degrees of freedom <= 0 for slice.
  var = nanvar(a, axis=axis, dtype=dtype, out=out, ddof=ddof,
C:\Users\Shreyas.1Gupta\AppData\Local\Python\pythoncore-3.14-64\Lib\site-packages\numpy\lib\_nanfunctions_impl.py:1997: RuntimeWarning: Degrees of freedom <= 0 for slice.
  var = nanvar(a, axis=axis, dtype=dtype, out=out, ddof=ddof,
C:\Users\Shreyas.1Gupta\AppData\Local\Python\pythoncore-3.14-64\Lib\site-packages\numpy\lib\_nanfunctions_impl.py:1997: RuntimeWarning: Degrees of freedom <= 0 for slice.
  var = nanvar(a, axis=axis, dtype=dtype, out=out, ddof=ddof,
C:\Users\Shreyas.1Gupta\AppData\Local\Python\pythoncore-3.14-64\Lib\site-packages\numpy\lib\_nanfunctions_impl.py:1997: RuntimeWarning: Degrees of freedom <= 0 for slice.
  var = nanvar(a, axis=axis, dtype=dtype, out=out, ddof=ddof,
C:\Users\Shreyas.1Gupta\AppData\Local\Python\pythoncore-3.14-64\Lib\site-packages\numpy\lib\_nanfunctions_impl.py:1997: RuntimeWarning: Degrees of freedom <= 0 for slice.
  var = nanvar(a, axis=axis, dtype=dtype, out=out, ddof=ddof,
C:\Users\Shreyas.1Gupta\AppData\Local\Python\pythoncore-3.14-64\Lib\site-packages\numpy\lib\_nanfunctions_impl.py:1997: RuntimeWarning: Degrees of freedom <= 0 for slice.
  var = nanvar(a, axis=axis, dtype=dtype, out=out, ddof=ddof,
C:\Users\Shreyas.1Gupta\AppData\Local\Python\pythoncore-3.14-64\Lib\site-packages\numpy\lib\_nanfunctions_impl.py:1997: RuntimeWarning: Degrees of freedom <= 0 for slice.
  var = nanvar(a, axis=axis, dtype=dtype, out=out, ddof=ddof,
C:\Users\Shreyas.1Gupta\AppData\Local\Python\pythoncore-3.14-64\Lib\site-packages\numpy\lib\_nanfunctions_impl.py:1997: RuntimeWarning: Degrees of freedom <= 0 for slice.
  var = nanvar(a, axis=axis, dtype=dtype, out=out, ddof=ddof,
C:\Users\Shreyas.1Gupta\AppData\Local\Python\pythoncore-3.14-64\Lib\site-packages\numpy\lib\_nanfunctions_impl.py:1997: RuntimeWarning: Degrees of freedom <= 0 for slice.
  var = nanvar(a, axis=axis, dtype=dtype, out=out, ddof=ddof,
C:\Users\Shreyas.1Gupta\AppData\Local\Python\pythoncore-3.14-64\Lib\site-packages\numpy\lib\_nanfunctions_impl.py:1997: RuntimeWarning: Degrees of freedom <= 0 for slice.
  var = nanvar(a, axis=axis, dtype=dtype, out=out, ddof=ddof,
C:\Users\Shreyas.1Gupta\AppData\Local\Python\pythoncore-3.14-64\Lib\site-packages\numpy\lib\_nanfunctions_impl.py:1997: RuntimeWarning: Degrees of freedom <= 0 for slice.
  var = nanvar(a, axis=axis, dtype=dtype, out=out, ddof=ddof,
C:\Users\Shreyas.1Gupta\AppData\Local\Python\pythoncore-3.14-64\Lib\site-packages\numpy\lib\_nanfunctions_impl.py:1997: RuntimeWarning: Degrees of freedom <= 0 for slice.
  var = nanvar(a, axis=axis, dtype=dtype, out=out, ddof=ddof,
C:\Users\Shreyas.1Gupta\AppData\Local\Python\pythoncore-3.14-64\Lib\site-packages\numpy\lib\_nanfunctions_impl.py:1997: RuntimeWarning: Degrees of freedom <= 0 for slice.
  var = nanvar(a, axis=axis, dtype=dtype, out=out, ddof=ddof,
C:\Users\Shreyas.1Gupta\AppData\Local\Python\pythoncore-3.14-64\Lib\site-packages\numpy\lib\_nanfunctions_impl.py:1997: RuntimeWarning: Degrees of freedom <= 0 for slice.
  var = nanvar(a, axis=axis, dtype=dtype, out=out, ddof=ddof,
C:\Users\Shreyas.1Gupta\AppData\Local\Python\pythoncore-3.14-64\Lib\site-packages\numpy\lib\_nanfunctions_impl.py:1997: RuntimeWarning: Degrees of freedom <= 0 for slice.
  var = nanvar(a, axis=axis, dtype=dtype, out=out, ddof=ddof,
C:\Users\Shreyas.1Gupta\AppData\Local\Python\pythoncore-3.14-64\Lib\site-packages\numpy\lib\_nanfunctions_impl.py:1997: RuntimeWarning: Degrees of freedom <= 0 for slice.
  var = nanvar(a, axis=axis, dtype=dtype, out=out, ddof=ddof,
C:\Users\Shreyas.1Gupta\AppData\Local\Python\pythoncore-3.14-64\Lib\site-packages\numpy\lib\_nanfunctions_impl.py:1997: RuntimeWarning: Degrees of freedom <= 0 for slice.
  var = nanvar(a, axis=axis, dtype=dtype, out=out, ddof=ddof,
C:\Users\Shreyas.1Gupta\AppData\Local\Python\pythoncore-3.14-64\Lib\site-packages\numpy\lib\_nanfunctions_impl.py:1997: RuntimeWarning: Degrees of freedom <= 0 for slice.
  var = nanvar(a, axis=axis, dtype=dtype, out=out, ddof=ddof,
C:\Users\Shreyas.1Gupta\AppData\Local\Python\pythoncore-3.14-64\Lib\site-packages\numpy\lib\_nanfunctions_impl.py:1997: RuntimeWarning: Degrees of freedom <= 0 for slice.
  var = nanvar(a, axis=axis, dtype=dtype, out=out, ddof=ddof,
C:\Users\Shreyas.1Gupta\AppData\Local\Python\pythoncore-3.14-64\Lib\site-packages\numpy\lib\_nanfunctions_impl.py:1997: RuntimeWarning: Degrees of freedom <= 0 for slice.
  var = nanvar(a, axis=axis, dtype=dtype, out=out, ddof=ddof,
C:\Users\Shreyas.1Gupta\AppData\Local\Python\pythoncore-3.14-64\Lib\site-packages\numpy\lib\_nanfunctions_impl.py:1997: RuntimeWarning: Degrees of freedom <= 0 for slice.
  var = nanvar(a, axis=axis, dtype=dtype, out=out, ddof=ddof,
[control_momentum] rebals=246 active 2005-04-01->2026-01-22 ann_turnover~369.7% fricCAGR=29.74% net1CAGR=26.38% net2CAGR=23.10%
  [checkpoint] wrote c:\Users\Shreyas.1Gupta\OneDrive - Angel Broking Limited\Desktop\Backup\NIFTY 500\results\factor_replication\20260704_dynamic_basket\nav_control_momentum.csv (5173 rows)

[build] CONTROL pure_lowvol_50 ...
[control_lowvol] rebals=251 active 2005-04-01->2026-01-22 ann_turnover~171.7% fricCAGR=16.88% net1CAGR=15.39% net2CAGR=13.92%
  [checkpoint] wrote c:\Users\Shreyas.1Gupta\OneDrive - Angel Broking Limited\Desktop\Backup\NIFTY 500\results\factor_replication\20260704_dynamic_basket\nav_control_lowvol.csv (5173 rows)

[turnover-trap] dynamic ann. turnover 379.5% > 250% trigger -> building turnover-banded contingency variant (rank_band=5)
C:\Users\Shreyas.1Gupta\AppData\Local\Python\pythoncore-3.14-64\Lib\site-packages\numpy\lib\_nanfunctions_impl.py:1997: RuntimeWarning: Degrees of freedom <= 0 for slice.
  var = nanvar(a, axis=axis, dtype=dtype, out=out, ddof=ddof,
C:\Users\Shreyas.1Gupta\AppData\Local\Python\pythoncore-3.14-64\Lib\site-packages\numpy\lib\_nanfunctions_impl.py:1997: RuntimeWarning: Degrees of freedom <= 0 for slice.
  var = nanvar(a, axis=axis, dtype=dtype, out=out, ddof=ddof,
C:\Users\Shreyas.1Gupta\AppData\Local\Python\pythoncore-3.14-64\Lib\site-packages\numpy\lib\_nanfunctions_impl.py:1997: RuntimeWarning: Degrees of freedom <= 0 for slice.
  var = nanvar(a, axis=axis, dtype=dtype, out=out, ddof=ddof,
C:\Users\Shreyas.1Gupta\AppData\Local\Python\pythoncore-3.14-64\Lib\site-packages\numpy\lib\_nanfunctions_impl.py:1997: RuntimeWarning: Degrees of freedom <= 0 for slice.
  var = nanvar(a, axis=axis, dtype=dtype, out=out, ddof=ddof,
C:\Users\Shreyas.1Gupta\AppData\Local\Python\pythoncore-3.14-64\Lib\site-packages\numpy\lib\_nanfunctions_impl.py:1997: RuntimeWarning: Degrees of freedom <= 0 for slice.
  var = nanvar(a, axis=axis, dtype=dtype, out=out, ddof=ddof,
C:\Users\Shreyas.1Gupta\AppData\Local\Python\pythoncore-3.14-64\Lib\site-packages\numpy\lib\_nanfunctions_impl.py:1997: RuntimeWarning: Degrees of freedom <= 0 for slice.
  var = nanvar(a, axis=axis, dtype=dtype, out=out, ddof=ddof,
C:\Users\Shreyas.1Gupta\AppData\Local\Python\pythoncore-3.14-64\Lib\site-packages\numpy\lib\_nanfunctions_impl.py:1997: RuntimeWarning: Degrees of freedom <= 0 for slice.
  var = nanvar(a, axis=axis, dtype=dtype, out=out, ddof=ddof,
C:\Users\Shreyas.1Gupta\AppData\Local\Python\pythoncore-3.14-64\Lib\site-packages\numpy\lib\_nanfunctions_impl.py:1997: RuntimeWarning: Degrees of freedom <= 0 for slice.
  var = nanvar(a, axis=axis, dtype=dtype, out=out, ddof=ddof,
C:\Users\Shreyas.1Gupta\AppData\Local\Python\pythoncore-3.14-64\Lib\site-packages\numpy\lib\_nanfunctions_impl.py:1997: RuntimeWarning: Degrees of freedom <= 0 for slice.
  var = nanvar(a, axis=axis, dtype=dtype, out=out, ddof=ddof,
C:\Users\Shreyas.1Gupta\AppData\Local\Python\pythoncore-3.14-64\Lib\site-packages\numpy\lib\_nanfunctions_impl.py:1997: RuntimeWarning: Degrees of freedom <= 0 for slice.
  var = nanvar(a, axis=axis, dtype=dtype, out=out, ddof=ddof,
C:\Users\Shreyas.1Gupta\AppData\Local\Python\pythoncore-3.14-64\Lib\site-packages\numpy\lib\_nanfunctions_impl.py:1997: RuntimeWarning: Degrees of freedom <= 0 for slice.
  var = nanvar(a, axis=axis, dtype=dtype, out=out, ddof=ddof,
C:\Users\Shreyas.1Gupta\AppData\Local\Python\pythoncore-3.14-64\Lib\site-packages\numpy\lib\_nanfunctions_impl.py:1997: RuntimeWarning: Degrees of freedom <= 0 for slice.
  var = nanvar(a, axis=axis, dtype=dtype, out=out, ddof=ddof,
C:\Users\Shreyas.1Gupta\AppData\Local\Python\pythoncore-3.14-64\Lib\site-packages\numpy\lib\_nanfunctions_impl.py:1997: RuntimeWarning: Degrees of freedom <= 0 for slice.
  var = nanvar(a, axis=axis, dtype=dtype, out=out, ddof=ddof,
C:\Users\Shreyas.1Gupta\AppData\Local\Python\pythoncore-3.14-64\Lib\site-packages\numpy\lib\_nanfunctions_impl.py:1997: RuntimeWarning: Degrees of freedom <= 0 for slice.
  var = nanvar(a, axis=axis, dtype=dtype, out=out, ddof=ddof,
C:\Users\Shreyas.1Gupta\AppData\Local\Python\pythoncore-3.14-64\Lib\site-packages\numpy\lib\_nanfunctions_impl.py:1997: RuntimeWarning: Degrees of freedom <= 0 for slice.
  var = nanvar(a, axis=axis, dtype=dtype, out=out, ddof=ddof,
C:\Users\Shreyas.1Gupta\AppData\Local\Python\pythoncore-3.14-64\Lib\site-packages\numpy\lib\_nanfunctions_impl.py:1997: RuntimeWarning: Degrees of freedom <= 0 for slice.
  var = nanvar(a, axis=axis, dtype=dtype, out=out, ddof=ddof,
C:\Users\Shreyas.1Gupta\AppData\Local\Python\pythoncore-3.14-64\Lib\site-packages\numpy\lib\_nanfunctions_impl.py:1997: RuntimeWarning: Degrees of freedom <= 0 for slice.
  var = nanvar(a, axis=axis, dtype=dtype, out=out, ddof=ddof,
C:\Users\Shreyas.1Gupta\AppData\Local\Python\pythoncore-3.14-64\Lib\site-packages\numpy\lib\_nanfunctions_impl.py:1997: RuntimeWarning: Degrees of freedom <= 0 for slice.
  var = nanvar(a, axis=axis, dtype=dtype, out=out, ddof=ddof,
C:\Users\Shreyas.1Gupta\AppData\Local\Python\pythoncore-3.14-64\Lib\site-packages\numpy\lib\_nanfunctions_impl.py:1997: RuntimeWarning: Degrees of freedom <= 0 for slice.
  var = nanvar(a, axis=axis, dtype=dtype, out=out, ddof=ddof,
C:\Users\Shreyas.1Gupta\AppData\Local\Python\pythoncore-3.14-64\Lib\site-packages\numpy\lib\_nanfunctions_impl.py:1997: RuntimeWarning: Degrees of freedom <= 0 for slice.
  var = nanvar(a, axis=axis, dtype=dtype, out=out, ddof=ddof,
C:\Users\Shreyas.1Gupta\AppData\Local\Python\pythoncore-3.14-64\Lib\site-packages\numpy\lib\_nanfunctions_impl.py:1997: RuntimeWarning: Degrees of freedom <= 0 for slice.
  var = nanvar(a, axis=axis, dtype=dtype, out=out, ddof=ddof,
C:\Users\Shreyas.1Gupta\AppData\Local\Python\pythoncore-3.14-64\Lib\site-packages\numpy\lib\_nanfunctions_impl.py:1997: RuntimeWarning: Degrees of freedom <= 0 for slice.
  var = nanvar(a, axis=axis, dtype=dtype, out=out, ddof=ddof,
C:\Users\Shreyas.1Gupta\AppData\Local\Python\pythoncore-3.14-64\Lib\site-packages\numpy\lib\_nanfunctions_impl.py:1997: RuntimeWarning: Degrees of freedom <= 0 for slice.
  var = nanvar(a, axis=axis, dtype=dtype, out=out, ddof=ddof,
C:\Users\Shreyas.1Gupta\AppData\Local\Python\pythoncore-3.14-64\Lib\site-packages\numpy\lib\_nanfunctions_impl.py:1997: RuntimeWarning: Degrees of freedom <= 0 for slice.
  var = nanvar(a, axis=axis, dtype=dtype, out=out, ddof=ddof,
C:\Users\Shreyas.1Gupta\AppData\Local\Python\pythoncore-3.14-64\Lib\site-packages\numpy\lib\_nanfunctions_impl.py:1997: RuntimeWarning: Degrees of freedom <= 0 for slice.
  var = nanvar(a, axis=axis, dtype=dtype, out=out, ddof=ddof,
C:\Users\Shreyas.1Gupta\AppData\Local\Python\pythoncore-3.14-64\Lib\site-packages\numpy\lib\_nanfunctions_impl.py:1997: RuntimeWarning: Degrees of freedom <= 0 for slice.
  var = nanvar(a, axis=axis, dtype=dtype, out=out, ddof=ddof,
C:\Users\Shreyas.1Gupta\AppData\Local\Python\pythoncore-3.14-64\Lib\site-packages\numpy\lib\_nanfunctions_impl.py:1997: RuntimeWarning: Degrees of freedom <= 0 for slice.
  var = nanvar(a, axis=axis, dtype=dtype, out=out, ddof=ddof,
C:\Users\Shreyas.1Gupta\AppData\Local\Python\pythoncore-3.14-64\Lib\site-packages\numpy\lib\_nanfunctions_impl.py:1997: RuntimeWarning: Degrees of freedom <= 0 for slice.
  var = nanvar(a, axis=axis, dtype=dtype, out=out, ddof=ddof,
C:\Users\Shreyas.1Gupta\AppData\Local\Python\pythoncore-3.14-64\Lib\site-packages\numpy\lib\_nanfunctions_impl.py:1997: RuntimeWarning: Degrees of freedom <= 0 for slice.
  var = nanvar(a, axis=axis, dtype=dtype, out=out, ddof=ddof,
C:\Users\Shreyas.1Gupta\AppData\Local\Python\pythoncore-3.14-64\Lib\site-packages\numpy\lib\_nanfunctions_impl.py:1997: RuntimeWarning: Degrees of freedom <= 0 for slice.
  var = nanvar(a, axis=axis, dtype=dtype, out=out, ddof=ddof,
C:\Users\Shreyas.1Gupta\AppData\Local\Python\pythoncore-3.14-64\Lib\site-packages\numpy\lib\_nanfunctions_impl.py:1997: RuntimeWarning: Degrees of freedom <= 0 for slice.
  var = nanvar(a, axis=axis, dtype=dtype, out=out, ddof=ddof,
C:\Users\Shreyas.1Gupta\AppData\Local\Python\pythoncore-3.14-64\Lib\site-packages\numpy\lib\_nanfunctions_impl.py:1997: RuntimeWarning: Degrees of freedom <= 0 for slice.
  var = nanvar(a, axis=axis, dtype=dtype, out=out, ddof=ddof,
C:\Users\Shreyas.1Gupta\AppData\Local\Python\pythoncore-3.14-64\Lib\site-packages\numpy\lib\_nanfunctions_impl.py:1997: RuntimeWarning: Degrees of freedom <= 0 for slice.
  var = nanvar(a, axis=axis, dtype=dtype, out=out, ddof=ddof,
C:\Users\Shreyas.1Gupta\AppData\Local\Python\pythoncore-3.14-64\Lib\site-packages\numpy\lib\_nanfunctions_impl.py:1997: RuntimeWarning: Degrees of freedom <= 0 for slice.
  var = nanvar(a, axis=axis, dtype=dtype, out=out, ddof=ddof,
C:\Users\Shreyas.1Gupta\AppData\Local\Python\pythoncore-3.14-64\Lib\site-packages\numpy\lib\_nanfunctions_impl.py:1997: RuntimeWarning: Degrees of freedom <= 0 for slice.
  var = nanvar(a, axis=axis, dtype=dtype, out=out, ddof=ddof,
C:\Users\Shreyas.1Gupta\AppData\Local\Python\pythoncore-3.14-64\Lib\site-packages\numpy\lib\_nanfunctions_impl.py:1997: RuntimeWarning: Degrees of freedom <= 0 for slice.
  var = nanvar(a, axis=axis, dtype=dtype, out=out, ddof=ddof,
C:\Users\Shreyas.1Gupta\AppData\Local\Python\pythoncore-3.14-64\Lib\site-packages\numpy\lib\_nanfunctions_impl.py:1997: RuntimeWarning: Degrees of freedom <= 0 for slice.
  var = nanvar(a, axis=axis, dtype=dtype, out=out, ddof=ddof,
C:\Users\Shreyas.1Gupta\AppData\Local\Python\pythoncore-3.14-64\Lib\site-packages\numpy\lib\_nanfunctions_impl.py:1997: RuntimeWarning: Degrees of freedom <= 0 for slice.
  var = nanvar(a, axis=axis, dtype=dtype, out=out, ddof=ddof,
C:\Users\Shreyas.1Gupta\AppData\Local\Python\pythoncore-3.14-64\Lib\site-packages\numpy\lib\_nanfunctions_impl.py:1997: RuntimeWarning: Degrees of freedom <= 0 for slice.
  var = nanvar(a, axis=axis, dtype=dtype, out=out, ddof=ddof,
C:\Users\Shreyas.1Gupta\AppData\Local\Python\pythoncore-3.14-64\Lib\site-packages\numpy\lib\_nanfunctions_impl.py:1997: RuntimeWarning: Degrees of freedom <= 0 for slice.
  var = nanvar(a, axis=axis, dtype=dtype, out=out, ddof=ddof,
C:\Users\Shreyas.1Gupta\AppData\Local\Python\pythoncore-3.14-64\Lib\site-packages\numpy\lib\_nanfunctions_impl.py:1997: RuntimeWarning: Degrees of freedom <= 0 for slice.
  var = nanvar(a, axis=axis, dtype=dtype, out=out, ddof=ddof,
C:\Users\Shreyas.1Gupta\AppData\Local\Python\pythoncore-3.14-64\Lib\site-packages\numpy\lib\_nanfunctions_impl.py:1997: RuntimeWarning: Degrees of freedom <= 0 for slice.
  var = nanvar(a, axis=axis, dtype=dtype, out=out, ddof=ddof,
C:\Users\Shreyas.1Gupta\AppData\Local\Python\pythoncore-3.14-64\Lib\site-packages\numpy\lib\_nanfunctions_impl.py:1997: RuntimeWarning: Degrees of freedom <= 0 for slice.
  var = nanvar(a, axis=axis, dtype=dtype, out=out, ddof=ddof,
C:\Users\Shreyas.1Gupta\AppData\Local\Python\pythoncore-3.14-64\Lib\site-packages\numpy\lib\_nanfunctions_impl.py:1997: RuntimeWarning: Degrees of freedom <= 0 for slice.
  var = nanvar(a, axis=axis, dtype=dtype, out=out, ddof=ddof,
C:\Users\Shreyas.1Gupta\AppData\Local\Python\pythoncore-3.14-64\Lib\site-packages\numpy\lib\_nanfunctions_impl.py:1997: RuntimeWarning: Degrees of freedom <= 0 for slice.
  var = nanvar(a, axis=axis, dtype=dtype, out=out, ddof=ddof,
C:\Users\Shreyas.1Gupta\AppData\Local\Python\pythoncore-3.14-64\Lib\site-packages\numpy\lib\_nanfunctions_impl.py:1997: RuntimeWarning: Degrees of freedom <= 0 for slice.
  var = nanvar(a, axis=axis, dtype=dtype, out=out, ddof=ddof,
C:\Users\Shreyas.1Gupta\AppData\Local\Python\pythoncore-3.14-64\Lib\site-packages\numpy\lib\_nanfunctions_impl.py:1997: RuntimeWarning: Degrees of freedom <= 0 for slice.
  var = nanvar(a, axis=axis, dtype=dtype, out=out, ddof=ddof,
C:\Users\Shreyas.1Gupta\AppData\Local\Python\pythoncore-3.14-64\Lib\site-packages\numpy\lib\_nanfunctions_impl.py:1997: RuntimeWarning: Degrees of freedom <= 0 for slice.
  var = nanvar(a, axis=axis, dtype=dtype, out=out, ddof=ddof,
C:\Users\Shreyas.1Gupta\AppData\Local\Python\pythoncore-3.14-64\Lib\site-packages\numpy\lib\_nanfunctions_impl.py:1997: RuntimeWarning: Degrees of freedom <= 0 for slice.
  var = nanvar(a, axis=axis, dtype=dtype, out=out, ddof=ddof,
C:\Users\Shreyas.1Gupta\AppData\Local\Python\pythoncore-3.14-64\Lib\site-packages\numpy\lib\_nanfunctions_impl.py:1997: RuntimeWarning: Degrees of freedom <= 0 for slice.
  var = nanvar(a, axis=axis, dtype=dtype, out=out, ddof=ddof,
C:\Users\Shreyas.1Gupta\AppData\Local\Python\pythoncore-3.14-64\Lib\site-packages\numpy\lib\_nanfunctions_impl.py:1997: RuntimeWarning: Degrees of freedom <= 0 for slice.
  var = nanvar(a, axis=axis, dtype=dtype, out=out, ddof=ddof,
C:\Users\Shreyas.1Gupta\AppData\Local\Python\pythoncore-3.14-64\Lib\site-packages\numpy\lib\_nanfunctions_impl.py:1997: RuntimeWarning: Degrees of freedom <= 0 for slice.
  var = nanvar(a, axis=axis, dtype=dtype, out=out, ddof=ddof,
C:\Users\Shreyas.1Gupta\AppData\Local\Python\pythoncore-3.14-64\Lib\site-packages\numpy\lib\_nanfunctions_impl.py:1997: RuntimeWarning: Degrees of freedom <= 0 for slice.
  var = nanvar(a, axis=axis, dtype=dtype, out=out, ddof=ddof,
C:\Users\Shreyas.1Gupta\AppData\Local\Python\pythoncore-3.14-64\Lib\site-packages\numpy\lib\_nanfunctions_impl.py:1997: RuntimeWarning: Degrees of freedom <= 0 for slice.
  var = nanvar(a, axis=axis, dtype=dtype, out=out, ddof=ddof,
C:\Users\Shreyas.1Gupta\AppData\Local\Python\pythoncore-3.14-64\Lib\site-packages\numpy\lib\_nanfunctions_impl.py:1997: RuntimeWarning: Degrees of freedom <= 0 for slice.
  var = nanvar(a, axis=axis, dtype=dtype, out=out, ddof=ddof,
C:\Users\Shreyas.1Gupta\AppData\Local\Python\pythoncore-3.14-64\Lib\site-packages\numpy\lib\_nanfunctions_impl.py:1997: RuntimeWarning: Degrees of freedom <= 0 for slice.
  var = nanvar(a, axis=axis, dtype=dtype, out=out, ddof=ddof,
C:\Users\Shreyas.1Gupta\AppData\Local\Python\pythoncore-3.14-64\Lib\site-packages\numpy\lib\_nanfunctions_impl.py:1997: RuntimeWarning: Degrees of freedom <= 0 for slice.
  var = nanvar(a, axis=axis, dtype=dtype, out=out, ddof=ddof,
C:\Users\Shreyas.1Gupta\AppData\Local\Python\pythoncore-3.14-64\Lib\site-packages\numpy\lib\_nanfunctions_impl.py:1997: RuntimeWarning: Degrees of freedom <= 0 for slice.
  var = nanvar(a, axis=axis, dtype=dtype, out=out, ddof=ddof,
C:\Users\Shreyas.1Gupta\AppData\Local\Python\pythoncore-3.14-64\Lib\site-packages\numpy\lib\_nanfunctions_impl.py:1997: RuntimeWarning: Degrees of freedom <= 0 for slice.
  var = nanvar(a, axis=axis, dtype=dtype, out=out, ddof=ddof,
C:\Users\Shreyas.1Gupta\AppData\Local\Python\pythoncore-3.14-64\Lib\site-packages\numpy\lib\_nanfunctions_impl.py:1997: RuntimeWarning: Degrees of freedom <= 0 for slice.
  var = nanvar(a, axis=axis, dtype=dtype, out=out, ddof=ddof,
C:\Users\Shreyas.1Gupta\AppData\Local\Python\pythoncore-3.14-64\Lib\site-packages\numpy\lib\_nanfunctions_impl.py:1997: RuntimeWarning: Degrees of freedom <= 0 for slice.
  var = nanvar(a, axis=axis, dtype=dtype, out=out, ddof=ddof,
C:\Users\Shreyas.1Gupta\AppData\Local\Python\pythoncore-3.14-64\Lib\site-packages\numpy\lib\_nanfunctions_impl.py:1997: RuntimeWarning: Degrees of freedom <= 0 for slice.
  var = nanvar(a, axis=axis, dtype=dtype, out=out, ddof=ddof,
C:\Users\Shreyas.1Gupta\AppData\Local\Python\pythoncore-3.14-64\Lib\site-packages\numpy\lib\_nanfunctions_impl.py:1997: RuntimeWarning: Degrees of freedom <= 0 for slice.
  var = nanvar(a, axis=axis, dtype=dtype, out=out, ddof=ddof,
C:\Users\Shreyas.1Gupta\AppData\Local\Python\pythoncore-3.14-64\Lib\site-packages\numpy\lib\_nanfunctions_impl.py:1997: RuntimeWarning: Degrees of freedom <= 0 for slice.
  var = nanvar(a, axis=axis, dtype=dtype, out=out, ddof=ddof,
C:\Users\Shreyas.1Gupta\AppData\Local\Python\pythoncore-3.14-64\Lib\site-packages\numpy\lib\_nanfunctions_impl.py:1997: RuntimeWarning: Degrees of freedom <= 0 for slice.
  var = nanvar(a, axis=axis, dtype=dtype, out=out, ddof=ddof,
C:\Users\Shreyas.1Gupta\AppData\Local\Python\pythoncore-3.14-64\Lib\site-packages\numpy\lib\_nanfunctions_impl.py:1997: RuntimeWarning: Degrees of freedom <= 0 for slice.
  var = nanvar(a, axis=axis, dtype=dtype, out=out, ddof=ddof,
C:\Users\Shreyas.1Gupta\AppData\Local\Python\pythoncore-3.14-64\Lib\site-packages\numpy\lib\_nanfunctions_impl.py:1997: RuntimeWarning: Degrees of freedom <= 0 for slice.
  var = nanvar(a, axis=axis, dtype=dtype, out=out, ddof=ddof,
C:\Users\Shreyas.1Gupta\AppData\Local\Python\pythoncore-3.14-64\Lib\site-packages\numpy\lib\_nanfunctions_impl.py:1997: RuntimeWarning: Degrees of freedom <= 0 for slice.
  var = nanvar(a, axis=axis, dtype=dtype, out=out, ddof=ddof,
C:\Users\Shreyas.1Gupta\AppData\Local\Python\pythoncore-3.14-64\Lib\site-packages\numpy\lib\_nanfunctions_impl.py:1997: RuntimeWarning: Degrees of freedom <= 0 for slice.
  var = nanvar(a, axis=axis, dtype=dtype, out=out, ddof=ddof,
C:\Users\Shreyas.1Gupta\AppData\Local\Python\pythoncore-3.14-64\Lib\site-packages\numpy\lib\_nanfunctions_impl.py:1997: RuntimeWarning: Degrees of freedom <= 0 for slice.
  var = nanvar(a, axis=axis, dtype=dtype, out=out, ddof=ddof,
C:\Users\Shreyas.1Gupta\AppData\Local\Python\pythoncore-3.14-64\Lib\site-packages\numpy\lib\_nanfunctions_impl.py:1997: RuntimeWarning: Degrees of freedom <= 0 for slice.
  var = nanvar(a, axis=axis, dtype=dtype, out=out, ddof=ddof,
C:\Users\Shreyas.1Gupta\AppData\Local\Python\pythoncore-3.14-64\Lib\site-packages\numpy\lib\_nanfunctions_impl.py:1997: RuntimeWarning: Degrees of freedom <= 0 for slice.
  var = nanvar(a, axis=axis, dtype=dtype, out=out, ddof=ddof,
C:\Users\Shreyas.1Gupta\AppData\Local\Python\pythoncore-3.14-64\Lib\site-packages\numpy\lib\_nanfunctions_impl.py:1997: RuntimeWarning: Degrees of freedom <= 0 for slice.
  var = nanvar(a, axis=axis, dtype=dtype, out=out, ddof=ddof,
C:\Users\Shreyas.1Gupta\AppData\Local\Python\pythoncore-3.14-64\Lib\site-packages\numpy\lib\_nanfunctions_impl.py:1997: RuntimeWarning: Degrees of freedom <= 0 for slice.
  var = nanvar(a, axis=axis, dtype=dtype, out=out, ddof=ddof,
C:\Users\Shreyas.1Gupta\AppData\Local\Python\pythoncore-3.14-64\Lib\site-packages\numpy\lib\_nanfunctions_impl.py:1997: RuntimeWarning: Degrees of freedom <= 0 for slice.
  var = nanvar(a, axis=axis, dtype=dtype, out=out, ddof=ddof,
C:\Users\Shreyas.1Gupta\AppData\Local\Python\pythoncore-3.14-64\Lib\site-packages\numpy\lib\_nanfunctions_impl.py:1997: RuntimeWarning: Degrees of freedom <= 0 for slice.
  var = nanvar(a, axis=axis, dtype=dtype, out=out, ddof=ddof,
C:\Users\Shreyas.1Gupta\AppData\Local\Python\pythoncore-3.14-64\Lib\site-packages\numpy\lib\_nanfunctions_impl.py:1997: RuntimeWarning: Degrees of freedom <= 0 for slice.
  var = nanvar(a, axis=axis, dtype=dtype, out=out, ddof=ddof,
C:\Users\Shreyas.1Gupta\AppData\Local\Python\pythoncore-3.14-64\Lib\site-packages\numpy\lib\_nanfunctions_impl.py:1997: RuntimeWarning: Degrees of freedom <= 0 for slice.
  var = nanvar(a, axis=axis, dtype=dtype, out=out, ddof=ddof,
C:\Users\Shreyas.1Gupta\AppData\Local\Python\pythoncore-3.14-64\Lib\site-packages\numpy\lib\_nanfunctions_impl.py:1997: RuntimeWarning: Degrees of freedom <= 0 for slice.
  var = nanvar(a, axis=axis, dtype=dtype, out=out, ddof=ddof,
C:\Users\Shreyas.1Gupta\AppData\Local\Python\pythoncore-3.14-64\Lib\site-packages\numpy\lib\_nanfunctions_impl.py:1997: RuntimeWarning: Degrees of freedom <= 0 for slice.
  var = nanvar(a, axis=axis, dtype=dtype, out=out, ddof=ddof,
C:\Users\Shreyas.1Gupta\AppData\Local\Python\pythoncore-3.14-64\Lib\site-packages\numpy\lib\_nanfunctions_impl.py:1997: RuntimeWarning: Degrees of freedom <= 0 for slice.
  var = nanvar(a, axis=axis, dtype=dtype, out=out, ddof=ddof,
C:\Users\Shreyas.1Gupta\AppData\Local\Python\pythoncore-3.14-64\Lib\site-packages\numpy\lib\_nanfunctions_impl.py:1997: RuntimeWarning: Degrees of freedom <= 0 for slice.
  var = nanvar(a, axis=axis, dtype=dtype, out=out, ddof=ddof,
C:\Users\Shreyas.1Gupta\AppData\Local\Python\pythoncore-3.14-64\Lib\site-packages\numpy\lib\_nanfunctions_impl.py:1997: RuntimeWarning: Degrees of freedom <= 0 for slice.
  var = nanvar(a, axis=axis, dtype=dtype, out=out, ddof=ddof,
C:\Users\Shreyas.1Gupta\AppData\Local\Python\pythoncore-3.14-64\Lib\site-packages\numpy\lib\_nanfunctions_impl.py:1997: RuntimeWarning: Degrees of freedom <= 0 for slice.
  var = nanvar(a, axis=axis, dtype=dtype, out=out, ddof=ddof,
C:\Users\Shreyas.1Gupta\AppData\Local\Python\pythoncore-3.14-64\Lib\site-packages\numpy\lib\_nanfunctions_impl.py:1997: RuntimeWarning: Degrees of freedom <= 0 for slice.
  var = nanvar(a, axis=axis, dtype=dtype, out=out, ddof=ddof,
C:\Users\Shreyas.1Gupta\AppData\Local\Python\pythoncore-3.14-64\Lib\site-packages\numpy\lib\_nanfunctions_impl.py:1997: RuntimeWarning: Degrees of freedom <= 0 for slice.
  var = nanvar(a, axis=axis, dtype=dtype, out=out, ddof=ddof,
C:\Users\Shreyas.1Gupta\AppData\Local\Python\pythoncore-3.14-64\Lib\site-packages\numpy\lib\_nanfunctions_impl.py:1997: RuntimeWarning: Degrees of freedom <= 0 for slice.
  var = nanvar(a, axis=axis, dtype=dtype, out=out, ddof=ddof,
C:\Users\Shreyas.1Gupta\AppData\Local\Python\pythoncore-3.14-64\Lib\site-packages\numpy\lib\_nanfunctions_impl.py:1997: RuntimeWarning: Degrees of freedom <= 0 for slice.
  var = nanvar(a, axis=axis, dtype=dtype, out=out, ddof=ddof,
C:\Users\Shreyas.1Gupta\AppData\Local\Python\pythoncore-3.14-64\Lib\site-packages\numpy\lib\_nanfunctions_impl.py:1997: RuntimeWarning: Degrees of freedom <= 0 for slice.
  var = nanvar(a, axis=axis, dtype=dtype, out=out, ddof=ddof,
C:\Users\Shreyas.1Gupta\AppData\Local\Python\pythoncore-3.14-64\Lib\site-packages\numpy\lib\_nanfunctions_impl.py:1997: RuntimeWarning: Degrees of freedom <= 0 for slice.
  var = nanvar(a, axis=axis, dtype=dtype, out=out, ddof=ddof,
C:\Users\Shreyas.1Gupta\AppData\Local\Python\pythoncore-3.14-64\Lib\site-packages\numpy\lib\_nanfunctions_impl.py:1997: RuntimeWarning: Degrees of freedom <= 0 for slice.
  var = nanvar(a, axis=axis, dtype=dtype, out=out, ddof=ddof,
C:\Users\Shreyas.1Gupta\AppData\Local\Python\pythoncore-3.14-64\Lib\site-packages\numpy\lib\_nanfunctions_impl.py:1997: RuntimeWarning: Degrees of freedom <= 0 for slice.
  var = nanvar(a, axis=axis, dtype=dtype, out=out, ddof=ddof,
C:\Users\Shreyas.1Gupta\AppData\Local\Python\pythoncore-3.14-64\Lib\site-packages\numpy\lib\_nanfunctions_impl.py:1997: RuntimeWarning: Degrees of freedom <= 0 for slice.
  var = nanvar(a, axis=axis, dtype=dtype, out=out, ddof=ddof,
C:\Users\Shreyas.1Gupta\AppData\Local\Python\pythoncore-3.14-64\Lib\site-packages\numpy\lib\_nanfunctions_impl.py:1997: RuntimeWarning: Degrees of freedom <= 0 for slice.
  var = nanvar(a, axis=axis, dtype=dtype, out=out, ddof=ddof,
C:\Users\Shreyas.1Gupta\AppData\Local\Python\pythoncore-3.14-64\Lib\site-packages\numpy\lib\_nanfunctions_impl.py:1997: RuntimeWarning: Degrees of freedom <= 0 for slice.
  var = nanvar(a, axis=axis, dtype=dtype, out=out, ddof=ddof,
C:\Users\Shreyas.1Gupta\AppData\Local\Python\pythoncore-3.14-64\Lib\site-packages\numpy\lib\_nanfunctions_impl.py:1997: RuntimeWarning: Degrees of freedom <= 0 for slice.
  var = nanvar(a, axis=axis, dtype=dtype, out=out, ddof=ddof,
C:\Users\Shreyas.1Gupta\AppData\Local\Python\pythoncore-3.14-64\Lib\site-packages\numpy\lib\_nanfunctions_impl.py:1997: RuntimeWarning: Degrees of freedom <= 0 for slice.
  var = nanvar(a, axis=axis, dtype=dtype, out=out, ddof=ddof,
C:\Users\Shreyas.1Gupta\AppData\Local\Python\pythoncore-3.14-64\Lib\site-packages\numpy\lib\_nanfunctions_impl.py:1997: RuntimeWarning: Degrees of freedom <= 0 for slice.
  var = nanvar(a, axis=axis, dtype=dtype, out=out, ddof=ddof,
C:\Users\Shreyas.1Gupta\AppData\Local\Python\pythoncore-3.14-64\Lib\site-packages\numpy\lib\_nanfunctions_impl.py:1997: RuntimeWarning: Degrees of freedom <= 0 for slice.
  var = nanvar(a, axis=axis, dtype=dtype, out=out, ddof=ddof,
C:\Users\Shreyas.1Gupta\AppData\Local\Python\pythoncore-3.14-64\Lib\site-packages\numpy\lib\_nanfunctions_impl.py:1997: RuntimeWarning: Degrees of freedom <= 0 for slice.
  var = nanvar(a, axis=axis, dtype=dtype, out=out, ddof=ddof,
C:\Users\Shreyas.1Gupta\AppData\Local\Python\pythoncore-3.14-64\Lib\site-packages\numpy\lib\_nanfunctions_impl.py:1997: RuntimeWarning: Degrees of freedom <= 0 for slice.
  var = nanvar(a, axis=axis, dtype=dtype, out=out, ddof=ddof,
C:\Users\Shreyas.1Gupta\AppData\Local\Python\pythoncore-3.14-64\Lib\site-packages\numpy\lib\_nanfunctions_impl.py:1997: RuntimeWarning: Degrees of freedom <= 0 for slice.
  var = nanvar(a, axis=axis, dtype=dtype, out=out, ddof=ddof,
C:\Users\Shreyas.1Gupta\AppData\Local\Python\pythoncore-3.14-64\Lib\site-packages\numpy\lib\_nanfunctions_impl.py:1997: RuntimeWarning: Degrees of freedom <= 0 for slice.
  var = nanvar(a, axis=axis, dtype=dtype, out=out, ddof=ddof,
C:\Users\Shreyas.1Gupta\AppData\Local\Python\pythoncore-3.14-64\Lib\site-packages\numpy\lib\_nanfunctions_impl.py:1997: RuntimeWarning: Degrees of freedom <= 0 for slice.
  var = nanvar(a, axis=axis, dtype=dtype, out=out, ddof=ddof,
C:\Users\Shreyas.1Gupta\AppData\Local\Python\pythoncore-3.14-64\Lib\site-packages\numpy\lib\_nanfunctions_impl.py:1997: RuntimeWarning: Degrees of freedom <= 0 for slice.
  var = nanvar(a, axis=axis, dtype=dtype, out=out, ddof=ddof,
C:\Users\Shreyas.1Gupta\AppData\Local\Python\pythoncore-3.14-64\Lib\site-packages\numpy\lib\_nanfunctions_impl.py:1997: RuntimeWarning: Degrees of freedom <= 0 for slice.
  var = nanvar(a, axis=axis, dtype=dtype, out=out, ddof=ddof,
C:\Users\Shreyas.1Gupta\AppData\Local\Python\pythoncore-3.14-64\Lib\site-packages\numpy\lib\_nanfunctions_impl.py:1997: RuntimeWarning: Degrees of freedom <= 0 for slice.
  var = nanvar(a, axis=axis, dtype=dtype, out=out, ddof=ddof,
C:\Users\Shreyas.1Gupta\AppData\Local\Python\pythoncore-3.14-64\Lib\site-packages\numpy\lib\_nanfunctions_impl.py:1997: RuntimeWarning: Degrees of freedom <= 0 for slice.
  var = nanvar(a, axis=axis, dtype=dtype, out=out, ddof=ddof,
C:\Users\Shreyas.1Gupta\AppData\Local\Python\pythoncore-3.14-64\Lib\site-packages\numpy\lib\_nanfunctions_impl.py:1997: RuntimeWarning: Degrees of freedom <= 0 for slice.
  var = nanvar(a, axis=axis, dtype=dtype, out=out, ddof=ddof,
C:\Users\Shreyas.1Gupta\AppData\Local\Python\pythoncore-3.14-64\Lib\site-packages\numpy\lib\_nanfunctions_impl.py:1997: RuntimeWarning: Degrees of freedom <= 0 for slice.
  var = nanvar(a, axis=axis, dtype=dtype, out=out, ddof=ddof,
C:\Users\Shreyas.1Gupta\AppData\Local\Python\pythoncore-3.14-64\Lib\site-packages\numpy\lib\_nanfunctions_impl.py:1997: RuntimeWarning: Degrees of freedom <= 0 for slice.
  var = nanvar(a, axis=axis, dtype=dtype, out=out, ddof=ddof,
C:\Users\Shreyas.1Gupta\AppData\Local\Python\pythoncore-3.14-64\Lib\site-packages\numpy\lib\_nanfunctions_impl.py:1997: RuntimeWarning: Degrees of freedom <= 0 for slice.
  var = nanvar(a, axis=axis, dtype=dtype, out=out, ddof=ddof,
C:\Users\Shreyas.1Gupta\AppData\Local\Python\pythoncore-3.14-64\Lib\site-packages\numpy\lib\_nanfunctions_impl.py:1997: RuntimeWarning: Degrees of freedom <= 0 for slice.
  var = nanvar(a, axis=axis, dtype=dtype, out=out, ddof=ddof,
C:\Users\Shreyas.1Gupta\AppData\Local\Python\pythoncore-3.14-64\Lib\site-packages\numpy\lib\_nanfunctions_impl.py:1997: RuntimeWarning: Degrees of freedom <= 0 for slice.
  var = nanvar(a, axis=axis, dtype=dtype, out=out, ddof=ddof,
C:\Users\Shreyas.1Gupta\AppData\Local\Python\pythoncore-3.14-64\Lib\site-packages\numpy\lib\_nanfunctions_impl.py:1997: RuntimeWarning: Degrees of freedom <= 0 for slice.
  var = nanvar(a, axis=axis, dtype=dtype, out=out, ddof=ddof,
C:\Users\Shreyas.1Gupta\AppData\Local\Python\pythoncore-3.14-64\Lib\site-packages\numpy\lib\_nanfunctions_impl.py:1997: RuntimeWarning: Degrees of freedom <= 0 for slice.
  var = nanvar(a, axis=axis, dtype=dtype, out=out, ddof=ddof,
C:\Users\Shreyas.1Gupta\AppData\Local\Python\pythoncore-3.14-64\Lib\site-packages\numpy\lib\_nanfunctions_impl.py:1997: RuntimeWarning: Degrees of freedom <= 0 for slice.
  var = nanvar(a, axis=axis, dtype=dtype, out=out, ddof=ddof,
C:\Users\Shreyas.1Gupta\AppData\Local\Python\pythoncore-3.14-64\Lib\site-packages\numpy\lib\_nanfunctions_impl.py:1997: RuntimeWarning: Degrees of freedom <= 0 for slice.
  var = nanvar(a, axis=axis, dtype=dtype, out=out, ddof=ddof,
C:\Users\Shreyas.1Gupta\AppData\Local\Python\pythoncore-3.14-64\Lib\site-packages\numpy\lib\_nanfunctions_impl.py:1997: RuntimeWarning: Degrees of freedom <= 0 for slice.
  var = nanvar(a, axis=axis, dtype=dtype, out=out, ddof=ddof,
C:\Users\Shreyas.1Gupta\AppData\Local\Python\pythoncore-3.14-64\Lib\site-packages\numpy\lib\_nanfunctions_impl.py:1997: RuntimeWarning: Degrees of freedom <= 0 for slice.
  var = nanvar(a, axis=axis, dtype=dtype, out=out, ddof=ddof,
C:\Users\Shreyas.1Gupta\AppData\Local\Python\pythoncore-3.14-64\Lib\site-packages\numpy\lib\_nanfunctions_impl.py:1997: RuntimeWarning: Degrees of freedom <= 0 for slice.
  var = nanvar(a, axis=axis, dtype=dtype, out=out, ddof=ddof,
C:\Users\Shreyas.1Gupta\AppData\Local\Python\pythoncore-3.14-64\Lib\site-packages\numpy\lib\_nanfunctions_impl.py:1997: RuntimeWarning: Degrees of freedom <= 0 for slice.
  var = nanvar(a, axis=axis, dtype=dtype, out=out, ddof=ddof,
C:\Users\Shreyas.1Gupta\AppData\Local\Python\pythoncore-3.14-64\Lib\site-packages\numpy\lib\_nanfunctions_impl.py:1997: RuntimeWarning: Degrees of freedom <= 0 for slice.
  var = nanvar(a, axis=axis, dtype=dtype, out=out, ddof=ddof,
C:\Users\Shreyas.1Gupta\AppData\Local\Python\pythoncore-3.14-64\Lib\site-packages\numpy\lib\_nanfunctions_impl.py:1997: RuntimeWarning: Degrees of freedom <= 0 for slice.
  var = nanvar(a, axis=axis, dtype=dtype, out=out, ddof=ddof,
C:\Users\Shreyas.1Gupta\AppData\Local\Python\pythoncore-3.14-64\Lib\site-packages\numpy\lib\_nanfunctions_impl.py:1997: RuntimeWarning: Degrees of freedom <= 0 for slice.
  var = nanvar(a, axis=axis, dtype=dtype, out=out, ddof=ddof,
C:\Users\Shreyas.1Gupta\AppData\Local\Python\pythoncore-3.14-64\Lib\site-packages\numpy\lib\_nanfunctions_impl.py:1997: RuntimeWarning: Degrees of freedom <= 0 for slice.
  var = nanvar(a, axis=axis, dtype=dtype, out=out, ddof=ddof,
C:\Users\Shreyas.1Gupta\AppData\Local\Python\pythoncore-3.14-64\Lib\site-packages\numpy\lib\_nanfunctions_impl.py:1997: RuntimeWarning: Degrees of freedom <= 0 for slice.
  var = nanvar(a, axis=axis, dtype=dtype, out=out, ddof=ddof,
C:\Users\Shreyas.1Gupta\AppData\Local\Python\pythoncore-3.14-64\Lib\site-packages\numpy\lib\_nanfunctions_impl.py:1997: RuntimeWarning: Degrees of freedom <= 0 for slice.
  var = nanvar(a, axis=axis, dtype=dtype, out=out, ddof=ddof,
C:\Users\Shreyas.1Gupta\AppData\Local\Python\pythoncore-3.14-64\Lib\site-packages\numpy\lib\_nanfunctions_impl.py:1997: RuntimeWarning: Degrees of freedom <= 0 for slice.
  var = nanvar(a, axis=axis, dtype=dtype, out=out, ddof=ddof,
C:\Users\Shreyas.1Gupta\AppData\Local\Python\pythoncore-3.14-64\Lib\site-packages\numpy\lib\_nanfunctions_impl.py:1997: RuntimeWarning: Degrees of freedom <= 0 for slice.
  var = nanvar(a, axis=axis, dtype=dtype, out=out, ddof=ddof,
C:\Users\Shreyas.1Gupta\AppData\Local\Python\pythoncore-3.14-64\Lib\site-packages\numpy\lib\_nanfunctions_impl.py:1997: RuntimeWarning: Degrees of freedom <= 0 for slice.
  var = nanvar(a, axis=axis, dtype=dtype, out=out, ddof=ddof,
C:\Users\Shreyas.1Gupta\AppData\Local\Python\pythoncore-3.14-64\Lib\site-packages\numpy\lib\_nanfunctions_impl.py:1997: RuntimeWarning: Degrees of freedom <= 0 for slice.
  var = nanvar(a, axis=axis, dtype=dtype, out=out, ddof=ddof,
C:\Users\Shreyas.1Gupta\AppData\Local\Python\pythoncore-3.14-64\Lib\site-packages\numpy\lib\_nanfunctions_impl.py:1997: RuntimeWarning: Degrees of freedom <= 0 for slice.
  var = nanvar(a, axis=axis, dtype=dtype, out=out, ddof=ddof,
C:\Users\Shreyas.1Gupta\AppData\Local\Python\pythoncore-3.14-64\Lib\site-packages\numpy\lib\_nanfunctions_impl.py:1997: RuntimeWarning: Degrees of freedom <= 0 for slice.
  var = nanvar(a, axis=axis, dtype=dtype, out=out, ddof=ddof,
C:\Users\Shreyas.1Gupta\AppData\Local\Python\pythoncore-3.14-64\Lib\site-packages\numpy\lib\_nanfunctions_impl.py:1997: RuntimeWarning: Degrees of freedom <= 0 for slice.
  var = nanvar(a, axis=axis, dtype=dtype, out=out, ddof=ddof,
C:\Users\Shreyas.1Gupta\AppData\Local\Python\pythoncore-3.14-64\Lib\site-packages\numpy\lib\_nanfunctions_impl.py:1997: RuntimeWarning: Degrees of freedom <= 0 for slice.
  var = nanvar(a, axis=axis, dtype=dtype, out=out, ddof=ddof,
C:\Users\Shreyas.1Gupta\AppData\Local\Python\pythoncore-3.14-64\Lib\site-packages\numpy\lib\_nanfunctions_impl.py:1997: RuntimeWarning: Degrees of freedom <= 0 for slice.
  var = nanvar(a, axis=axis, dtype=dtype, out=out, ddof=ddof,
C:\Users\Shreyas.1Gupta\AppData\Local\Python\pythoncore-3.14-64\Lib\site-packages\numpy\lib\_nanfunctions_impl.py:1997: RuntimeWarning: Degrees of freedom <= 0 for slice.
  var = nanvar(a, axis=axis, dtype=dtype, out=out, ddof=ddof,
C:\Users\Shreyas.1Gupta\AppData\Local\Python\pythoncore-3.14-64\Lib\site-packages\numpy\lib\_nanfunctions_impl.py:1997: RuntimeWarning: Degrees of freedom <= 0 for slice.
  var = nanvar(a, axis=axis, dtype=dtype, out=out, ddof=ddof,
C:\Users\Shreyas.1Gupta\AppData\Local\Python\pythoncore-3.14-64\Lib\site-packages\numpy\lib\_nanfunctions_impl.py:1997: RuntimeWarning: Degrees of freedom <= 0 for slice.
  var = nanvar(a, axis=axis, dtype=dtype, out=out, ddof=ddof,
C:\Users\Shreyas.1Gupta\AppData\Local\Python\pythoncore-3.14-64\Lib\site-packages\numpy\lib\_nanfunctions_impl.py:1997: RuntimeWarning: Degrees of freedom <= 0 for slice.
  var = nanvar(a, axis=axis, dtype=dtype, out=out, ddof=ddof,
C:\Users\Shreyas.1Gupta\AppData\Local\Python\pythoncore-3.14-64\Lib\site-packages\numpy\lib\_nanfunctions_impl.py:1997: RuntimeWarning: Degrees of freedom <= 0 for slice.
  var = nanvar(a, axis=axis, dtype=dtype, out=out, ddof=ddof,
C:\Users\Shreyas.1Gupta\AppData\Local\Python\pythoncore-3.14-64\Lib\site-packages\numpy\lib\_nanfunctions_impl.py:1997: RuntimeWarning: Degrees of freedom <= 0 for slice.
  var = nanvar(a, axis=axis, dtype=dtype, out=out, ddof=ddof,
C:\Users\Shreyas.1Gupta\AppData\Local\Python\pythoncore-3.14-64\Lib\site-packages\numpy\lib\_nanfunctions_impl.py:1997: RuntimeWarning: Degrees of freedom <= 0 for slice.
  var = nanvar(a, axis=axis, dtype=dtype, out=out, ddof=ddof,
C:\Users\Shreyas.1Gupta\AppData\Local\Python\pythoncore-3.14-64\Lib\site-packages\numpy\lib\_nanfunctions_impl.py:1997: RuntimeWarning: Degrees of freedom <= 0 for slice.
  var = nanvar(a, axis=axis, dtype=dtype, out=out, ddof=ddof,
C:\Users\Shreyas.1Gupta\AppData\Local\Python\pythoncore-3.14-64\Lib\site-packages\numpy\lib\_nanfunctions_impl.py:1997: RuntimeWarning: Degrees of freedom <= 0 for slice.
  var = nanvar(a, axis=axis, dtype=dtype, out=out, ddof=ddof,
C:\Users\Shreyas.1Gupta\AppData\Local\Python\pythoncore-3.14-64\Lib\site-packages\numpy\lib\_nanfunctions_impl.py:1997: RuntimeWarning: Degrees of freedom <= 0 for slice.
  var = nanvar(a, axis=axis, dtype=dtype, out=out, ddof=ddof,
C:\Users\Shreyas.1Gupta\AppData\Local\Python\pythoncore-3.14-64\Lib\site-packages\numpy\lib\_nanfunctions_impl.py:1997: RuntimeWarning: Degrees of freedom <= 0 for slice.
  var = nanvar(a, axis=axis, dtype=dtype, out=out, ddof=ddof,
C:\Users\Shreyas.1Gupta\AppData\Local\Python\pythoncore-3.14-64\Lib\site-packages\numpy\lib\_nanfunctions_impl.py:1997: RuntimeWarning: Degrees of freedom <= 0 for slice.
  var = nanvar(a, axis=axis, dtype=dtype, out=out, ddof=ddof,
C:\Users\Shreyas.1Gupta\AppData\Local\Python\pythoncore-3.14-64\Lib\site-packages\numpy\lib\_nanfunctions_impl.py:1997: RuntimeWarning: Degrees of freedom <= 0 for slice.
  var = nanvar(a, axis=axis, dtype=dtype, out=out, ddof=ddof,
C:\Users\Shreyas.1Gupta\AppData\Local\Python\pythoncore-3.14-64\Lib\site-packages\numpy\lib\_nanfunctions_impl.py:1997: RuntimeWarning: Degrees of freedom <= 0 for slice.
  var = nanvar(a, axis=axis, dtype=dtype, out=out, ddof=ddof,
C:\Users\Shreyas.1Gupta\AppData\Local\Python\pythoncore-3.14-64\Lib\site-packages\numpy\lib\_nanfunctions_impl.py:1997: RuntimeWarning: Degrees of freedom <= 0 for slice.
  var = nanvar(a, axis=axis, dtype=dtype, out=out, ddof=ddof,
C:\Users\Shreyas.1Gupta\AppData\Local\Python\pythoncore-3.14-64\Lib\site-packages\numpy\lib\_nanfunctions_impl.py:1997: RuntimeWarning: Degrees of freedom <= 0 for slice.
  var = nanvar(a, axis=axis, dtype=dtype, out=out, ddof=ddof,
C:\Users\Shreyas.1Gupta\AppData\Local\Python\pythoncore-3.14-64\Lib\site-packages\numpy\lib\_nanfunctions_impl.py:1997: RuntimeWarning: Degrees of freedom <= 0 for slice.
  var = nanvar(a, axis=axis, dtype=dtype, out=out, ddof=ddof,
C:\Users\Shreyas.1Gupta\AppData\Local\Python\pythoncore-3.14-64\Lib\site-packages\numpy\lib\_nanfunctions_impl.py:1997: RuntimeWarning: Degrees of freedom <= 0 for slice.
  var = nanvar(a, axis=axis, dtype=dtype, out=out, ddof=ddof,
C:\Users\Shreyas.1Gupta\AppData\Local\Python\pythoncore-3.14-64\Lib\site-packages\numpy\lib\_nanfunctions_impl.py:1997: RuntimeWarning: Degrees of freedom <= 0 for slice.
  var = nanvar(a, axis=axis, dtype=dtype, out=out, ddof=ddof,
C:\Users\Shreyas.1Gupta\AppData\Local\Python\pythoncore-3.14-64\Lib\site-packages\numpy\lib\_nanfunctions_impl.py:1997: RuntimeWarning: Degrees of freedom <= 0 for slice.
  var = nanvar(a, axis=axis, dtype=dtype, out=out, ddof=ddof,
C:\Users\Shreyas.1Gupta\AppData\Local\Python\pythoncore-3.14-64\Lib\site-packages\numpy\lib\_nanfunctions_impl.py:1997: RuntimeWarning: Degrees of freedom <= 0 for slice.
  var = nanvar(a, axis=axis, dtype=dtype, out=out, ddof=ddof,
C:\Users\Shreyas.1Gupta\AppData\Local\Python\pythoncore-3.14-64\Lib\site-packages\numpy\lib\_nanfunctions_impl.py:1997: RuntimeWarning: Degrees of freedom <= 0 for slice.
  var = nanvar(a, axis=axis, dtype=dtype, out=out, ddof=ddof,
C:\Users\Shreyas.1Gupta\AppData\Local\Python\pythoncore-3.14-64\Lib\site-packages\numpy\lib\_nanfunctions_impl.py:1997: RuntimeWarning: Degrees of freedom <= 0 for slice.
  var = nanvar(a, axis=axis, dtype=dtype, out=out, ddof=ddof,
C:\Users\Shreyas.1Gupta\AppData\Local\Python\pythoncore-3.14-64\Lib\site-packages\numpy\lib\_nanfunctions_impl.py:1997: RuntimeWarning: Degrees of freedom <= 0 for slice.
  var = nanvar(a, axis=axis, dtype=dtype, out=out, ddof=ddof,
C:\Users\Shreyas.1Gupta\AppData\Local\Python\pythoncore-3.14-64\Lib\site-packages\numpy\lib\_nanfunctions_impl.py:1997: RuntimeWarning: Degrees of freedom <= 0 for slice.
  var = nanvar(a, axis=axis, dtype=dtype, out=out, ddof=ddof,
C:\Users\Shreyas.1Gupta\AppData\Local\Python\pythoncore-3.14-64\Lib\site-packages\numpy\lib\_nanfunctions_impl.py:1997: RuntimeWarning: Degrees of freedom <= 0 for slice.
  var = nanvar(a, axis=axis, dtype=dtype, out=out, ddof=ddof,
C:\Users\Shreyas.1Gupta\AppData\Local\Python\pythoncore-3.14-64\Lib\site-packages\numpy\lib\_nanfunctions_impl.py:1997: RuntimeWarning: Degrees of freedom <= 0 for slice.
  var = nanvar(a, axis=axis, dtype=dtype, out=out, ddof=ddof,
C:\Users\Shreyas.1Gupta\AppData\Local\Python\pythoncore-3.14-64\Lib\site-packages\numpy\lib\_nanfunctions_impl.py:1997: RuntimeWarning: Degrees of freedom <= 0 for slice.
  var = nanvar(a, axis=axis, dtype=dtype, out=out, ddof=ddof,
C:\Users\Shreyas.1Gupta\AppData\Local\Python\pythoncore-3.14-64\Lib\site-packages\numpy\lib\_nanfunctions_impl.py:1997: RuntimeWarning: Degrees of freedom <= 0 for slice.
  var = nanvar(a, axis=axis, dtype=dtype, out=out, ddof=ddof,
C:\Users\Shreyas.1Gupta\AppData\Local\Python\pythoncore-3.14-64\Lib\site-packages\numpy\lib\_nanfunctions_impl.py:1997: RuntimeWarning: Degrees of freedom <= 0 for slice.
  var = nanvar(a, axis=axis, dtype=dtype, out=out, ddof=ddof,
C:\Users\Shreyas.1Gupta\AppData\Local\Python\pythoncore-3.14-64\Lib\site-packages\numpy\lib\_nanfunctions_impl.py:1997: RuntimeWarning: Degrees of freedom <= 0 for slice.
  var = nanvar(a, axis=axis, dtype=dtype, out=out, ddof=ddof,
C:\Users\Shreyas.1Gupta\AppData\Local\Python\pythoncore-3.14-64\Lib\site-packages\numpy\lib\_nanfunctions_impl.py:1997: RuntimeWarning: Degrees of freedom <= 0 for slice.
  var = nanvar(a, axis=axis, dtype=dtype, out=out, ddof=ddof,
C:\Users\Shreyas.1Gupta\AppData\Local\Python\pythoncore-3.14-64\Lib\site-packages\numpy\lib\_nanfunctions_impl.py:1997: RuntimeWarning: Degrees of freedom <= 0 for slice.
  var = nanvar(a, axis=axis, dtype=dtype, out=out, ddof=ddof,
C:\Users\Shreyas.1Gupta\AppData\Local\Python\pythoncore-3.14-64\Lib\site-packages\numpy\lib\_nanfunctions_impl.py:1997: RuntimeWarning: Degrees of freedom <= 0 for slice.
  var = nanvar(a, axis=axis, dtype=dtype, out=out, ddof=ddof,
C:\Users\Shreyas.1Gupta\AppData\Local\Python\pythoncore-3.14-64\Lib\site-packages\numpy\lib\_nanfunctions_impl.py:1997: RuntimeWarning: Degrees of freedom <= 0 for slice.
  var = nanvar(a, axis=axis, dtype=dtype, out=out, ddof=ddof,
C:\Users\Shreyas.1Gupta\AppData\Local\Python\pythoncore-3.14-64\Lib\site-packages\numpy\lib\_nanfunctions_impl.py:1997: RuntimeWarning: Degrees of freedom <= 0 for slice.
  var = nanvar(a, axis=axis, dtype=dtype, out=out, ddof=ddof,
C:\Users\Shreyas.1Gupta\AppData\Local\Python\pythoncore-3.14-64\Lib\site-packages\numpy\lib\_nanfunctions_impl.py:1997: RuntimeWarning: Degrees of freedom <= 0 for slice.
  var = nanvar(a, axis=axis, dtype=dtype, out=out, ddof=ddof,
C:\Users\Shreyas.1Gupta\AppData\Local\Python\pythoncore-3.14-64\Lib\site-packages\numpy\lib\_nanfunctions_impl.py:1997: RuntimeWarning: Degrees of freedom <= 0 for slice.
  var = nanvar(a, axis=axis, dtype=dtype, out=out, ddof=ddof,
C:\Users\Shreyas.1Gupta\AppData\Local\Python\pythoncore-3.14-64\Lib\site-packages\numpy\lib\_nanfunctions_impl.py:1997: RuntimeWarning: Degrees of freedom <= 0 for slice.
  var = nanvar(a, axis=axis, dtype=dtype, out=out, ddof=ddof,
C:\Users\Shreyas.1Gupta\AppData\Local\Python\pythoncore-3.14-64\Lib\site-packages\numpy\lib\_nanfunctions_impl.py:1997: RuntimeWarning: Degrees of freedom <= 0 for slice.
  var = nanvar(a, axis=axis, dtype=dtype, out=out, ddof=ddof,
C:\Users\Shreyas.1Gupta\AppData\Local\Python\pythoncore-3.14-64\Lib\site-packages\numpy\lib\_nanfunctions_impl.py:1997: RuntimeWarning: Degrees of freedom <= 0 for slice.
  var = nanvar(a, axis=axis, dtype=dtype, out=out, ddof=ddof,
C:\Users\Shreyas.1Gupta\AppData\Local\Python\pythoncore-3.14-64\Lib\site-packages\numpy\lib\_nanfunctions_impl.py:1997: RuntimeWarning: Degrees of freedom <= 0 for slice.
  var = nanvar(a, axis=axis, dtype=dtype, out=out, ddof=ddof,
C:\Users\Shreyas.1Gupta\AppData\Local\Python\pythoncore-3.14-64\Lib\site-packages\numpy\lib\_nanfunctions_impl.py:1997: RuntimeWarning: Degrees of freedom <= 0 for slice.
  var = nanvar(a, axis=axis, dtype=dtype, out=out, ddof=ddof,
C:\Users\Shreyas.1Gupta\AppData\Local\Python\pythoncore-3.14-64\Lib\site-packages\numpy\lib\_nanfunctions_impl.py:1997: RuntimeWarning: Degrees of freedom <= 0 for slice.
  var = nanvar(a, axis=axis, dtype=dtype, out=out, ddof=ddof,
C:\Users\Shreyas.1Gupta\AppData\Local\Python\pythoncore-3.14-64\Lib\site-packages\numpy\lib\_nanfunctions_impl.py:1997: RuntimeWarning: Degrees of freedom <= 0 for slice.
  var = nanvar(a, axis=axis, dtype=dtype, out=out, ddof=ddof,
C:\Users\Shreyas.1Gupta\AppData\Local\Python\pythoncore-3.14-64\Lib\site-packages\numpy\lib\_nanfunctions_impl.py:1997: RuntimeWarning: Degrees of freedom <= 0 for slice.
  var = nanvar(a, axis=axis, dtype=dtype, out=out, ddof=ddof,
C:\Users\Shreyas.1Gupta\AppData\Local\Python\pythoncore-3.14-64\Lib\site-packages\numpy\lib\_nanfunctions_impl.py:1997: RuntimeWarning: Degrees of freedom <= 0 for slice.
  var = nanvar(a, axis=axis, dtype=dtype, out=out, ddof=ddof,
C:\Users\Shreyas.1Gupta\AppData\Local\Python\pythoncore-3.14-64\Lib\site-packages\numpy\lib\_nanfunctions_impl.py:1997: RuntimeWarning: Degrees of freedom <= 0 for slice.
  var = nanvar(a, axis=axis, dtype=dtype, out=out, ddof=ddof,
C:\Users\Shreyas.1Gupta\AppData\Local\Python\pythoncore-3.14-64\Lib\site-packages\numpy\lib\_nanfunctions_impl.py:1997: RuntimeWarning: Degrees of freedom <= 0 for slice.
  var = nanvar(a, axis=axis, dtype=dtype, out=out, ddof=ddof,
C:\Users\Shreyas.1Gupta\AppData\Local\Python\pythoncore-3.14-64\Lib\site-packages\numpy\lib\_nanfunctions_impl.py:1997: RuntimeWarning: Degrees of freedom <= 0 for slice.
  var = nanvar(a, axis=axis, dtype=dtype, out=out, ddof=ddof,
C:\Users\Shreyas.1Gupta\AppData\Local\Python\pythoncore-3.14-64\Lib\site-packages\numpy\lib\_nanfunctions_impl.py:1997: RuntimeWarning: Degrees of freedom <= 0 for slice.
  var = nanvar(a, axis=axis, dtype=dtype, out=out, ddof=ddof,
C:\Users\Shreyas.1Gupta\AppData\Local\Python\pythoncore-3.14-64\Lib\site-packages\numpy\lib\_nanfunctions_impl.py:1997: RuntimeWarning: Degrees of freedom <= 0 for slice.
  var = nanvar(a, axis=axis, dtype=dtype, out=out, ddof=ddof,
C:\Users\Shreyas.1Gupta\AppData\Local\Python\pythoncore-3.14-64\Lib\site-packages\numpy\lib\_nanfunctions_impl.py:1997: RuntimeWarning: Degrees of freedom <= 0 for slice.
  var = nanvar(a, axis=axis, dtype=dtype, out=out, ddof=ddof,
C:\Users\Shreyas.1Gupta\AppData\Local\Python\pythoncore-3.14-64\Lib\site-packages\numpy\lib\_nanfunctions_impl.py:1997: RuntimeWarning: Degrees of freedom <= 0 for slice.
  var = nanvar(a, axis=axis, dtype=dtype, out=out, ddof=ddof,
C:\Users\Shreyas.1Gupta\AppData\Local\Python\pythoncore-3.14-64\Lib\site-packages\numpy\lib\_nanfunctions_impl.py:1997: RuntimeWarning: Degrees of freedom <= 0 for slice.
  var = nanvar(a, axis=axis, dtype=dtype, out=out, ddof=ddof,
C:\Users\Shreyas.1Gupta\AppData\Local\Python\pythoncore-3.14-64\Lib\site-packages\numpy\lib\_nanfunctions_impl.py:1997: RuntimeWarning: Degrees of freedom <= 0 for slice.
  var = nanvar(a, axis=axis, dtype=dtype, out=out, ddof=ddof,
C:\Users\Shreyas.1Gupta\AppData\Local\Python\pythoncore-3.14-64\Lib\site-packages\numpy\lib\_nanfunctions_impl.py:1997: RuntimeWarning: Degrees of freedom <= 0 for slice.
  var = nanvar(a, axis=axis, dtype=dtype, out=out, ddof=ddof,
C:\Users\Shreyas.1Gupta\AppData\Local\Python\pythoncore-3.14-64\Lib\site-packages\numpy\lib\_nanfunctions_impl.py:1997: RuntimeWarning: Degrees of freedom <= 0 for slice.
  var = nanvar(a, axis=axis, dtype=dtype, out=out, ddof=ddof,
C:\Users\Shreyas.1Gupta\AppData\Local\Python\pythoncore-3.14-64\Lib\site-packages\numpy\lib\_nanfunctions_impl.py:1997: RuntimeWarning: Degrees of freedom <= 0 for slice.
  var = nanvar(a, axis=axis, dtype=dtype, out=out, ddof=ddof,
C:\Users\Shreyas.1Gupta\AppData\Local\Python\pythoncore-3.14-64\Lib\site-packages\numpy\lib\_nanfunctions_impl.py:1997: RuntimeWarning: Degrees of freedom <= 0 for slice.
  var = nanvar(a, axis=axis, dtype=dtype, out=out, ddof=ddof,
C:\Users\Shreyas.1Gupta\AppData\Local\Python\pythoncore-3.14-64\Lib\site-packages\numpy\lib\_nanfunctions_impl.py:1997: RuntimeWarning: Degrees of freedom <= 0 for slice.
  var = nanvar(a, axis=axis, dtype=dtype, out=out, ddof=ddof,
C:\Users\Shreyas.1Gupta\AppData\Local\Python\pythoncore-3.14-64\Lib\site-packages\numpy\lib\_nanfunctions_impl.py:1997: RuntimeWarning: Degrees of freedom <= 0 for slice.
  var = nanvar(a, axis=axis, dtype=dtype, out=out, ddof=ddof,
C:\Users\Shreyas.1Gupta\AppData\Local\Python\pythoncore-3.14-64\Lib\site-packages\numpy\lib\_nanfunctions_impl.py:1997: RuntimeWarning: Degrees of freedom <= 0 for slice.
  var = nanvar(a, axis=axis, dtype=dtype, out=out, ddof=ddof,
C:\Users\Shreyas.1Gupta\AppData\Local\Python\pythoncore-3.14-64\Lib\site-packages\numpy\lib\_nanfunctions_impl.py:1997: RuntimeWarning: Degrees of freedom <= 0 for slice.
  var = nanvar(a, axis=axis, dtype=dtype, out=out, ddof=ddof,
C:\Users\Shreyas.1Gupta\AppData\Local\Python\pythoncore-3.14-64\Lib\site-packages\numpy\lib\_nanfunctions_impl.py:1997: RuntimeWarning: Degrees of freedom <= 0 for slice.
  var = nanvar(a, axis=axis, dtype=dtype, out=out, ddof=ddof,
C:\Users\Shreyas.1Gupta\AppData\Local\Python\pythoncore-3.14-64\Lib\site-packages\numpy\lib\_nanfunctions_impl.py:1997: RuntimeWarning: Degrees of freedom <= 0 for slice.
  var = nanvar(a, axis=axis, dtype=dtype, out=out, ddof=ddof,
C:\Users\Shreyas.1Gupta\AppData\Local\Python\pythoncore-3.14-64\Lib\site-packages\numpy\lib\_nanfunctions_impl.py:1997: RuntimeWarning: Degrees of freedom <= 0 for slice.
  var = nanvar(a, axis=axis, dtype=dtype, out=out, ddof=ddof,
C:\Users\Shreyas.1Gupta\AppData\Local\Python\pythoncore-3.14-64\Lib\site-packages\numpy\lib\_nanfunctions_impl.py:1997: RuntimeWarning: Degrees of freedom <= 0 for slice.
  var = nanvar(a, axis=axis, dtype=dtype, out=out, ddof=ddof,
C:\Users\Shreyas.1Gupta\AppData\Local\Python\pythoncore-3.14-64\Lib\site-packages\numpy\lib\_nanfunctions_impl.py:1997: RuntimeWarning: Degrees of freedom <= 0 for slice.
  var = nanvar(a, axis=axis, dtype=dtype, out=out, ddof=ddof,
C:\Users\Shreyas.1Gupta\AppData\Local\Python\pythoncore-3.14-64\Lib\site-packages\numpy\lib\_nanfunctions_impl.py:1997: RuntimeWarning: Degrees of freedom <= 0 for slice.
  var = nanvar(a, axis=axis, dtype=dtype, out=out, ddof=ddof,
C:\Users\Shreyas.1Gupta\AppData\Local\Python\pythoncore-3.14-64\Lib\site-packages\numpy\lib\_nanfunctions_impl.py:1997: RuntimeWarning: Degrees of freedom <= 0 for slice.
  var = nanvar(a, axis=axis, dtype=dtype, out=out, ddof=ddof,
C:\Users\Shreyas.1Gupta\AppData\Local\Python\pythoncore-3.14-64\Lib\site-packages\numpy\lib\_nanfunctions_impl.py:1997: RuntimeWarning: Degrees of freedom <= 0 for slice.
  var = nanvar(a, axis=axis, dtype=dtype, out=out, ddof=ddof,
C:\Users\Shreyas.1Gupta\AppData\Local\Python\pythoncore-3.14-64\Lib\site-packages\numpy\lib\_nanfunctions_impl.py:1997: RuntimeWarning: Degrees of freedom <= 0 for slice.
  var = nanvar(a, axis=axis, dtype=dtype, out=out, ddof=ddof,
C:\Users\Shreyas.1Gupta\AppData\Local\Python\pythoncore-3.14-64\Lib\site-packages\numpy\lib\_nanfunctions_impl.py:1997: RuntimeWarning: Degrees of freedom <= 0 for slice.
  var = nanvar(a, axis=axis, dtype=dtype, out=out, ddof=ddof,
C:\Users\Shreyas.1Gupta\AppData\Local\Python\pythoncore-3.14-64\Lib\site-packages\numpy\lib\_nanfunctions_impl.py:1997: RuntimeWarning: Degrees of freedom <= 0 for slice.
  var = nanvar(a, axis=axis, dtype=dtype, out=out, ddof=ddof,
C:\Users\Shreyas.1Gupta\AppData\Local\Python\pythoncore-3.14-64\Lib\site-packages\numpy\lib\_nanfunctions_impl.py:1997: RuntimeWarning: Degrees of freedom <= 0 for slice.
  var = nanvar(a, axis=axis, dtype=dtype, out=out, ddof=ddof,
C:\Users\Shreyas.1Gupta\AppData\Local\Python\pythoncore-3.14-64\Lib\site-packages\numpy\lib\_nanfunctions_impl.py:1997: RuntimeWarning: Degrees of freedom <= 0 for slice.
  var = nanvar(a, axis=axis, dtype=dtype, out=out, ddof=ddof,
C:\Users\Shreyas.1Gupta\AppData\Local\Python\pythoncore-3.14-64\Lib\site-packages\numpy\lib\_nanfunctions_impl.py:1997: RuntimeWarning: Degrees of freedom <= 0 for slice.
  var = nanvar(a, axis=axis, dtype=dtype, out=out, ddof=ddof,
C:\Users\Shreyas.1Gupta\AppData\Local\Python\pythoncore-3.14-64\Lib\site-packages\numpy\lib\_nanfunctions_impl.py:1997: RuntimeWarning: Degrees of freedom <= 0 for slice.
  var = nanvar(a, axis=axis, dtype=dtype, out=out, ddof=ddof,
C:\Users\Shreyas.1Gupta\AppData\Local\Python\pythoncore-3.14-64\Lib\site-packages\numpy\lib\_nanfunctions_impl.py:1997: RuntimeWarning: Degrees of freedom <= 0 for slice.
  var = nanvar(a, axis=axis, dtype=dtype, out=out, ddof=ddof,
C:\Users\Shreyas.1Gupta\AppData\Local\Python\pythoncore-3.14-64\Lib\site-packages\numpy\lib\_nanfunctions_impl.py:1997: RuntimeWarning: Degrees of freedom <= 0 for slice.
  var = nanvar(a, axis=axis, dtype=dtype, out=out, ddof=ddof,
C:\Users\Shreyas.1Gupta\AppData\Local\Python\pythoncore-3.14-64\Lib\site-packages\numpy\lib\_nanfunctions_impl.py:1997: RuntimeWarning: Degrees of freedom <= 0 for slice.
  var = nanvar(a, axis=axis, dtype=dtype, out=out, ddof=ddof,
C:\Users\Shreyas.1Gupta\AppData\Local\Python\pythoncore-3.14-64\Lib\site-packages\numpy\lib\_nanfunctions_impl.py:1997: RuntimeWarning: Degrees of freedom <= 0 for slice.
  var = nanvar(a, axis=axis, dtype=dtype, out=out, ddof=ddof,
C:\Users\Shreyas.1Gupta\AppData\Local\Python\pythoncore-3.14-64\Lib\site-packages\numpy\lib\_nanfunctions_impl.py:1997: RuntimeWarning: Degrees of freedom <= 0 for slice.
  var = nanvar(a, axis=axis, dtype=dtype, out=out, ddof=ddof,
C:\Users\Shreyas.1Gupta\AppData\Local\Python\pythoncore-3.14-64\Lib\site-packages\numpy\lib\_nanfunctions_impl.py:1997: RuntimeWarning: Degrees of freedom <= 0 for slice.
  var = nanvar(a, axis=axis, dtype=dtype, out=out, ddof=ddof,
C:\Users\Shreyas.1Gupta\AppData\Local\Python\pythoncore-3.14-64\Lib\site-packages\numpy\lib\_nanfunctions_impl.py:1997: RuntimeWarning: Degrees of freedom <= 0 for slice.
  var = nanvar(a, axis=axis, dtype=dtype, out=out, ddof=ddof,
C:\Users\Shreyas.1Gupta\AppData\Local\Python\pythoncore-3.14-64\Lib\site-packages\numpy\lib\_nanfunctions_impl.py:1997: RuntimeWarning: Degrees of freedom <= 0 for slice.
  var = nanvar(a, axis=axis, dtype=dtype, out=out, ddof=ddof,
C:\Users\Shreyas.1Gupta\AppData\Local\Python\pythoncore-3.14-64\Lib\site-packages\numpy\lib\_nanfunctions_impl.py:1997: RuntimeWarning: Degrees of freedom <= 0 for slice.
  var = nanvar(a, axis=axis, dtype=dtype, out=out, ddof=ddof,
C:\Users\Shreyas.1Gupta\AppData\Local\Python\pythoncore-3.14-64\Lib\site-packages\numpy\lib\_nanfunctions_impl.py:1997: RuntimeWarning: Degrees of freedom <= 0 for slice.
  var = nanvar(a, axis=axis, dtype=dtype, out=out, ddof=ddof,
C:\Users\Shreyas.1Gupta\AppData\Local\Python\pythoncore-3.14-64\Lib\site-packages\numpy\lib\_nanfunctions_impl.py:1997: RuntimeWarning: Degrees of freedom <= 0 for slice.
  var = nanvar(a, axis=axis, dtype=dtype, out=out, ddof=ddof,
C:\Users\Shreyas.1Gupta\AppData\Local\Python\pythoncore-3.14-64\Lib\site-packages\numpy\lib\_nanfunctions_impl.py:1997: RuntimeWarning: Degrees of freedom <= 0 for slice.
  var = nanvar(a, axis=axis, dtype=dtype, out=out, ddof=ddof,
C:\Users\Shreyas.1Gupta\AppData\Local\Python\pythoncore-3.14-64\Lib\site-packages\numpy\lib\_nanfunctions_impl.py:1997: RuntimeWarning: Degrees of freedom <= 0 for slice.
  var = nanvar(a, axis=axis, dtype=dtype, out=out, ddof=ddof,
C:\Users\Shreyas.1Gupta\AppData\Local\Python\pythoncore-3.14-64\Lib\site-packages\numpy\lib\_nanfunctions_impl.py:1997: RuntimeWarning: Degrees of freedom <= 0 for slice.
  var = nanvar(a, axis=axis, dtype=dtype, out=out, ddof=ddof,
C:\Users\Shreyas.1Gupta\AppData\Local\Python\pythoncore-3.14-64\Lib\site-packages\numpy\lib\_nanfunctions_impl.py:1997: RuntimeWarning: Degrees of freedom <= 0 for slice.
  var = nanvar(a, axis=axis, dtype=dtype, out=out, ddof=ddof,
C:\Users\Shreyas.1Gupta\AppData\Local\Python\pythoncore-3.14-64\Lib\site-packages\numpy\lib\_nanfunctions_impl.py:1997: RuntimeWarning: Degrees of freedom <= 0 for slice.
  var = nanvar(a, axis=axis, dtype=dtype, out=out, ddof=ddof,
C:\Users\Shreyas.1Gupta\AppData\Local\Python\pythoncore-3.14-64\Lib\site-packages\numpy\lib\_nanfunctions_impl.py:1997: RuntimeWarning: Degrees of freedom <= 0 for slice.
  var = nanvar(a, axis=axis, dtype=dtype, out=out, ddof=ddof,
C:\Users\Shreyas.1Gupta\AppData\Local\Python\pythoncore-3.14-64\Lib\site-packages\numpy\lib\_nanfunctions_impl.py:1997: RuntimeWarning: Degrees of freedom <= 0 for slice.
  var = nanvar(a, axis=axis, dtype=dtype, out=out, ddof=ddof,
C:\Users\Shreyas.1Gupta\AppData\Local\Python\pythoncore-3.14-64\Lib\site-packages\numpy\lib\_nanfunctions_impl.py:1997: RuntimeWarning: Degrees of freedom <= 0 for slice.
  var = nanvar(a, axis=axis, dtype=dtype, out=out, ddof=ddof,
C:\Users\Shreyas.1Gupta\AppData\Local\Python\pythoncore-3.14-64\Lib\site-packages\numpy\lib\_nanfunctions_impl.py:1997: RuntimeWarning: Degrees of freedom <= 0 for slice.
  var = nanvar(a, axis=axis, dtype=dtype, out=out, ddof=ddof,
C:\Users\Shreyas.1Gupta\AppData\Local\Python\pythoncore-3.14-64\Lib\site-packages\numpy\lib\_nanfunctions_impl.py:1997: RuntimeWarning: Degrees of freedom <= 0 for slice.
  var = nanvar(a, axis=axis, dtype=dtype, out=out, ddof=ddof,
C:\Users\Shreyas.1Gupta\AppData\Local\Python\pythoncore-3.14-64\Lib\site-packages\numpy\lib\_nanfunctions_impl.py:1997: RuntimeWarning: Degrees of freedom <= 0 for slice.
  var = nanvar(a, axis=axis, dtype=dtype, out=out, ddof=ddof,
C:\Users\Shreyas.1Gupta\AppData\Local\Python\pythoncore-3.14-64\Lib\site-packages\numpy\lib\_nanfunctions_impl.py:1997: RuntimeWarning: Degrees of freedom <= 0 for slice.
  var = nanvar(a, axis=axis, dtype=dtype, out=out, ddof=ddof,
C:\Users\Shreyas.1Gupta\AppData\Local\Python\pythoncore-3.14-64\Lib\site-packages\numpy\lib\_nanfunctions_impl.py:1997: RuntimeWarning: Degrees of freedom <= 0 for slice.
  var = nanvar(a, axis=axis, dtype=dtype, out=out, ddof=ddof,
C:\Users\Shreyas.1Gupta\AppData\Local\Python\pythoncore-3.14-64\Lib\site-packages\numpy\lib\_nanfunctions_impl.py:1997: RuntimeWarning: Degrees of freedom <= 0 for slice.
  var = nanvar(a, axis=axis, dtype=dtype, out=out, ddof=ddof,
C:\Users\Shreyas.1Gupta\AppData\Local\Python\pythoncore-3.14-64\Lib\site-packages\numpy\lib\_nanfunctions_impl.py:1997: RuntimeWarning: Degrees of freedom <= 0 for slice.
  var = nanvar(a, axis=axis, dtype=dtype, out=out, ddof=ddof,
C:\Users\Shreyas.1Gupta\AppData\Local\Python\pythoncore-3.14-64\Lib\site-packages\numpy\lib\_nanfunctions_impl.py:1997: RuntimeWarning: Degrees of freedom <= 0 for slice.
  var = nanvar(a, axis=axis, dtype=dtype, out=out, ddof=ddof,
C:\Users\Shreyas.1Gupta\AppData\Local\Python\pythoncore-3.14-64\Lib\site-packages\numpy\lib\_nanfunctions_impl.py:1997: RuntimeWarning: Degrees of freedom <= 0 for slice.
  var = nanvar(a, axis=axis, dtype=dtype, out=out, ddof=ddof,
C:\Users\Shreyas.1Gupta\AppData\Local\Python\pythoncore-3.14-64\Lib\site-packages\numpy\lib\_nanfunctions_impl.py:1997: RuntimeWarning: Degrees of freedom <= 0 for slice.
  var = nanvar(a, axis=axis, dtype=dtype, out=out, ddof=ddof,
C:\Users\Shreyas.1Gupta\AppData\Local\Python\pythoncore-3.14-64\Lib\site-packages\numpy\lib\_nanfunctions_impl.py:1997: RuntimeWarning: Degrees of freedom <= 0 for slice.
  var = nanvar(a, axis=axis, dtype=dtype, out=out, ddof=ddof,
C:\Users\Shreyas.1Gupta\AppData\Local\Python\pythoncore-3.14-64\Lib\site-packages\numpy\lib\_nanfunctions_impl.py:1997: RuntimeWarning: Degrees of freedom <= 0 for slice.
  var = nanvar(a, axis=axis, dtype=dtype, out=out, ddof=ddof,
C:\Users\Shreyas.1Gupta\AppData\Local\Python\pythoncore-3.14-64\Lib\site-packages\numpy\lib\_nanfunctions_impl.py:1997: RuntimeWarning: Degrees of freedom <= 0 for slice.
  var = nanvar(a, axis=axis, dtype=dtype, out=out, ddof=ddof,
C:\Users\Shreyas.1Gupta\AppData\Local\Python\pythoncore-3.14-64\Lib\site-packages\numpy\lib\_nanfunctions_impl.py:1997: RuntimeWarning: Degrees of freedom <= 0 for slice.
  var = nanvar(a, axis=axis, dtype=dtype, out=out, ddof=ddof,
C:\Users\Shreyas.1Gupta\AppData\Local\Python\pythoncore-3.14-64\Lib\site-packages\numpy\lib\_nanfunctions_impl.py:1997: RuntimeWarning: Degrees of freedom <= 0 for slice.
  var = nanvar(a, axis=axis, dtype=dtype, out=out, ddof=ddof,
[dynamic_banded] rebals=246 active 2005-04-01->2026-01-22 ann_turnover~345.4% fricCAGR=25.46% net1CAGR=22.49% net2CAGR=19.58%
  [checkpoint] wrote c:\Users\Shreyas.1Gupta\OneDrive - Angel Broking Limited\Desktop\Backup\NIFTY 500\results\factor_replication\20260704_dynamic_basket\nav_dynamic_turnoverbanded.csv (5173 rows)
  [checkpoint] wrote c:\Users\Shreyas.1Gupta\OneDrive - Angel Broking Limited\Desktop\Backup\NIFTY 500\results\factor_replication\20260704_dynamic_basket\summary_table.csv (12 rows)

                basket      variant   cagr    vol   maxdd  ann_turnover  n_days
               dynamic frictionless 0.2534 0.1519 -0.4478         3.795    5173
               dynamic      cost_1x 0.2207 0.1517 -0.4603         3.795    5173
               dynamic      cost_2x 0.1888 0.1521 -0.4726         3.795    5173
      control_momentum frictionless 0.2974 0.2066 -0.6591         3.697    5173
      control_momentum      cost_1x 0.2638 0.2064 -0.6698         3.697    5173
      control_momentum      cost_2x 0.2310 0.2065 -0.6802         3.697    5173
        control_lowvol frictionless 0.1688 0.1259 -0.4382         1.717    5173
        control_lowvol      cost_1x 0.1539 0.1259 -0.4442         1.717    5173
        control_lowvol      cost_2x 0.1392 0.1261 -0.4516         1.717    5173
dynamic_turnoverbanded frictionless 0.2546 0.1519 -0.4421         3.454    5173
dynamic_turnoverbanded      cost_1x 0.2249 0.1518 -0.4530         3.454    5173
dynamic_turnoverbanded      cost_2x 0.1958 0.1521 -0.4637         3.454    5173
  [checkpoint] wrote c:\Users\Shreyas.1Gupta\OneDrive - Angel Broking Limited\Desktop\Backup\NIFTY 500\results\factor_replication\20260704_dynamic_basket\kill_verdict_table.csv (5 rows)

==============================================================================
VERDICT: KILLED
kill                                                              desc  dynamic_value  threshold  pass
  K1                    dynamic net1x CAGR >= random-N500-50 mean +1pp         0.2207     0.1374  True
 K2a                  dynamic net1x CAGR > control_momentum net1x CAGR         0.2207     0.2638 False
 K2b                    dynamic net1x CAGR > control_lowvol net1x CAGR         0.2207     0.1539  True
  K3            dynamic net2x CAGR positive AND >= random-N500-50 mean         0.1888     0.1274  True
  K4 dynamic net1x maxDD less severe than control_momentum net1x maxDD        -0.4603    -0.6698  True
==============================================================================
[done] outputs in c:\Users\Shreyas.1Gupta\OneDrive - Angel Broking Limited\Desktop\Backup\NIFTY 500\results\factor_replication\20260704_dynamic_basket, total 57.7s
