symbol,sector,cyclicality_tag,market_cap_approx,roe,roce,debt_equity,interest_coverage,revenue_cagr_3y,revenue_growth_1y,pe_current,ret_3m,ret_6m,ret_12m,ret_24m,above_50sma,above_200sma,rsi14,obv_slope_short,obv_slope_long,turnover_median_60d,ownership_flow_long,ownership_flow_short,pe_for_ranking,roe_pct,roce_pct,quality_score,growth_3y_score,growth_1y_score,growth_divergence_flag,value_score,stage_3y_score,stage_timing_tag,stage_1y_score,sector_macro_3y_score,sector_macro_1y_score,ownership_3y_score,ownership_1y_score,accumulation_3y_score,accumulation_1y_score,composite_3y,coverage_3y,composite_1y,coverage_1y,bs_flag,mcap_tercile,min_turnover,liquidity_flag,final_score_3y,final_score_1y,recommendation_3y,recommendation_1y,coverage_flag_3y,coverage_flag_1y,ttm_growth,ttm_eps_src,latest_qtr,stale_flag,zero_cov_flag,recommendation_overall
SKFINDUS,Capital Goods,Cyclical,13351.818972415826,0.14769647696476965,0.26333558406482105,0.0033875338753387536,,,,0.035304545748979864,0.14751794593587153,0.05611955471130714,,,True,,50.26313486023309,680112.0,,54392417.60522461,,,0.035304545748979864,53.271028037383175,82.4074074074074,67.83921772239529,,,False,78.50801068090789,,Neutral,64.55225794254812,85.89161118508655,77.5027962716378,,,,34.66666666666667,76.83503207346024,42.857142857142854,69.28248096604457,71.42857142857143,GREEN,Mid,10000000.0,GREEN,79.83503207346024,72.28248096604457,Hold,Hold,Med,High,annual,ttm(Mar 2026),Mar 2026,False,False,Hold
NMDC,Metals & Mining,Cyclical,73954.66512884975,0.2428223837801559,0.2940461949982416,0.18809817391814926,76.52892561983471,21.987846401879363,34.15460553835856,9.915094555548901,-0.05421821835876017,0.0549918993567351,0.2722124514934785,0.09756764105102445,False,True,40.73389657181471,-37399451.0,474590646.0,1776042352.3953247,-0.43999999999999967,-0.33499999999999996,9.915094555548901,79.16666666666666,95.83333333333334,87.5,76.43410852713178,87.23118279569893,False,82.32977303070761,69.46140693698094,Neutral,24.276610342818525,94.9462050599201,6.26444740346205,8.235294117647058,16.470588235294116,95.7592339261286,3.0666666666666664,76.82714459683737,100.0,48.40470092621953,100.0,GREEN,Large,50000000.0,GREEN,79.82714459683737,51.40470092621953,Hold,Hold,High,High,ttm(Mar 2026),ttm(Mar 2026),Mar 2026,False,False,Hold
SAATVIKGL,Capital Goods,Cyclical,5926.504725046067,0.49516382431025074,0.2689226773896289,0.6899338721528288,7.633802816901408,95.46442268389004,110.79703429101019,15.791877966040081,0.005602857821161322,0.16750057454282796,,,True,True,54.393309469235255,92669.0,-1493020.0,52569984.27697754,,,15.791877966040081,97.19626168224299,85.18518518518519,91.19072343371408,99.06976744186046,99.05913978494624,True,61.00231202579048,,Neutral,49.11384365625108,85.89161118508655,77.5027962716378,,,16.27906976744186,28.799999999999997,76.43610763332518,71.42857142857143,69.40564132225538,85.71428571428571,GREEN,Small,2500000.0,GREEN,79.43610763332518,72.40564132225538,Hold,Hold,High,High,ttm(Mar 2026),ttm(Mar 2026),Mar 2026,False,False,Hold
UJJIVANSFB,Financial Services,NotCyclical,12738.000533160042,0.18089593270513177,,0.5481220657276995,,,9.080893925086553,18.38095315030309,0.14300649574971236,0.13686766040894183,0.38031134797789745,0.511115316000988,True,True,66.12101124432625,212263012.0,274840256.0,661731177.811552,1.158333333333333,-1.2799999999999998,18.38095315030309,76.47058823529412,,76.47058823529412,,37.096774193548384,False,73.51574456999577,83.15628528581489,Neutral,68.52343606565002,47.73288948069241,28.957922769640476,83.69747899159664,5.2100840336134455,91.51846785225717,96.93333333333334,75.79291190877323,85.71428571428571,57.178585439859624,100.0,N/A-financial-sector,Mid,10000000.0,GREEN,78.79291190877323,60.178585439859624,Hold,Hold,High,High,ttm(Mar 2026),ttm(Mar 2026),Mar 2026,False,False,Hold
MAHABANK,Financial Services,NotCyclical,61160.231908999,0.1935383787334854,,1.060466516177577,,,15.826539595054934,8.111224271813217,0.06833515919444455,0.2594784127417391,0.46432671328639885,0.3361194287095979,False,True,38.702535955848354,123646260.0,731471430.0,1166602414.8445473,0.3149999999999999,1.085,8.111224271813217,78.15126050420169,,78.15126050420169,,60.08064516129033,False,79.89771672965084,83.67885697700021,Neutral,32.38061876437843,47.73288948069241,28.957922769640476,58.82352941176471,80.16806722689076,97.40082079343365,95.06666666666666,75.56820071611462,85.71428571428571,60.2465828335268,100.0,N/A-financial-sector,Large,50000000.0,GREEN,78.56820071611462,63.2465828335268,Hold,Hold,High,High,ttm(Jun 2026),ttm(Jun 2026),Jun 2026,False,False,Hold
EMMVEE,Capital Goods,Cyclical,25307.85573649193,0.2028487358568484,0.18670406189193928,0.09745533297238766,11.187096774193549,101.41924683267591,84.0924092409241,19.249210015991338,0.3987901630556323,0.7226989954222913,,,True,,64.90736827803107,84536438.0,,965334988.593277,,,19.249210015991338,78.50467289719626,54.629629629629626,66.56715126341294,99.06976744186046,97.71505376344086,True,67.38206497552292,,Neutral,91.1156123785461,85.89161118508655,77.5027962716378,,,,92.13333333333334,78.85873884186076,57.14285714285714,81.17061096748769,85.71428571428571,GREEN,Mid,10000000.0,GREEN,77.85873884186076,80.17061096748769,Hold,Hold,Med,High,ttm(Jun 2026),ttm(Jun 2026),Jun 2026,False,False,Hold
NATIONALUM,Metals & Mining,Cyclical,65106.04311673512,0.16843117530236695,0.24992209450887692,0.002777392028884877,79.28,7.765539794311893,6.290581997974631,11.227431492145431,-0.16508696500100528,0.009167258878639784,0.9549297704358948,0.8845852729460875,False,True,46.31743249239637,-101290050.0,556590437.0,3336881094.184952,0.7266666666666662,0.9499999999999993,11.227431492145431,66.66666666666666,87.5,77.08333333333333,33.48837209302326,27.419354838709676,False,72.98295162781145,95.96206110427931,Neutral,10.968256750760363,94.9462050599201,6.26444740346205,75.46218487394958,77.64705882352942,96.85362517099864,1.0666666666666667,74.57712951182228,100.0,38.39692839732229,100.0,GREEN,Large,50000000.0,GREEN,77.57712951182228,41.39692839732229,Hold,Hold,High,High,ttm(Mar 2026),ttm(Mar 2026),Mar 2026,False,False,Hold
SANDUMA,Metals & Mining,Cyclical,9687.844737947296,0.1704832081532901,0.22322138290899352,0.3070067609096497,5.702830188679245,33.76051970645844,62.26475279106858,14.72316829475273,-0.06785695566313166,-0.12728147920276978,0.25981649606425905,0.026132690249250246,False,False,37.243227962198404,-6308176.0,169523811.0,229997708.719635,-0.03333333333333333,-0.07,14.72316829475273,70.83333333333334,79.16666666666666,75.0,87.90697674418605,95.02688172043011,True,85.59412550066756,32.81772035330649,Neutral,16.792343870446825,94.9462050599201,6.26444740346205,26.05042016806723,28.067226890756302,87.55129958960327,10.533333333333333,73.87725910217358,100.0,47.8711662173754,100.0,GREEN,Small,2500000.0,GREEN,76.87725910217358,50.8711662173754,Hold,Hold,High,High,ttm(Mar 2026),ttm(Mar 2026),Mar 2026,False,False,Hold
BANCOINDIA,Automobile and Auto Components,Cyclical,9462.541742392787,0.19556500145049416,0.2458165642651523,0.36439169139465877,29.608695652173914,18.657939003056924,21.25739184562714,19.631829341063874,0.058004639238235844,0.043662911486976874,0.033435174989289385,1.0711125037782683,True,True,48.67501589471598,4041661.0,30922133.0,100343148.46121216,0.2933333333333333,0.08999999999999997,19.631829341063874,78.26086956521739,73.91304347826086,76.08695652173913,68.06201550387597,72.31182795698925,False,78.0358997181427,60.72392921397298,Neutral,51.67138729941729,100.0,53.26844207723036,57.98319327731093,42.6890756302521,61.83310533515732,53.6,73.78636123286802,100.0,62.62186050810626,100.0,GREEN,Small,2500000.0,GREEN,76.78636123286802,65.62186050810627,Hold,Hold,High,High,ttm(Mar 2026),ttm(Mar 2026),Mar 2026,False,False,Hold
SUZLON,Capital Goods,Cyclical,70549.83427514334,0.8672025504482223,0.14807850505099024,0.05874894336432798,6.541125541125541,40.98305859156086,53.64554637281911,22.30472155394984,-0.010095214843749978,0.06736501718024068,-0.21162010521435337,-0.05851448365205292,False,True,34.29409366897889,394735946.0,762667917.0,4034030956.549282,0.2666666666666669,3.750000000000001,22.30472155394984,99.53271028037383,30.555555555555557,65.0441329179647,91.62790697674419,93.41397849462365,False,77.18958611481975,29.197696613676367,Pulled back,22.59638428389576,85.89161118508655,77.5027962716378,56.30252100840336,95.96638655462185,97.67441860465115,99.06666666666666,72.82050980384142,100.0,67.30438084887824,100.0,GREEN,Large,50000000.0,GREEN,75.82050980384142,70.30438084887824,Hold,Hold,High,High,ttm(Mar 2026),ttm(Mar 2026),Mar 2026,False,False,Hold
WAAREEENER,Capital Goods,Cyclical,85202.95605060019,0.21614382475849545,0.25410325460136324,0.22253774761047238,21.103571428571428,57.81970920194526,83.72334533370258,21.930110404680963,-0.18881660897910724,0.08857694185697107,-0.09003961141333039,,False,False,38.3607843710826,-389665.0,18285004.0,2326572533.4698486,,,21.930110404680963,82.2429906542056,81.48148148148148,81.86223606784354,95.34883720930233,97.58064516129032,True,73.82296395193592,17.563338605868875,Neutral,11.261540610510789,85.89161118508655,77.5027962716378,,,53.48837209302325,23.733333333333334,72.32122152291323,85.71428571428571,60.25896776043247,85.71428571428571,GREEN,Large,50000000.0,GREEN,75.32122152291323,63.25896776043247,Hold,Hold,High,High,ttm(Mar 2026),ttm(Mar 2026),Mar 2026,False,False,Hold
PFC,Financial Services,NotCyclical,171937.74946146915,0.25637991253947445,,7.620769074446225,,,8.396086458470254,5.113390318556704,-0.15121074141288549,0.1054648715766695,-0.033782118826083174,-0.21067022440444227,False,True,35.016604235957274,-36712969.0,106409695.0,2424763002.889099,0.7283333333333332,-0.2049999999999983,5.113390318556704,88.23529411764706,,88.23529411764706,,34.946236559139784,False,77.07270711230794,38.23046279882829,Neutral,12.933784939122363,47.73288948069241,28.957922769640476,75.63025210084034,21.932773109243698,80.57455540355677,3.2,71.6938500125229,85.71428571428571,43.461425490365464,100.0,N/A-financial-sector,Large,50000000.0,GREEN,74.6938500125229,46.461425490365464,Hold,Hold,High,High,ttm(Mar 2026),ttm(Mar 2026),Mar 2026,False,False,Hold
SHRIPISTON,Automobile and Auto Components,Cyclical,18767.984609505802,0.15503987601401148,0.21733947711248716,0.6783867631851086,14.129032258064516,19.56052069321579,25.61284868977176,33.433194130447774,0.12324003974163356,0.3541847108299805,0.726343803004613,1.1374882501257453,True,True,61.97882681939309,1260771.0,9167489.0,169996128.42114258,,,33.433194130447774,60.86956521739131,60.86956521739131,60.86956521739131,71.47286821705427,80.10752688172043,False,60.57445014405172,93.95386427035108,Neutral,73.19656176250514,100.0,53.26844207723036,,,42.13406292749658,39.2,71.63457285175046,85.71428571428571,64.45224345282996,85.71428571428571,GREEN,Mid,10000000.0,GREEN,74.63457285175046,67.45224345282996,Hold,Hold,High,High,ttm(Mar 2026),ttm(Mar 2026),Mar 2026,False,False,Hold
WEBELSOLAR,Capital Goods,Cyclical,4311.889764299365,0.5192531688934566,0.5753694461128507,0.20793650793650795,26.8125,,82.43478260869566,14.936842380609727,0.12161251772094062,0.1621621669872435,-0.23023863143885404,0.759298679449889,False,True,44.359677259148086,8716886.0,308308445.0,255945800.0934868,-0.325,-1.6949999999999998,14.936842380609727,98.13084112149532,100.0,99.06542056074767,,97.44623655913979,False,73.05496759907518,42.02996339181778,Neutral,33.76046084551377,85.89161118508655,77.5027962716378,11.428571428571429,3.1932773109243695,92.88645690834473,65.60000000000001,71.58686347671906,85.71428571428571,65.43049603186783,100.0,GREEN,Small,2500000.0,GREEN,74.58686347671906,68.43049603186783,Hold,Hold,High,High,annual,ttm(Mar 2026),Mar 2026,False,False,Hold
TMCV,Capital Goods,Cyclical,151886.56901733842,0.23794565729542955,0.4151179900812033,0.44094550023558976,8.715102974828376,,,50.12758053377506,-0.048341730411789685,-0.01636930228659439,,,True,,49.34479551617313,41335824.0,,3008295055.770767,,,50.12758053377506,86.91588785046729,98.14814814814815,92.53201799930773,,,False,51.57703604806409,,Neutral,30.176631559493803,85.89161118508655,77.5027962716378,,,,86.13333333333333,74.55050259600183,42.857142857142854,59.876442324926266,71.42857142857143,GREEN,Large,50000000.0,GREEN,74.55050259600183,59.876442324926266,Hold,Hold,Med,High,annual,annual,Mar 2026,False,False,Hold
WAAREERTL,Capital Goods,Cyclical,10473.68800887463,0.2650785472026671,0.3875183150402313,0.15631691648822268,49.30769230769231,111.71705229396545,108.57858484658736,21.856209416275192,-0.07598778914542237,-0.003130087400332271,0.01878744772078922,,True,True,51.865977149425696,2014106.0,10333580.0,197075723.0,,,21.856209416275192,90.65420560747664,97.22222222222221,93.93821391484943,99.06976744186046,99.05913978494624,False,52.899475723729196,50.27339914912185,Neutral,26.88086260251775,85.89161118508655,77.5027962716378,,,43.63885088919289,44.266666666666666,74.06490997926713,85.71428571428571,63.190997463999544,85.71428571428571,GREEN,Small,2500000.0,GREEN,74.06490997926713,63.190997463999544,Hold,Hold,High,High,ttm(Mar 2026),ttm(Mar 2026),Mar 2026,False,False,Hold
GOKULAGRO,Fast Moving Consumer Goods,NotCyclical,6247.653228711016,0.21808404017068644,0.278709517886056,0.4139142656359803,3.8850574712643677,30.87781337477957,23.15089514066495,16.93130956290248,0.028779386498197113,0.30049077133459545,0.36739238234762017,1.4111925555368976,False,True,44.5303220171353,-2834246.0,48998647.0,96087314.70590973,-0.03166666666666667,0.0049999999999999975,16.93130956290248,69.76744186046511,75.0,72.38372093023256,86.04651162790698,76.61290322580645,False,66.22607921673341,88.14373456785397,Neutral,32.791412242730914,58.78482023968043,8.718242343541945,26.38655462184874,34.03361344537815,67.9890560875513,15.733333333333333,70.2995416581107,100.0,50.14978944798134,100.0,GREEN,Small,2500000.0,GREEN,73.2995416581107,53.14978944798134,Hold,Hold,High,High,ttm(Mar 2026),ttm(Mar 2026),Mar 2026,False,False,Hold
J&KBANK,Financial Services,NotCyclical,19572.692016658526,0.13853897153913317,,0.20793939393939395,,,4.85607208356591,8.297385421453738,0.3543397204442782,0.7695140522444881,0.6681498690853909,0.7412273309166133,True,True,61.04726121700433,69348086.0,293166237.0,524678552.48737335,1.715,3.6850000000000005,8.297385421453738,54.621848739495796,,54.621848739495796,,23.387096774193548,False,81.08974567716305,92.56052656280987,Neutral,94.16653191319396,47.73288948069241,28.957922769640476,89.74789915966387,95.63025210084034,92.47606019151847,90.53333333333333,73.22076044466156,85.71428571428571,64.58294866763408,100.0,N/A-financial-sector,Mid,10000000.0,GREEN,73.22076044466156,64.58294866763408,Hold,Hold,High,High,ttm(Mar 2026),ttm(Mar 2026),Mar 2026,False,False,Hold
WELCORP,Capital Goods,Cyclical,44612.919051512676,0.1470025845436589,0.16559682275756243,0.2572083879423329,10.547169811320755,19.78177642630552,19.974245242523956,27.520836738029086,0.5693043852568298,1.2810742471600514,0.8647629549957359,1.7754365122676106,True,True,74.41619528428532,21251058.0,55113638.0,1023687430.1986084,0.7183333333333332,1.125,27.520836738029086,51.4018691588785,39.81481481481482,45.60834198684665,71.78294573643412,70.83333333333334,False,77.71989319092123,94.82383344708141,Extended,94.27504713823812,85.89161118508655,77.5027962716378,75.12605042016807,81.00840336134453,69.35704514363886,78.0,73.16520308915213,100.0,76.475745236647,100.0,GREEN,Large,50000000.0,GREEN,73.16520308915213,76.475745236647,Hold,Hold,High,High,ttm(Mar 2026),ttm(Mar 2026),Mar 2026,False,False,Hold
SONACOMS,Automobile and Auto Components,Cyclical,41774.40382472744,0.27742346863499406,0.2683495308484486,0.07387598194885509,47.0,18.777075170808356,25.493513818386916,66.28516240679559,0.18877175577957273,0.5044595685491715,0.5377686913834172,0.025287553354103043,True,True,74.40007986631184,24929190.0,92031986.0,1018253855.859314,5.94,2.4399999999999995,66.28516240679559,93.47826086956522,78.26086956521739,85.86956521739131,68.21705426356588,79.83870967741935,False,30.40609701824655,77.05320779724887,Extended,82.85999201336881,100.0,53.26844207723036,99.07563025210084,90.08403361344538,78.24897400820794,80.26666666666667,72.54398145941964,100.0,68.60572175671467,100.0,GREEN,Large,50000000.0,GREEN,72.54398145941964,68.60572175671467,Hold,Hold,High,High,ttm(Mar 2026),ttm(Mar 2026),Mar 2026,False,False,Hold
UTLSOLAR,Capital Goods,Cyclical,11171.157919892372,0.2840119140190242,0.20958232427812834,0.40816326530612246,11.136363636363637,58.720180494063044,72.29072031148604,35.3242975698436,0.3928012805758212,0.6790134395717065,,,True,,59.54054979174182,4488559.0,,110963960.27998352,,,35.3242975698436,92.5233644859813,69.44444444444444,80.98390446521287,95.50387596899225,96.37096774193549,False,35.37415741313622,,Neutral,91.04356406844485,85.89161118508655,77.5027962716378,,,,55.333333333333336,72.14253394482766,57.14285714285714,74.5308059391871,85.71428571428571,GREEN,Small,2500000.0,GREEN,72.14253394482766,74.5308059391871,Hold,Hold,Med,High,annual,ttm(Mar 2026),Mar 2026,False,False,Hold
ABB,Capital Goods,Cyclical,,,,,,,15.002195871761081,54.5729537366548,0.07556011449963407,0.5503140950273084,0.3399779961888847,-0.09210169221452735,True,True,69.65252228939244,6771738.0,15319637.0,2135959470.0,0.9416666666666664,0.06000000000000005,54.5729537366548,,,,,56.85483870967742,False,,63.944623766441204,Neutral,65.31411285042584,85.89161118508655,77.5027962716378,79.66386554621849,40.08403361344538,51.57318741450069,62.0,72.07856583768553,57.14285714285714,63.19736506864884,71.42857142857143,GREEN,,,GREEN,72.07856583768553,63.19736506864884,Hold,Hold,Med,High,ttm(Mar 2026),ttm(Mar 2026),Mar 2026,False,True,Hold
BSE,Financial Services,NotCyclical,149479.61180884033,0.24539656980547286,0.304445010975731,0.0,58.625,73.53548921137967,59.537953795379536,60.045624898158714,0.06454268193555746,0.30462862698402815,0.5582252715039591,3.6711970736314017,False,True,37.684610168663966,-17255293.0,112780731.0,13507801633.018188,,,60.045624898158714,86.5546218487395,75.0,80.77731092436974,97.51937984496124,94.35483870967742,False,23.011133488719423,95.57851331866135,Neutral,32.76689251848714,47.73288948069241,28.957922769640476,,,80.98495212038304,6.266666666666667,71.93784812572716,85.71428571428571,51.13959947697079,85.71428571428571,N/A-financial-sector,Large,50000000.0,GREEN,71.93784812572716,51.13959947697079,Hold,Hold,High,High,ttm(Mar 2026),ttm(Mar 2026),Mar 2026,False,False,Hold
CANBK,Financial Services,NotCyclical,125976.69188213833,0.161951712470537,,1.3192982456140352,,,3.922632851433372,6.390863021618219,-0.08888079960458828,-0.1379215140182346,0.16201896822890305,0.17253812124774748,False,False,46.24142992313452,57710830.0,272806604.0,3088468539.0961914,0.5016666666666666,-0.024999999999999467,6.390863021618219,68.90756302521008,,68.90756302521008,,21.102150537634408,False,91.90842026657012,33.17119809638782,Neutral,6.931045253783886,47.73288948069241,28.957922769640476,67.22689075630252,30.92436974789916,91.38166894664843,88.4,68.8435906044167,85.71428571428571,43.269632807078004,100.0,N/A-financial-sector,Large,50000000.0,GREEN,71.8435906044167,46.269632807078004,Hold,Hold,High,High,ttm(Mar 2026),ttm(Mar 2026),Mar 2026,False,False,Hold
QPOWER,Capital Goods,Cyclical,14070.478911360282,0.35018868297902156,0.2274781007314876,0.07380073800738007,25.142857142857142,55.26604332796297,182.14285714285717,75.64773608258217,-0.07191229249241538,0.7781444251141278,0.5276477618336184,,True,True,49.69481998642998,523642.0,44696884.0,274868289.4699707,,,75.64773608258217,94.39252336448598,75.0,84.69626168224299,94.88372093023256,99.05913978494624,True,23.552514463729416,86.76775389985818,Neutral,46.06226403310303,85.89161118508655,77.5027962716378,,,66.34746922024624,33.2,71.44525107598194,85.71428571428571,60.126222527088984,85.71428571428571,GREEN,Mid,10000000.0,GREEN,71.44525107598194,60.126222527088984,Hold,Hold,High,High,ttm(Mar 2026),ttm(Mar 2026),Mar 2026,False,False,Hold
ZYDUSLIFE,Healthcare,NotCyclical,118039.20393487035,0.17596771249430251,0.23525157697716867,0.46090292121569787,19.30523917995444,16.347945718824477,16.805782634885126,23.031936615051148,0.232140976416511,0.28111469831848046,0.1914233892087045,0.010562599937758987,True,True,63.171991263948385,4945142.0,28465892.0,1280038119.293335,0.4166666666666666,0.46499999999999986,23.031936615051148,68.57142857142857,77.14285714285715,72.85714285714286,62.01550387596899,63.03763440860215,False,82.28891855807743,59.51495156329264,Neutral,75.97356769676634,66.50785619174435,90.47589880159788,63.69747899159663,63.949579831932766,59.91792065663475,56.666666666666664,68.27111754130362,100.0,73.7314274640179,100.0,GREEN,Large,50000000.0,GREEN,71.27111754130362,76.7314274640179,Hold,Hold,High,High,ttm(Mar 2026),ttm(Mar 2026),Mar 2026,False,False,Hold
TRITURBINE,Capital Goods,Cyclical,19851.754932750355,0.2508558560532368,0.29550120427016113,0.024896265560165973,149.66666666666666,20.451910675517816,8.778054862842888,56.830155513808464,0.08590766912759884,0.22445528207466814,-0.019969209455052872,0.007665218425108256,False,True,44.42116810646371,13835865.0,140144540.0,479099411.3571167,1.7850000000000001,-0.08499999999999996,56.830155513808464,88.78504672897196,91.66666666666666,90.22585669781931,72.71317829457364,35.88709677419355,False,44.13217623497998,45.83271389286267,Neutral,32.39280382427427,85.89161118508655,77.5027962716378,90.4201680672269,27.39495798319328,84.81532147742818,71.2,71.04457538527683,100.0,51.96724393067134,100.0,GREEN,Mid,10000000.0,GREEN,71.04457538527683,51.96724393067134,Hold,Hold,High,High,ttm(Mar 2026),ttm(Mar 2026),Mar 2026,False,False,Hold
UNIONBANK,Financial Services,NotCyclical,128848.76947009494,0.13830725053491233,,0.5825296513717503,,,-1.3336403407782638,6.239186849259184,-0.0820809905764116,0.04550743712782701,0.24974828226871026,0.38387102767758075,True,True,54.03786026494004,1731217.0,284776073.0,2172269609.4847946,1.225,2.825,6.239186849259184,53.78151260504202,,53.78151260504202,,9.946236559139784,False,90.44975221198887,74.74125309325053,Neutral,26.386296618134093,47.73288948069241,28.957922769640476,84.70588235294117,92.26890756302521,92.20246238030096,42.13333333333333,72.01016358080297,85.71428571428571,45.223169328061346,100.0,N/A-financial-sector,Large,50000000.0,GREEN,71.01016358080297,44.223169328061346,Hold,Hold,High,High,ttm(Jun 2026),ttm(Jun 2026),Jun 2026,False,False,Hold
OSWALPUMPS,Capital Goods,Cyclical,4596.061799454711,0.43917302025909866,0.4188797241781808,0.1408199643493761,14.685714285714285,75.018109266521,44.304682040531105,12.22356861557104,-0.027359300799150832,-0.11532559833287448,-0.41479332849891226,,True,False,46.215027738975266,2717607.0,6114611.0,182395720.09069824,,,12.22356861557104,96.26168224299066,99.07407407407408,97.66787815853237,97.82945736434108,91.26344086021506,True,71.79442508710801,2.0273126431766118,Neutral,29.03484643245168,85.89161118508655,77.5027962716378,,,36.25170998632011,46.93333333333333,71.9061423564932,85.71428571428571,67.18130722075247,85.71428571428571,GREEN,Small,2500000.0,GREEN,70.9061423564932,66.18130722075247,Hold,Hold,High,High,ttm(Mar 2026),ttm(Mar 2026),Mar 2026,False,False,Hold
BAJAJ-AUTO,Automobile and Auto Components,Cyclical,284189.48778647796,0.2237887094055716,0.21788891254532494,0.5849042027194067,11.203592814371257,19.94330772245916,23.355688904577,26.86716596452905,0.0687440833436963,0.09659804940625172,0.29873535586779587,0.12729282158853317,True,True,58.89150715366123,-886189.0,5298377.0,3622581658.5,-0.04333333333333359,0.1299999999999999,26.86716596452905,86.95652173913044,63.04347826086957,75.0,71.93798449612403,77.15053763440861,False,65.98687138406765,71.01097729882369,Neutral,57.11640484018944,100.0,53.26844207723036,25.210084033613445,45.63025210084034,34.74692202462381,21.46666666666667,67.8760588008105,100.0,60.79322222719295,100.0,GREEN,Large,50000000.0,GREEN,70.8760588008105,63.79322222719295,Hold,Hold,High,High,ttm(Mar 2026),ttm(Mar 2026),Mar 2026,False,False,Hold
POLYCAB,Capital Goods,Cyclical,140602.99752084742,0.1967956493893072,0.2778937483919246,0.01965192772087601,16.51440329218107,26.97862747858697,32.058773712737135,48.4388141295206,0.12931921971540583,0.22550938428678413,0.3807655422017482,0.4287412255260672,False,True,43.6807106475135,1638130.0,4403842.0,2943112953.0,0.9266666666666667,0.6850000000000005,48.4388141295206,76.63551401869158,87.96296296296296,82.29923849082726,81.70542635658916,85.75268817204301,False,48.210680907877176,78.37251331790198,Neutral,35.65256385588357,85.89161118508655,77.5027962716378,79.15966386554622,72.60504201680672,32.0109439124487,41.06666666666667,70.75985508814458,100.0,61.50609852885047,100.0,GREEN,Large,50000000.0,GREEN,70.75985508814458,61.50609852885047,Hold,Hold,High,High,ttm(Jun 2026),ttm(Jun 2026),Jun 2026,False,False,Hold
JAMNAAUTO,Automobile and Auto Components,Cyclical,5356.562234951138,0.18964285545701015,0.29122268881312086,0.010462074978204011,30.46153846153846,3.9561223996381623,15.066079295154179,23.148531740811205,0.06280230061544545,0.0038196112231636548,0.44720778110261294,0.10663015690926825,True,True,54.22437752581845,34958226.0,152884373.0,198607473.30044556,-0.17166666666666686,-1.6500000000000008,23.148531740811205,71.73913043478261,89.13043478260869,80.43478260869566,22.170542635658915,57.52688172043011,False,83.28882955051179,76.38235776923874,Neutral,50.14978446964039,100.0,53.26844207723036,17.394957983193276,3.361344537815126,85.77291381668947,83.73333333333333,67.5528750057225,100.0,60.15398385543728,100.0,GREEN,Small,2500000.0,GREEN,70.5528750057225,63.15398385543728,Hold,Hold,High,High,ttm(Mar 2026),ttm(Mar 2026),Mar 2026,False,False,Hold
BLS,Consumer Services,NotCyclical,10330.455635491608,0.28251183251056,0.2880890190124326,0.1749898497766951,35.608695652173914,25.519386842580683,36.69097538742023,14.268585131894485,-0.18638038787538624,-0.1938474769693862,-0.37583827785177737,-0.3491940556130292,False,False,36.85866874013479,-11229839.0,286531933.0,279030125.93266296,1.0616666666666665,0.05499999999999994,14.268585131894485,89.13043478260869,82.6086956521739,85.8695652173913,80.15503875968992,88.5752688172043,False,76.29593080629245,7.8461197600706365,Neutral,3.5208964110106757,7.985885486018644,14.776830892143808,82.52100840336134,38.90756302521009,92.33926128590971,8.0,67.51321059878916,100.0,50.413977322093,100.0,GREEN,Small,2500000.0,GREEN,70.51321059878916,53.413977322093,Hold,Hold,High,High,ttm(Mar 2026),ttm(Mar 2026),Mar 2026,False,False,Hold
MCX,Financial Services,NotCyclical,71816.27728839526,0.231478127667886,0.2679696661448461,0.0017556179775280898,88.0,64.83422863389193,107.01438848920861,53.91612409038682,-0.01524958769089313,0.22786742259049286,0.7558729185976358,2.5850621168311854,False,True,47.864735070517405,-31814110.0,28967038.0,8740641654.940063,1.1483333333333334,1.0449999999999982,53.91612409038682,84.03361344537815,66.66666666666666,75.35014005602241,96.74418604651163,99.05913978494624,True,25.350410717114343,97.30616570008722,Neutral,24.278723921782053,47.73288948069241,28.957922769640476,83.19327731092437,79.49579831932773,60.32831737346102,4.0,70.49062570033028,100.0,51.53237935888942,100.0,N/A-financial-sector,Large,50000000.0,GREEN,70.49062570033028,51.53237935888942,Hold,Hold,High,High,ttm(Mar 2026),ttm(Mar 2026),Mar 2026,False,False,Hold
TIPSMUSIC,Media Entertainment & Publication,NotCyclical,8625.622364260114,0.7253963764993177,0.8989914756258099,0.019230769230769232,3.0,26.21629070246163,20.578778135048225,39.74941181686689,0.1741705055260654,0.33777341163483965,0.06123699596576615,0.5050023565749258,True,True,51.49022711709084,2717975.0,26134301.0,131531642.5,,,39.74941181686689,93.75,100.0,96.875,80.62015503875969,71.7741935483871,False,44.847574543836224,76.38105104750996,Neutral,77.8287550660687,30.089747003994674,42.34007989347536,,,59.097127222982216,47.06666666666667,70.25056104378226,85.71428571428571,68.92670929623358,85.71428571428571,GREEN,Small,2500000.0,GREEN,70.25056104378226,68.92670929623358,Hold,Hold,High,High,ttm(Mar 2026),ttm(Mar 2026),Mar 2026,False,False,Hold
KIRLPNU,Capital Goods,Cyclical,11210.657174799486,0.1979404691636521,0.2765612959643974,0.0024019215372297837,120.0,59.427041772920866,28.192252510760408,44.125254787731365,0.3837853000684781,0.686189263817395,0.2292918783743676,0.3822517850745517,True,True,46.70814014540067,2867352.0,6799539.0,226524271.28015137,2.263333333333333,1.5499999999999994,44.125254787731365,77.57009345794393,87.03703703703704,82.30356524749048,95.81395348837209,82.66129032258065,True,33.9350027679182,71.71717062271745,Neutral,91.9847415410155,85.89161118508655,77.5027962716378,92.77310924369748,85.21008403361344,38.303693570451436,48.13333333333333,71.23226531192518,100.0,73.24298906837593,100.0,GREEN,Small,2500000.0,GREEN,70.23226531192518,72.24298906837593,Hold,Hold,High,High,ttm(Mar 2026),ttm(Mar 2026),Mar 2026,False,False,Hold
SBIN,Financial Services,NotCyclical,990358.7651624748,0.15980152682026194,,1.3039113886041827,,,4.982670478278495,11.328133045939525,-0.05241016164437251,0.020747198321968696,0.2981974188775487,0.2506472465438052,True,True,52.3808564771134,80975786.0,217904124.0,12577840408.246765,0.07499999999999989,-0.004999999999999893,11.328133045939525,68.0672268907563,,68.0672268907563,,23.655913978494624,False,73.91437170464575,75.74663746977063,Neutral,30.613337676439258,47.73288948069241,28.957922769640476,38.31932773109244,32.857142857142854,89.60328317373461,92.0,66.92966848249277,85.71428571428571,46.47214769692896,100.0,N/A-financial-sector,Large,50000000.0,GREEN,69.92966848249277,49.47214769692896,Hold,Hold,High,High,ttm(Mar 2026),ttm(Mar 2026),Mar 2026,False,False,Hold
HEROMOTOCO,Automobile and Auto Components,Cyclical,98588.12378031782,0.21618200168663057,0.27858106803098026,0.03604645782240526,90.5,11.54811279148773,15.85133418043203,17.066202090592334,-0.07278750591575955,-0.12922327973249348,0.20154883321247308,-0.04863654176566523,False,False,47.96074218068397,-3577036.0,3760214.0,2599173347.5,0.413333333333334,0.5350000000000001,17.066202090592334,84.78260869565217,84.78260869565217,84.78260869565217,46.2015503875969,60.3494623655914,False,82.79261237205162,30.063276394315395,Neutral,8.140036893042714,100.0,53.26844207723036,63.36134453781512,66.80672268907563,30.91655266757866,14.799999999999999,66.74703562224317,100.0,52.61018370107707,100.0,GREEN,Large,50000000.0,GREEN,69.74703562224317,55.61018370107707,Hold,Hold,High,High,ttm(Mar 2026),ttm(Mar 2026),Mar 2026,False,False,Hold
SHYAMMETL,Capital Goods,Cyclical,28767.08398539384,0.16305671964164642,0.233504891034408,0.08721687060661286,12.151041666666666,13.59046605445593,22.792826686731882,25.857355864811133,0.22188951314149907,0.279906494096982,0.22845734835759046,0.47580692565357974,True,True,70.11405765923934,4515709.0,11903096.0,543566403.6487427,0.3616666666666666,1.1999999999999997,25.857355864811133,64.48598130841121,77.77777777777779,71.1318795430945,52.71317829457365,75.80645161290323,False,68.4968847352025,72.8991134682468,Extended,78.61002280550463,85.89161118508655,77.5027962716378,61.680672268907564,81.84873949579831,46.10123119015048,55.60000000000001,66.68853438668825,100.0,74.18052649797518,100.0,GREEN,Mid,10000000.0,GREEN,69.68853438668825,77.18052649797518,Hold,Hold,High,High,ttm(Jun 2026),ttm(Jun 2026),Jun 2026,False,False,Hold
EMCURE,Healthcare,NotCyclical,34789.595037997016,0.1881730644755961,0.25807219420857574,0.3147474747474747,12.95138888888889,15.419706558812841,16.565349544072937,36.970876767265686,0.10418962276713795,0.16258221304993548,0.39255915259724117,,True,True,51.446424352143374,1524178.0,8053834.0,266461313.5,,,36.970876767265686,75.71428571428571,84.28571428571429,80.0,58.91472868217055,62.634408602150536,False,60.13861619414121,82.85468723796747,Neutral,53.27006804991868,66.50785619174435,90.47589880159788,,,40.21887824897401,40.666666666666664,66.48727927293876,85.71428571428571,65.58061955700009,85.71428571428571,GREEN,Mid,10000000.0,GREEN,69.48727927293876,68.58061955700009,Hold,Hold,High,High,ttm(Mar 2026),ttm(Mar 2026),Mar 2026,False,False,Hold
JAINREC,Metals & Mining,Cyclical,11838.316361882835,0.3590529845835625,0.18471273950683756,0.8174247277386291,5.8125,46.037835564926866,48.43677088194121,33.74754300520322,-0.18016943610388725,-0.1698683515132361,,,False,,43.8886299674029,17279460.0,60521953.0,800693104.952301,,,33.74754300520322,95.83333333333334,58.333333333333336,77.08333333333334,93.33333333333333,92.47311827956989,False,24.749666221628836,,Neutral,5.205581447704155,94.9462050599201,6.26444740346205,,,71.27222982216142,74.13333333333333,69.45148987430859,71.42857142857143,37.38984522454948,85.71428571428571,GREEN,Small,2500000.0,GREEN,69.45148987430859,37.38984522454948,Hold,Sell,High,High,ttm(Mar 2026),ttm(Mar 2026),Mar 2026,False,False,Sell
KALYANKJIL,Consumer Durables,NotCyclical,56415.13509487887,0.15593976943373952,0.16586812474430834,0.9695672848311936,5.752886836027714,36.44428379565146,42.66554903604358,41.78898895916954,0.30922149840943103,0.10323940280282495,-0.058319261477014384,0.10727170936506081,True,True,81.77075096352907,635584887.0,484328589.0,1967535137.8388977,4.438333333333333,-0.4299999999999997,41.78898895916954,58.536585365853654,39.02439024390244,48.78048780487805,89.92248062015504,90.59139784946237,False,77.413217623498,52.56777657888974,Extended,76.50422571665523,25.229560585885487,54.25752330226364,97.3109243697479,13.865546218487395,96.16963064295486,99.06666666666666,69.44150662490696,100.0,67.58773562448177,100.0,GREEN,Large,50000000.0,GREEN,69.44150662490696,67.58773562448177,Hold,Hold,High,High,ttm(Mar 2026),ttm(Mar 2026),Mar 2026,False,False,Hold
ANGELONE,Financial Services,NotCyclical,30481.789933389693,0.2851063722449897,0.2727600144628977,1.2996077149395227,4.155251141552512,19.617430932558456,9.08725371934056,29.52380844735174,0.049003584256808175,0.3947064413502459,0.26996426508431326,0.48697206581848906,False,True,47.97051711285729,-15531349.0,158792202.0,2076063129.1181183,1.3233333333333333,0.4450000000000003,29.52380844735174,91.59663865546219,70.83333333333334,81.21498599439776,71.62790697674419,37.23118279569893,False,41.24719137712071,77.79668259735102,Neutral,31.885041952626114,47.73288948069241,28.957922769640476,85.88235294117646,63.52941176470588,86.73050615595075,6.933333333333333,69.38352815762981,100.0,44.679961624108294,100.0,N/A-financial-sector,Mid,10000000.0,GREEN,69.38352815762981,44.679961624108294,Hold,Hold,High,High,ttm(Jun 2026),ttm(Jun 2026),Jun 2026,False,False,Hold
MOTHERSON,Automobile and Auto Components,Cyclical,160369.91121886205,0.11212757962133782,0.18953778670173133,0.46780058078528025,7.4655172413793105,17.01715560545274,10.944634577654998,39.356162711365585,0.16811197203453698,0.2559496123087317,0.4362815468503667,0.08627716097909155,True,True,50.66415061220715,-28269048.0,447711630.0,2252520627.6459503,1.0016666666666667,0.3600000000000003,39.356162711365585,32.608695652173914,47.82608695652174,40.21739130434783,64.03100775193799,43.145161290322584,False,59.63655244029076,75.22652133173194,Neutral,76.81136271655707,100.0,53.26844207723036,81.00840336134453,59.66386554621849,95.48563611491107,4.8,69.24517759411422,100.0,54.97248935493713,100.0,GREEN,Large,50000000.0,GREEN,69.24517759411422,54.97248935493713,Hold,Hold,High,High,ttm(Mar 2026),ttm(Mar 2026),Mar 2026,False,False,Hold
CIEINDIA,Automobile and Auto Components,Cyclical,15232.562180195959,,,,,,,,-0.022043210525198975,0.17541845869485084,0.08817256389646433,-0.18637177609783528,True,True,55.70122614495228,520868.0,9502752.0,118376180.86723328,0.6600000000000001,1.100000000000001,,,,,,,False,,48.00510484657266,Neutral,42.51876627439367,100.0,53.26844207723036,73.10924369747899,80.33613445378151,42.6812585499316,33.06666666666666,69.19754697292176,57.14285714285714,50.58052590159848,57.14285714285714,GREEN,Mid,10000000.0,GREEN,69.19754697292176,50.58052590159848,Hold,Hold,Med,Med,ttm(Mar 2026),ttm(Mar 2026),Mar 2026,True,False,Hold
ANANDRATHI,Financial Services,NotCyclical,34645.456935355905,0.3883310221859485,0.5231247306345389,0.08308308308308308,36.625,30.87190406342706,22.769230769230763,74.24491601771689,0.13741092739660643,0.3220480220168489,0.8878840023120813,1.0516250431659855,True,True,65.72790159175486,7588983.0,23976225.0,713102962.296875,0.17666666666666672,0.19999999999999984,74.24491601771689,97.47899159663865,100.0,98.73949579831933,85.89147286821705,75.67204301075269,False,20.11315900875965,96.23404589839912,Neutral,73.14970754514042,47.73288948069241,28.957922769640476,49.2436974789916,51.59663865546219,57.729138166894664,63.2,69.15854561474497,100.0,62.89711271749742,100.0,N/A-financial-sector,Mid,10000000.0,GREEN,69.15854561474497,62.89711271749742,Hold,Hold,High,High,ttm(Jun 2026),ttm(Jun 2026),Jun 2026,False,False,Hold
ASHAPURMIN,Metals & Mining,Cyclical,6965.178365584839,0.34689079764286884,0.1049849187262789,0.8756822316555488,4.703389830508475,41.948696848784216,91.2710007304602,16.743217224963562,0.17268101254773738,-0.17520517257565216,0.4947203860895768,0.6351918764167181,True,True,58.669765682714825,8047749.0,32632106.0,326901457.875,-0.4200000000000001,0.5450000000000014,16.743217224963562,91.66666666666666,20.833333333333336,56.25,92.24806201550388,99.05913978494624,True,62.192923898531376,85.54423630881189,Neutral,58.533023431728516,94.9462050599201,6.26444740346205,8.907563025210084,67.56302521008404,62.517099863201096,64.4,69.15099090825352,100.0,57.23521433558893,100.0,GREEN,Small,2500000.0,GREEN,69.15099090825352,57.23521433558893,Hold,Hold,High,High,ttm(Mar 2026),ttm(Mar 2026),Mar 2026,False,False,Hold
ARE&M,Automobile and Auto Components,Cyclical,16503.866181804253,0.13620795396555463,0.23955783595858818,0.05012964563526361,33.44444444444444,9.952920980044677,7.535419585863301,18.41949350647796,0.17798106789549983,0.02222604429746755,-0.0680986434976355,-0.4551149775897517,True,True,62.38648288878601,20019051.0,66418838.0,437630951.42419434,1.9949999999999994,-1.9749999999999996,18.41949350647796,50.0,71.73913043478261,60.869565217391305,39.689922480620154,32.123655913978496,False,80.93422809359848,22.460917222478887,Neutral,67.11690726667695,100.0,53.26844207723036,91.42857142857143,1.0924369747899159,72.64021887824897,76.66666666666667,65.83199469082656,100.0,56.94829106385133,100.0,GREEN,Mid,10000000.0,GREEN,68.83199469082656,59.94829106385133,Hold,Hold,High,High,ttm(Mar 2026),ttm(Mar 2026),Mar 2026,False,False,Hold
LLOYDSME,Metals & Mining,Cyclical,107932.13302752293,0.16803792514103397,0.27737733418736565,1.4934755965683801,12.166666666666666,72.17266387561526,154.61984823686953,27.274744784731467,0.13228271079329312,0.4927585855143244,0.23890234642385777,1.4508272217305422,True,True,60.105522529421414,4675956.0,20492990.0,842430163.75,0.045000000000000005,0.039999999999999994,27.274744784731467,62.5,91.66666666666666,77.08333333333333,97.36434108527132,99.05913978494624,True,33.58169867515662,77.55160341177726,Neutral,80.86722552483563,94.9462050599201,6.26444740346205,35.378151260504204,37.3109243697479,55.12995896032832,56.00000000000001,68.64582956520546,100.0,57.23578864493321,100.0,GREEN,Large,50000000.0,GREEN,68.64582956520546,57.23578864493321,Hold,Hold,High,High,ttm(Mar 2026),ttm(Mar 2026),Mar 2026,False,False,Hold
CANFINHOME,Financial Services,NotCyclical,12045.357205220404,0.17344690591947667,,6.39658919913058,,,8.192588858079164,10.660066294366603,0.048327137546468446,0.020887641034671667,0.1578052497697897,0.05713831565192451,True,True,56.05612924803339,2998240.0,6384176.0,148847193.73980713,2.3466666666666662,1.7250000000000005,10.660066294366603,73.10924369747899,,73.10924369747899,,34.543010752688176,False,65.53258002539971,62.4055520961802,Neutral,48.34094354902586,47.73288948069241,28.957922769640476,93.4453781512605,86.5546218487395,37.48290013679891,48.8,65.61574010691233,85.71428571428571,54.2618693109044,100.0,N/A-financial-sector,Mid,10000000.0,GREEN,68.61574010691233,57.2618693109044,Hold,Hold,High,High,ttm(Jun 2026),ttm(Jun 2026),Jun 2026,False,False,Hold
TRANSRAILL,Capital Goods,Cyclical,6785.748420964062,0.17119163574113713,0.2872021431149178,0.29723805348531346,3.7442922374429224,29.71814906431982,29.61567445365485,16.818787271701677,-0.10802931757830869,0.04049457783922583,-0.3223121460682211,,False,False,49.00984729867406,4924655.0,-10314039.0,302751314.49819946,,,16.818787271701677,71.96261682242991,89.81481481481481,80.88871581862236,84.8062015503876,83.87096774193549,False,77.46442411019571,4.958342423911858,Neutral,12.218062889180214,85.89161118508655,77.5027962716378,,,8.481532147742818,56.39999999999999,65.26479496501521,85.71428571428571,60.8014986698702,85.71428571428571,GREEN,Small,2500000.0,GREEN,68.26479496501521,63.8014986698702,Hold,Hold,High,High,ttm(Mar 2026),ttm(Mar 2026),Mar 2026,False,False,Hold
COALINDIA,Oil Gas & Consumable Fuels,Cyclical,263142.92587479856,0.4400337601477956,0.5451720057412788,0.11815082870144918,33.91611842105263,6.796467589689215,3.591627965798039,8.469084544263094,-0.032597609273309236,0.009557900252392892,0.20066879853595188,-0.014679673203685906,False,True,34.82313096542545,60019727.0,188272845.0,3380908640.1707764,0.528333333333333,1.4899999999999998,8.469084544263094,100.0,100.0,100.0,31.007751937984494,19.892473118279568,False,66.75446049277825,66.90379611912483,Pulled back,20.913765334830003,45.74513981358189,57.59600532623169,67.89915966386555,84.70588235294117,88.0984952120383,88.93333333333334,65.19141114722805,100.0,54.926095517645244,100.0,GREEN,Large,50000000.0,GREEN,68.19141114722805,57.926095517645244,Hold,Hold,High,High,ttm(Mar 2026),ttm(Mar 2026),Mar 2026,False,False,Hold
EIEL,Utilities,NotCyclical,4092.1573455869125,0.2816119133831967,0.28202693859666733,0.3422546634225466,7.694444444444445,50.22975965888028,8.223062381852554,21.74592498164849,0.09973812799433568,0.19802444952461773,-0.17703195741801359,,True,True,54.76694134469651,77287716.0,317187715.0,285146640.0801697,,,21.74592498164849,90.0,84.51127819548873,87.25563909774436,94.26356589147287,34.67741935483871,True,56.35662767748302,27.3876404494382,Neutral,64.58997253219701,16.108388814913447,96.33475366178429,,,93.16005471956224,91.86666666666666,69.08370801197536,85.71428571428571,67.26458397758108,85.71428571428571,GREEN,Small,2500000.0,GREEN,68.08370801197536,66.26458397758108,Hold,Hold,High,High,ttm(Mar 2026),ttm(Mar 2026),Mar 2026,False,False,Hold
PREMIERENE,Capital Goods,Cyclical,49862.16511055403,0.18356719483797276,0.18464208772902715,0.8606918969120038,15.044303797468354,76.25124942140414,20.036821110770163,32.99160598279189,0.08969675610260475,0.47090149074519316,-0.0025089633095923825,,True,True,60.654819841138185,13753102.0,46155031.0,1158929821.0621948,,,32.99160598279189,75.70093457943925,52.77777777777778,64.23935617860852,99.06976744186046,70.96774193548387,True,49.38344459279039,46.780571615577614,Neutral,68.60832753969571,85.89161118508655,77.5027962716378,,,67.16826265389876,71.06666666666666,68.98694592116894,85.71428571428571,66.0126386466581,85.71428571428571,GREEN,Large,50000000.0,GREEN,67.98694592116894,65.0126386466581,Hold,Hold,High,High,ttm(Mar 2026),ttm(Mar 2026),Mar 2026,False,False,Hold
NAM-INDIA,Financial Services,NotCyclical,73451.96078431373,0.27927964660615273,0.360036151018132,0.016097875080489377,287.14285714285717,24.587706865827386,21.425369789332137,47.95918367346938,0.16059027516116986,0.3050866498615097,0.46123997594932664,0.8043640412518953,True,True,47.77855778284262,3331833.0,21093082.0,980836457.5062256,0.6849999999999999,2.635,47.95918367346938,89.91596638655463,85.41666666666666,87.66631652661064,79.37984496124031,72.71505376344086,False,28.36505170736123,88.43766505431783,Neutral,77.85960978645404,47.73288948069241,28.957922769640476,73.94957983193278,91.09243697478992,55.95075239398085,50.13333333333333,67.88815358554803,100.0,65.17086147084792,100.0,N/A-financial-sector,Large,50000000.0,GREEN,67.88815358554803,65.17086147084792,Hold,Hold,High,High,ttm(Mar 2026),ttm(Mar 2026),Mar 2026,False,False,Hold
KTKBANK,Financial Services,NotCyclical,10346.913848718466,0.11716535739219035,,0.4029794313369631,,,-1.065128148230332,7.890106368415597,0.113485528684095,0.46754290102006313,0.4774252507314245,0.30479852682445463,True,True,54.53304786413486,-2828843.0,155963043.0,484918704.18148804,2.8366666666666664,5.395,7.890106368415597,36.134453781512605,,36.134453781512605,,10.618279569892474,False,91.27267936195628,83.90636825864685,Neutral,73.56726454324676,47.73288948069241,28.957922769640476,94.9579831932773,97.6470588235294,85.90971272229822,15.866666666666667,68.8264906689645,85.71428571428571,52.09140562780394,100.0,N/A-financial-sector,Small,2500000.0,GREEN,67.8264906689645,51.09140562780394,Hold,Hold,High,High,ttm(Mar 2026),ttm(Mar 2026),Mar 2026,False,False,Hold
FIEMIND,Automobile and Auto Components,Cyclical,6093.0162959530435,0.15857337312731362,0.2747746879466987,0.05432098765432099,132.0,15.073916532957599,16.226259289843114,23.800844906066573,0.02701624031465233,0.024648711645963717,0.2260608967466422,0.7757874206276856,True,True,58.00437957527601,198110.0,1295179.0,85194149.07312012,-1.2049999999999998,-0.48000000000000004,23.800844906066573,65.21739130434783,82.6086956521739,73.91304347826087,57.674418604651166,62.23118279569893,False,74.68847352024923,76.22751497786847,Neutral,45.14400648691685,100.0,53.26844207723036,2.5210084033613445,12.941176470588237,24.623803009575923,30.266666666666666,64.71441940858931,100.0,55.15714138739902,100.0,GREEN,Small,2500000.0,GREEN,67.71441940858931,58.15714138739902,Hold,Hold,High,High,ttm(Mar 2026),ttm(Mar 2026),Mar 2026,False,False,Hold
NETWEB,Information Technology,NotCyclical,24527.392537603737,0.29637234962899395,0.3405103609774055,0.3900414937759336,21.923076923076923,69.94075407851076,90.07832898172323,118.67108341087678,0.13876769344561501,0.315062693343263,1.212907233518897,0.6060249515915221,False,True,43.99309665303979,12400753.0,77955006.0,5766060484.629395,,,118.67108341087678,91.42857142857143,85.71428571428571,88.57142857142857,97.20930232558139,97.98387096774194,True,11.990802551550214,94.22500828237567,Neutral,37.50809774210343,13.445272969374168,39.410652463382156,,,75.78659370725033,70.0,67.64128848046214,85.71428571428571,57.4415552855096,85.71428571428571,GREEN,Mid,10000000.0,GREEN,67.64128848046214,57.4415552855096,Hold,Hold,High,High,ttm(Mar 2026),ttm(Mar 2026),Mar 2026,False,False,Hold
INOXINDIA,Capital Goods,Cyclical,18111.76368528082,0.3572917223124302,0.3197184471058382,0.07251566696508505,38.111111111111114,17.995813862247644,21.5926493108729,70.20063443907294,0.35165393092669417,0.7871640424208111,0.5970554698340347,0.3871982062504611,True,True,59.38523862157834,7924981.0,11485019.0,446439805.2520752,,,70.20063443907294,95.32710280373831,94.44444444444444,94.88577362409137,66.2015503875969,73.52150537634408,False,32.30084557187361,84.18848896158444,Neutral,90.2995713759374,85.89161118508655,77.5027962716378,,,45.280437756497946,63.866666666666674,67.61403863079057,85.71428571428571,72.80419302797533,85.71428571428571,GREEN,Mid,10000000.0,GREEN,67.61403863079057,72.80419302797533,Hold,Hold,High,High,ttm(Mar 2026),ttm(Mar 2026),Mar 2026,False,False,Hold
ATLANTAELE,Capital Goods,Cyclical,13441.006097560976,0.26837824574120234,0.37399826847875756,0.05489773950484392,6.035087719298246,28.44282527655737,48.87459807073955,65.78749058025622,0.2691721029085514,1.1689440993788818,,,False,,47.610689210566754,1093725.0,6259025.0,164310801.31414795,,,65.78749058025622,91.58878504672897,96.29629629629629,93.94254067151263,82.7906976744186,92.74193548387096,True,31.25389408099688,,Neutral,44.75837552338777,85.89161118508655,77.5027962716378,,,36.935704514363884,38.0,67.53795264093444,71.42857142857143,62.08317833284589,85.71428571428571,GREEN,Mid,10000000.0,GREEN,67.53795264093444,62.08317833284589,Hold,Hold,High,High,ttm(Mar 2026),ttm(Mar 2026),Mar 2026,False,False,Hold
TDPOWERSYS,Capital Goods,Cyclical,17629.377890382137,0.13257206822620773,0.18432375097486822,0.016791044776119403,165.0,28.63342371007529,45.22691705790298,73.71484470804039,0.09352869795371443,0.6398952358565253,1.3157614095862464,1.8136633522615813,False,True,44.55104265553572,-3033611.0,74111386.0,1240914124.3631592,4.871666666666667,12.99,73.71484470804039,41.1214953271028,51.85185185185185,46.48667358947732,83.4108527131783,91.66666666666666,True,26.524254561637733,97.80186063289943,Neutral,36.308387797938494,85.89161118508655,77.5027962716378,97.81512605042016,99.07563025210084,74.6922024623803,15.2,67.49143457581022,100.0,54.18158689770667,100.0,GREEN,Mid,10000000.0,GREEN,67.49143457581022,54.18158689770667,Hold,Hold,High,High,ttm(Mar 2026),ttm(Mar 2026),Mar 2026,False,False,Hold
BELRISE,Automobile and Auto Components,Cyclical,20566.715379940568,0.13309777233415204,0.18433038152300357,0.291044776119403,4.974137931034483,13.046986497535729,14.702689663490531,41.38172108639953,0.03929251631161712,0.3140044914137725,0.9437387779721427,,True,True,49.222689993824325,49163020.0,323096071.0,739381738.7115021,,,41.38172108639953,45.65217391304348,43.47826086956522,44.565217391304344,50.85271317829457,56.048387096774185,False,52.64493008221488,96.46784604350944,Neutral,60.34439766728424,100.0,53.26844207723036,,,93.43365253077975,87.2,67.34230389832577,85.71428571428571,55.92831251788793,85.71428571428571,GREEN,Mid,10000000.0,GREEN,67.34230389832577,55.92831251788793,Hold,Hold,High,High,ttm(Mar 2026),ttm(Mar 2026),Mar 2026,False,False,Hold
LUPIN,Healthcare,NotCyclical,114789.34847835403,0.150536772966079,0.2089358816238453,0.2947255880256593,18.80184331797235,18.877645352363892,23.12400915976749,21.42306374228924,0.07377509014919248,0.14754474529600725,0.3279422398398697,0.42058729538756534,True,True,66.62834678620857,959234.0,9617206.0,2029281518.2961426,0.4283333333333334,0.9449999999999994,21.42306374228924,50.0,62.857142857142854,56.42857142857143,68.83720930232559,76.34408602150538,False,86.15674232309748,76.93160798436939,Neutral,46.090529953617015,66.50785619174435,90.47589880159788,64.45378151260505,77.47899159663866,42.95485636114911,37.06666666666666,67.31638387380461,100.0,66.85326624556724,100.0,GREEN,Large,50000000.0,GREEN,67.31638387380461,66.85326624556724,Hold,Hold,High,High,ttm(Mar 2026),ttm(Mar 2026),Mar 2026,False,False,Hold
KARURVYSYA,Financial Services,NotCyclical,29396.091054300185,0.15735026508446542,,0.18592288063510065,,,16.00240939664692,10.709506827341,0.10700634721195401,0.14860274893321002,0.36964906270085796,0.857096685744057,True,True,55.57509047063609,25931242.0,133723942.0,656899159.7521362,-0.9483333333333336,-1.5,10.709506827341,66.38655462184873,,66.38655462184873,,61.29032258064516,False,78.30408023706406,84.78903135684818,Neutral,64.18335413016321,47.73288948069241,28.957922769640476,4.033613445378151,3.697478991596639,83.85772913816689,80.80000000000001,64.17697314019198,85.71428571428571,58.457697554523364,100.0,N/A-financial-sector,Mid,10000000.0,GREEN,67.17697314019198,61.457697554523364,Hold,Hold,High,High,ttm(Jun 2026),ttm(Jun 2026),Jun 2026,False,False,Hold
APARINDS,Capital Goods,Cyclical,57062.97027260392,0.16935121781688253,0.33062285590800056,0.1772668273688114,4.2929061784897025,16.900169087741702,23.248304811107534,58.40631552978907,0.1860232111547131,0.8564987257400509,0.6478235321505779,0.634307845024159,True,True,47.52112710301642,660485.0,5133446.0,1640088319.5,0.9866666666666668,2.145000000000002,58.40631552978907,69.1588785046729,95.37037037037037,82.26462443752163,63.72093023255814,77.01612903225806,False,39.3415220293725,88.02466335284414,Neutral,82.6970936389047,85.89161118508655,77.5027962716378,80.50420168067227,88.40336134453781,34.19972640218879,34.4,67.1082608984716,100.0,70.81421345571212,100.0,GREEN,Large,50000000.0,GREEN,67.1082608984716,70.81421345571212,Hold,Hold,High,High,ttm(Mar 2026),ttm(Mar 2026),Mar 2026,False,False,Hold
GPIL,Capital Goods,Cyclical,16547.551978623676,0.22893750063299678,0.2923504400127178,0.07626097435014632,21.603448275862068,-2.158225719627316,0.07440476190476719,20.59832584907819,-0.1796367141786881,-0.05034729049365716,0.3240596465515997,0.14128162931665167,False,False,34.082673185295775,-23254431.0,71602480.0,398675053.75,0.6866666666666666,0.865,20.59832584907819,85.04672897196261,90.74074074074075,87.89373485635167,7.906976744186046,12.365591397849462,False,85.84779706275033,34.93468473846419,Pulled back,7.82466918940693,85.89161118508655,77.5027962716378,74.11764705882354,75.46218487394958,74.14500683994528,5.733333333333333,64.09134198829192,100.0,50.94939658301307,100.0,GREEN,Mid,10000000.0,GREEN,67.09134198829192,53.94939658301307,Hold,Hold,High,High,ttm(Mar 2026),ttm(Mar 2026),Mar 2026,False,False,Hold
CRAFTSMAN,Automobile and Auto Components,Cyclical,21712.127236580516,0.1268057384311015,0.2337542842485284,1.1099877450980393,4.006472491909385,36.35184713032184,41.810193321616865,56.53848543206808,0.18477513084660524,0.1956575191716352,0.5226289388613625,0.5997238417613979,True,True,47.87926358712852,22177.0,5027437.0,400416551.0,1.9316666666666669,2.3100000000000005,56.53848543206808,41.30434782608695,69.56521739130434,55.43478260869565,89.76744186046511,90.32258064516128,False,26.04525332021643,87.1107253569008,Neutral,78.68429586350936,100.0,53.26844207723036,91.26050420168067,89.41176470588236,33.926128590971274,26.93333333333333,66.98672630995145,100.0,61.26141856911745,100.0,GREEN,Mid,10000000.0,GREEN,66.98672630995145,61.26141856911745,Hold,Hold,High,High,ttm(Mar 2026),ttm(Mar 2026),Mar 2026,False,False,Hold
IKS,Information Technology,NotCyclical,32006.432661101444,0.31964597861970306,0.31578291584929435,0.4782122905027933,15.457142857142857,45.77803173352124,19.89489489489489,44.31969436660026,0.30284594292681444,0.11890463956635267,0.1789419908814931,,True,True,61.036643710201204,3757661.0,15269038.0,264790945.54693604,,,44.31969436660026,97.14285714285714,74.28571428571429,85.71428571428572,93.02325581395348,70.43010752688173,True,41.8565494733719,79.67897271268058,Neutral,78.88152081416507,13.445272969374168,39.410652463382156,,,51.29958960328317,52.26666666666666,67.90363695875122,85.71428571428571,66.0341700520172,85.71428571428571,GREEN,Mid,10000000.0,GREEN,66.90363695875122,65.0341700520172,Hold,Hold,High,High,ttm(Mar 2026),ttm(Mar 2026),Mar 2026,False,False,Hold
HBLENGINE,Capital Goods,Cyclical,20524.428233451585,0.1353067378771798,0.2032636705263336,0.030248306997742665,74.2,34.12252117893348,67.83536585365854,25.21428529908057,-0.043977347881645645,-0.12154939089039551,0.2174168123268292,0.24562499089789713,False,False,36.59593470326765,15620241.0,27726791.0,865483740.646698,,,25.21428529908057,42.99065420560748,62.03703703703704,52.51384562132226,88.37209302325581,95.56451612903226,True,69.15442812639074,34.0661825190819,Neutral,13.886835101101807,85.89161118508655,77.5027962716378,,,59.64432284541724,72.8,66.77605731692466,85.71428571428571,57.87347806172865,85.71428571428571,GREEN,Mid,10000000.0,GREEN,66.77605731692466,57.87347806172865,Hold,Hold,High,High,ttm(Mar 2026),ttm(Mar 2026),Mar 2026,False,False,Hold
AIIL,Financial Services,NotCyclical,44081.13003934593,0.5234643470678035,,0.2265073329712113,,,-34.56705506054375,21.029948377744333,0.11393360003014474,-0.22196435780947488,-0.011545968628401626,1.2668656110791163,True,False,52.73210895153815,25104368.0,29044079.0,123445946.34004211,,,21.029948377744333,100.0,,100.0,,1.0752688172043012,False,61.791428118847726,31.079419646843576,Neutral,46.37839608372589,47.73288948069241,28.957922769640476,,,60.46511627906976,80.4,67.64400373642503,71.42857142857143,51.03541248916284,85.71428571428571,N/A-financial-sector,Large,50000000.0,GREEN,66.64400373642503,50.03541248916284,Hold,Hold,High,High,ttm(Jun 2026),ttm(Jun 2026),Jun 2026,False,False,Hold
AJANTPHARM,Healthcare,NotCyclical,43139.57467537269,0.21958212839019944,0.3013579708412776,0.05743317870554451,93.75,13.363146117639246,17.3407917383821,40.84703713271176,0.24143385762457759,0.26499360645837156,0.34740489631132254,0.5544132664248438,True,True,66.62024496507276,1128753.0,5828462.0,301089892.60461426,0.7766666666666667,0.03500000000000014,40.84703713271176,88.57142857142857,94.28571428571428,91.42857142857142,52.4031007751938,64.78494623655914,False,52.61361815754339,80.10026514497237,Neutral,76.6121539072486,66.50785619174435,90.47589880159788,76.47058823529412,36.89075630252101,35.841313269493845,38.4,66.5740990934118,100.0,69.89530257026078,100.0,GREEN,Large,50000000.0,GREEN,66.5740990934118,69.89530257026078,Hold,Hold,High,High,ttm(Mar 2026),ttm(Mar 2026),Mar 2026,False,False,Hold
VIKRAMSOLR,Capital Goods,Cyclical,7056.729950775972,0.06412620251230593,0.20193053914993694,0.19445319886542703,5.725,32.323738241319376,40.27453271028036,14.411982699964174,-0.13634144950853122,-0.15038802993421307,,,False,False,50.196176714837726,-7763162.0,-41747791.0,383057429.8103943,,,14.411982699964174,14.018691588785046,61.111111111111114,37.56490134994808,86.9767441860465,90.05376344086021,False,84.45292910873034,,Neutral,4.748636296770195,85.89161118508655,77.5027962716378,,,4.1039671682626535,9.733333333333333,66.46298006162725,71.42857142857143,52.10810476383206,85.71428571428571,GREEN,Small,2500000.0,GREEN,66.46298006162725,52.10810476383206,Hold,Hold,High,High,ttm(Mar 2026),ttm(Mar 2026),Mar 2026,False,False,Hold
SHRIRAMFIN,Financial Services,NotCyclical,192728.713301925,0.1527901571649314,,3.8030886859431416,,,15.018997777618459,19.223119242147916,-0.014309272925669303,0.052239148446998174,0.5510248326322944,0.885383004000877,True,True,52.764259367310515,69427277.0,229199007.0,5325023106.544922,0.32833333333333314,4.16,19.223119242147916,64.70588235294117,,64.70588235294117,,57.123655913978496,False,54.48767848656967,92.36946543631832,Neutral,40.21833990348934,47.73288948069241,28.957922769640476,59.831932773109244,96.63865546218487,90.2872777017784,90.66666666666666,66.35204164838261,85.71428571428571,55.994419722197215,100.0,N/A-financial-sector,Large,50000000.0,GREEN,66.35204164838261,55.994419722197215,Hold,Hold,High,High,ttm(Mar 2026),ttm(Mar 2026),Mar 2026,False,False,Hold
HINDZINC,Metals & Mining,Cyclical,220513.5176801361,0.5399026172341893,0.5719662723890339,0.3856997657872641,25.062429057888764,6.202103902701461,19.836868820232965,15.94227282245056,-0.09963319410663729,-0.15616965712181963,0.2508508736626034,-0.18076764788494382,False,False,36.58685253465283,-29521777.0,244769421.0,2264590992.607086,-0.0016666666666667052,-0.0050000000000000044,15.94227282245056,100.0,100.0,100.0,29.457364341085274,70.16129032258065,False,62.61887645065215,29.397590530577407,Neutral,14.252425857645829,94.9462050599201,6.26444740346205,29.411764705882355,32.60504201680672,90.69767441860465,4.666666666666667,63.17534198510819,100.0,42.98479765585199,100.0,GREEN,Large,50000000.0,GREEN,66.17534198510819,45.98479765585199,Hold,Hold,High,High,ttm(Mar 2026),ttm(Mar 2026),Mar 2026,False,False,Hold
FEDERALBNK,Financial Services,NotCyclical,83196.85918382806,0.12788023650472793,,0.8289338960617336,,,6.501927795303186,17.18947400544819,0.10956344260668538,0.31006819938028385,0.5844203431203818,0.7575662224343309,True,True,56.81071465917766,333842412.0,634837693.0,2046434950.5291443,0.8583333333333337,2.545,17.18947400544819,42.016806722689076,,42.016806722689076,,28.360215053763444,False,70.18861306600891,92.08775099374843,Neutral,69.98853367641466,47.73288948069241,28.957922769640476,77.81512605042018,90.58823529411765,96.99042407660738,99.06666666666666,66.00772286069376,85.71428571428571,55.80133648464834,100.0,N/A-financial-sector,Large,50000000.0,GREEN,66.00772286069376,55.80133648464834,Hold,Hold,High,High,ttm(Jun 2026),ttm(Jun 2026),Jun 2026,False,False,Hold
MSUMI,Automobile and Auto Components,Cyclical,26396.277103018256,660.2935541595302,1.3689190660072041,0.1078204534937529,40.76923076923077,17.54113856218926,23.141293852590916,41.78947448730469,0.027716938711845884,-0.11906766630384091,-0.04724275225559793,-0.13699865820431234,True,False,53.1382275972462,237329349.0,346227375.0,347082246.4857044,0.054999999999999716,-0.11000000000000121,41.78947448730469,100.0,98.91304347826086,99.45652173913044,64.96124031007751,76.47849462365592,False,45.40615557585553,16.472863406929097,Neutral,37.2583994624976,100.0,53.26844207723036,36.470588235294116,25.71428571428571,93.70725034199727,97.2,65.88616641715483,100.0,57.64018131070177,100.0,GREEN,Mid,10000000.0,GREEN,65.88616641715483,57.64018131070177,Hold,Hold,High,High,ttm(Mar 2026),ttm(Mar 2026),Mar 2026,False,False,Hold
CGPOWER,Capital Goods,Cyclical,144310.45230237994,0.34785143510550104,0.26552496829720595,0.014805520702634882,65.64,21.2115477492943,25.307769929364277,119.57847110337629,0.1586653236938136,0.5886947858050142,0.3837287870401771,0.2047150260100452,True,True,50.370242495041914,-1737610.0,15105203.0,3065822003.433655,1.0099999999999996,1.004999999999999,119.57847110337629,93.45794392523365,83.33333333333334,88.3956386292835,74.72868217054264,79.70430107526882,False,19.16849132176235,75.04480346823425,Neutral,79.0923408298609,85.89161118508655,77.5027962716378,81.17647058823529,78.31932773109244,51.162790697674424,19.066666666666666,65.81686851239415,100.0,65.77749366422157,100.0,GREEN,Large,50000000.0,GREEN,65.81686851239415,65.77749366422157,Hold,Hold,High,High,ttm(Mar 2026),ttm(Mar 2026),Mar 2026,False,False,Hold
APLAPOLLO,Capital Goods,Cyclical,49766.385875836604,0.2072375817785585,0.26555770175285337,0.0940154804606381,14.416,12.599934417303583,9.362010633156114,41.359021688970934,-0.1639068605579922,-0.05915387049141696,0.05697275906257526,0.1647951405948893,False,False,44.52495019931842,-4048673.0,8873786.0,1014467096.7087402,1.156666666666667,2.2799999999999994,41.359021688970934,79.43925233644859,84.25925925925925,81.84925579785391,49.45736434108527,38.44086021505376,False,61.046728971962615,28.580685862479474,Neutral,6.818139900703078,85.89161118508655,77.5027962716378,83.52941176470588,88.90756302521008,41.313269493844054,13.600000000000001,62.73222119686191,100.0,50.26890076812756,100.0,GREEN,Large,50000000.0,GREEN,65.7322211968619,53.26890076812756,Hold,Hold,High,High,ttm(Mar 2026),ttm(Mar 2026),Mar 2026,False,False,Hold
PRUDENT,Financial Services,NotCyclical,11854.2119925444,0.29187406480401734,0.4235967600391542,0.03850509626274066,66.6,29.53323283773679,19.492293744333633,53.387396554285516,0.04058864504791959,0.16928661017668922,0.06374991384595297,0.47421410570623324,True,True,44.217046254835175,135541.0,286943.0,59161132.811035156,1.568,4.265000000000001,53.387396554285516,93.27731092436974,93.75,93.51365546218487,84.65116279069768,68.81720430107528,False,23.871670999929734,65.63734824941115,Neutral,56.38729445624283,47.73288948069241,28.957922769640476,88.57142857142857,96.97478991596638,19.425444596443228,29.46666666666667,65.46982985008493,100.0,59.35992442820438,100.0,N/A-financial-sector,Small,2500000.0,GREEN,65.46982985008493,59.35992442820438,Hold,Hold,High,High,ttm(Mar 2026),ttm(Mar 2026),Mar 2026,False,False,Hold
RRKABEL,Capital Goods,Cyclical,27176.441910687612,0.16045029069515235,0.18862390233713583,0.13087378640776698,10.207792207792208,20.193703284293065,27.63192438960358,55.2239812162589,0.6403210449144525,0.6040732072116366,0.8191125189021815,0.34491230708511433,True,True,60.422568444724504,8066522.0,25260604.0,1256442549.7939453,,,55.2239812162589,61.6822429906542,55.55555555555556,58.61889927310488,72.24806201550388,82.39247311827957,False,42.40876724521585,86.42320802618218,Neutral,95.82917172695612,85.89161118508655,77.5027962716378,,,58.686730506155946,64.66666666666666,65.4422451901004,85.71428571428571,72.20873898114095,85.71428571428571,GREEN,Mid,10000000.0,GREEN,65.4422451901004,72.20873898114095,Hold,Hold,High,High,ttm(Mar 2026),ttm(Mar 2026),Mar 2026,False,False,Hold
JAYNECOIND,Capital Goods,Cyclical,8929.008178391046,0.16753361260035582,0.17951141529710507,0.7423442449841605,3.1173708920187795,4.237954484108863,22.186443406858803,15.833046103919022,-0.03513738832387303,0.07276965438798277,1.4188798531817968,0.9431769659329163,False,True,52.478405841748994,1412157.0,207185144.0,421031545.2751312,0.0,0.0,15.833046103919022,67.28971962616822,47.22222222222222,57.255970924195225,22.945736434108525,74.59677419354838,True,82.55430004233287,95.85283514564306,Neutral,19.256127669793354,85.89161118508655,77.5027962716378,29.747899159663866,33.36134453781512,89.46648426812585,40.266666666666666,65.13450578259368,100.0,55.848860265098345,100.0,GREEN,Small,2500000.0,GREEN,65.13450578259368,55.848860265098345,Hold,Hold,High,High,ttm(Jun 2026),ttm(Jun 2026),Jun 2026,False,False,Hold
TENNIND,Automobile and Auto Components,Cyclical,22539.907340875838,0.3971398596622707,0.579382101160343,0.04257095158597663,27.205882352941178,3.835537139811196,10.511247443762773,37.29278238061915,-0.06376908616066046,0.04329130325210384,,,False,,38.82497564874142,11866912.0,,289925285.118927,,,37.29278238061915,97.82608695652173,98.91304347826086,98.3695652173913,21.86046511627907,41.935483870967744,False,50.42547958681752,,Neutral,15.81472465734808,100.0,53.26844207723036,,,,69.33333333333334,65.11374108914414,57.14285714285714,48.922499250709414,85.71428571428571,GREEN,Mid,10000000.0,GREEN,65.11374108914414,48.922499250709414,Hold,Hold,Med,High,annual,ttm(Mar 2026),Mar 2026,False,False,Hold
DIXON,Consumer Durables,NotCyclical,100796.70343603397,0.2952061114595158,0.3405532687528594,0.21252939918751337,13.627737226277372,58.853948722551095,25.766192326496995,61.100113717727325,0.2939969672642939,0.29088805837337595,-0.08061216488290113,0.16311995432447102,True,True,75.67920090107249,5262971.0,-2020787.0,6359424913.0,3.1216666666666666,3.6500000000000004,61.100113717727325,90.2439024390244,92.6829268292683,91.46341463414635,95.65891472868216,80.3763440860215,True,33.140854472630174,52.937361892678744,Extended,82.96703925948626,25.229560585885487,54.25752330226364,96.1344537815126,95.46218487394958,15.731874145006842,58.13333333333334,66.05132144409819,100.0,72.74271548110599,100.0,GREEN,Large,50000000.0,GREEN,65.05132144409819,71.74271548110599,Hold,Hold,High,High,ttm(Mar 2026),ttm(Mar 2026),Mar 2026,False,False,Hold
CRIZAC,Consumer Services,NotCyclical,3303.891459212136,0.3812474317437962,0.45519252582605185,0.003418803418803419,,30.117444770610334,22.705882352941174,15.086262370831669,-0.17389780708963753,-0.24645357852124483,-0.41585380045372833,,False,False,32.610927504531304,-1401573.0,-2026799.0,46184138.45336151,,,15.086262370831669,100.0,100.0,100.0,85.27131782945736,75.53763440860214,False,67.31700237998491,4.887469169635517,Pulled back,3.819100486261845,7.985885486018644,14.776830892143808,,,15.595075239398085,19.6,61.95682161805641,85.71428571428571,50.925368569915236,85.71428571428571,GREEN,Small,2500000.0,GREEN,64.95682161805641,53.925368569915236,Hold,Hold,High,High,ttm(Mar 2026),ttm(Mar 2026),Mar 2026,False,False,Hold
SYRMA,Capital Goods,Cyclical,29894.988376654466,0.12190606638560737,0.1494655018875768,0.13971358714635,11.354166666666666,33.00735527095367,27.25112226036441,85.26347451581213,0.47807137644655584,1.0191435050571678,1.1026394597945939,1.8915572662851816,True,True,61.43280735007943,25527563.0,99356682.0,1303643184.916748,2.0575,3.2900000000000005,85.26347451581213,32.71028037383177,31.48148148148148,32.09588092765662,87.44186046511628,81.72043010752688,False,22.718068535825545,97.95178567038069,Neutral,94.4448145030873,85.89161118508655,77.5027962716378,92.10084033613445,94.11764705882352,80.1641586867305,80.66666666666666,64.76883601477083,100.0,66.88066454897475,100.0,GREEN,Mid,10000000.0,GREEN,64.76883601477083,66.88066454897475,Hold,Hold,High,High,ttm(Mar 2026),ttm(Mar 2026),Mar 2026,False,False,Hold
CAPLIPOINT,Healthcare,NotCyclical,20584.103840682787,0.20821059801265307,0.2280886542579782,0.0013943112102621305,761.0,14.236851007300299,12.906556530717594,31.667852062588906,0.5115431929464125,0.48430296130436234,0.3123063015135137,0.8456073725362936,True,True,67.54753809267399,3708485.0,4844501.0,238680040.975708,-0.003333333333333336,0.14999999999999997,31.667852062588906,85.71428571428571,75.71428571428571,80.71428571428571,54.263565891472865,52.1505376344086,False,61.713657425587066,80.40423126521596,Neutral,91.8339785850988,66.50785619174435,90.47589880159788,29.2436974789916,47.22689075630252,33.378932968536255,52.0,61.74314845403831,100.0,72.04931145125445,100.0,GREEN,Mid,10000000.0,GREEN,64.7431484540383,75.04931145125445,Hold,Hold,High,High,ttm(Mar 2026),ttm(Mar 2026),Mar 2026,False,False,Hold
CRAMC,Financial Services,NotCyclical,5147.706750321061,0.2910371372760706,0.38364294153615186,0.024161073825503355,141.5,30.77355752456232,12.376237623762387,25.233856619220887,-0.06106842918230615,-0.07330012706491451,,,True,,57.34829191747451,1874226.0,-21363132.0,77543583.22198486,,,25.233856619220887,92.43697478991596,89.58333333333334,91.01015406162466,85.5813953488372,50.26881720430107,True,44.182453798046524,,Neutral,22.1790367403003,47.73288948069241,28.957922769640476,,,6.429548563611491,43.06666666666666,65.65426004114684,71.42857142857143,47.66238289612302,85.71428571428571,N/A-financial-sector,Small,2500000.0,GREEN,64.65426004114684,46.66238289612302,Hold,Hold,High,High,annual,ttm(Mar 2026),Mar 2026,False,False,Hold
BANKINDIA,Financial Services,NotCyclical,65264.53131079252,0.09737312781093682,,1.3186820516240911,,,6.03719077803333,6.330830469569553,-0.002009203813014282,0.0030632417503853038,0.29200438715697485,0.2680388705375345,True,True,50.98112185812039,14828924.0,283725962.0,1384891610.311119,1.4516666666666664,4.225,6.330830469569553,26.89075630252101,,26.89075630252101,,26.881720430107524,False,90.84010318843204,75.60789432270043,Neutral,39.231915362397324,47.73288948069241,28.957922769640476,87.73109243697479,96.80672268907563,91.92886456908344,72.39999999999999,64.61413902193765,85.71428571428571,48.05561973818536,100.0,N/A-financial-sector,Large,50000000.0,GREEN,64.61413902193765,48.05561973818536,Hold,Hold,High,High,ttm(Mar 2026),ttm(Mar 2026),Mar 2026,False,False,Hold
MARKSANS,Healthcare,NotCyclical,12543.05884636405,0.1496472401621352,0.1872560319847745,0.11346344690704598,25.041666666666668,16.799973000464853,12.466641250476563,29.832070000380888,0.5565292006999205,0.586574481484728,0.08553095846828529,0.4655563353120342,True,True,62.92780418160398,35426654.0,67270095.0,424391565.38666534,2.5266666666666664,1.2600000000000002,29.832070000380888,48.57142857142857,40.0,44.285714285714285,63.25581395348837,50.806451612903224,False,71.98696300950287,62.880266432271036,Neutral,94.43491911235603,66.50785619174435,90.47589880159788,94.28571428571428,82.52100840336134,73.32421340629274,84.13333333333334,64.31383442021676,100.0,71.55808868908198,100.0,GREEN,Mid,10000000.0,GREEN,64.31383442021676,71.55808868908198,Hold,Hold,High,High,ttm(Mar 2026),ttm(Mar 2026),Mar 2026,False,False,Hold
AVALON,Capital Goods,Cyclical,11804.893453972278,0.2570457799944518,0.16545629137918974,0.29542302357836336,11.533333333333333,19.261583465094766,45.992714025500916,104.46808366347148,0.6413779696473518,0.9853981801884253,1.0655565008307772,2.297453625292523,True,True,57.02663675720799,3241710.0,21049254.0,543348985.2932739,12.754999999999999,12.754999999999999,104.46808366347148,89.7196261682243,38.88888888888889,64.30425752855659,70.23255813953489,91.93548387096774,True,13.621413917743984,98.37657327657759,Neutral,97.72432045126332,85.89161118508655,77.5027962716378,99.07563025210084,99.07563025210084,55.81395348837209,49.733333333333334,64.28906110384298,100.0,70.72863383890474,100.0,GREEN,Small,2500000.0,GREEN,64.28906110384298,70.72863383890474,Hold,Hold,High,High,ttm(Mar 2026),ttm(Mar 2026),Mar 2026,False,False,Hold
FIVESTAR,Financial Services,NotCyclical,16312.266615140445,0.15476053771196813,,1.1109605744479067,,,13.031260976466452,14.8149641246187,0.17081700765271024,0.08932272277576558,-0.269756041873488,-0.30626361112248,True,True,66.839244028553,22972364.0,98060098.0,443486716.4456024,15.193333333333333,22.855,14.8149641246187,65.54621848739495,,65.54621848739495,,52.284946236559136,False,63.24367449281969,15.61601308821576,Neutral,68.99339423809971,47.73288948069241,28.957922769640476,99.07563025210084,99.07563025210084,79.75376196990423,78.93333333333334,61.24400106930236,85.71428571428571,62.910629020294955,100.0,N/A-financial-sector,Mid,10000000.0,GREEN,64.24400106930236,65.91062902029495,Hold,Hold,High,High,ttm(Mar 2026),ttm(Mar 2026),Mar 2026,False,False,Hold
INDGN,Healthcare,NotCyclical,12305.76305675793,0.19228949533180714,0.2265493389877377,0.04587448231920994,32.578947368421055,15.03127614496873,23.63508277562523,30.614140935112722,0.05896375586949487,9.79023510363497e-05,-0.09397996072840442,-0.07445004251066079,False,True,49.85060760202581,1880903.0,963147.0,94875247.76257324,,,30.614140935112722,80.0,72.85714285714285,76.42857142857142,57.20930232558139,77.68817204301075,False,76.5061258148119,35.82907628023989,Neutral,18.4096184260259,66.50785619174435,90.47589880159788,,,22.845417236662108,43.2,61.198087268002006,85.71428571428571,62.05743562576319,85.71428571428571,GREEN,Mid,10000000.0,GREEN,64.19808726800201,65.05743562576319,Hold,Hold,High,High,ttm(Mar 2026),ttm(Mar 2026),Mar 2026,False,False,Hold
BANKBARODA,Financial Services,NotCyclical,129843.17512373056,0.1409669943907566,,1.0266957659357685,,,4.564955035621132,6.467830243598796,-0.0878224443836797,-0.15080002575896845,0.07956121989186737,0.010729544290643878,False,False,38.15786509143347,-21191119.0,114314317.0,3057204898.7985077,0.6516666666666667,0.23000000000000131,6.467830243598796,57.14285714285714,,57.14285714285714,,22.446236559139784,False,91.62080514131837,28.099639339622225,Neutral,7.766031672674835,47.73288948069241,28.957922769640476,72.77310924369748,53.27731092436975,81.1217510259918,6.0,64.18056713195811,85.71428571428571,39.0905379237242,100.0,N/A-financial-sector,Large,50000000.0,GREEN,64.18056713195811,39.0905379237242,Hold,Sell,High,High,ttm(Mar 2026),ttm(Mar 2026),Mar 2026,False,False,Sell
DATAPATTNS,Capital Goods,Cyclical,23160.519363217583,0.14706828548667383,0.20785472613250214,0.002880184331797235,31.166666666666668,26.866758493294228,30.508474576271194,85.4631710819837,0.1946013916493996,0.5984564546956397,0.4582950329630284,0.24272182143630627,False,True,40.311820555131476,7787238.0,40028774.0,3929034364.855957,1.205,0.0,85.4631710819837,52.336448598130836,68.51851851851852,60.42748355832468,81.08527131782945,84.81182795698925,False,20.898976412995104,78.58296361800555,Neutral,42.04659572226463,85.89161118508655,77.5027962716378,84.36974789915966,33.36134453781512,65.11627906976744,63.33333333333333,64.11844176101526,100.0,52.63151373711046,100.0,GREEN,Mid,10000000.0,GREEN,64.11844176101526,52.63151373711046,Hold,Hold,High,High,ttm(Mar 2026),ttm(Mar 2026),Mar 2026,False,False,Hold
CAMS,Financial Services,NotCyclical,18464.541066487633,0.38042568650311354,0.5036164803644547,0.04844814534443603,97.57142857142857,15.969640833747079,6.610407876230662,39.07908301695825,0.007665234981036884,0.06715058642013849,-0.05724473870572633,0.03272228329738747,False,True,41.655340672088464,6554030.0,23568704.0,872762309.0673218,1.8333333333333337,3.3950000000000005,39.07908301695825,96.63865546218487,97.91666666666666,97.27766106442576,60.93023255813953,28.49462365591398,False,36.18027288417076,43.3134984908858,Neutral,23.517110560890327,47.73288948069241,28.957922769640476,90.58823529411765,94.45378151260503,57.45554035567716,61.73333333333333,64.10079161894387,100.0,48.63790764311303,100.0,N/A-financial-sector,Mid,10000000.0,GREEN,64.10079161894387,48.63790764311303,Hold,Hold,High,High,ttm(Mar 2026),ttm(Mar 2026),Mar 2026,False,False,Hold
NEULANDLAB,Healthcare,NotCyclical,24057.537626449546,0.1908605110733741,0.26066083910488985,0.16053333333333333,24.166666666666668,19.314907007563043,36.96682464454977,66.09446598519563,0.23345612419418504,0.3088789613290521,0.5256100108368151,1.4401615961669139,True,True,57.99675660716574,458725.0,928089.0,626127297.5,0.8283333333333333,1.6600000000000001,66.09446598519563,78.57142857142857,85.71428571428571,82.14285714285714,70.54263565891473,88.84408602150538,True,25.92967093379408,93.02009128757776,Neutral,77.80501917496417,66.50785619174435,90.47589880159788,77.31092436974791,86.21848739495799,22.43502051983584,32.666666666666664,64.05027968965605,100.0,72.12614129376837,100.0,GREEN,Mid,10000000.0,GREEN,64.05027968965605,72.12614129376837,Hold,Hold,High,High,ttm(Mar 2026),ttm(Mar 2026),Mar 2026,False,False,Hold
GRAVITA,Metals & Mining,Cyclical,13475.272798129385,0.22428368203958315,0.19557106184727774,0.300163132137031,17.4,15.045236767281223,10.289555325749733,35.64192480031171,0.10986409421481969,0.12556907377893833,0.05222295472368654,0.3243031007515622,True,True,62.092885608964444,3183967.0,8901774.0,302928399.809021,1.508333333333333,3.54,35.64192480031171,75.0,66.66666666666666,70.83333333333333,57.36434108527132,41.39784946236559,False,48.648865153538054,51.287628657581315,Neutral,68.74626699465912,94.9462050599201,6.26444740346205,88.0672268907563,95.04201680672269,41.4500683994528,49.6,63.98088311701469,100.0,52.54042697838001,100.0,GREEN,Mid,10000000.0,GREEN,63.98088311701469,52.54042697838001,Hold,Hold,High,High,ttm(Mar 2026),ttm(Mar 2026),Mar 2026,False,False,Hold
EICHERMOT,Automobile and Auto Components,Cyclical,203486.65821147917,0.1923735648067734,0.21994313368976937,0.020478087649402392,80.34722222222223,17.466038536149764,24.048754636989923,36.89327630793714,0.02423029131575305,0.0019584008643975803,0.3389207002744714,0.5980723528247314,True,True,52.668515219645535,-2236551.0,1020172.0,3361972580.0,0.033333333333333805,-0.22499999999999876,36.89327630793714,76.08695652173914,65.21739130434783,70.65217391304348,64.8062015503876,78.09139784946237,False,51.070686841714874,81.13398327133349,Neutral,42.55537070025767,100.0,53.26844207723036,33.4453781512605,20.33613445378151,23.25581395348837,17.333333333333336,63.713978962630264,100.0,51.757327670064534,100.0,GREEN,Large,50000000.0,GREEN,63.713978962630264,51.757327670064534,Hold,Hold,High,High,ttm(Mar 2026),ttm(Mar 2026),Mar 2026,False,False,Hold
IIFLCAPS,Financial Services,NotCyclical,10552.308355028701,0.23516880317493022,0.268315546254012,0.5941272430668841,4.038095238095238,21.148789825607505,0.582120582120571,18.657996341808765,0.08495573257114852,-0.08054667192319154,0.03133705443973489,0.6823764114972395,False,True,44.67885226547453,-667482.0,22443327.0,154074911.2286682,,,18.657996341808765,84.87394957983193,68.75,76.81197478991596,74.57364341085271,13.03763440860215,True,49.02343475511208,64.3042485170858,Neutral,24.524952239017285,47.73288948069241,28.957922769640476,,,56.49794801641587,22.400000000000002,64.60048048290491,85.71428571428571,37.75098856965737,85.71428571428571,N/A-financial-sector,Small,2500000.0,GREEN,63.60048048290491,36.75098856965737,Hold,Sell,High,High,ttm(Mar 2026),ttm(Mar 2026),Mar 2026,False,False,Sell
KPITTECH,Information Technology,NotCyclical,15105.80363218246,0.2454703918912502,0.3458199976268289,0.23665631177633437,16.486486486486488,24.252096704797243,10.492981855528939,23.713977444556452,-0.2492511475257243,-0.5291358380430254,-0.562187621953572,-0.6685539554471183,False,False,24.702142109476682,-23441643.0,-58358110.0,1224247652.560852,1.6049999999999998,1.1099999999999994,23.713977444556452,77.14285714285715,88.57142857142857,82.85714285714286,78.91472868217055,41.80107526881721,False,79.16629580180982,1.3270531668355228,Pulled back,3.811267270533813,13.445272969374168,39.410652463382156,88.90756302521008,80.50420168067227,3.4199726402188784,5.466666666666667,60.29964531062815,100.0,47.85909073051574,100.0,GREEN,Mid,10000000.0,GREEN,63.29964531062815,50.85909073051574,Hold,Hold,High,High,ttm(Mar 2026),ttm(Mar 2026),Mar 2026,False,False,Hold
REDINGTON,Services,NotCyclical,18599.811533940927,0.1767678908285365,0.19339935946890258,0.2797244094488189,4.922431865828092,14.502341438087306,19.961946564117028,14.485834527991374,0.24033444115446279,0.03337740326269767,-0.058826876688125695,0.37616047175456546,True,True,59.34270372996007,147090621.0,407267160.0,652977793.3746109,3.016666666666666,-1.7700000000000014,14.485834527991374,70.83333333333334,68.0,69.41666666666667,55.19379844961241,70.6989247311828,False,57.76101468624833,51.619765959716766,Neutral,73.13068689196126,32.419973368841546,58.78482023968043,95.63025210084034,2.857142857142857,94.8016415868673,95.86666666666666,63.292277510562364,100.0,63.465028441499996,100.0,GREEN,Mid,10000000.0,GREEN,63.292277510562364,63.465028441499996,Hold,Hold,High,High,ttm(Mar 2026),ttm(Mar 2026),Mar 2026,False,False,Hold
LUMAXTECH,Automobile and Auto Components,Cyclical,12017.827138292327,0.17806137564563285,0.2051890213137476,1.0165152766308836,6.276190476190476,38.15099651331679,33.9015672257355,35.65249326525079,-0.18742341284629227,-0.03460821098972111,0.2912975751871556,1.5638558657278763,False,False,38.54461770044234,129213.0,12389159.0,228409259.0756836,0.014999999999999828,-0.3600000000000003,35.65249326525079,69.56521739130434,58.69565217391305,64.13043478260869,90.3875968992248,86.96236559139786,False,47.40496100063242,40.876129141979334,Neutral,7.292760452177989,100.0,53.26844207723036,31.932773109243694,15.630252100840336,46.785225718194255,29.2,63.29019064718783,100.0,43.143568051427884,100.0,GREEN,Mid,10000000.0,GREEN,63.29019064718783,43.143568051427884,Hold,Hold,High,High,ttm(Mar 2026),ttm(Mar 2026),Mar 2026,False,False,Hold
RHIM,Capital Goods,Cyclical,8385.09696129199,0.07752875613627133,0.20589076225898328,0.12580735748385286,11.945945945945946,13.82388390044158,9.360544217687083,-21.893203554287183,0.009952724709496374,-0.08847966534147411,-0.1561809844665465,-0.3467397129855888,True,False,56.54313824556656,74465442.0,83879166.0,84720847.43077087,1.241666666666667,3.54,,16.822429906542055,65.74074074074075,41.2815853236414,53.7984496124031,38.306451612903224,False,89.60972353381746,11.982946769769908,Neutral,34.529813159570324,85.89161118508655,77.5027962716378,85.04201680672269,95.04201680672269,77.1545827633379,91.46666666666667,63.22137554254625,100.0,61.03246988217165,100.0,GREEN,Small,2500000.0,GREEN,63.22137554254625,61.03246988217165,Hold,Hold,High,High,ttm(Mar 2026),ttm(Mar 2026),Mar 2026,False,False,Hold
LICI,Financial Services,NotCyclical,554417.6397769579,0.4945466494548318,0.4569185635125532,0.0,,7.611313253053642,9.991808703449223,9.652058749019352,0.08338189947916685,0.07862764438952996,-0.014479159104280437,-0.09805449699358071,True,True,60.78873937591503,62764949.0,67046691.0,1269648314.5676422,-0.04800000000000001,-0.020000000000000025,9.652058749019352,99.15966386554622,95.83333333333334,97.49649859943978,33.02325581395349,40.18817204301075,False,73.87058450815776,42.74894657175738,Neutral,56.622503472876815,47.73288948069241,28.957922769640476,25.04201680672269,31.092436974789916,73.05061559507524,89.33333333333333,60.082191104776,100.0,60.74010815101272,100.0,N/A-financial-sector,Large,50000000.0,GREEN,63.082191104776,63.74010815101272,Hold,Hold,High,High,ttm(Mar 2026),ttm(Mar 2026),Mar 2026,False,False,Hold
CORONA,Healthcare,NotCyclical,12619.969670749711,0.22234130416053655,0.3020859385142065,0.22088353413654618,42.0,16.6456288186096,17.307692307692314,68.23859558307171,0.2820056925955938,0.4826881546822981,,,True,,70.44465900070314,1119188.0,,44130726.1126709,,,68.23859558307171,91.42857142857143,95.71428571428572,93.57142857142858,62.63565891472869,64.51612903225806,False,21.79219351291919,,Extended,81.94927431902201,66.50785619174435,90.47589880159788,,,,38.13333333333333,62.791076975349064,57.14285714285714,69.11475461376354,85.71428571428571,GREEN,Mid,10000000.0,GREEN,62.791076975349064,69.11475461376354,Hold,Hold,Med,High,annual,ttm(Mar 2026),Mar 2026,False,False,Hold
GABRIEL,Automobile and Auto Components,Cyclical,19574.15314503205,0.18998461086754137,0.2908239331782728,0.10818713450292397,31.285714285714285,,14.837598425196852,77.63097671821612,0.3392935932303114,0.43103084831949556,0.26379875430085575,1.7728120096140478,True,True,70.32470786068791,5024153.0,11805893.0,330272795.0430298,0.71,0.38500000000000023,77.63097671821612,73.91304347826086,86.95652173913044,80.43478260869566,,56.72043010752689,False,13.701075117700794,80.8215901611709,Extended,89.37864032504233,100.0,53.26844207723036,74.78991596638656,60.67226890756302,45.96443228454172,56.93333333333334,62.75893229678174,85.71428571428571,59.47920664227303,100.0,GREEN,Mid,10000000.0,GREEN,62.75893229678174,59.47920664227303,Hold,Hold,High,High,ttm(Mar 2026),ttm(Mar 2026),Mar 2026,False,False,Hold
HINDALCO,Metals & Mining,Cyclical,215572.85008450487,0.10220888893801121,0.14911928125672402,0.7260420403710565,10.022988505747126,7.19685771317724,15.282436602710314,16.095637379076656,-0.05018035317895142,0.02990964782283001,0.4477622980160061,0.4012399996576508,False,True,41.972063290533086,-32066339.0,156128126.0,5363211010.443817,0.7866666666666671,0.25500000000000256,16.095637379076656,37.5,29.166666666666668,33.333333333333336,31.782945736434108,58.602150537634415,False,67.55212077641984,80.54413804333787,Neutral,24.919460337613355,94.9462050599201,6.26444740346205,76.9747899159664,55.12605042016807,86.04651162790698,3.733333333333334,62.6760928918652,100.0,37.2856034553165,100.0,GREEN,Large,50000000.0,GREEN,62.6760928918652,37.2856034553165,Hold,Sell,High,High,ttm(Mar 2026),ttm(Mar 2026),Mar 2026,False,False,Sell
ADANIPOWER,Power,NotCyclical,421791.22597634257,0.318400912451968,0.19081505942071436,0.8418929115912346,5.882387882387882,11.840584344718842,-3.4926961194242323,32.51801911775056,0.07837477144677374,0.5104617097846103,0.7929464830095805,0.5512499561450535,False,True,43.61509282728949,-104863707.0,858512713.0,7424100785.176575,0.23333333333333353,3.280000000000001,32.51801911775056,90.47619047619048,90.47619047619048,90.47619047619048,47.44186046511628,8.333333333333332,True,46.90799854351256,90.7771201344218,Neutral,39.501982780763115,35.61571238348868,2.060452729693742,54.45378151260504,93.94957983193277,97.94801641586868,1.0666666666666667,65.61775182838598,100.0,43.07716151716799,100.0,GREEN,Large,50000000.0,GREEN,62.61775182838598,40.07716151716799,Hold,Hold,High,High,ttm(Mar 2026),ttm(Mar 2026),Mar 2026,False,False,Hold
KSB,Capital Goods,Cyclical,,,,,,,4.607046070460696,61.40551281680817,-0.06552283256163116,0.2503199925851147,0.04303477177655446,-0.050745201149773544,True,True,50.66955277885068,1693338.0,22115994.0,119816701.2381897,0.16166666666666663,0.2500000000000002,61.40551281680817,,,,,22.58064516129032,False,,49.92596425688105,Neutral,40.662409801480024,85.89161118508655,77.5027962716378,47.73109243697479,54.78991596638656,56.36114911080712,41.733333333333334,62.373561685884056,57.14285714285714,47.44862092891864,71.42857142857143,GREEN,,,GREEN,62.373561685884056,47.44862092891864,Hold,Hold,Med,High,ttm(Mar 2026),ttm(Mar 2026),Mar 2026,False,True,Hold
USHAMART,Capital Goods,Cyclical,15246.337475474165,0.16564584803126223,0.1581487169550351,0.0693519079345851,35.25,4.140741542275417,6.246401842256755,32.71746239372139,0.12352610892756877,0.15905929778884031,0.361184814796085,0.2490969832588521,True,True,53.05445137845618,8979615.0,30131390.0,214946311.9666443,1.1916666666666667,2.135,32.71746239372139,66.35514018691589,36.11111111111111,51.2331256490135,22.790697674418606,27.284946236559136,False,74.53604806408545,74.0943746246218,Neutral,66.38503105263057,85.89161118508655,77.5027962716378,84.03361344537815,88.23529411764706,61.2859097127223,66.0,62.358906799644274,100.0,63.84605758166156,100.0,GREEN,Mid,10000000.0,GREEN,62.358906799644274,63.84605758166156,Hold,Hold,High,High,ttm(Mar 2026),ttm(Mar 2026),Mar 2026,False,False,Hold
JSLL,Consumer Services,NotCyclical,7189.814822413339,0.35257200072510564,0.4425876325808071,0.27194860813704497,26.846153846153847,75.96990265124597,70.78891257995737,32.40470715167811,-0.14444285164699622,-0.1936114438572787,0.044344555561546484,-0.4710301642022039,False,False,47.03982583955676,-1228028.0,3025006.0,330480782.4855652,0.4475,0.895,32.40470715167811,95.65217391304348,97.82608695652173,96.73913043478261,97.98449612403101,96.10215053763442,False,38.06785859406745,24.72509548870399,Neutral,4.278626111696497,7.985885486018644,14.776830892143808,65.71428571428571,76.30252100840336,29.138166894664842,20.0,62.342632957576996,100.0,51.48341633893197,100.0,GREEN,Small,2500000.0,GREEN,62.342632957576996,51.48341633893197,Hold,Hold,High,High,annual,ttm(Mar 2026),Mar 2026,False,False,Hold
NUVAMA,Financial Services,NotCyclical,33576.77960116498,0.22146998669067236,0.15732391739949453,2.8012618296529967,2.498464687819857,27.715940566952057,11.42925890279114,32.11130477241848,0.35164825443145586,0.31262457416549627,0.28566186595403953,1.0604358465521977,True,True,55.79611341002312,7876754.0,11361295.0,719176038.7022705,,,32.11130477241848,83.19327731092437,56.25,69.72163865546219,82.63565891472868,45.96774193548387,True,35.66690546745254,82.67187004091669,Neutral,89.83838682245039,47.73288948069241,28.957922769640476,,,44.87004103967168,63.733333333333334,63.313553711071386,85.71428571428571,58.98138794370438,85.71428571428571,N/A-financial-sector,Mid,10000000.0,GREEN,62.313553711071386,57.98138794370438,Hold,Hold,High,High,ttm(Mar 2026),ttm(Mar 2026),Mar 2026,False,False,Hold
SKYGOLD,Consumer Durables,NotCyclical,9872.37927122513,0.19686310458956183,0.16182908649632977,0.7247706422018348,5.493670886075949,76.03403419620913,77.423900789177,34.77374369871683,0.5126367246829435,0.8859264815288432,0.9641843616139514,2.2200410532128827,True,True,70.4276320689262,18629434.0,47047115.0,489158381.49417114,0.03,0.08499999999999999,34.77374369871683,73.17073170731707,36.58536585365854,54.8780487804878,99.06976744186046,97.04301075268818,False,35.71276853987135,97.95527280712099,Extended,95.05533977413718,25.229560585885487,54.25752330226364,33.10924369747899,41.84873949579832,67.57865937072503,75.33333333333333,62.27746353784245,100.0,68.55423570778706,100.0,GREEN,Small,2500000.0,GREEN,62.27746353784245,68.55423570778706,Hold,Hold,High,High,ttm(Mar 2026),ttm(Mar 2026),Mar 2026,False,False,Hold
CHOICEIN,Financial Services,NotCyclical,19649.006570056616,0.15850869862566014,0.17286790942289965,0.5430622009569378,4.49438202247191,41.73567577986279,22.967032967032974,79.46797789024016,0.11285870470562709,-0.0047504923969453605,0.14965792995119442,1.0610705583394946,True,True,63.28004494798468,19716592.0,33049373.0,516487731.9744568,1.3833333333333335,0.18000000000000016,79.46797789024016,67.22689075630252,58.333333333333336,62.780112044817926,91.93798449612403,76.0752688172043,True,17.350613826565503,75.06672921369683,Neutral,56.017082741197854,47.73288948069241,28.957922769640476,87.05882352941177,50.168067226890756,62.927496580027366,76.26666666666667,63.211686959055406,100.0,52.29394713448321,100.0,N/A-financial-sector,Mid,10000000.0,GREEN,62.211686959055406,51.29394713448321,Hold,Hold,High,High,ttm(Mar 2026),ttm(Mar 2026),Mar 2026,False,False,Hold
SHAKTIPUMP,Capital Goods,Cyclical,6802.323909918543,0.15490672892647395,0.2278936469804965,0.2961876832844575,7.1525423728813555,40.73070479777472,7.151370679380209,26.090564248458985,-0.008379931896691839,-0.23671801724901376,-0.4008304224329168,-0.22863308945021188,True,False,45.216700320664536,28843418.0,161552349.0,389373505.66897583,0.056666666666666664,0.255,26.090564248458985,57.943925233644855,75.92592592592592,66.93492557978539,91.31782945736434,30.64516129032258,True,55.331987365267516,6.551354722442423,Neutral,26.64975853936212,85.89161118508655,77.5027962716378,36.63865546218487,54.957983193277315,87.00410396716826,82.13333333333334,63.174008694968435,100.0,51.47398453625376,100.0,GREEN,Small,2500000.0,GREEN,62.174008694968435,50.47398453625376,Hold,Hold,High,High,ttm(Mar 2026),ttm(Mar 2026),Mar 2026,False,False,Hold
DCBBANK,Financial Services,NotCyclical,6001.884576585185,0.10695800529293531,,0.9312930374904361,,,14.45131375579598,8.113626256734328,-0.028671268053444776,0.018936675389763513,0.31725442971163287,0.4226264805650557,True,True,51.220563099555754,5129259.0,53010441.0,176163971.38713837,0.7016666666666665,-0.20999999999999996,8.113626256734328,30.252100840336134,,30.252100840336134,,54.97311827956989,False,90.47517742955519,78.9648801928955,Neutral,35.29759474605912,47.73288948069241,28.957922769640476,74.45378151260505,21.008403361344538,69.08344733242134,57.199999999999996,62.119395035649,85.71428571428571,45.96357940387689,100.0,N/A-financial-sector,Small,2500000.0,GREEN,62.119395035649,45.96357940387689,Hold,Hold,High,High,ttm(Mar 2026),ttm(Mar 2026),Mar 2026,False,False,Hold
NLCINDIA,Power,NotCyclical,44619.61992158664,0.1317653646780181,0.11744147790602345,1.2957955865272939,4.572831423895254,2.6608132217047276,14.456806282722523,11.838583157757135,-0.011992751185432637,0.19437230300427122,0.35079643601028754,0.15385055870190478,False,True,40.341482444659796,-62344016.0,120755596.0,1381475760.1898193,0.5616666666666666,1.2850000000000001,11.838583157757135,61.904761904761905,66.66666666666666,64.28571428571428,17.364341085271317,55.107526881720425,False,89.38948901565725,76.69869920577432,Neutral,31.86426445394672,35.61571238348868,2.060452729693742,68.82352941176471,82.85714285714286,82.21614227086184,2.1333333333333333,59.1096574031692,100.0,50.72662751541271,100.0,GREEN,Large,50000000.0,GREEN,62.1096574031692,53.72662751541271,Hold,Hold,High,High,ttm(Mar 2026),ttm(Mar 2026),Mar 2026,False,False,Hold
HAL,Capital Goods,Cyclical,296540.8585438829,0.23168860173906453,0.2866369810725512,0.0002680246582685607,1628.3333333333333,7.1104615311553765,6.804170297924528,32.52971243351064,0.020554679407871923,0.004096145920678529,-0.07817438688502087,-0.1941177232789223,True,True,53.080491186170185,-5500087.0,-7422829.0,3634604780.6748047,0.16333333333333355,-0.3249999999999993,32.52971243351064,85.98130841121495,88.88888888888889,87.43509865005191,31.472868217054263,29.435483870967744,False,76.58371161548732,35.76494247149361,Neutral,42.70226834170044,85.89161118508655,77.5027962716378,48.23529411764706,17.142857142857142,9.849521203830369,11.733333333333333,58.93177030471745,100.0,55.519873803450736,100.0,GREEN,Large,50000000.0,GREEN,61.93177030471745,58.519873803450736,Hold,Hold,High,High,ttm(Mar 2026),ttm(Mar 2026),Mar 2026,False,False,Hold
SARDAEN,Metals & Mining,Cyclical,17460.21148701091,0.14992815756625194,0.17088800278691385,0.35712347354138396,7.323770491803279,10.545559292759688,22.5716131811329,15.74410413616854,-0.15387914516917056,0.023513518332105354,0.09407988248377896,1.0129665693239334,False,False,39.40205311032832,-3025543.0,17296221.0,163712618.332489,0.4466666666666666,0.20500000000000007,15.74410413616854,50.0,37.5,43.75,42.32558139534884,75.26881720430107,False,91.1268357810414,31.860404067629105,Neutral,13.087572466744946,94.9462050599201,6.26444740346205,65.3781512605042,51.76470588235295,52.94117647058824,15.333333333333332,61.86528509277824,100.0,43.02790532082764,100.0,GREEN,Mid,10000000.0,GREEN,61.86528509277824,43.02790532082764,Hold,Hold,High,High,ttm(Mar 2026),ttm(Mar 2026),Mar 2026,False,False,Hold
ALIVUS,Healthcare,NotCyclical,14275.981435757094,0.19047299141158078,0.26455285148467983,0.017101710171017102,159.4,5.700076361001649,6.867671691792299,25.301020986436374,0.08993017402433479,0.31144025637171535,0.14487702632568134,0.2883726557381434,True,True,64.9592154482552,82699.0,50739.0,84836228.99914551,,,25.301020986436374,77.14285714285715,87.14285714285714,82.14285714285714,27.596899224806204,29.56989247311828,False,78.4013979423545,63.25959630448066,Neutral,54.713155137490595,66.50785619174435,90.47589880159788,,,18.741450068399455,28.53333333333333,58.81319259138478,85.71428571428571,62.43150911907189,85.71428571428571,GREEN,Mid,10000000.0,GREEN,61.81319259138478,65.43150911907189,Hold,Hold,High,High,ttm(Mar 2026),ttm(Mar 2026),Mar 2026,False,False,Hold
NATCOPHARM,Healthcare,NotCyclical,17298.88405693902,0.1962961972810751,0.22263357582078275,0.07743194881249323,38.810810810810814,14.63563875413245,-7.945823927765239,12.199495103624129,-0.12167631533100076,0.11016404460987816,0.010413432043113513,-0.1831178146461887,False,True,54.16774739367757,-7813761.0,86173889.0,588569120.3545837,-0.20999999999999966,-0.23000000000000043,12.199495103624129,82.85714285714286,68.57142857142857,75.71428571428572,55.50387596899225,5.64516129032258,True,94.40312573627581,41.12486352832304,Neutral,11.573522600225356,66.50785619174435,90.47589880159788,15.966386554621847,19.915966386554622,77.56497948016415,9.6,64.7693162536953,100.0,45.193879812928444,100.0,GREEN,Mid,10000000.0,GREEN,61.769316253695294,42.193879812928444,Hold,Hold,High,High,ttm(Mar 2026),ttm(Mar 2026),Mar 2026,False,False,Hold
ANTHEM,Healthcare,NotCyclical,42627.93237443667,0.19838309188253078,0.2501018275290825,0.01775147928994083,119.14285714285714,26.190455608194174,15.121951219512187,72.00664252438627,0.0507163077790429,0.2084948148859418,,,False,True,48.42048799209851,5775838.0,5697854.0,253380056.60299683,,,72.00664252438627,84.28571428571429,81.42857142857143,82.85714285714286,80.46511627906978,57.66129032258065,False,21.10547396528705,,Neutral,23.070627257128177,66.50785619174435,90.47589880159788,,,35.56771545827633,60.13333333333334,61.73697255776121,71.42857142857143,51.917418521032076,85.71428571428571,GREEN,Large,50000000.0,GREEN,61.73697255776121,51.917418521032076,Hold,Hold,High,High,ttm(Mar 2026),ttm(Mar 2026),Mar 2026,False,False,Hold
RECLTD,Financial Services,NotCyclical,92060.01775449916,0.19762586148138922,,6.051743598184682,,,5.5670871254457355,5.6441718776802645,-0.08649073699430487,-0.026194257350364736,-0.08118585382908172,-0.37360522817434716,True,False,43.81987187280427,-8772360.0,14258091.0,1759503817.06279,0.12666666666666662,0.5350000000000001,5.6441718776802645,78.99159663865547,,78.99159663865547,,25.537634408602152,False,76.73632640130343,14.918426674601449,Neutral,21.212686825575403,47.73288948069241,28.957922769640476,43.865546218487395,66.80672268907563,49.247606019151846,8.933333333333334,58.72474436896136,85.71428571428571,45.738483735436986,100.0,N/A-financial-sector,Large,50000000.0,GREEN,61.72474436896136,48.738483735436986,Hold,Hold,High,High,ttm(Mar 2026),ttm(Mar 2026),Mar 2026,False,False,Hold
TBOTEK,Consumer Services,NotCyclical,15763.4841796875,0.28864147261427175,0.2921651056963716,0.4874274661508704,8.409090909090908,35.96681398095962,54.11629245826137,64.63316921235827,0.13305787506695133,-0.053892246493358664,0.09680821099437797,-0.20118700082954422,True,True,53.48272938708162,5230052.0,14918713.0,106064336.89489746,,,64.63316921235827,91.30434782608695,84.78260869565217,88.04347826086956,89.30232558139535,93.54838709677419,True,25.939919893190922,60.73549276334702,Neutral,58.36090580525319,7.985885486018644,14.776830892143808,,,50.88919288645691,57.86666666666667,61.578534656382146,85.71428571428571,60.4990769527962,85.71428571428571,GREEN,Mid,10000000.0,GREEN,61.578534656382146,60.4990769527962,Hold,Hold,High,High,ttm(Mar 2026),ttm(Mar 2026),Mar 2026,False,False,Hold
SOUTHBANK,Financial Services,NotCyclical,11886.30199844031,0.12347808851983652,,0.3443226654975888,,,6.880879399640638,7.866551020736298,0.15525574782337004,0.12157148555825592,0.533543043272104,0.7487294073159008,True,True,50.81779702916605,163622589.0,890250581.0,636878400.0086346,-0.3833333333333336,-0.31499999999999995,7.866551020736298,39.49579831932773,,39.49579831932773,,29.70430107526882,False,87.7928993043356,90.73147191443555,Neutral,70.70242599038,47.73288948069241,28.957922769640476,10.420168067226891,17.310924369747898,99.04240766073872,96.26666666666667,61.5697246038276,85.71428571428571,52.54297652827537,100.0,N/A-financial-sector,Small,2500000.0,GREEN,61.5697246038276,52.54297652827537,Hold,Hold,High,High,ttm(Jun 2026),ttm(Jun 2026),Jun 2026,False,False,Hold
HDFCAMC,Financial Services,NotCyclical,111483.84740592443,0.27996529307498397,0.37395733235668677,0.0,291.46153846153845,23.042411061781465,15.253318883771328,37.817177026186236,-0.03940623964422041,0.06976531549543208,0.039529201605803976,0.3027099164054796,False,False,44.53986267178318,-2174268.0,-2094769.0,2345433646.769409,2.8900000000000006,5.825000000000001,37.817177026186236,90.75630252100841,87.5,89.12815126050421,78.44961240310077,58.46774193548387,False,35.21599420696522,30.312116612470344,Neutral,18.789356248891472,47.73288948069241,28.957922769640476,95.29411764705881,99.07563025210084,15.45827633378933,17.866666666666667,61.54069405142437,100.0,49.41940855640422,100.0,N/A-financial-sector,Large,50000000.0,GREEN,61.54069405142437,49.41940855640422,Hold,Hold,High,High,ttm(Jun 2026),ttm(Jun 2026),Jun 2026,False,False,Hold
GODFRYPHLP,Fast Moving Consumer Goods,NotCyclical,33090.36947080374,0.2133497878762769,0.21654340960882182,0.03766902768834514,132.08333333333334,21.513622348235927,13.921568627450975,21.684383663698384,-0.0075778607923390195,-0.04238316512920337,-0.23402207002494735,0.5475382242248039,False,False,42.50151836631733,-2209354.0,19903690.0,724563423.9030762,-0.05000000000000008,-0.09500000000000053,21.684383663698384,67.44186046511628,61.36363636363637,64.40274841437632,75.1937984496124,53.897849462365585,False,70.62514725516375,22.38721994977996,Neutral,21.56466297818308,58.78482023968043,8.718242343541945,24.705882352941178,26.722689075630253,54.58276333789329,17.733333333333334,58.41117279499395,100.0,42.18151959827232,100.0,GREEN,Mid,10000000.0,GREEN,61.41117279499395,45.18151959827232,Hold,Hold,High,High,ttm(Mar 2026),ttm(Mar 2026),Mar 2026,False,False,Hold
APOLLO,Capital Goods,Cyclical,13490.126375608805,0.05857623933770763,0.11693191713912181,0.4135567402894136,4.638297872340425,44.76071587685595,60.85409252669039,122.58461350661058,0.37716472096760834,0.600642843174098,1.217491396559983,2.7250470436325367,True,True,47.86947479822293,246853874.0,742478042.0,5973858988.71579,1.4033333333333333,3.1950000000000003,122.58461350661058,11.214953271028037,11.11111111111111,11.163032191069574,92.71317829457364,94.6236559139785,True,15.04450378282154,98.37657327657759,Neutral,90.94876680589199,85.89161118508655,77.5027962716378,87.56302521008404,93.4453781512605,97.53761969904241,97.33333333333334,61.37075988574068,100.0,64.23904040908646,100.0,GREEN,Mid,10000000.0,GREEN,61.37075988574068,64.23904040908646,Hold,Hold,High,High,ttm(Mar 2026),ttm(Mar 2026),Mar 2026,False,False,Hold
INDUSTOWER,Telecommunication,NotCyclical,107029.8820675916,0.20142713166472284,0.3059870266970069,0.532891086112092,11.477448453608247,4.612184628542271,7.87132328530642,14.979689582588048,-0.00036962518727545746,-0.051998131145995385,0.0030909990575320734,0.0515878001205039,False,False,52.37060569245241,-35117492.0,94094482.0,2467873455.0190125,-0.51,-0.49500000000000033,14.979689582588048,81.81818181818183,84.61538461538461,83.21678321678323,24.186046511627907,33.33333333333333,False,86.29394748553628,27.759877623850134,Neutral,16.31336678118211,93.40532623169109,96.33475366178429,6.5546218487394965,12.26890756302521,78.52257181942545,3.3333333333333335,58.325488531231116,100.0,51.11529694305146,100.0,GREEN,Large,50000000.0,GREEN,61.325488531231116,54.11529694305146,Hold,Hold,High,High,ttm(Mar 2026),ttm(Mar 2026),Mar 2026,False,False,Hold
LOTUSDEV,Realty,Cyclical,7073.053516505921,0.36212762432215667,0.1575471734182746,0.0685504971219257,140.5,65.70917115499554,39.81818181818182,28.693089058728724,-0.028290202676799936,-0.07021012667819793,,,False,False,45.407075913645876,3461225.0,13948518.0,58943653.28977203,,,28.693089058728724,100.0,100.0,100.0,96.89922480620154,89.78494623655914,True,42.99065420560747,,Neutral,14.24752770275306,5.798402130492676,68.91424766977363,,,48.700410396716826,50.53333333333333,62.25026199784832,71.42857142857143,56.20703229855965,85.71428571428571,GREEN,Small,2500000.0,GREEN,61.25026199784832,55.20703229855965,Hold,Hold,High,High,ttm(Mar 2026),ttm(Mar 2026),Mar 2026,False,False,Hold
IIFL,Financial Services,NotCyclical,26387.21269243658,0.1353759275354736,,4.969540229885057,,,31.0057780824601,14.514972500279946,0.20981328124999998,-0.10391962578858427,0.09917475823485011,0.1166850219569413,True,True,65.03928102586573,27148291.0,73748069.0,1016908871.3970947,2.318333333333333,1.7399999999999993,14.514972500279946,49.57983193277311,,49.57983193277311,,85.34946236559139,False,61.304015109577,60.582177838196344,Neutral,62.514804679782586,47.73288948069241,28.957922769640476,92.94117647058823,86.72268907563026,74.55540355677155,81.46666666666667,61.18874595720545,85.71428571428571,63.16663875095986,100.0,N/A-financial-sector,Mid,10000000.0,GREEN,61.18874595720545,63.16663875095986,Hold,Hold,High,High,ttm(Mar 2026),ttm(Mar 2026),Mar 2026,False,False,Hold
ABCAPITAL,Financial Services,NotCyclical,107476.74649742304,0.1475513110375946,,5.215489193585871,,,12.118748460211881,27.776234343782573,0.17008198204162062,0.13923330555423385,0.4833920731089918,0.730827631247527,True,True,56.38014901010239,17551065.0,35807302.0,1251390806.8890076,0.6683333333333336,1.7650000000000006,27.776234343782573,61.34453781512605,,61.34453781512605,,48.655913978494624,False,42.785861374488015,89.19253769257362,Neutral,72.43048831294752,47.73288948069241,28.957922769640476,73.44537815126051,86.89075630252101,64.29548563611492,74.4,61.11738567799345,85.71428571428571,57.774908841761125,100.0,N/A-financial-sector,Large,50000000.0,GREEN,61.11738567799345,57.774908841761125,Hold,Hold,High,High,ttm(Mar 2026),ttm(Mar 2026),Mar 2026,False,False,Hold
CUMMINSIND,Capital Goods,Cyclical,155027.04225352113,0.20858669973718127,0.2052504015545607,0.004365781710914454,216.25,16.037331913715256,16.860744875372923,65.63380281690142,0.07532261793049422,0.4121946072081828,0.5989222884560734,0.4340229111022611,True,True,50.523823680082224,-768191.0,3588704.0,2197824603.75,0.4566666666666664,0.40999999999999925,65.63380281690142,80.37383177570094,63.888888888888886,72.13136033229492,61.395348837209305,63.17204301075269,False,30.37303070761015,85.40850524884824,Neutral,65.28491921929336,85.89161118508655,77.5027962716378,66.05042016806722,61.34453781512605,30.23255813953488,21.73333333333333,61.050132761171625,100.0,58.77641001044181,100.0,GREEN,Large,50000000.0,GREEN,61.050132761171625,58.77641001044181,Hold,Hold,High,High,ttm(Mar 2026),ttm(Mar 2026),Mar 2026,False,False,Hold
KEI,Capital Goods,Cyclical,48499.10481940253,0.16986530525132537,0.23693417335317982,0.03795948987246812,19.203125,19.340193073065848,20.655299917830728,52.82027266104694,0.039933593911401166,0.178785805567359,0.4067240866332491,0.10501921176484585,False,True,41.872581634625696,205967.0,290271.0,1610181259.3859863,0.06833333333333395,0.14499999999999957,52.82027266104694,70.09345794392523,78.70370370370371,74.39858082381447,70.69767441860465,71.90860215053763,False,43.40961281708945,73.01495019916682,Neutral,28.16432913812473,85.89161118508655,77.5027962716378,37.64705882352941,46.72268907563025,19.562243502051984,30.666666666666664,60.97317899931817,100.0,53.16186690765202,100.0,GREEN,Large,50000000.0,GREEN,60.97317899931817,53.16186690765202,Hold,Hold,High,High,ttm(Mar 2026),ttm(Mar 2026),Mar 2026,False,False,Hold
SONATSOFTW,Information Technology,NotCyclical,8636.956521739132,0.2647552085959091,0.31195955829367367,0.3795275590551181,14.568627450980392,12.83455745986819,5.355912178792943,18.614130434782606,0.12970027321096467,-0.1193551289553767,-0.26754500716738383,-0.49949422869702864,True,True,61.76625943549155,89929599.0,146098104.0,203450499.6415863,0.6766666666666667,2.0,18.614130434782606,82.85714285714286,71.42857142857143,77.14285714285714,49.92248062015504,24.865591397849464,False,65.59190031152649,25.250109696355675,Neutral,49.62337405645085,13.445272969374168,39.410652463382156,73.61344537815127,87.89915966386555,85.0889192886457,92.80000000000001,57.95225519633408,100.0,57.048133935664985,100.0,GREEN,Small,2500000.0,GREEN,60.95225519633408,60.048133935664985,Hold,Hold,High,High,ttm(Mar 2026),ttm(Mar 2026),Mar 2026,False,False,Hold
SPARC,Healthcare,NotCyclical,8126.804121617637,-0.7902864271923269,-1.983805489188033,0.41778774289985054,47.029411764705884,98.84268845207906,2509.722222222222,5.234064722011331,0.7332179719601535,0.8435773698633706,0.5717961761286037,0.024293495459712933,True,True,56.688619597327104,157102506.0,248588954.0,514427127.5232849,0.19666666666666668,0.02499999999999991,5.234064722011331,2.142857142857143,1.4285714285714286,1.7857142857142856,99.06976744186046,99.05913978494624,True,67.65566209491442,78.84018120069598,Neutral,98.0422491513784,66.50785619174435,90.47589880159788,50.924369747899156,35.63025210084034,91.10807113543092,96.0,60.91404825748713,100.0,69.14732315182238,100.0,GREEN,Small,2500000.0,GREEN,60.91404825748713,69.14732315182238,Hold,Hold,High,High,ttm(Mar 2026),ttm(Mar 2026),Mar 2026,False,False,Hold
LALPATHLAB,Healthcare,NotCyclical,29328.80767001846,0.19253067383915295,0.2785417146492573,0.07931446791550419,34.04347826086956,11.060168718522556,12.266450040617393,57.50746601964404,0.22436576438812939,0.22534630203271067,0.1948960736891463,0.2128154676826981,True,True,63.326180596967966,8219385.0,17672442.0,420701832.54455566,0.4883333333333333,0.8750000000000004,57.50746601964404,81.42857142857143,91.42857142857143,86.42857142857143,44.651162790697676,49.32795698924731,False,41.796512997722445,66.15623200474222,Neutral,73.37473718286972,66.50785619174435,90.47589880159788,66.72268907563024,75.63025210084034,53.3515731874145,64.8,60.76126003169348,100.0,68.10686149743172,100.0,GREEN,Mid,10000000.0,GREEN,60.76126003169348,68.10686149743172,Hold,Hold,High,High,ttm(Mar 2026),ttm(Mar 2026),Mar 2026,False,False,Hold
SCHNEIDER,Capital Goods,Cyclical,31789.472485983195,0.8743937972795156,0.2060568014322773,0.7070967741935484,7.2745098039215685,17.612519791335934,9.63215775502464,149.24634969945163,0.2196535171253593,1.1093800458316774,0.5527209465513458,0.5077273282137784,True,True,46.6909078127263,3624661.0,20147588.0,437282755.82458496,0.18833333333333327,0.6849999999999999,149.24634969945163,99.53271028037383,66.66666666666666,83.09968847352025,65.11627906976744,39.516129032258064,False,13.467957276368491,85.58296598946083,Neutral,86.96582985364802,85.89161118508655,77.5027962716378,49.91596638655462,72.43697478991596,54.85636114911081,51.33333333333333,60.68287253719537,100.0,61.358997551516495,100.0,GREEN,Mid,10000000.0,GREEN,60.68287253719537,61.358997551516495,Hold,Hold,High,High,ttm(Mar 2026),ttm(Mar 2026),Mar 2026,False,False,Hold
RAILTEL,Telecommunication,NotCyclical,9677.738255455719,0.13790435819382307,0.2517257806081359,0.028293545534924844,159.0,29.772540945167215,23.008340523439742,27.97034177877375,-0.07502761762263876,-0.10964317598331608,-0.2595823259267722,-0.42555199828619084,False,False,41.828240957846326,1883353.0,139130153.0,217875560.42323303,0.09666666666666668,-0.08500000000000008,27.97034177877375,54.54545454545454,61.53846153846154,58.04195804195804,84.96124031007753,76.20967741935483,False,48.686248331108146,8.82115932094454,Neutral,10.181278468317933,93.40532623169109,96.33475366178429,41.26050420168067,27.058823529411764,84.67852257181943,43.333333333333336,60.669181987519785,100.0,49.80540319596221,100.0,GREEN,Small,2500000.0,GREEN,60.669181987519785,49.80540319596221,Hold,Hold,High,High,ttm(Mar 2026),ttm(Mar 2026),Mar 2026,False,False,Hold
THANGAMAYL,Consumer Durables,NotCyclical,19840.056567085026,0.2029303697915037,0.18103037766827051,0.644774011299435,8.308823529411764,39.17074523983559,73.18958502847843,56.36379706558246,0.5423872294110534,0.7020765050396602,2.3372016224148937,2.743227380618508,True,True,58.877584591791,3536083.0,12745681.0,698789616.079834,-0.17666666666666653,0.009999999999999856,56.36379706558246,80.48780487804879,48.78048780487805,64.63414634146342,90.69767441860465,96.7741935483871,True,39.978152688433056,99.34744706298535,Neutral,96.3122415408209,25.229560585885487,54.25752330226364,17.142857142857142,34.78991596638655,46.92202462380301,51.06666666666667,60.51090825696702,100.0,69.55301680201909,100.0,GREEN,Mid,10000000.0,GREEN,60.51090825696702,69.55301680201909,Hold,Hold,High,High,ttm(Mar 2026),ttm(Mar 2026),Mar 2026,False,False,Hold
PRICOLLTD,Automobile and Auto Components,Cyclical,7620.252523616869,0.03490809963080266,0.19462700492821974,0.30199203187250995,15.633333333333333,27.296991020346816,50.074294205052006,30.359571807238524,0.06177241028444169,-0.02137994228690876,0.374530484163502,0.2623041453515289,True,True,63.12267758415324,5278685.0,46312684.0,221400003.60113525,-0.5666666666666665,-0.33999999999999986,30.359571807238524,10.869565217391305,52.17391304347826,31.52173913043478,82.01550387596899,93.01075268817203,True,50.740246254264946,77.95090770416847,Neutral,46.60995446380689,100.0,53.26844207723036,6.050420168067227,16.134453781512605,67.30506155950752,58.266666666666666,60.37520711893519,100.0,50.98862508244015,100.0,GREEN,Small,2500000.0,GREEN,60.37520711893519,50.98862508244015,Hold,Hold,High,High,ttm(Mar 2026),ttm(Mar 2026),Mar 2026,False,False,Hold
IMFA,Metals & Mining,Cyclical,7359.677273041113,0.12134894512166335,0.1947925437672527,0.3524650478292862,16.333333333333332,1.8345970972546866,10.257410296411852,17.316887701273206,-0.11109657387198102,0.11568087503394042,0.8313385249241338,0.9311280426321196,False,True,46.46744146519319,-1075531.0,7593958.0,193942999.25610352,0.2466666666666667,0.5750000000000002,17.316887701273206,45.83333333333333,62.5,54.166666666666664,15.503875968992247,41.263440860215056,False,72.72585669781931,92.75158768930142,Neutral,18.736589186814015,94.9462050599201,6.26444740346205,54.957983193277315,68.15126050420169,39.398084815321475,20.533333333333335,60.33385208468631,100.0,39.1559883227412,100.0,GREEN,Small,2500000.0,GREEN,60.33385208468631,39.1559883227412,Hold,Sell,High,High,ttm(Mar 2026),ttm(Mar 2026),Mar 2026,False,False,Sell
INDHOTEL,Consumer Services,NotCyclical,112265.58588997262,0.1568368183877129,0.18375349751007986,0.2173613239350291,14.461538461538462,18.586233268780905,16.25869930405568,49.962432527802676,0.1140372062238435,0.0833997270002107,-0.0006697737653985625,0.21056015017960794,True,True,56.093736819677076,10599628.0,20798734.0,1470081991.4158936,0.12666666666666634,-0.2049999999999983,49.962432527802676,73.91304347826086,60.86956521739131,67.3913043478261,67.59689922480621,62.365591397849464,False,60.118106192872546,63.617189418445065,Neutral,62.93458767068929,7.985885486018644,14.776830892143808,43.69747899159664,21.932773109243698,55.677154582763336,68.0,57.29614294980983,100.0,54.904079679693325,100.0,GREEN,Large,50000000.0,GREEN,60.29614294980983,57.904079679693325,Hold,Hold,High,High,ttm(Mar 2026),ttm(Mar 2026),Mar 2026,False,False,Hold
CCL,Fast Moving Consumer Goods,NotCyclical,15961.789111546483,0.16547693836905675,0.16173225646959016,0.5646055437100214,5.682170542635659,29.108304665799768,43.574879227053145,41.1386317307899,0.10129845982769425,0.23985949087717073,0.3581691580195583,1.0580221225320647,True,True,55.823098487754685,9059739.0,30746813.0,228072763.5,0.2500000000000003,0.16500000000000092,41.1386317307899,48.837209302325576,31.818181818181817,40.327695560253694,84.18604651162791,90.86021505376344,False,43.02128327966701,86.29934266778766,Neutral,69.90657904011343,58.78482023968043,8.718242343541945,55.46218487394958,48.403361344537814,61.696306429548564,66.53333333333333,60.25099386980378,100.0,55.136961602117744,100.0,GREEN,Mid,10000000.0,GREEN,60.25099386980378,55.136961602117744,Hold,Hold,High,High,ttm(Mar 2026),ttm(Mar 2026),Mar 2026,False,False,Hold
SHAREINDIA,Financial Services,NotCyclical,3754.498063888859,0.2091258819516675,0.26665050184197187,0.2637571157495256,4.351145038167939,10.551035062783608,1.5193370165745845,11.580121992728936,0.18550566086599618,0.14920808585536371,0.0061530826951474715,-0.4339702918330478,True,True,69.84694290512198,143806589.0,159728154.0,54055162.66981506,0.08666666666666666,0.12999999999999995,11.580121992728936,81.5126050420168,64.58333333333334,73.04796918767508,42.480620155038764,14.24731182795699,False,67.94559412550066,36.59527002929876,Neutral,74.30107246798184,47.73288948069241,28.957922769640476,39.831932773109244,45.88235294117647,86.8673050615595,95.6,57.23267440085368,100.0,56.04013174236103,100.0,N/A-financial-sector,Small,2500000.0,GREEN,60.23267440085368,59.04013174236103,Hold,Hold,High,High,ttm(Mar 2026),ttm(Mar 2026),Mar 2026,False,False,Hold
BALUFORGE,Capital Goods,Cyclical,5433.778715424285,0.16913286198401087,0.18263575690969583,0.09535759096612297,18.75,50.15274959638181,19.913419913419904,20.058269834155084,-0.05019631582905315,-0.03711672942442168,-0.3276241891100987,0.14105041803633567,False,False,44.59801888503406,2296009.0,3747866.0,248986722.92355347,,,20.058269834155084,68.22429906542055,49.074074074074076,58.649186569747314,94.10852713178295,70.56451612903226,True,57.592725259695854,13.266847881284624,Neutral,14.49138858768707,85.89161118508655,77.5027962716378,,,30.64295485636115,45.46666666666667,61.16389502306235,85.71428571428571,51.2872284510996,85.71428571428571,GREEN,Small,2500000.0,GREEN,60.16389502306235,50.2872284510996,Hold,Hold,High,High,ttm(Mar 2026),ttm(Mar 2026),Mar 2026,False,False,Hold
GESHIP,Services,NotCyclical,19667.596292516548,0.19982675043549197,0.18942469485045754,0.0640806461121264,23.147058823529413,-1.6740302563280407,1.615933859451335,6.683163631315199,-0.025810326720777654,0.2628596415358553,0.4282959704489293,0.08423877453891793,False,True,40.70330275905269,-2976198.0,56110309.0,852938410.779541,0.1516666666666667,0.11500000000000021,6.683163631315199,75.0,64.0,69.5,8.837209302325581,14.381720430107528,False,98.13084112149532,80.6598807337904,Neutral,25.232233826658835,32.419973368841546,58.78482023968043,46.21848739495798,44.87394957983194,69.63064295485636,15.466666666666667,57.1132372342282,100.0,48.12763756307487,100.0,GREEN,Mid,10000000.0,GREEN,60.1132372342282,51.12763756307487,Hold,Hold,High,High,ttm(Mar 2026),ttm(Mar 2026),Mar 2026,False,False,Hold
ACE,Capital Goods,Cyclical,11948.809669131324,0.18149844025548578,0.23738008828923557,0.003978120338140228,22.90909090909091,14.940574679424357,5.208012326656397,27.36368626518624,0.1096125429794994,0.1322691616959628,-0.1591364221511632,-0.3104719935319986,True,True,57.52651466397515,1684560.0,9064818.0,236460041.63046265,0.5700000000000002,1.2900000000000005,27.36368626518624,73.83177570093457,79.62962962962963,76.73070266528211,56.89922480620155,24.596774193548388,False,54.565599661337075,24.651244793224635,Neutral,63.20925329550725,85.89161118508655,77.5027962716378,69.41176470588235,83.02521008403362,41.72366621067031,41.6,60.080089935229964,100.0,60.84599569699679,100.0,GREEN,Small,2500000.0,GREEN,60.080089935229964,60.84599569699679,Hold,Hold,High,High,ttm(Jun 2026),ttm(Jun 2026),Jun 2026,False,False,Hold
ASKAUTOLTD,Automobile and Auto Components,Cyclical,9552.05570291777,0.2056691989979185,0.27076900321993425,0.5179252479023646,11.0625,17.794006929673078,15.96778672590946,32.16180371352785,0.10667427267541352,0.041442961750211005,-0.1032451253827682,0.23077571222836157,True,True,64.16767152849565,1542751.0,-5865250.0,55365512.88046265,,,32.16180371352785,80.43478260869566,80.43478260869566,80.43478260869566,65.73643410852713,61.02150537634409,False,41.80611185284083,39.30036684980484,Neutral,58.92212173603933,100.0,53.26844207723036,,,10.39671682626539,40.8,60.04163062227967,85.71428571428571,57.01228425973002,85.71428571428571,GREEN,Small,2500000.0,GREEN,60.04163062227967,57.01228425973002,Hold,Hold,High,High,ttm(Mar 2026),ttm(Mar 2026),Mar 2026,False,False,Hold
PARKHOSPS,Healthcare,NotCyclical,13315.1173365156,0.20964824420161465,0.22710826837373782,0.18001978239366964,7.52542372881356,10.18834414973211,20.444763271162113,49.33786181723525,0.31024850038482366,0.9293587539783075,,,True,,54.865068329886476,5258050.0,,183605427.79776,,,49.33786181723525,87.14285714285714,74.28571428571429,80.71428571428572,40.93023255813954,71.63978494623656,False,53.64584151417577,,Neutral,87.51286718892057,66.50785619174435,90.47589880159788,,,,57.99999999999999,60.01513250956256,57.14285714285714,75.86360710862228,85.71428571428571,GREEN,Mid,10000000.0,GREEN,60.01513250956256,75.86360710862228,Hold,Hold,Med,High,annual,ttm(Mar 2026),Mar 2026,False,False,Hold
SUPRIYA,Healthcare,NotCyclical,6842.77886441343,0.15944769022130126,0.22460509622462096,0.004173622704507512,147.0,21.556019591361487,18.794835007173603,32.74056872925087,0.3723781741506951,0.14589787090657236,0.22847515393590379,1.0721636631371125,False,True,43.17715326241779,5904213.0,11387136.0,230345735.45825195,-0.3900000000000001,-0.39500000000000046,32.74056872925087,55.714285714285715,71.42857142857143,63.57142857142857,75.50387596899225,67.47311827956989,False,54.232107456406524,77.42751758449133,Neutral,41.44597794449374,66.50785619174435,90.47589880159788,10.084033613445378,14.453781512605044,45.00683994528043,60.66666666666667,60.0049048391436,100.0,56.57542956167012,100.0,GREEN,Small,2500000.0,GREEN,60.0049048391436,56.57542956167012,Hold,Hold,High,High,ttm(Mar 2026),ttm(Mar 2026),Mar 2026,False,False,Hold
ABSLAMC,Financial Services,NotCyclical,32695.42287311283,0.2434999834611752,0.32598766915435073,0.015837663944568176,263.2,15.081024687681532,9.43620178041542,33.523837002840914,0.061310609738206345,0.3788441537269729,0.3777197193327937,0.7933717765100465,True,True,49.40731664780751,5457723.0,25033172.0,348521065.8782959,-0.028333333333333433,-0.025000000000000133,33.523837002840914,85.71428571428571,81.25,83.48214285714286,57.82945736434109,38.70967741935484,False,40.55390927741053,84.82150741274485,Neutral,63.96560442337352,47.73288948069241,28.957922769640476,26.89075630252101,30.58823529411765,58.276333789329684,58.8,59.931677786269304,100.0,52.60249390829248,100.0,N/A-financial-sector,Mid,10000000.0,GREEN,59.931677786269304,52.60249390829248,Hold,Hold,High,High,ttm(Mar 2026),ttm(Mar 2026),Mar 2026,False,False,Hold
JSWSTEEL,Metals & Mining,Cyclical,341280.6048652202,0.160556544914633,0.1727576480094386,0.9925739358140185,3.2370907492858714,3.7743643656640735,12.222235369287926,12.047360631475087,-0.03647444638686781,0.04236767520050533,0.18396972804672607,0.32130070769492325,False,True,43.05723153844295,4995638.0,18285034.0,1683204146.25,2.685,0.0749999999999984,12.047360631475087,58.333333333333336,45.83333333333333,52.08333333333333,21.3953488372093,49.193548387096776,False,62.29793570915067,62.41345619325168,Neutral,26.705387957266815,94.9462050599201,6.26444740346205,94.78991596638654,41.51260504201681,53.62517099863201,56.8,59.91191885806368,100.0,39.587984323258155,100.0,GREEN,Large,50000000.0,GREEN,59.91191885806368,39.587984323258155,Hold,Sell,High,High,ttm(Jun 2026),ttm(Jun 2026),Jun 2026,False,False,Sell
CEATLTD,Automobile and Auto Components,Cyclical,15468.424131121965,0.09722781526068058,0.19524317717796713,0.6484344034879113,5.701949860724234,11.48386941919024,21.489148999745478,26.267920280240414,0.007948675077311673,-0.005840969712518573,0.03819777925814005,0.477120096247027,True,True,61.92596514005157,1737896.0,2673041.0,469825219.03881836,0.44666666666666693,0.0600000000000005,26.267920280240414,23.91304347826087,54.347826086956516,39.130434782608695,45.89147286821705,72.98387096774194,False,73.70810203077788,57.31940538217623,Neutral,36.46851459710595,100.0,53.26844207723036,65.54621848739495,40.33613445378151,28.18057455540356,42.266666666666666,59.81457907777098,100.0,52.316160516195026,100.0,GREEN,Mid,10000000.0,GREEN,59.81457907777098,52.316160516195026,Hold,Hold,High,High,ttm(Jun 2026),ttm(Jun 2026),Jun 2026,False,False,Hold
ITC,Fast Moving Consumer Goods,NotCyclical,355625.58620737074,0.33763930899264305,0.35966365103859077,0.03308646061759554,321.2470588235294,3.6046882367709587,4.707725395961382,16.909806664861723,-0.05914616691942853,-0.12466562026472683,-0.2970862810688554,-0.2904536574218911,False,False,38.95998213056748,-114610953.0,-634166878.0,4178945102.380905,5.086666666666666,-0.07499999999999929,16.909806664861723,88.37209302325581,88.63636363636364,88.50422832980973,20.46511627906977,22.983870967741936,False,92.92612372051624,8.798336403810351,Neutral,13.266964749906217,58.78482023968043,8.718242343541945,97.98319327731092,27.899159663865547,1.094391244870041,1.0666666666666667,56.749489887482476,100.0,42.11675460885061,100.0,GREEN,Large,50000000.0,GREEN,59.749489887482476,45.11675460885061,Hold,Hold,High,High,ttm(Mar 2026),ttm(Mar 2026),Mar 2026,False,False,Hold
ACUTAAS,Healthcare,NotCyclical,29322.74919289388,0.13745103326651112,0.20218178254887922,0.02176541717049577,160.0,29.468804459618415,32.96921549155909,82.36727301374682,0.48662219331194234,1.1290322253142477,2.1293168219982674,4.064579731685949,True,True,62.26186159581475,4927179.0,23502575.0,1126446238.2128906,,,82.36727301374682,38.57142857142858,60.0,49.28571428571429,84.49612403100775,86.4247311827957,False,16.04531532239064,99.34744706298535,Neutral,94.78195155559848,66.50785619174435,90.47589880159788,,,57.3187414500684,56.53333333333334,59.684004264568316,85.71428571428571,67.46396975152341,85.71428571428571,GREEN,Mid,10000000.0,GREEN,59.684004264568316,67.46396975152341,Hold,Hold,High,High,ttm(Mar 2026),ttm(Mar 2026),Mar 2026,False,False,Hold
HYUNDAI,Automobile and Auto Components,Cyclical,164544.50261780107,0.28590600744877154,0.4386161130846315,0.05485885585810642,81.11320754716981,5.473600153654923,2.2704936986934987,30.296229802513462,0.07370095440084845,-0.12200828748639514,-0.028040966554573776,,True,False,59.3893405093916,27605469.0,13031929.0,1331991597.4550781,,,30.296229802513462,95.65217391304348,95.65217391304348,95.65217391304348,26.51162790697674,15.591397849462366,False,59.38473520249221,17.1871264642601,Neutral,44.60551039350529,100.0,53.26844207723036,,,47.19562243502052,81.6,59.66855350619765,85.71428571428571,54.52768800219833,85.71428571428571,GREEN,Large,50000000.0,GREEN,59.66855350619765,54.52768800219833,Hold,Hold,High,High,ttm(Mar 2026),ttm(Mar 2026),Mar 2026,False,False,Hold
SIEMENS,Capital Goods,Cyclical,,,,0.02218208092485549,,,13.370491383176365,83.73626597198374,-0.013858156469061744,0.2270531527581674,0.14600826724570126,-0.20703603721955732,True,True,56.094132510250695,1956606.0,11765752.0,1271521423.7687988,0.09666666666666668,0.04499999999999993,83.73626597198374,,,,,53.09139784946236,False,,52.067763162162784,Neutral,47.94455500294319,85.89161118508655,77.5027962716378,41.26050420168067,37.73109243697479,45.82763337893297,44.0,59.657239985668724,57.14285714285714,54.56481148962855,71.42857142857143,GREEN,,,GREEN,59.657239985668724,54.56481148962855,Hold,Hold,Med,High,ttm(Mar 2026),ttm(Mar 2026),Mar 2026,False,True,Hold
CPPLUS,Capital Goods,Cyclical,44763.12419974392,0.25041190707370087,0.21166573969736208,0.13638785295684602,18.866666666666667,22.699572402200975,35.6362467866324,120.67322959669735,0.6712111524311255,1.6766219135693663,,,True,True,68.75449188468755,3941891.0,14898116.0,746671130.0319824,,,120.67322959669735,87.85046728971963,71.29629629629629,79.57338179300797,77.82945736434108,87.90322580645162,False,12.935113484646195,,Neutral,96.90709049407093,85.89161118508655,77.5027962716378,,,50.6155950752394,53.06666666666666,59.649313989911136,71.42857142857143,69.79986856671687,85.71428571428571,GREEN,Large,50000000.0,GREEN,59.649313989911136,69.79986856671687,Hold,Hold,High,High,ttm(Mar 2026),ttm(Mar 2026),Mar 2026,False,False,Hold
BBTC,Fast Moving Consumer Goods,NotCyclical,20867.561358666568,0.2444575514015811,0.35457865061709926,0.2257881283726214,24.869565217391305,5.535274155154091,6.7821619849163906,8.349895857458172,-0.01568606318037391,-0.17350141977952294,-0.23023686352251715,-0.24443053871604925,False,False,39.57076513091734,130034.0,6870687.0,47242543.42138672,0.18333333333333326,0.21499999999999975,8.349895857458172,81.3953488372093,86.36363636363636,83.87949260042282,27.131782945736433,29.03225806451613,False,94.16751747427944,13.88754677819415,Neutral,17.36144200542678,58.78482023968043,8.718242343541945,49.747899159663866,52.10084033613446,38.44049247606019,29.333333333333332,56.582242981156725,100.0,46.81658505417314,100.0,GREEN,Mid,10000000.0,GREEN,59.582242981156725,49.81658505417314,Hold,Hold,High,High,ttm(Mar 2026),ttm(Mar 2026),Mar 2026,False,False,Hold
NH,Healthcare,NotCyclical,41604.48603134117,0.23866501567196596,0.23893504845098187,1.2909411505400044,6.602459016393443,20.39159975707254,44.0087543315703,51.61846902151509,0.1303189112429053,0.07792557157451374,0.016239325774949576,0.6477092565140243,True,True,61.67302183819059,1063269.0,9609486.0,511509502.66845703,-1.0833333333333333,-1.0099999999999998,51.61846902151509,94.28571428571428,78.57142857142857,86.42857142857142,72.40310077519379,91.12903225806451,True,41.809879839786376,58.79167053233403,Neutral,51.54756479583665,66.50785619174435,90.47589880159788,3.1932773109243695,7.0588235294117645,42.818057455540355,37.6,59.49866234051578,100.0,63.76722980581713,100.0,GREEN,Large,50000000.0,GREEN,59.49866234051578,63.76722980581713,Hold,Hold,High,High,ttm(Mar 2026),ttm(Mar 2026),Mar 2026,False,False,Hold
LODHA,Realty,Cyclical,117775.6706362282,0.139170672977194,0.10499285119051843,0.42497638065790605,7.47040971168437,20.75745989119355,21.024747804630238,34.31692326204304,0.3754013103444098,0.0965189397016526,-0.15578654780900214,-0.23095633828248896,True,True,71.33871580162528,64318319.0,94325472.0,2049071573.5203857,1.2766666666666664,0.6799999999999995,34.31692326204304,88.23529411764706,70.58823529411765,79.41176470588235,73.48837209302326,72.17741935483872,False,58.68268802848242,40.40360437758648,Extended,81.68835064205967,5.798402130492676,68.91424766977363,85.21008403361344,72.10084033613445,78.6593707250342,89.73333333333333,59.46725515439162,100.0,73.25841416872814,100.0,GREEN,Large,50000000.0,GREEN,59.46725515439162,73.25841416872814,Hold,Hold,High,High,ttm(Mar 2026),ttm(Mar 2026),Mar 2026,False,False,Hold
YATHARTH,Healthcare,NotCyclical,8026.4284574068515,0.16705401899646147,0.19294618311823736,0.14831460674157304,41.714285714285715,36.17366443669863,36.095346197502835,47.007657975545335,0.15536132812499992,0.34307596778358707,0.40868850457863726,0.9688394174803172,True,True,57.17076403584695,-2355104.0,-12696134.0,245748499.1092224,,,47.007657975545335,61.42857142857143,47.14285714285714,54.285714285714285,89.45736434108527,88.17204301075269,False,31.773425172957882,87.00029806495377,Neutral,64.47290794696303,66.50785619174435,90.47589880159788,,,7.660738714090288,16.8,59.40016474001604,85.71428571428571,61.83708606507796,85.71428571428571,GREEN,Small,2500000.0,GREEN,59.40016474001604,61.83708606507796,Hold,Hold,High,High,ttm(Mar 2026),ttm(Mar 2026),Mar 2026,False,False,Hold
SENCO,Consumer Durables,NotCyclical,5983.941814033085,0.15276590434385065,0.13645149195233197,1.073587907716786,4.75,27.397905422213874,33.21744627054362,10.419042189281642,0.12948081924040844,0.08814184988686291,0.07209591292829964,-0.30620509077427505,True,True,61.61172847796719,17337661.0,72838762.0,204228336.75,,,10.419042189281642,53.65853658536586,21.951219512195124,37.804878048780495,82.32558139534883,86.69354838709677,False,72.35677873528341,54.07410132899252,Neutral,63.704951813449895,25.229560585885487,54.25752330226364,,,74.4186046511628,74.26666666666667,59.34425274896612,85.71428571428571,63.80288038072486,85.71428571428571,GREEN,Small,2500000.0,GREEN,59.34425274896612,63.80288038072486,Hold,Hold,High,High,ttm(Mar 2026),ttm(Mar 2026),Mar 2026,False,False,Hold
ENDURANCE,Automobile and Auto Components,Cyclical,38883.417085427136,0.14695264191295798,0.2535070368026336,0.1939774886712469,34.49122807017544,18.354454185840495,26.252054320560504,40.843925509902455,0.17191802109956345,0.0678954895496815,0.05770968810200694,0.03794816795339284,True,True,63.40723324625998,1339571.0,1852509.0,293512482.57421875,0.021666666666666945,0.009999999999999787,40.843925509902455,58.69565217391305,76.08695652173914,67.3913043478261,66.82170542635659,80.91397849462365,False,47.19144043910399,50.144739965661444,Neutral,68.809276675374,100.0,53.26844207723036,32.60504201680672,34.53781512605042,25.99179206566348,39.86666666666667,59.099710194209784,100.0,59.5226489592367,100.0,GREEN,Large,50000000.0,GREEN,59.099710194209784,59.5226489592367,Hold,Hold,High,High,ttm(Mar 2026),ttm(Mar 2026),Mar 2026,False,False,Hold
AVL,Consumer Services,NotCyclical,8203.5744278207,0.24500432208019546,0.20678616206428188,0.8316400580551524,5.846153846153846,26.435296947971466,18.230088495575213,69.96140989999655,0.23911348964023227,0.31567489913633295,0.7724859994217004,,True,True,57.55081528065875,3658550.0,7794664.0,103772973.66482544,,,69.96140989999655,84.78260869565217,76.08695652173914,80.43478260869566,80.93023255813954,66.66666666666666,False,15.760724444186453,97.47191011235955,Neutral,85.76858996951867,7.985885486018644,14.776830892143808,,,39.945280437756495,51.46666666666667,59.09653165260002,85.71428571428571,58.40204894693527,85.71428571428571,GREEN,Small,2500000.0,GREEN,59.09653165260002,58.40204894693527,Hold,Hold,High,High,ttm(Mar 2026),ttm(Mar 2026),Mar 2026,False,False,Hold
NYKAA,Consumer Services,NotCyclical,94670.57320731027,0.061028961790581815,0.1839371075522806,0.8609179415855355,6.427350427350428,24.89675248284311,26.062893081760997,470.79711029495013,0.22793430766565148,0.27592300988177376,0.49541965885300243,0.8357255525468923,True,True,67.47643173283498,111182822.0,346964204.0,1590579183.2489624,2.5083333333333333,2.015,470.79711029495013,43.47826086956522,63.04347826086957,53.26086956521739,79.53488372093022,80.64516129032258,False,13.536253466160009,92.12437149471305,Neutral,82.3180573098083,7.985885486018644,14.776830892143808,94.11764705882352,88.0672268907563,93.84404924760602,94.26666666666667,59.014722775776164,100.0,59.118810868220535,100.0,GREEN,Large,50000000.0,GREEN,59.014722775776164,59.118810868220535,Hold,Hold,High,High,ttm(Mar 2026),ttm(Mar 2026),Mar 2026,False,False,Hold
PNGJL,Consumer Durables,NotCyclical,8078.493211758847,0.23541502503118156,0.1880966710537331,0.8848700967906266,6.695652173913044,33.75304094298659,39.60743533082023,19.710168525769088,-0.111931947416397,-0.007340102301212181,0.012851043051861799,,True,False,64.12163300890208,4766240.0,5933741.0,135818633.81567383,,,19.710168525769088,82.92682926829268,51.21951219512195,67.07317073170731,87.59689922480621,89.65053763440861,False,57.615608690375055,31.17607924305145,Neutral,18.59542477499055,25.229560585885487,54.25752330226364,,,36.11491108071135,56.266666666666666,58.96503155817562,85.71428571428571,55.60663608533489,85.71428571428571,GREEN,Small,2500000.0,GREEN,58.96503155817562,55.60663608533489,Hold,Hold,High,High,ttm(Mar 2026),ttm(Mar 2026),Mar 2026,False,False,Hold
ZENTEC,Capital Goods,Cyclical,18408.436522526103,0.14626171977345853,0.1799206576710074,0.010058231868713605,24.5,46.458564952032624,-29.363449691991782,84.44236936938579,0.10079685425574203,0.4636039630001769,-0.02478225548562507,0.3098084436551716,True,True,50.99408010924384,12741088.0,35287348.0,1064640131.6411133,0.7833333333333333,1.775,84.44236936938579,49.532710280373834,48.148148148148145,48.84042921426099,93.48837209302326,1.0752688172043012,True,27.784824210057856,53.31782537879091,Neutral,70.86725865574229,85.89161118508655,77.5027962716378,76.80672268907564,87.05882352941177,63.88508891928865,70.39999999999999,61.90037408635024,100.0,52.16060968750928,100.0,GREEN,Mid,10000000.0,GREEN,58.90037408635024,49.16060968750928,Hold,Hold,High,High,ttm(Mar 2026),ttm(Mar 2026),Mar 2026,False,False,Hold
ICICIBANK,Financial Services,NotCyclical,1085257.3289009875,0.1730207549420043,,0.6972883602097443,,,3.95640098517005,18.098519029758485,0.045715972741649624,-0.01308284539187543,0.005093773128592716,0.16711553172904559,True,True,65.6099927201297,180261054.0,-53855407.0,18525704097.789307,0.18833333333333377,0.19500000000000384,18.098519029758485,72.26890756302521,,72.26890756302521,,21.236559139784948,False,66.34427824670182,53.444872597011624,Neutral,44.66563066370787,47.73288948069241,28.957922769640476,50.252100840336134,51.42857142857142,3.6935704514363885,96.53333333333333,55.84216612125754,85.71428571428571,50.568176539874024,100.0,N/A-financial-sector,Large,50000000.0,GREEN,58.84216612125754,53.568176539874024,Hold,Hold,High,High,ttm(Jun 2026),ttm(Jun 2026),Jun 2026,False,False,Hold
JBCHEPHARM,Healthcare,NotCyclical,38657.99073702396,0.17927910734054467,0.2659270793320445,0.0009617696561673479,184.5,9.619721834441886,5.89737043655858,53.32964140676887,0.21489894223302142,0.30307595584584535,0.5197575252368658,0.4188139060775009,True,True,61.08436660881171,249629.0,6195679.0,516075364.7486572,0.41999999999999965,0.46500000000000075,53.32964140676887,72.85714285714285,88.57142857142857,80.71428571428571,38.604651162790695,26.209677419354836,False,42.509479305740996,86.03530282485791,Neutral,73.34602343301555,66.50785619174435,90.47589880159788,63.86554621848739,64.2016806722689,36.52530779753762,31.066666666666663,58.828529396591286,100.0,60.3663749550009,100.0,GREEN,Large,50000000.0,GREEN,58.828529396591286,60.3663749550009,Hold,Hold,High,High,ttm(Mar 2026),ttm(Mar 2026),Mar 2026,False,False,Hold
RAIN,Chemicals,Cyclical,,,,,,,14.39374353671148,23.843749931880403,0.6046267114994357,0.5199203407825232,0.47266472577845464,0.3230988106285544,True,True,64.93547235990309,107615883.0,247096181.0,830048545.9637146,0.1450000000000002,-1.77,23.843749931880403,,,,,54.704301075268816,False,,84.78971060945524,Neutral,94.21015646771339,26.70386151797603,87.9555259653795,45.54621848739496,3.0252100840336134,90.97127222982216,93.86666666666666,58.81434262302928,57.14285714285714,73.54817014523222,71.42857142857143,GREEN,,,GREEN,58.81434262302928,73.54817014523222,Hold,Hold,Med,High,ttm(Mar 2026),ttm(Mar 2026),Mar 2026,False,True,Hold
IRCTC,Consumer Services,NotCyclical,39974.78137186009,0.35805190704714174,0.4341023375987898,0.018797864933859366,92.55555555555556,13.773939302582704,11.526946107784442,28.69689976443653,-0.11553435403435142,-0.20232191989815107,-0.34471194680607975,-0.5085739264794242,False,False,41.097289698692954,-5289462.0,-61038896.0,454167601.95062256,1.0,0.5249999999999995,28.69689976443653,97.82608695652173,95.65217391304348,96.73913043478261,53.333333333333336,46.37096774193548,False,70.53969395090891,7.878971928121991,Neutral,5.975295184720077,7.985885486018644,14.776830892143808,80.75630252100841,66.21848739495798,3.146374829001368,11.866666666666667,55.7856720635429,100.0,46.90414162385391,100.0,GREEN,Large,50000000.0,GREEN,58.7856720635429,49.90414162385391,Hold,Hold,High,High,ttm(Mar 2026),ttm(Mar 2026),Mar 2026,False,False,Hold
CCAVENUE,Financial Services,NotCyclical,6431.000196933746,0.05358201184762197,0.06910244732683712,0.09060261272650653,18.473684210526315,60.52684806777444,103.25569747057348,20.27907038843909,0.17997299385280097,0.1339402083412522,0.05186975960849893,-0.41450941796610863,True,True,62.483181936124915,358798112.0,476162147.0,176584942.7474556,,,20.27907038843909,10.92436974789916,33.33333333333333,22.128851540616246,96.12403100775194,99.05913978494624,True,58.50671070198862,42.44344095228909,Neutral,73.55315104422039,47.73288948069241,28.957922769640476,,,95.89603283173734,99.06666666666666,58.68632064500903,85.71428571428571,61.36101113531529,85.71428571428571,N/A-financial-sector,Small,2500000.0,GREEN,58.68632064500903,61.36101113531529,Hold,Hold,High,High,ttm(Mar 2026),ttm(Mar 2026),Mar 2026,False,False,Hold
FINCABLES,Capital Goods,Cyclical,16033.254767516606,0.1323223108189902,0.11904911795805007,0.0031219191587249424,310.0,12.151120113130908,18.85692799398384,22.46035147878268,0.10717871587910333,0.37559891525097844,0.10488996422228514,-0.349517821854045,False,True,44.85380435566547,5652825.0,21178615.0,419901951.27948,0.37666666666666665,-0.23000000000000043,22.46035147878268,40.18691588785047,12.037037037037036,26.111976462443753,48.21705426356589,67.60752688172043,False,83.94637294170005,46.013366312371254,Neutral,35.746762421576314,85.89161118508655,77.5027962716378,62.016806722689076,19.915966386554622,56.0875512995896,59.333333333333336,58.6229100808446,100.0,54.6101556893374,100.0,GREEN,Mid,10000000.0,GREEN,58.6229100808446,54.6101556893374,Hold,Hold,High,High,ttm(Mar 2026),ttm(Mar 2026),Mar 2026,False,False,Hold
BHARTIARTL,Telecommunication,NotCyclical,1483703.3337483145,0.20484935724634917,0.27365466752472345,1.310988413828267,5.405427974947808,14.882291893724497,21.960990611848487,41.7873461367281,0.04100540287270249,-0.05185257009226185,0.008307460715849313,0.35781304227530875,True,False,56.994255485940435,-23049141.0,-76927978.0,11893401387.267578,0.45000000000000046,0.40500000000000114,41.7873461367281,90.9090909090909,69.23076923076923,80.06993006993007,56.43410852713179,74.32795698924731,False,53.27992879394748,32.729024964613636,Neutral,38.343309494141,93.40532623169109,96.33475366178429,65.88235294117646,61.1764705882353,2.8727770177838576,5.866666666666666,58.58788100805174,100.0,61.72034264522368,100.0,GREEN,Large,50000000.0,GREEN,58.58788100805174,61.72034264522368,Hold,Hold,High,High,ttm(Mar 2026),ttm(Mar 2026),Mar 2026,False,False,Hold
TMB,Financial Services,NotCyclical,12632.35468213567,0.13688402084933693,,0.06923837784371908,,,9.960309960309965,9.441221735527407,0.2212177689622914,0.4127479291394398,0.8587388675628784,0.757746112053651,True,True,58.79242408210859,4452953.0,26702539.0,175659418.87097168,-5.715,0.1849999999999999,9.441221735527407,52.10084033613446,,52.10084033613446,,40.053763440860216,False,78.96007685043473,94.14627726407254,Neutral,86.91690084247786,47.73288948069241,28.957922769640476,1.0924369747899159,50.42016806722689,59.37072503419972,55.2,58.58466024764941,85.71428571428571,59.71232152309845,100.0,N/A-financial-sector,Mid,10000000.0,GREEN,58.58466024764941,59.71232152309845,Hold,Hold,High,High,ttm(Mar 2026),ttm(Mar 2026),Mar 2026,False,False,Hold
THYROCARE,Healthcare,NotCyclical,8392.7490234375,0.1739436078938984,0.3031403479323912,0.08717948717948718,65.75,16.30042589077312,20.815138282387192,51.4390243902439,0.3602767458630747,0.1396834797451536,0.5081854559929606,1.626109968148195,True,True,50.5306743882122,3454298.0,23451559.0,172099804.27581787,-0.46166666666666667,-0.825,51.4390243902439,64.28571428571429,97.14285714285714,80.71428571428572,61.86046511627907,72.04301075268818,False,27.855423392806568,91.49968869330218,Neutral,80.73816886790804,66.50785619174435,90.47589880159788,7.394957983193278,8.907563025210084,57.18194254445964,50.4,58.478338686136695,100.0,64.51505671385863,100.0,GREEN,Small,2500000.0,GREEN,58.478338686136695,64.51505671385863,Hold,Hold,High,High,ttm(Mar 2026),ttm(Mar 2026),Mar 2026,False,False,Hold
HINDCOPPER,Metals & Mining,Cyclical,46854.49006411904,0.06408882547201589,0.20227328621403323,0.03320370924319473,292.4,22.436766333255886,48.57556735876387,50.98421116879112,-0.1298059156512965,-0.10070152527123988,0.8565707537116369,0.42887710500609955,False,True,37.705769510988596,-7295995.0,878281733.0,1958414818.888977,-0.2133333333333337,-1.240000000000001,50.98421116879112,12.5,70.83333333333334,41.66666666666667,77.51937984496125,92.60752688172043,True,16.45630070863716,89.59684483600897,Neutral,11.851645271123362,94.9462050599201,6.26444740346205,15.798319327731091,5.378151260504202,99.04240766073872,10.0,58.298642961971616,100.0,26.702042781879122,100.0,GREEN,Large,50000000.0,GREEN,58.298642961971616,26.702042781879122,Hold,Sell,High,High,ttm(Mar 2026),ttm(Mar 2026),Mar 2026,False,False,Sell
INFY,Information Technology,NotCyclical,439491.09132910974,0.30354753139416074,0.39718605948786084,0.09882393486408478,101.63461538461539,6.772202424210705,9.607951408061854,15.083612380352044,-0.1575327387589034,-0.3084286877171002,-0.29603648121330095,-0.30700671061631635,False,False,50.25339136802383,-39627120.0,-143233998.0,12524951870.612366,3.065,0.05499999999999616,15.083612380352044,94.28571428571428,97.14285714285714,95.71428571428571,30.85271317829457,39.38172043010753,False,84.93931302342517,11.584665131318772,Neutral,3.2005867891235433,13.445272969374168,39.410652463382156,95.7983193277311,38.31932773109244,1.094391244870041,2.933333333333333,55.28474672850118,100.0,47.148233664506186,100.0,GREEN,Large,50000000.0,GREEN,58.28474672850118,50.148233664506186,Hold,Hold,High,High,ttm(Mar 2026),ttm(Mar 2026),Mar 2026,False,False,Hold
TANLA,Information Technology,NotCyclical,7800.070168966426,0.25144384340403314,0.32894715347545533,0.02130225080385852,103.71428571428571,9.608540693437329,9.709461137323071,15.3723540055649,0.2325924275807556,0.1944799197905711,-0.0495451601553748,-0.34685349523962405,True,True,66.89701693548011,5050610.0,44790730.0,215215764.47790527,-0.10000000000000007,0.7949999999999999,15.3723540055649,80.0,80.0,80.0,38.44961240310077,39.6505376344086,False,82.29372496662215,46.59576912988129,Neutral,78.66585386200754,13.445272969374168,39.410652463382156,20.840336134453782,74.11764705882354,66.484268125855,57.06666666666666,55.201766096374,100.0,66.71515602612607,100.0,GREEN,Small,2500000.0,GREEN,58.201766096374,69.71515602612607,Hold,Hold,High,High,ttm(Mar 2026),ttm(Mar 2026),Mar 2026,False,False,Hold
VOLTAMP,Capital Goods,Cyclical,9496.074209044227,0.16255709291484305,0.175407352393063,0.0005580357142857143,355.0,15.85958676881216,11.317829457364347,31.134669537849923,-0.08819249054040945,0.3124781788981217,-0.015443544199936432,-0.2510221486422899,False,True,41.81707066149177,100595.0,1077477.0,430535900.75,2.191666666666667,5.639999999999999,31.134669537849923,62.616822429906534,46.2962962962963,54.45655936310142,60.15503875968993,45.295698924731184,False,50.20222084730861,39.44389414870398,Neutral,20.023451664009553,85.89161118508655,77.5027962716378,92.60504201680672,97.81512605042016,23.803009575923394,29.06666666666667,58.16934145138031,100.0,49.98835734147649,100.0,GREEN,Small,2500000.0,GREEN,58.16934145138031,49.98835734147649,Hold,Hold,High,High,ttm(Mar 2026),ttm(Mar 2026),Mar 2026,False,False,Hold
ESCORTS,Capital Goods,Cyclical,32944.76992800846,0.13856402932069778,0.15497820405525406,0.013093025135375413,74.8,11.039266685133931,12.651308082780165,13.76074789172021,-0.10189341810242414,-0.19595367129953667,-0.09306942053412348,-0.2645097107832347,True,False,55.076866419839206,68338.0,1590899.0,315760396.9941406,2.011666666666667,1.6350000000000002,13.76074789172021,44.85981308411215,34.25925925925926,39.55953617168571,44.49612403100775,51.747311827956985,False,89.6328437917223,15.79969396778648,Neutral,11.289932405635126,85.89161118508655,77.5027962716378,91.76470588235294,86.05042016806723,25.170998632010942,28.000000000000004,58.14620829476565,100.0,53.207263834637075,100.0,GREEN,Mid,10000000.0,GREEN,58.14620829476565,53.207263834637075,Hold,Hold,High,High,ttm(Mar 2026),ttm(Mar 2026),Mar 2026,False,False,Hold
NESTLEIND,Fast Moving Consumer Goods,NotCyclical,274425.70247933886,0.7392476245879387,0.9281184335546472,0.08609656777196044,33.29746835443038,,14.617364617364625,78.47298787210585,0.1118958131630221,0.09051754853051985,0.19664284014516942,0.12135159398638518,True,True,50.45592453162807,-15238722.0,8139615.0,2511011711.5568237,0.1350000000000001,0.08499999999999996,78.47298787210585,96.51162790697676,97.72727272727273,97.11945031712474,,55.64516129032258,False,16.637739207832666,67.74637451447923,Neutral,67.15440754683719,58.78482023968043,8.718242343541945,44.70588235294118,41.680672268907564,40.49247606019152,7.066666666666667,58.125550186016085,85.71428571428571,51.223170374173094,100.0,GREEN,Large,50000000.0,GREEN,58.125550186016085,51.223170374173094,Hold,Hold,High,High,ttm(Mar 2026),ttm(Mar 2026),Mar 2026,False,False,Hold
FORCEMOT,Automobile and Auto Components,Cyclical,24390.256103528904,0.09706342529282229,0.17667358820843504,0.0,494.3333333333333,21.665537014111113,12.21657787139141,20.12397368277962,-0.15598631698973775,-0.07912416023886537,0.12939861588305024,1.2244954739099758,False,False,50.69501219067881,95160.0,2800345.0,1882677195.0,0.10333333333333339,0.7450000000000002,20.12397368277962,21.73913043478261,39.130434782608695,30.434782608695652,75.81395348837209,49.05913978494624,False,69.0805284238634,36.12771742863926,Neutral,5.647165447598785,100.0,53.26844207723036,42.35294117647059,73.10924369747899,28.72777017783858,28.933333333333334,58.076995878029656,100.0,41.42812613788946,100.0,GREEN,Mid,10000000.0,GREEN,58.076995878029656,41.42812613788946,Hold,Hold,High,High,ttm(Mar 2026),ttm(Mar 2026),Mar 2026,False,False,Hold
CHOLAHLDNG,Financial Services,NotCyclical,65966.81690707536,0.36911585620584486,,13.61459816228808,,,17.953207547169804,12.026766983969983,-0.028095519561372462,-0.1410679220962887,-0.24680966039724006,0.08542266495143647,False,False,39.94961089904779,-1743719.0,1532141.0,223284303.088562,0.38833333333333336,0.5400000000000009,12.026766983969983,94.9579831932773,,94.9579831932773,,65.99462365591397,False,55.07003688533864,14.269034134121165,Neutral,13.852605484934525,47.73288948069241,28.957922769640476,63.02521008403361,67.39495798319328,24.897400820793433,18.933333333333334,58.05456096802163,85.71428571428571,51.44198903795891,100.0,N/A-financial-sector,Large,50000000.0,GREEN,58.05456096802163,51.44198903795891,Hold,Hold,High,High,ttm(Mar 2026),ttm(Mar 2026),Mar 2026,False,False,Hold
ENGINERSIN,Construction,Cyclical,13030.41629450108,0.17078731867223745,0.18048876211057768,0.00540368722186904,348.0,5.6596291078343075,27.169689119170993,18.814784777445293,-0.0431711024276642,0.20341637275892466,-0.05450342875655634,-0.11736609239341667,False,True,43.54401851392277,20709083.0,276446520.0,764164808.8162003,0.8783333333333331,0.6449999999999996,18.814784777445293,78.26086956521739,47.82608695652174,63.04347826086956,27.44186046511628,81.58602150537635,True,78.8584779706275,54.74615220479648,Neutral,26.474583655854097,8.461517976031956,26.57070572569907,78.31932773109244,71.26050420168067,91.65526675786595,77.2,54.98295296215687,100.0,55.397294111344934,100.0,GREEN,Mid,10000000.0,GREEN,57.98295296215687,58.397294111344934,Hold,Hold,High,High,ttm(Mar 2026),ttm(Mar 2026),Mar 2026,False,False,Hold
NAVA,Power,NotCyclical,22076.881751190846,0.17295892527560805,0.19527484578941,0.2545454545454545,143.08333333333334,6.7439605939922265,7.759919638372681,21.255847866391914,-0.15866680993107485,0.0513482920258328,0.015675441559849457,0.6259740085187813,False,False,41.72314770912128,1916344.0,29708765.0,183683497.99542236,0.2683333333333334,-0.12000000000000029,21.255847866391914,80.95238095238095,95.23809523809523,88.09523809523809,30.54263565891473,33.064516129032256,False,61.67111704494882,33.371031846302635,Neutral,11.748320149722792,35.61571238348868,2.060452729693742,56.63865546218487,25.04201680672269,60.87551299589603,43.733333333333334,54.92583332383238,100.0,39.67587831441989,100.0,GREEN,Mid,10000000.0,GREEN,57.92583332383238,42.67587831441989,Hold,Hold,High,High,ttm(Mar 2026),ttm(Mar 2026),Mar 2026,False,False,Hold
ERIS,Healthcare,NotCyclical,21567.155988826307,0.1552859761909839,0.1678149734379501,0.6044068665129387,5.803108808290156,22.914151075358234,8.157621845834772,32.98027973441309,0.03520379924795791,-0.008227024356446289,-0.13563585668012546,0.4608384677851636,True,True,63.69776897854452,808565.0,3253973.0,86219031.08178711,0.6516666666666664,1.42,32.98027973441309,54.285714285714285,30.0,42.14285714285714,78.13953488372093,34.274193548387096,False,63.646234194612425,42.624075141701326,Neutral,31.230536091190935,66.50785619174435,90.47589880159788,72.60504201680672,84.2016806722689,29.68536251709986,35.46666666666667,57.92351507803071,100.0,50.00473512325505,100.0,GREEN,Mid,10000000.0,GREEN,57.92351507803071,50.00473512325505,Hold,Hold,High,High,ttm(Mar 2026),ttm(Mar 2026),Mar 2026,False,False,Hold
KPIL,Construction,Cyclical,22348.49055548607,0.12331818842048498,0.20488100519582916,0.4556327160493827,3.5093795093795093,18.38118074477164,21.630220469618223,21.67295970425115,0.07182810802388917,0.18725430577971713,0.1096353836128201,0.09208288159172473,True,True,47.00422170615698,1762901.0,2805792.0,194998132.64996338,1.6833333333333342,3.2600000000000025,21.67295970425115,43.47826086956522,65.21739130434783,54.34782608695652,66.97674418604652,73.65591397849462,False,76.17323097463284,71.07920758721762,Neutral,70.19136526899783,8.461517976031956,26.57070572569907,89.2436974789916,93.61344537815125,28.864569083447332,42.4,57.89001688070907,100.0,63.09975370526683,100.0,GREEN,Mid,10000000.0,GREEN,57.89001688070907,63.09975370526683,Hold,Hold,High,High,ttm(Mar 2026),ttm(Mar 2026),Mar 2026,False,False,Hold
BEL,Capital Goods,Cyclical,297688.8102532584,0.2187448705778177,0.303462910733338,0.0027096881774220445,1149.857142857143,15.900835715856921,16.154816996213704,49.107358999217816,-0.1102611365652153,-0.01176435639222162,0.0011765830772574315,0.2348094776281806,False,False,43.88384232434582,-29862476.0,32071435.0,4543657695.939087,-0.34999999999999964,-0.2699999999999996,49.107358999217816,84.11214953271028,92.5925925925926,88.35237106265143,60.310077519379846,62.096774193548384,False,46.777303070761015,27.378517501912295,Neutral,10.559631640581292,85.89161118508655,77.5027962716378,11.260504201680673,18.487394957983195,62.243502051983576,4.533333333333333,57.885647598076986,100.0,46.590985179819455,100.0,GREEN,Large,50000000.0,GREEN,57.885647598076986,46.590985179819455,Hold,Hold,High,High,ttm(Mar 2026),ttm(Mar 2026),Mar 2026,False,False,Hold
MUTHOOTFIN,Financial Services,NotCyclical,120473.23149414247,0.20016958935602555,,3.8795297725530284,,,54.390304229532525,11.358329280674237,-0.1515348496020581,-0.23046289452566937,0.1442223374439906,0.7139711889483729,False,False,42.596811152385115,-7934242.0,-7773094.0,2210539750.5043945,0.15999999999999984,0.3650000000000002,11.358329280674237,79.83193277310924,,79.83193277310924,,93.68279569892472,False,62.10133285058044,35.97349213679925,Neutral,2.9491343117587334,47.73288948069241,28.957922769640476,47.22689075630252,59.831932773109244,9.439124487004104,9.466666666666667,54.86945995674024,85.71428571428571,51.09074406033711,100.0,N/A-financial-sector,Large,50000000.0,GREEN,57.86945995674024,54.09074406033711,Hold,Hold,High,High,ttm(Mar 2026),ttm(Mar 2026),Mar 2026,False,False,Hold
CHALET,Consumer Services,NotCyclical,19090.555257078584,0.12247581262985027,0.13737188134248407,0.6403461330448891,6.594444444444444,34.91395996951112,61.23399301513388,29.567650464802682,0.1072381107390874,-0.002915938013686392,0.017266073426438044,0.03340354811291757,True,True,68.8271997915505,2970456.0,1963487.0,78628629.89819336,0.20000000000000026,-0.11499999999999977,29.567650464802682,67.3913043478261,41.30434782608695,54.34782608695652,89.14728682170544,94.89247311827957,True,64.45193591455273,60.703058309157285,Neutral,55.20327035900921,7.985885486018644,14.776830892143808,51.26050420168067,25.546218487394956,26.67578659370725,48.66666666666667,57.857325978791515,100.0,56.51827625717337,100.0,GREEN,Mid,10000000.0,GREEN,57.857325978791515,56.51827625717337,Hold,Hold,High,High,ttm(Mar 2026),ttm(Mar 2026),Mar 2026,False,False,Hold
DOMS,Fast Moving Consumer Goods,NotCyclical,14273.45140307804,0.22792575835347648,0.3129185082897701,0.11557377049180328,36.63636363636363,24.270781700521415,21.589127025614218,59.47271417949183,-0.05674260973107881,-0.08638776898133715,-0.05894183577980938,0.00413106471990532,True,False,46.603019862962604,7843961.0,17044528.0,105072243.14111328,,,59.47271417949183,74.4186046511628,81.81818181818183,78.11839323467231,79.06976744186046,73.38709677419355,False,28.521558155972667,24.154620212876196,Neutral,27.76192023592596,58.78482023968043,8.718242343541945,,,52.53077975376197,63.6,57.85336722477758,85.71428571428571,46.89116277277259,85.71428571428571,GREEN,Mid,10000000.0,GREEN,57.85336722477758,46.89116277277259,Hold,Hold,High,High,ttm(Mar 2026),ttm(Mar 2026),Mar 2026,False,False,Hold
GRSE,Capital Goods,Cyclical,29681.70372987345,0.18256727420140895,0.12306626876007923,0.014084507042253521,49.6875,39.831229396408084,37.94326241134751,39.6753453113036,-0.028862732810063352,0.06066391363657453,-0.06874770245571893,0.009967463223029993,False,True,40.07639955509411,3707913.0,46325865.0,2030507604.008789,-0.48833333333333334,-0.6450000000000002,39.6753453113036,74.76635514018692,12.962962962962962,43.86465905157494,90.85271317829458,89.11290322580645,False,50.11904761904762,41.37012572583567,Neutral,20.616169568300112,85.89161118508655,77.5027962716378,6.722689075630252,10.420168067226891,67.44186046511628,51.866666666666674,57.76375850840493,100.0,48.914752645018,100.0,GREEN,Mid,10000000.0,GREEN,57.76375850840493,48.914752645018,Hold,Hold,High,High,ttm(Mar 2026),ttm(Mar 2026),Mar 2026,False,False,Hold
GVT&D,Capital Goods,Cyclical,117338.49741353863,0.10175147967357794,0.20772747916496118,0.008921933085501859,112.26666666666667,30.803882214148114,44.56091311437223,95.16504250895267,0.08312272504398499,0.6782354375457624,0.9685796368703896,1.7122685887040099,False,True,44.84987533398112,-6267517.0,233922.0,3747131149.25,,,95.16504250895267,23.364485981308412,67.5925925925926,45.47853928695051,85.73643410852712,91.39784946236558,False,18.402937249666223,95.83929740703991,Neutral,34.96342516501459,85.89161118508655,77.5027962716378,,,19.151846785225718,10.8,57.73736377053939,85.71428571428571,47.816219505876504,85.71428571428571,GREEN,Large,50000000.0,GREEN,57.73736377053939,47.816219505876504,Hold,Hold,High,High,ttm(Mar 2026),ttm(Mar 2026),Mar 2026,False,False,Hold
POWERINDIA,Capital Goods,Cyclical,149539.593015386,0.12001225867644677,0.19204634408638743,0.01661514683153014,96.3076923076923,22.165025099832825,27.611589663273307,151.3626928977529,0.13155675493337826,0.9610078335087104,0.8069319534682702,1.440110868150355,False,True,49.75881669596761,158298.0,5263397.0,4539124012.5,1.0216666666666665,-0.17499999999999982,151.3626928977529,31.775700934579437,57.407407407407405,44.59155417099342,76.5891472868217,82.25806451612904,False,12.334579439252337,93.34911877540014,Neutral,38.949118330403245,85.89161118508655,77.5027962716378,81.34453781512605,22.521008403361346,34.61012311901504,29.86666666666667,57.719326016492396,100.0,45.14576651801615,100.0,GREEN,Large,50000000.0,GREEN,57.719326016492396,45.14576651801615,Hold,Hold,High,High,ttm(Mar 2026),ttm(Mar 2026),Mar 2026,False,False,Hold
JSFB,Financial Services,NotCyclical,5235.566440125595,0.13752619981436376,,1.2400180464696593,,,18.26761744966443,13.7981705629895,0.29829138980798087,0.23391596547863114,0.01395539577944116,-0.2589890655610154,True,True,62.93508216485461,8378423.0,14537906.0,278916055.34150696,,,13.7981705629895,52.94117647058824,,52.94117647058824,,66.8010752688172,False,81.3175110673881,42.702333828611195,Neutral,85.68463687075054,47.73288948069241,28.957922769640476,,,50.20519835841313,65.2,57.7148626426779,71.42857142857143,66.57245307990655,85.71428571428571,N/A-financial-sector,Small,2500000.0,GREEN,57.7148626426779,66.57245307990655,Hold,Hold,High,High,ttm(Jun 2026),ttm(Jun 2026),Jun 2026,False,False,Hold
CDSL,Financial Services,NotCyclical,29412.351054078827,0.261405717579379,0.3117575545841354,0.0010204081632653062,,27.30266668779695,5.920444033302497,64.61291800274851,0.029336604932805654,-0.006620201600420095,-0.1579319265847784,0.24301041585088878,True,True,61.596882331919915,36463450.0,6571590.0,1984521250.25,,,64.61291800274851,89.07563025210085,79.16666666666666,84.12114845938376,82.17054263565892,26.344086021505376,True,23.63183431567293,39.159716900026666,Neutral,42.93397567865374,47.73288948069241,28.957922769640476,,,38.03009575923393,84.39999999999999,58.59895634651464,85.71428571428571,45.419818578709084,85.71428571428571,N/A-financial-sector,Mid,10000000.0,GREEN,57.59895634651464,44.419818578709084,Hold,Hold,High,High,ttm(Mar 2026),ttm(Mar 2026),Mar 2026,False,False,Hold
REDTAPE,Consumer Durables,NotCyclical,7335.818593693876,0.2550387762464191,0.2592193329602286,0.7045009784735812,5.102941176470588,18.114514979964568,19.45679012345678,30.439081301634342,0.09105144195933113,0.025480240623738437,-0.0349359936065895,-0.8186686935644936,False,True,44.13243630391289,677881.0,14457648.0,50181786.79772949,,,30.439081301634342,87.8048780487805,78.04878048780488,82.92682926829269,66.35658914728683,68.68279569892472,False,46.66646437674475,35.99968939244157,Neutral,28.955862060665623,25.229560585885487,54.25752330226364,,,49.93160054719562,34.53333333333333,57.46894314461361,85.71428571428571,54.28312781622826,85.71428571428571,GREEN,Small,2500000.0,GREEN,57.46894314461361,54.28312781622826,Hold,Hold,High,High,ttm(Mar 2026),ttm(Mar 2026),Mar 2026,False,False,Hold
AADHARHFC,Financial Services,NotCyclical,22440.763951447567,0.1510953194668041,,2.4856119878000267,,,18.178893178893183,20.385986231473918,0.07158469521985045,0.06537706776556473,0.14002656252090184,0.19256606476313687,True,True,50.23958157187938,9007395.0,14456808.0,161021620.80169678,,,20.385986231473918,63.86554621848739,,63.86554621848739,,66.53225806451613,False,52.691556221303195,64.76176436490913,Neutral,55.10882421195808,47.73288948069241,28.957922769640476,,,49.794801641586865,66.13333333333333,57.35781741277673,71.42857142857143,56.20432279196903,85.71428571428571,N/A-financial-sector,Mid,10000000.0,GREEN,57.35781741277673,56.20432279196903,Hold,Hold,High,High,ttm(Mar 2026),ttm(Mar 2026),Mar 2026,False,False,Hold
GLAND,Healthcare,NotCyclical,41663.090612783184,0.09054883238724988,0.14064217583211738,0.0274210678767983,49.39393939393939,21.057072216242023,14.491721559551362,40.56125565015635,0.40945053870175174,0.48526124623825595,0.3843953067970973,0.4019874121273197,True,True,65.61534960988305,7069574.0,18355200.0,1117286699.9533691,0.6966666666666663,-0.10000000000000053,40.56125565015635,18.571428571428573,17.142857142857142,17.857142857142858,74.10852713178294,55.376344086021504,False,62.04726301735648,79.93898615005763,Neutral,89.86319117359697,66.50785619174435,90.47589880159788,74.28571428571429,26.47058823529412,53.898768809849514,62.53333333333333,57.356137493524855,100.0,59.15335772471132,100.0,GREEN,Large,50000000.0,GREEN,57.356137493524855,59.15335772471132,Hold,Hold,High,High,ttm(Mar 2026),ttm(Mar 2026),Mar 2026,False,False,Hold
SAIL,Metals & Mining,Cyclical,67554.9579522309,0.07714477262337092,0.1413022874922426,0.5289946318510172,5.560704355885079,1.9907804861935885,8.129470428087714,20.052696676815255,-0.05257368697864595,0.1074039724280198,0.23338655866865432,0.06702885518081314,False,True,35.27216995156466,-175343581.0,964364176.0,3294623194.676628,0.5799999999999998,0.6049999999999993,20.052696676815255,20.833333333333336,25.0,22.916666666666668,15.813953488372093,34.13978494623656,False,72.9731950292698,62.1656166298873,Neutral,26.983894115954644,94.9462050599201,6.26444740346205,70.08403361344537,69.24369747899159,99.04240766073872,1.0666666666666667,57.27918092609811,100.0,34.92408558540342,100.0,GREEN,Large,50000000.0,GREEN,57.27918092609811,34.92408558540342,Hold,Sell,High,High,ttm(Mar 2026),ttm(Mar 2026),Mar 2026,False,False,Sell
ASTERDM,Healthcare,NotCyclical,46297.288327796436,0.5078358441498041,0.1015909498601468,0.48513986013986016,7.024390243902439,15.748568648424111,12.203963267278883,108.42456282856308,0.19514345192926785,0.3454138447291779,0.3462127665257635,1.4349028002182096,True,True,59.34800684301584,8020371.0,25206684.0,403243715.76953125,4.698333333333333,0.14999999999999813,108.42456282856308,100.0,11.428571428571429,55.714285714285715,59.68992248062015,48.924731182795696,False,14.269158878504673,83.95373732721094,Neutral,71.30557490255288,66.50785619174435,90.47589880159788,97.6470588235294,47.05882352941176,58.5499316005472,64.26666666666667,57.20736524356461,100.0,55.005901630627456,100.0,GREEN,Large,50000000.0,GREEN,57.20736524356461,55.005901630627456,Hold,Hold,High,High,ttm(Mar 2026),ttm(Mar 2026),Mar 2026,False,False,Hold
VIJAYA,Healthcare,NotCyclical,14536.734086853065,0.17512925744731067,0.23995513003631047,0.44200626959247646,10.212121212121213,21.042320176103967,19.53010279001468,83.92751039809865,0.3802032111624316,0.43532164926535155,0.4026509657165591,0.798139173348902,True,True,61.72790577804965,4631778.0,13222168.0,269631204.76831055,-0.31333333333333346,0.0699999999999994,83.92751039809865,65.71428571428571,80.0,72.85714285714286,73.95348837209302,69.22043010752688,False,21.386358281630407,85.36283593906552,Neutral,88.24630175396341,66.50785619174435,90.47589880159788,11.76470588235294,41.008403361344534,47.46922024623803,55.86666666666667,57.10843494936181,100.0,66.0473557611011,100.0,GREEN,Mid,10000000.0,GREEN,57.10843494936181,66.0473557611011,Hold,Hold,High,High,ttm(Mar 2026),ttm(Mar 2026),Mar 2026,False,False,Hold
ELGIEQUIP,Capital Goods,Cyclical,18429.476013408483,0.16542970539860236,0.1924455299512214,0.23879928315412186,23.16,9.118118729686952,12.532042153232691,42.859246542810425,0.05371856639761208,0.3212175362512353,0.059650660926787724,-0.21004959172072524,False,True,47.47068764326247,-306199.0,24337215.0,170430146.87149048,0.24333333333333362,-0.1499999999999999,42.859246542810425,65.42056074766354,58.333333333333336,61.876947040498436,36.74418604651163,51.075268817204304,False,57.693591455273705,47.030743109954784,Neutral,30.688645521388036,85.89161118508655,77.5027962716378,54.621848739495796,23.865546218487395,58.139534883720934,24.0,57.10310207762827,100.0,49.65005862265456,100.0,GREEN,Mid,10000000.0,GREEN,57.10310207762827,49.65005862265456,Hold,Hold,High,High,ttm(Mar 2026),ttm(Mar 2026),Mar 2026,False,False,Hold
OBEROIRLTY,Realty,Cyclical,67662.8230508685,0.11722146153434798,0.12612032969827575,0.15762749693114608,13.937759336099585,12.743742547859526,29.862394742246877,25.735618793858887,0.08938525731890024,0.12573829979955642,0.014790282421048406,0.05244836725356938,True,True,57.8048989616184,9953763.0,5678243.0,649462071.0449829,0.014999999999999384,-0.22000000000000064,25.735618793858887,76.47058823529412,94.11764705882352,85.29411764705881,49.6124031007752,84.00537634408603,True,73.92078326657766,64.88216565874366,Neutral,57.75545781625647,5.798402130492676,68.91424766977363,31.76470588235294,20.504201680672267,35.43091655266758,67.86666666666666,54.09747125153481,100.0,67.66813695026246,100.0,GREEN,Large,50000000.0,GREEN,57.09747125153481,70.66813695026246,Hold,Hold,High,High,ttm(Jun 2026),ttm(Jun 2026),Jun 2026,False,False,Hold
KPIGREEN,Power,NotCyclical,8582.12404089057,0.23056628343969043,0.16597362537529556,1.7129202373104813,5.263736263736264,61.167699491323745,55.389048991354464,16.860754500767328,-0.0764952505350881,-0.0915096927859047,-0.21804266386065185,-0.333273470450841,False,False,52.214945782545485,-2153679.0,109109164.0,257900115.1707306,1.035,2.965,16.860754500767328,85.71428571428571,80.95238095238095,83.33333333333333,96.27906976744185,93.81720430107528,False,47.126168224299064,11.07898933090972,Neutral,16.45787050111053,35.61571238348868,2.060452729693742,81.84873949579831,92.77310924369748,80.84815321477427,18.0,67.08911404859553,100.0,52.59442577843227,100.0,AMBER,Small,2500000.0,GREEN,57.0257469413062,44.70526191166743,Hold,Hold,High,High,ttm(Mar 2026),ttm(Mar 2026),Mar 2026,False,False,Hold
GROWW,Financial Services,NotCyclical,129020.51768934872,0.1031666239235344,0.28715274802006674,0.030252797347699957,59.65217391304348,59.627068537278284,37.739816031537444,52.19289324610366,0.04859516980080936,0.26399899381469916,,,True,,53.79271712275769,189393347.0,,5662702488.991005,,,52.19289324610366,28.57142857142857,72.91666666666666,50.74404761904761,95.96899224806201,88.97849462365592,True,26.038559887759952,,Neutral,59.90943352188401,47.73288948069241,28.957922769640476,,,,96.8,58.01001400001903,57.14285714285714,56.117618344144,85.71428571428571,N/A-financial-sector,Large,50000000.0,GREEN,57.01001400001903,55.117618344144,Hold,Hold,Med,High,ttm(Jun 2026),ttm(Jun 2026),Jun 2026,False,False,Hold
CREDITACC,Financial Services,NotCyclical,23963.489513923763,0.13934411868278923,,3.014664626370824,,,5.319888734353273,30.769705198311122,0.19245487108039727,0.1601614279773762,0.1443551286536069,0.15004051197673762,True,True,54.87906669271597,3990786.0,45734041.0,367905919.7294922,1.3433333333333335,2.6500000000000004,30.769705198311122,56.30252100840336,,56.30252100840336,,24.731182795698924,False,39.29336676544335,64.14285896725495,Neutral,77.69097303688083,47.73288948069241,28.957922769640476,86.05042016806723,91.34453781512605,66.75786593707251,53.333333333333336,56.99900958905742,85.71428571428571,52.46455557231318,100.0,N/A-financial-sector,Mid,10000000.0,GREEN,56.99900958905742,52.46455557231318,Hold,Hold,High,High,ttm(Mar 2026),ttm(Mar 2026),Mar 2026,False,False,Hold
STYL,Financial Services,NotCyclical,6474.9832410548715,0.30170723577870523,0.3262405015350576,0.05890603085553997,18.095238095238095,,-1.3013698630137016,26.54943637050535,0.6250355192447219,0.44911263041953653,,,True,,86.54546327514106,3916336.0,2699646.0,39430136.38937378,,,26.54943637050535,94.11764705882352,83.33333333333334,88.72549019607843,,10.080645161290322,False,36.60187267233504,,Extended,92.256564783597,47.73288948069241,28.957922769640476,,,28.454172366621066,52.93333333333333,57.87498908398336,57.14285714285714,56.064898875451306,85.71428571428571,N/A-financial-sector,Small,2500000.0,GREEN,56.87498908398336,55.064898875451306,Hold,Hold,Med,High,ttm(Mar 2026),ttm(Mar 2026),Mar 2026,False,False,Hold
MAZDOCK,Capital Goods,Cyclical,95056.70714988922,0.21762986829889497,0.15284759765551895,0.04582265504869298,31.47222222222222,18.444838092044137,13.768369489153255,34.50175407405209,-0.09915302425805217,-0.04543542558374014,-0.2515370100854111,-0.14000184236700763,False,False,38.96989167425405,-2214868.0,39354866.0,1988858204.8391113,0.17499999999999996,0.24499999999999997,34.50175407405209,83.17757009345794,32.407407407407405,57.792488750432675,67.28682170542636,53.62903225806451,False,53.749265687583446,11.822652407842114,Neutral,10.9061854357492,85.89161118508655,77.5027962716378,49.07563025210084,54.621848739495796,64.97948016415869,17.599999999999998,56.86033066712208,100.0,46.07905322903198,100.0,GREEN,Large,50000000.0,GREEN,56.86033066712208,46.07905322903198,Hold,Hold,High,High,ttm(Mar 2026),ttm(Mar 2026),Mar 2026,False,False,Hold
ENRIN,Capital Goods,Cyclical,,,,0.04488778054862843,,,78.97971727105102,92.56047971807897,0.08504338350413998,0.4185651998408957,0.07369221376777046,,False,True,45.28286428822877,651043.0,-15612999.0,1564709447.1898193,,,92.56047971807897,,,,,97.17741935483872,False,,56.0713701319952,Neutral,34.06893579339935,85.89161118508655,77.5027962716378,,,7.113543091655266,34.13333333333333,56.83080420318813,42.857142857142854,60.827961644444024,57.14285714285714,GREEN,,,GREEN,56.83080420318813,60.827961644444024,Hold,Hold,Med,Med,ttm(Mar 2026),ttm(Mar 2026),Mar 2026,False,True,Hold
TIMKEN,Capital Goods,Cyclical,23636.041343860474,0.1509181064923955,0.21265345457491686,0.005147563486616335,158.0,,8.789490147012824,47.57117046723576,-0.10314305711269633,0.05849059894078512,-0.05385833779273019,-0.26739885823933573,False,False,27.877709997162,-459927.0,1282587.0,144083040.7093506,1.7466666666666668,5.0,47.57117046723576,54.20560747663551,72.22222222222221,63.21391484942886,,36.02150537634409,False,52.35870048954161,17.70011416240173,Pulled back,15.317784555839355,85.89161118508655,77.5027962716378,90.08403361344538,97.3109243697479,24.48700410396717,23.200000000000003,56.81609072515697,85.71428571428571,48.86270157106444,100.0,GREEN,Mid,10000000.0,GREEN,56.81609072515697,48.86270157106444,Hold,Hold,High,High,annual,ttm(Mar 2026),Mar 2026,False,False,Hold
CUPID,Fast Moving Consumer Goods,NotCyclical,28752.299423217773,0.16425780212805915,0.17016936129066584,0.12444444444444444,39.0,33.93649184364733,95.62841530054644,266.2249946594238,1.0202997479303586,1.4265694869929555,7.984981078191073,11.12870172010049,True,True,65.39807263400573,757340673.0,2046167735.0,2967474014.4996033,-0.02,-0.16,266.2249946594238,44.18604651162791,34.090909090909086,39.13847780126849,88.06201550387597,99.05913978494624,True,9.384669755752768,99.34744706298535,Neutral,97.8379705143772,58.78482023968043,8.718242343541945,27.899159663865547,22.857142857142858,99.04240766073872,99.06666666666666,56.71790384228659,100.0,57.01214774245292,100.0,GREEN,Mid,10000000.0,GREEN,56.71790384228659,57.01214774245292,Hold,Hold,High,High,ttm(Mar 2026),ttm(Mar 2026),Mar 2026,False,False,Hold
EPL,Capital Goods,Cyclical,7614.84529850314,0.13156597565981265,0.24110055174767922,0.3365990202939118,8.391304347826088,8.841511299634774,13.08167141500476,19.311111512988685,-0.006815105709935154,0.13837273391880522,0.02721815002943373,0.07169977960639162,True,True,53.27802561173076,7578810.0,17424400.0,121647781.6246643,-0.4250000000000001,-1.1950000000000012,19.311111512988685,39.25233644859813,80.55555555555556,59.90394600207684,35.65891472868217,52.553763440860216,False,76.82894265524764,52.59192632875229,Neutral,46.18568950231898,85.89161118508655,77.5027962716378,8.571428571428571,6.218487394957983,53.077975376196996,63.06666666666667,56.68891621602535,100.0,57.47740363545681,100.0,GREEN,Small,2500000.0,GREEN,56.68891621602535,57.47740363545681,Hold,Hold,High,High,ttm(Mar 2026),ttm(Mar 2026),Mar 2026,False,False,Hold
JKTYRE,Automobile and Auto Components,Cyclical,12112.749237468655,0.10213042225911768,0.1631294101024116,0.805477643953143,4.7453271028037385,3.6905088121583773,11.106574111882406,15.17515392585884,0.0027443609296335936,-0.16660055130166973,0.1681522045010435,-0.06111030952214058,True,False,59.4839458152702,22015274.0,69404852.0,393887638.994751,0.3599999999999999,1.8049999999999993,15.17515392585884,30.434782608695656,19.565217391304348,25.0,20.930232558139537,43.95161290322581,False,92.43236596163305,29.135813846602876,Neutral,26.373827640695204,100.0,53.26844207723036,61.51260504201681,87.22689075630252,73.73461012311901,78.53333333333333,56.60943963763144,100.0,52.97286263245647,100.0,GREEN,Mid,10000000.0,GREEN,56.60943963763144,52.97286263245647,Hold,Hold,High,High,ttm(Mar 2026),ttm(Mar 2026),Mar 2026,False,False,Hold
JINDALSAW,Capital Goods,Cyclical,16290.817260742188,0.08800428621923854,0.14132583312756145,0.3730714172101161,3.5951612903225807,0.050344025956983174,-8.575719649561952,26.227983149996945,0.1263202438458293,0.6748364436529077,0.20386092416513701,-0.04139884888785528,True,True,57.76664741793508,37370379.0,477728693.0,413441509.52848816,1.1550000000000002,1.6200000000000008,26.227983149996945,18.69158878504673,21.296296296296298,19.99394254067151,11.627906976744185,5.376344086021505,False,83.68713840676457,59.1114234799258,Neutral,74.83365271852395,85.89161118508655,77.5027962716378,83.36134453781513,85.88235294117646,96.0328317373461,84.66666666666667,57.56957590944965,100.0,60.91684204955754,100.0,GREEN,Mid,10000000.0,GREEN,56.56957590944965,59.91684204955754,Hold,Hold,High,High,ttm(Jun 2026),ttm(Jun 2026),Jun 2026,False,False,Hold
LICHSGFIN,Financial Services,NotCyclical,30077.422204770784,0.1356650563790894,,6.699147939848898,,,2.6291447274797264,5.36660777385159,0.018725521826692182,0.04932350601501745,-0.07983392546614854,-0.27914725511998906,False,True,48.70871682547669,7073205.0,14105765.0,665369722.4755859,0.5766666666666668,0.4400000000000013,5.36660777385159,50.42016806722689,,50.42016806722689,,16.532258064516128,False,78.86385098830962,33.2739473208608,Neutral,23.29607046621266,47.73288948069241,28.957922769640476,69.91596638655462,63.36134453781512,48.97400820793434,62.66666666666667,56.35715861966614,85.71428571428571,41.91956315076346,100.0,N/A-financial-sector,Mid,10000000.0,GREEN,56.35715861966614,41.91956315076346,Hold,Hold,High,High,ttm(Mar 2026),ttm(Mar 2026),Mar 2026,False,False,Hold
ABBOTINDIA,Healthcare,NotCyclical,59220.745081394874,0.3203743632991279,0.37867048599864606,0.03602848764139087,75.68,9.009911688840177,8.096723868954747,38.15717415115006,0.09080234833659495,-0.007831968672125322,-0.17901916383703875,0.026668158403774234,True,True,69.07941897975255,64395.0,49039.0,242867085.0,0.2133333333333334,0.11000000000000032,38.15717415115006,95.71428571428572,98.57142857142858,97.14285714285715,36.27906976744186,33.87096774193548,False,57.64806408544726,29.857259237226938,Neutral,40.5928405746382,66.50785619174435,90.47589880159788,52.60504201680673,44.6218487394958,18.6046511627907,27.73333333333333,56.19373547496268,100.0,58.022724070531694,100.0,GREEN,Large,50000000.0,GREEN,56.19373547496268,58.022724070531694,Hold,Hold,High,High,ttm(Mar 2026),ttm(Mar 2026),Mar 2026,False,False,Hold
CSBBANK,Financial Services,NotCyclical,6339.538144464363,0.14528801089650442,,1.4614913176710929,,,25.243258270781197,10.015068158711472,-0.06365268056357776,-0.2953253247364458,-0.11915665592055724,-0.0063876220236547265,True,False,57.2552353957629,-1263801.0,9115712.0,137944012.34474182,0.26833333333333353,0.8300000000000001,10.015068158711472,60.50420168067227,,60.50420168067227,,79.43548387096774,False,71.28227109830652,18.02223950170684,Neutral,13.45960042736586,47.73288948069241,28.957922769640476,56.80672268907563,75.12605042016807,41.86046511627907,19.866666666666667,53.18797927438332,85.71428571428571,50.483845761732354,100.0,N/A-financial-sector,Small,2500000.0,GREEN,56.18797927438332,53.483845761732354,Hold,Hold,High,High,ttm(Mar 2026),ttm(Mar 2026),Mar 2026,False,False,Hold
INDIANB,Financial Services,NotCyclical,110468.05830147809,0.13904164824986853,,0.5847731844133778,,,9.526894633714678,8.638710614414315,-0.09795745065463557,0.0239878535411977,0.3259954287395177,0.6311039471567297,False,False,48.487029359876054,-44948216.0,-39183403.0,1876421612.8379211,1.3666666666666665,3.1799999999999997,8.638710614414315,55.46218487394958,,55.46218487394958,,39.11290322580645,False,78.39288542915979,40.92454524701456,Neutral,11.342114327556931,47.73288948069241,28.957922769640476,86.5546218487395,93.27731092436974,4.514363885088919,2.8000000000000003,56.17403462292917,85.71428571428571,43.51724204930927,100.0,N/A-financial-sector,Large,50000000.0,GREEN,56.17403462292917,43.51724204930927,Hold,Hold,High,High,ttm(Jun 2026),ttm(Jun 2026),Jun 2026,False,False,Hold
CMSINFO,Services,NotCyclical,4407.721207236312,0.1642668227886508,0.28833718444001855,0.09083436087135224,31.36842105263158,9.102742867969127,2.59900990099009,14.53904588413859,-0.15665300015445982,-0.19118731140771839,-0.4793983371753314,-0.46105903350990274,False,False,38.74475317496545,-4475711.0,-10123961.0,128891195.35302734,4.5183333333333335,11.025000000000002,14.53904588413859,62.5,88.0,75.25,36.58914728682171,16.263440860215052,False,83.51802403204272,3.3876086301418575,Neutral,4.74090929788807,32.419973368841546,58.78482023968043,97.47899159663865,99.07563025210084,8.755129958960328,12.933333333333334,53.154310921794114,100.0,46.717259651679385,100.0,GREEN,Small,2500000.0,GREEN,56.154310921794114,49.717259651679385,Hold,Hold,High,High,ttm(Mar 2026),ttm(Mar 2026),Mar 2026,False,False,Hold
BANDHANBNK,Financial Services,NotCyclical,34532.90496826172,0.09382516974240891,,0.5663208742477035,,,-1.1845642170486115,28.213157653808594,0.22225393103232327,0.4955709386310789,0.23229559809647982,0.06635961898829823,True,True,57.3426124942253,126250819.0,370133393.0,1971335900.297203,1.8933333333333333,2.5300000000000002,28.213157653808594,24.369747899159663,,24.369747899159663,,10.483870967741936,False,64.34221238073529,66.82706548684492,Neutral,88.53736409493008,47.73288948069241,28.957922769640476,90.92436974789916,90.4201680672269,94.11764705882352,95.19999999999999,57.11049044124504,85.71428571428571,52.35468154782406,100.0,N/A-financial-sector,Mid,10000000.0,GREEN,56.11049044124504,51.35468154782406,Hold,Hold,High,High,ttm(Mar 2026),ttm(Mar 2026),Mar 2026,False,False,Hold
MARICO,Fast Moving Consumer Goods,NotCyclical,112140.12569913815,0.39692424557614553,0.4590090697487754,0.1323040380047506,43.924528301886795,11.708808881168608,25.667066752839073,61.807803798669916,0.10339156318759324,0.1101778839202614,0.1682078213860394,0.32889264599216217,True,True,52.2413431367164,-10241035.0,-1934270.0,1269068439.2922974,0.2566666666666668,0.22500000000000053,61.807803798669916,90.69767441860465,90.9090909090909,90.80338266384777,46.821705426356594,80.24193548387096,False,30.540720961281707,71.18094425718704,Neutral,65.89438420484687,58.78482023968043,8.718242343541945,55.79831932773109,53.109243697478995,16.00547195622435,8.666666666666668,56.1057071653697,100.0,57.37949430106897,100.0,GREEN,Large,50000000.0,GREEN,56.1057071653697,57.37949430106897,Hold,Hold,High,High,ttm(Mar 2026),ttm(Mar 2026),Mar 2026,False,False,Hold
JSL,Metals & Mining,Cyclical,60633.38926174496,0.15037976033743528,0.2214428361281953,0.37693901268253244,9.788732394366198,6.363838363720986,9.266890516890513,19.037170882808464,-0.06633753993479385,-0.05862731233547869,0.08155591456646327,-0.09350101323948257,True,False,62.52632567195169,-2415555.0,13475574.0,385566585.7839966,1.2300000000000002,0.35999999999999943,19.037170882808464,54.166666666666664,75.0,64.58333333333333,29.767441860465116,37.903225806451616,False,56.09941460408751,21.434577654992726,Neutral,35.080700766138165,94.9462050599201,6.26444740346205,84.87394957983193,59.49579831932773,47.74281805745554,16.666666666666664,56.086715535511345,100.0,40.02168402165316,100.0,GREEN,Large,50000000.0,GREEN,56.086715535511345,40.02168402165316,Hold,Hold,High,High,ttm(Mar 2026),ttm(Mar 2026),Mar 2026,False,False,Hold
SUPREMEIND,Capital Goods,Cyclical,44749.07794165072,0.2132299993688572,0.3043098539990048,0.014751175230993677,53.55172413793103,6.826189065967214,7.390388665517911,46.90679029523136,-0.04423460130137691,0.023900362832667943,-0.1352206634915093,-0.39006982863088846,True,False,60.761952596432735,356939.0,-551371.0,564842458.9277344,0.09666666666666697,0.16499999999999915,46.90679029523136,81.30841121495327,93.51851851851852,87.4134648667359,31.16279069767442,31.586021505376344,False,62.144726301735645,12.385244053003499,Neutral,32.87459839115038,85.89161118508655,77.5027962716378,41.51260504201681,48.23529411764706,17.236662106703147,32.266666666666666,53.02024079954865,100.0,54.22993396950872,100.0,GREEN,Large,50000000.0,GREEN,56.02024079954865,57.22993396950872,Hold,Hold,High,High,ttm(Mar 2026),ttm(Mar 2026),Mar 2026,False,False,Hold
MOTILALOFS,Financial Services,NotCyclical,57552.24873480763,0.20032421590382998,0.14595811233712813,1.6492085661080074,2.9019461077844313,30.946401068218933,12.425041976493167,30.64505854987364,0.18188007919650406,0.14972534972742202,0.0301878691981039,0.7675476340010436,True,True,55.106679533871564,14677350.0,4196162.0,687451330.7949829,-0.18833333333333332,-0.08499999999999996,30.64505854987364,80.67226890756302,54.166666666666664,67.41946778711484,86.20155038759691,50.53763440860215,True,39.486207598832344,64.81202199934138,Neutral,75.27739448922074,47.73288948069241,28.957922769640476,16.72268907563025,27.39495798319328,31.19015047879617,72.13333333333334,57.00387257239783,100.0,54.52170183141674,100.0,N/A-financial-sector,Large,50000000.0,GREEN,56.00387257239783,53.52170183141674,Hold,Hold,High,High,ttm(Mar 2026),ttm(Mar 2026),Mar 2026,False,False,Hold
COFORGE,Information Technology,NotCyclical,57653.17105104515,0.200480679908228,0.2994147891916495,0.07633427702631855,17.37278106508876,26.96185312924444,35.596451960540485,32.97500971934242,0.1883393992578739,-0.10192721019690365,-0.17481320346887252,0.3296936713888956,True,True,58.95668868258196,16042275.0,-3827833.0,4123716753.210266,6.761666666666667,15.524999999999999,32.97500971934242,60.0,68.57142857142857,64.28571428571428,81.55038759689923,87.76881720430107,False,33.10474572156815,55.46543943116725,Neutral,59.15618298359366,13.445272969374168,39.410652463382156,99.07563025210084,99.07563025210084,12.311901504787961,72.93333333333332,55.89868553465856,100.0,62.82324307054412,100.0,GREEN,Large,50000000.0,GREEN,55.89868553465856,62.82324307054412,Hold,Hold,High,High,ttm(Mar 2026),ttm(Mar 2026),Mar 2026,False,False,Hold
UNOMINDA,Automobile and Auto Components,Cyclical,71267.26332138658,0.15648577306456896,0.22653014880265332,0.401230048323327,12.037433155080214,20.4968979712576,17.180327868852462,55.42389092417811,0.020350027663731618,-0.03961831774066893,0.07476820405204188,0.027902182978664092,True,False,56.60284155499691,5209838.0,8040634.0,850078128.4481201,0.28333333333333305,0.7799999999999989,55.42389092417811,63.04347826086957,67.3913043478261,65.21739130434783,72.86821705426357,63.97849462365591,False,26.26427829698858,25.885996907116606,Neutral,37.48416028894476,100.0,53.26844207723036,57.647058823529406,73.78151260504202,40.08207934336525,57.599999999999994,55.872029217358524,100.0,49.37930711645531,100.0,GREEN,Large,50000000.0,GREEN,55.872029217358524,49.37930711645531,Hold,Hold,High,High,ttm(Mar 2026),ttm(Mar 2026),Mar 2026,False,False,Hold
VIYASH,Healthcare,NotCyclical,15353.755481137432,-0.03408129417708486,0.09529530104279449,0.1683270353830299,9.46376811594203,34.01209896268813,58.6046511627907,57.479250579454096,0.33640437535900225,0.4577741822898973,0.5030923219617609,1.1390517190700575,True,True,54.56820696641703,8846380.0,69048646.0,458238331.32141876,,,57.479250579454096,5.714285714285714,10.0,7.857142857142858,88.21705426356588,94.22043010752688,True,43.44753789366214,90.15575957619042,Neutral,85.47870356000932,66.50785619174435,90.47589880159788,,,73.59781121751026,65.73333333333333,55.85287596046736,85.71428571428571,63.37310649874185,85.71428571428571,GREEN,Mid,10000000.0,GREEN,55.85287596046736,63.37310649874185,Hold,Hold,High,High,ttm(Mar 2026),ttm(Mar 2026),Mar 2026,False,False,Hold
CHOLAFIN,Financial Services,NotCyclical,152456.60596386925,0.17806129453040453,,6.929870641539169,,,20.223632283525504,28.90306907247072,0.14006239719545555,0.05251778510257488,0.16883768242270358,0.2702591296879151,True,True,57.23764320956445,19759919.0,8468038.0,2125469123.1849976,0.15666666666666687,0.2350000000000012,28.90306907247072,75.63025210084034,,75.63025210084034,,71.23655913978494,False,37.59079903147699,68.96725583216147,Neutral,64.46080868179837,47.73288948069241,28.957922769640476,46.72268907563025,54.03361344537815,40.902872777017784,76.4,55.79606646490687,85.71428571428571,59.3609029664616,100.0,N/A-financial-sector,Large,50000000.0,GREEN,55.79606646490687,59.3609029664616,Hold,Hold,High,High,ttm(Mar 2026),ttm(Mar 2026),Mar 2026,False,False,Hold
KRN,Capital Goods,Cyclical,7974.438873539126,0.1796099613319713,0.18363030431910476,0.32578397212543553,18.666666666666668,,39.30232558139535,104.84159021819151,0.03596076818262617,0.8137868002626514,0.4554270939790668,,True,True,62.823747999691875,807132.0,63797600.0,190543571.91870117,,,104.84159021819151,72.89719626168224,50.92592592592593,61.91156109380408,,89.51612903225806,False,8.831938519652219,82.65517617541181,Neutral,61.09222837463399,85.89161118508655,77.5027962716378,,,71.81942544459645,35.333333333333336,55.736697025398556,71.42857142857143,56.203471539590765,85.71428571428571,GREEN,Small,2500000.0,GREEN,55.736697025398556,56.203471539590765,Hold,Hold,High,High,ttm(Mar 2026),ttm(Mar 2026),Mar 2026,False,False,Hold
VEDL,Metals & Mining,Cyclical,145542.12383238526,0.2862294495027256,0.24667858596298242,0.6635583662289535,8.229676961306355,-18.947786351105755,-4.321166248238406,5.799415198931513,-0.6654993594079321,-0.5885010353128249,-0.38595801720681555,-0.3629569664665552,False,False,26.806756395326545,-294450566.0,436213898.0,6575778037.079132,-0.4233333333333332,0.1600000000000006,5.799415198931513,83.33333333333334,83.33333333333334,83.33333333333334,1.0852713178294573,7.661290322580645,False,90.70555612611687,5.294929782299861,Pulled back,3.716546582689568,94.9462050599201,6.26444740346205,8.739495798319327,47.89915966386555,95.21203830369357,1.0666666666666667,56.574893592102875,100.0,35.75285184663217,100.0,GREEN,Large,50000000.0,GREEN,55.574893592102875,34.75285184663217,Hold,Sell,High,High,ttm(Mar 2026),ttm(Mar 2026),Mar 2026,False,False,Sell
PGIL,Textiles,Cyclical,9192.205417982383,0.14290566017910758,0.15917802272494422,0.6458904109589041,3.934959349593496,16.745812891944478,11.493232749057025,33.96617476372077,0.25357523003510707,0.37971385590582774,0.36137856791413436,1.7784038539640732,True,True,63.288226289959226,3511494.0,3714189.0,89249347.06140137,-0.21500000000000005,-0.30500000000000005,33.96617476372077,81.81818181818183,66.66666666666666,74.24242424242425,62.945736434108525,46.10215053763441,False,54.649532710280376,87.68967576137025,Neutral,81.0045107043374,35.958189081225036,92.14993342210386,15.378151260504202,17.983193277310924,30.506155950752394,50.8,55.551704443176284,100.0,65.39537906292395,100.0,GREEN,Small,2500000.0,GREEN,55.551704443176284,65.39537906292395,Hold,Hold,High,High,ttm(Mar 2026),ttm(Mar 2026),Mar 2026,False,False,Hold
ANANTRAJ,Realty,Cyclical,20806.618471059042,0.046893265852512786,0.049296079225235344,0.11763689756434617,54.666666666666664,37.94392077445752,21.88258127122755,36.39505467387643,0.13249807819942916,0.013061556038311384,0.023767803343674787,0.0572742495127998,True,True,60.490709736738864,44707549.0,121178713.0,1012476988.1643677,0.7916666666666665,0.17499999999999966,36.39505467387643,41.17647058823529,47.05882352941176,44.11764705882352,90.23255813953487,73.9247311827957,True,47.07021126207492,67.72403826176799,Neutral,57.76400092175095,5.798402130492676,68.91424766977363,77.14285714285715,49.2436974789916,82.35294117647058,86.4,56.537534627396184,100.0,58.61840874032427,100.0,GREEN,Mid,10000000.0,GREEN,55.537534627396184,57.61840874032427,Hold,Hold,High,High,ttm(Mar 2026),ttm(Mar 2026),Mar 2026,False,False,Hold
CUB,Financial Services,NotCyclical,21873.55388159891,0.1227071752122379,,0.5042120208234737,,,17.73778920308484,16.459016757288563,0.10820949455158346,0.06243391711108481,0.41474973880731936,0.8230752340100014,True,True,59.56315932353741,23066854.0,163171184.0,481830536.1402893,-0.4166666666666667,-2.1449999999999996,16.459016757288563,38.655462184873954,,38.655462184873954,,65.45698924731182,False,70.52476472695301,87.0440450948832,Neutral,59.92669600520366,47.73288948069241,28.957922769640476,9.07563025210084,1.0924369747899159,87.14090287277702,79.06666666666666,55.44115117895289,85.71428571428571,51.419998113128486,100.0,N/A-financial-sector,Mid,10000000.0,GREEN,55.44115117895289,51.419998113128486,Hold,Hold,High,High,ttm(Mar 2026),ttm(Mar 2026),Mar 2026,False,False,Hold
EIHOTEL,Consumer Services,NotCyclical,21962.10527562383,0.14034585750914097,0.19656566997002992,0.04789053591790194,44.52173913043478,13.345340244167403,7.1819176084578995,33.42786191114739,0.0103759765625,-0.02988731143740353,-0.1064117036874811,-0.21792718639039377,True,False,60.17238171360121,2935121.0,79029996.0,43567560.16795349,0.07999999999999992,0.23999999999999955,33.42786191114739,71.73913043478261,71.73913043478261,71.73913043478261,52.24806201550387,30.77956989247312,False,65.44993324432576,20.88813687839555,Neutral,41.249428495306546,7.985885486018644,14.776830892143808,38.82352941176471,54.285714285714285,76.06019151846786,48.4,52.37091934629092,100.0,47.51842377725945,100.0,GREEN,Mid,10000000.0,GREEN,55.37091934629092,50.51842377725945,Hold,Hold,High,High,ttm(Mar 2026),ttm(Mar 2026),Mar 2026,False,False,Hold
RAINBOW,Healthcare,NotCyclical,15343.270575530338,0.17756635464902687,0.22395314712332984,0.5403274711946634,6.682926829268292,13.200631692917653,12.409240924092412,54.388910938640095,0.196372745394787,0.1837383038973035,-0.028858007597129642,0.15353432427102143,True,True,66.16648187391044,915103.0,1889719.0,141257432.93408203,0.9220000000000003,0.9099999999999993,54.388910938640095,71.42857142857143,70.0,70.71428571428572,51.47286821705427,50.403225806451616,False,41.4148276132883,45.87272856947343,Neutral,66.82654430087186,66.50785619174435,90.47589880159788,78.99159663865547,76.47058823529412,26.402188782489738,36.666666666666664,55.2961116924068,100.0,62.408101798534865,100.0,GREEN,Mid,10000000.0,GREEN,55.2961116924068,62.408101798534865,Hold,Hold,High,High,ttm(Mar 2026),ttm(Mar 2026),Mar 2026,False,False,Hold
NAVINFLUOR,Chemicals,Cyclical,39236.82990885215,0.1613886461810779,0.17301556039072763,0.32008052340211374,9.169491525423728,16.852677808909398,40.97872340425533,58.737714987714995,0.18352832431842803,0.32329018428018563,0.5321622340277279,1.0977251347028423,True,True,56.19216950335816,878324.0,16436536.0,950345459.0,0.5716666666666667,0.39500000000000135,58.737714987714995,61.36363636363637,50.0,55.68181818181819,63.565891472868216,90.18817204301075,True,39.71112999150382,94.09092695735892,Neutral,75.63263490151604,26.70386151797603,87.9555259653795,69.5798319327731,61.00840336134454,51.98358413132696,36.0,55.25424848791481,100.0,66.8723021295939,100.0,GREEN,Large,50000000.0,GREEN,55.25424848791481,66.8723021295939,Hold,Hold,High,High,ttm(Mar 2026),ttm(Mar 2026),Mar 2026,False,False,Hold
STAR,Healthcare,NotCyclical,9998.176531717403,0.3637213082256673,0.12817417343606893,0.5658191181203733,5.167597765363128,9.627285910324467,6.440306681270536,17.38813309863896,0.05288504884282497,0.13243383828588784,0.18713915979587936,0.1329828728706428,False,True,39.01394655616284,25677.0,20711379.0,202994825.44989014,-0.2883333333333334,0.009999999999999787,17.38813309863896,97.14285714285714,14.285714285714285,55.71428571428571,38.759689922480625,28.225806451612907,False,85.95455556904155,62.76872359560619,Neutral,22.734912073648193,66.50785619174435,90.47589880159788,12.100840336134453,34.53781512605042,55.40355677154582,27.200000000000003,55.22486432440837,100.0,48.72349219325013,100.0,GREEN,Small,2500000.0,GREEN,55.22486432440837,48.72349219325013,Hold,Hold,High,High,ttm(Mar 2026),ttm(Mar 2026),Mar 2026,False,False,Hold
TI,Fast Moving Consumer Goods,NotCyclical,11103.74984741211,0.19727152130834036,0.1946218093499465,0.7716297786720322,3.7079646017699117,26.31599357395529,68.4844192634561,198.28124727521626,-0.06059643535572534,0.034832202386429145,0.315732533389842,0.8599528593379617,True,False,50.3487612424507,2433210.0,19922735.0,174835476.28503418,1.86,0.21999999999999986,198.28124727521626,62.7906976744186,47.72727272727273,55.258985200845665,80.7751937984496,95.6989247311828,True,12.36760124610592,41.64117188086243,Neutral,33.63919794982901,58.78482023968043,8.718242343541945,90.75630252100841,52.43697478991597,54.719562243502054,45.86666666666667,55.1230723909895,100.0,44.888143341927425,100.0,GREEN,Small,2500000.0,GREEN,55.1230723909895,44.888143341927425,Hold,Hold,High,High,ttm(Mar 2026),ttm(Mar 2026),Mar 2026,False,False,Hold
RUBICON,Healthcare,NotCyclical,23444.34782608696,0.15405848820649012,0.18450143227160162,0.24127230411171452,9.523809523809524,64.50450248047359,36.60436137071652,92.32270657124268,0.5785960189788164,1.1815665667915272,,,True,,58.95657036088924,16602970.0,28752984.0,280471509.6558838,,,92.32270657124268,51.42857142857142,38.57142857142858,45.0,96.58914728682171,88.44086021505376,True,13.873792507657267,,Neutral,97.47930384028042,66.50785619174435,90.47589880159788,,,60.0547195622435,73.33333333333333,56.108724595894444,71.42857142857143,68.18306201961063,85.71428571428571,GREEN,Mid,10000000.0,GREEN,55.108724595894444,67.18306201961063,Hold,Hold,High,High,annual,ttm(Mar 2026),Mar 2026,False,False,Hold
TRAVELFOOD,Consumer Services,NotCyclical,17550.934936851485,0.3494232642652556,0.3668518470235914,0.16978516978516978,10.140625,15.592838740830018,-2.3696682464455,38.82950207268028,0.004014880665709208,0.12921157692141771,,,True,True,49.570637349444205,1224086.0,1970390.0,44109852.23126221,,,38.82950207268028,93.47826086956522,93.47826086956522,93.47826086956522,59.224806201550386,8.870967741935484,True,50.38117489986649,,Neutral,49.246800999355095,7.985885486018644,14.776830892143808,,,26.812585499316004,38.800000000000004,58.07725672500502,71.42857142857143,45.99005148992599,85.71428571428571,GREEN,Mid,10000000.0,GREEN,55.07725672500502,42.99005148992599,Hold,Hold,High,High,ttm(Mar 2026),ttm(Mar 2026),Mar 2026,False,False,Hold
TIMETECHNO,Capital Goods,Cyclical,10011.97864090769,0.10565807320552778,0.18637228237962922,0.17930528375733856,11.15,12.488952857136715,11.872480762183946,20.202633626796793,0.01579210798029984,0.10599590283428917,-0.0890695833813735,0.2665802111955957,True,True,67.8969210785932,40559573.0,75185572.0,498555843.82232666,-0.7583333333333333,-0.1500000000000008,20.202633626796793,26.168224299065418,53.70370370370371,39.93596400138456,49.14728682170543,47.715053763440864,False,70.78527467517665,47.123398184184886,Neutral,46.180942812775605,85.89161118508655,77.5027962716378,5.2100840336134455,23.697478991596636,75.23939808481532,86.0,55.067585587768036,100.0,55.40001667321505,100.0,GREEN,Small,2500000.0,GREEN,55.067585587768036,55.40001667321505,Hold,Hold,High,High,ttm(Mar 2026),ttm(Mar 2026),Mar 2026,False,False,Hold
CARTRADE,Consumer Services,NotCyclical,14733.24224620277,0.04819382153360712,0.05380536621392102,0.05636070853462158,21.416666666666668,28.86807999294758,21.339563862928344,60.188317946848926,0.5886805574277585,0.004320691896536388,0.48054964991773086,2.3669721432426147,True,True,64.55901898270973,26414108.0,25389477.0,1138240331.5289307,8.485,0.09999999999999876,60.188317946848926,32.608695652173914,17.391304347826086,25.0,83.56589147286822,72.44623655913979,False,34.27436582109479,94.39746076536959,Neutral,78.7218758795068,7.985885486018644,14.776830892143808,99.07563025210084,43.69747899159664,58.82352941176471,81.2,55.02902142539067,100.0,50.561502281770444,100.0,GREEN,Mid,10000000.0,GREEN,55.02902142539067,50.561502281770444,Hold,Hold,High,High,ttm(Mar 2026),ttm(Mar 2026),Mar 2026,False,False,Hold
RADICO,Fast Moving Consumer Goods,NotCyclical,54940.71776694727,0.12869933374000658,0.184282644631301,0.15018094089264172,15.723076923076922,24.438163682342974,24.73716759431046,90.96145325653522,0.22930447589914515,0.4499611304474598,0.5238492874643008,1.4000824850255071,True,True,71.95857139565088,4506574.0,14807129.0,1069159754.161377,0.596666666666667,-0.019999999999999574,90.96145325653522,32.55813953488372,40.909090909090914,36.73361522198732,79.2248062015504,78.76344086021506,False,17.053293279928795,93.69581041961145,Extended,86.47080952710158,58.78482023968043,8.718242343541945,71.09243697478992,31.932773109243694,50.47879616963065,55.46666666666666,54.981577644815395,100.0,50.060581202900714,100.0,GREEN,Large,50000000.0,GREEN,54.981577644815395,50.060581202900714,Hold,Hold,High,High,ttm(Mar 2026),ttm(Mar 2026),Mar 2026,False,False,Hold
BHARTIHEXA,Telecommunication,NotCyclical,81390.00244140626,0.18319311411812755,0.288739877575672,0.8565247732030705,8.136439267886855,12.446470023062716,9.416306000701846,46.978356387536074,0.061424148892671226,-0.031129056316766435,-0.08616594083851226,0.5305587489371548,True,False,67.12846633287785,1131734.0,2708519.0,217749259.02850342,,,46.978356387536074,72.72727272727273,76.92307692307693,74.82517482517483,48.837209302325576,38.575268817204304,False,46.01134846461949,27.98184691146216,Neutral,42.56065764021649,93.40532623169109,96.33475366178429,,,28.59097127222982,38.53333333333334,54.95360351958766,85.71428571428571,55.254987157534615,85.71428571428571,GREEN,Large,50000000.0,GREEN,54.95360351958766,55.254987157534615,Hold,Hold,High,High,ttm(Mar 2026),ttm(Mar 2026),Mar 2026,False,False,Hold
360ONE,Financial Services,NotCyclical,43916.52836923847,0.17777481497548916,0.12463021152433287,1.6196624644164295,2.48348623853211,28.4745553247274,36.807817589576544,34.75731433070155,-0.019538479639950368,-0.03796817544104303,-0.08480542115279055,0.14293341697803874,False,False,45.217877434069784,619176.0,-10530924.0,913612290.8347168,7.088333333333332,0.5899999999999996,34.75731433070155,74.78991596638656,45.83333333333333,60.311624649859944,83.10077519379846,88.70967741935483,False,35.5265778099613,22.395281987623076,Neutral,17.139001971928188,47.73288948069241,28.957922769640476,99.07563025210084,68.57142857142857,8.207934336525307,33.86666666666667,54.88151075940845,100.0,47.41759264580262,100.0,N/A-financial-sector,Large,50000000.0,GREEN,54.88151075940845,47.41759264580262,Hold,Hold,High,High,ttm(Jun 2026),ttm(Jun 2026),Jun 2026,False,False,Hold
PNBHOUSING,Financial Services,NotCyclical,28628.382487293806,0.10741938122768299,,3.7044224765868887,,,10.944429950430479,12.490338990839536,0.2119106968999862,0.13282824415497374,0.025724147525706176,0.39263629240416553,True,True,59.774091537948294,6994454.0,46042613.0,864032158.9790039,1.0399999999999996,2.2949999999999995,12.490338990839536,31.092436974789916,,31.092436974789916,,43.01075268817204,False,66.60571819336351,60.135028314618665,Neutral,78.4011032428994,47.73288948069241,28.957922769640476,82.01680672268907,89.2436974789916,67.03146374829001,62.26666666666667,54.865554681772686,85.71428571428571,55.776867802199185,100.0,N/A-financial-sector,Mid,10000000.0,GREEN,54.865554681772686,55.776867802199185,Hold,Hold,High,High,ttm(Mar 2026),ttm(Mar 2026),Mar 2026,False,False,Hold
LLOYDSENGG,Capital Goods,Cyclical,12897.661231545839,0.14026447902121153,0.14542914892635916,0.06523040095751047,13.5,,58.46528623629721,59.45637338113464,0.595353831898866,0.7343381590098397,0.09230741299271528,0.13800208476339026,True,True,57.71738486490194,351083065.0,550175779.0,720506908.9870758,0.08166666666666667,0.235,59.45637338113464,45.794392523364486,26.851851851851855,36.32312218760817,,94.08602150537635,False,38.16978193146417,59.01710634265064,Neutral,95.13143611668441,85.89161118508655,77.5027962716378,39.15966386554622,53.61344537815126,96.71682626538988,99.06666666666666,54.78342728724085,85.71428571428571,69.98393971904775,100.0,GREEN,Mid,10000000.0,GREEN,54.78342728724085,69.98393971904775,Hold,Hold,High,High,ttm(Mar 2026),ttm(Mar 2026),Mar 2026,False,False,Hold
CHENNPETRO,Oil Gas & Consumable Fuels,Cyclical,18478.60698557147,0.025256177205407543,0.2020943126596912,0.17679359078224863,39.641666666666666,-5.85652095719611,7.217589082638365,5.9553638052705775,0.2315022220843741,0.521539730906047,0.7515046638829406,0.3601397789643095,True,True,63.43862684263503,18681236.0,116579742.0,983155529.6602783,0.7333333333333331,1.0299999999999998,5.9553638052705775,12.5,68.75,40.625,4.0310077519379846,30.913978494623656,False,78.43801539307312,87.56769582822601,Neutral,86.64567979939665,45.74513981358189,57.59600532623169,75.7983193277311,78.99159663865547,81.53214774281807,75.46666666666667,54.766928260104024,100.0,65.02166498240923,100.0,GREEN,Mid,10000000.0,GREEN,54.766928260104024,65.02166498240923,Hold,Hold,High,High,ttm(Mar 2026),ttm(Mar 2026),Mar 2026,False,False,Hold
SUNTV,Media Entertainment & Publication,NotCyclical,19747.183377913112,0.1567960948795652,0.21448107215817655,0.008384086055524795,155.92857142857142,4.746408079992981,7.809002735637893,13.703805258787725,-0.2280052483927033,-0.09562138060516556,-0.09696582172908963,-0.33355891121329395,False,False,41.17309560698532,2295685.0,9284735.0,128338040.21777344,0.2749999999999999,0.43499999999999983,13.703805258787725,75.0,87.5,81.25,24.496124031007753,33.19892473118279,False,81.71979305740987,15.770204785247826,Neutral,6.9882459948570235,30.089747003994674,42.34007989347536,56.97478991596638,62.6890756302521,42.40766073871409,45.33333333333333,51.74935374542637,100.0,48.034971424984725,100.0,GREEN,Mid,10000000.0,GREEN,54.74935374542637,51.034971424984725,Hold,Hold,High,High,ttm(Mar 2026),ttm(Mar 2026),Mar 2026,False,False,Hold
TIINDIA,Automobile and Auto Components,Cyclical,99658.31445015673,0.2256220957286988,0.2928338635015557,0.09727777061024384,28.848101265822784,15.149085726855915,17.379912663755448,89.11273020880812,0.020744092266135716,0.22949935241234853,0.023306484932382077,-0.3209593558272672,False,True,41.75061989369143,-928630.0,-2499360.0,738037320.4852295,0.24833333333333396,0.5900000000000007,89.11273020880812,89.13043478260869,91.30434782608695,90.21739130434781,58.29457364341085,65.05376344086021,False,17.570093457943926,34.605760710369175,Neutral,27.59993801063085,100.0,53.26844207723036,55.294117647058826,68.73949579831933,14.500683994528044,21.333333333333336,54.711089909806624,100.0,46.789041606778945,100.0,GREEN,Large,50000000.0,GREEN,54.711089909806624,46.789041606778945,Hold,Hold,High,High,ttm(Mar 2026),ttm(Mar 2026),Mar 2026,False,False,Hold
GPPL,Services,NotCyclical,7246.71669793621,0.16722382712581774,0.24582674949810215,0.015494137353433836,101.14285714285714,8.088562540695898,17.206477732793513,14.08450704225352,-0.04942967617813954,-0.18354017524850352,0.004103582910505166,-0.25716487465299565,False,False,42.65237721080415,-12620278.0,81417179.0,164456003.39042664,-0.4616666666666666,-1.339999999999998,14.08450704225352,66.66666666666666,84.0,75.33333333333333,34.26356589147287,64.24731182795699,False,81.99933244325767,21.535791093217437,Neutral,10.847582791740098,32.419973368841546,58.78482023968043,7.563025210084033,4.369747899159663,76.33378932968536,7.466666666666668,51.69864104130913,100.0,48.68193008701799,100.0,GREEN,Small,2500000.0,GREEN,54.69864104130913,51.68193008701799,Hold,Hold,High,High,ttm(Mar 2026),ttm(Mar 2026),Mar 2026,False,False,Hold
AZAD,Capital Goods,Cyclical,15679.563318072765,0.10904544378955433,0.14585501959207384,0.31000654022236757,7.258064516129032,33.75363403025575,32.16630196936543,117.01166655278183,0.27190621430911865,0.539804373721702,0.5161493569385631,0.3474150422157565,True,True,63.76528040476021,6548154.0,12223507.0,955274412.7216797,,,117.01166655278183,28.971962616822427,27.77777777777778,28.374870197300105,87.75193798449612,86.02150537634408,False,15.735425011125946,81.82835194162492,Neutral,85.6488687849208,85.89161118508655,77.5027962716378,,,46.37482900136799,61.6,54.68294378469924,85.71428571428571,59.82760787420343,85.71428571428571,GREEN,Mid,10000000.0,GREEN,54.68294378469924,59.82760787420343,Hold,Hold,High,High,ttm(Mar 2026),ttm(Mar 2026),Mar 2026,False,False,Hold
AVANTIFEED,Fast Moving Consumer Goods,NotCyclical,15297.996131293208,0.1785443575861185,0.20827406512672195,0.003956177723676202,249.33333333333334,6.042564683616414,8.165448386521668,23.284621204403667,-0.3110948953353049,0.2631257219987315,0.4110712607739355,0.7361475261733152,False,True,56.553518470946415,-3883032.0,84754574.0,531654519.7963257,-0.17166666666666655,0.03000000000000025,23.284621204403667,53.48837209302325,59.09090909090909,56.289640591966176,28.217054263565895,34.40860215053764,False,71.55540720961281,87.03272214760852,Neutral,13.352055560312765,58.78482023968043,8.718242343541945,17.647058823529413,36.30252100840336,77.29138166894664,13.733333333333334,54.670121657308584,100.0,35.95829303710888,100.0,GREEN,Mid,10000000.0,GREEN,54.670121657308584,35.95829303710888,Hold,Sell,High,High,ttm(Mar 2026),ttm(Mar 2026),Mar 2026,False,False,Sell
TSFINV,Financial Services,NotCyclical,10719.582938904354,0.08480006054081554,0.03076168695985309,0.038952428310956404,9.8,124.30709822020577,535.483870967742,20.18266805877297,0.15263275849316527,0.1425743420083565,-0.012272428991411899,0.874535688066667,True,True,72.55830939504045,3140697.0,500343.0,35443574.426849365,,,20.18266805877297,19.327731092436977,22.916666666666664,21.12219887955182,99.06976744186046,99.05913978494624,True,58.218203218326195,60.41773721372385,Extended,68.82185501090918,47.73288948069241,28.957922769640476,,,20.51983584131327,49.333333333333336,54.63321887129882,85.71428571428571,57.217217703449556,85.71428571428571,N/A-financial-sector,Small,2500000.0,GREEN,54.63321887129882,57.217217703449556,Hold,Hold,High,High,ttm(Mar 2026),ttm(Mar 2026),Mar 2026,False,False,Hold
ASTRAMICRO,Capital Goods,Cyclical,16352.760363000585,0.09247078622406586,0.14656169693567264,0.21901140684410647,5.964285714285714,12.537307081444759,10.551330798479096,84.72932830570251,0.6173029657620626,0.7458803514149399,0.7364130418055232,0.836267390402335,True,True,56.29925250720507,33891004.0,42393351.0,862241631.1169434,2.48,7.300000000000001,84.72932830570251,19.626168224299064,28.703703703703702,24.164935964001383,49.30232558139535,42.06989247311828,False,22.63239875389408,90.69561979128251,Neutral,95.70420173340646,85.89161118508655,77.5027962716378,93.94957983193277,99.07563025210084,65.38987688098496,83.33333333333334,54.571863092707936,100.0,61.03520465075096,100.0,GREEN,Mid,10000000.0,GREEN,54.571863092707936,61.03520465075096,Hold,Hold,High,High,ttm(Mar 2026),ttm(Mar 2026),Mar 2026,False,False,Hold
LTFOODS,Fast Moving Consumer Goods,NotCyclical,13280.816636834787,0.15695256735403984,0.19383884024029785,0.356115903561159,8.84732824427481,16.425680878770542,26.076940797051364,21.24930661893566,-0.07927338427354613,0.025739947734378044,-0.20464412775048924,0.5000967741549607,False,False,48.73344635345691,3079418.0,-15923294.0,156685522.6163025,1.0533333333333332,1.525,21.24930661893566,39.53488372093023,45.45454545454545,42.494714587737846,62.17054263565891,80.77956989247312,False,84.71569936385768,23.67370962118532,Neutral,14.348877586876531,58.78482023968043,8.718242343541945,82.18487394957982,85.04201680672269,6.839945280437757,49.2,54.53870577831787,100.0,49.69144009784161,100.0,GREEN,Mid,10000000.0,GREEN,54.53870577831787,49.69144009784161,Hold,Hold,High,High,ttm(Mar 2026),ttm(Mar 2026),Mar 2026,False,False,Hold
GRANULES,Healthcare,NotCyclical,22383.74635568513,0.14002084679956614,0.1957136897773753,0.2973451327433628,10.421052631578947,5.948267436031207,19.72333779562696,37.109695973705826,0.3593949633619131,0.5184500917399941,0.9122232818515432,0.7270413408859151,True,True,79.2130470246975,20098478.0,58538808.0,687403940.6750793,0.22833333333333314,-0.1949999999999994,37.109695973705826,41.42857142857143,50.0,45.714285714285715,28.06201550387597,69.48924731182797,False,61.42876776878976,93.2368619899341,Extended,85.75600359173994,66.50785619174435,90.47589880159788,54.11764705882353,22.35294117647059,70.4514363885089,76.93333333333334,54.49357234604517,100.0,66.33351329990995,100.0,GREEN,Mid,10000000.0,GREEN,54.49357234604517,66.33351329990995,Hold,Hold,High,High,ttm(Mar 2026),ttm(Mar 2026),Mar 2026,False,False,Hold
ADANIPORTS,Services,NotCyclical,420026.00057683606,0.14578933751145048,0.14208270186225105,0.6624287456101043,4.913622690159003,22.92937831245141,24.637214839602308,31.80219440038416,0.16199774339646789,0.28384244141227,0.28106265942785447,0.2492512734550818,True,True,52.61685249103902,-4535486.0,58856153.0,3889901092.6626587,-0.4133333333333334,-1.9549999999999992,31.80219440038416,45.83333333333333,28.000000000000004,36.916666666666664,78.29457364341084,78.62903225806451,False,59.78415665331552,78.23510997310333,Neutral,75.20840022098156,32.419973368841546,58.78482023968043,9.243697478991598,2.1848739495798317,70.7250341997264,12.8,54.49038294180498,100.0,55.311909730805745,100.0,GREEN,Large,50000000.0,GREEN,54.49038294180498,55.311909730805745,Hold,Hold,High,High,ttm(Mar 2026),ttm(Mar 2026),Mar 2026,False,False,Hold
MINDACORP,Automobile and Auto Components,Cyclical,16224.028159928148,0.08404978385979446,0.16789288803214786,0.5563540090771558,5.909836065573771,12.881754111468346,22.329905063291132,45.34860638824909,0.28181311534189946,0.1792026745919142,0.3242431059953985,0.3946841985835723,True,True,55.508105725803446,16255391.0,25154076.0,226726367.12854004,0.14166666666666647,0.9199999999999999,45.34860638824909,17.391304347826086,28.26086956521739,22.82608695652174,50.23255813953489,75.0,False,43.87850467289719,77.59198036649856,Neutral,82.84918942741966,100.0,53.26844207723036,45.04201680672269,76.9747899159664,58.41313269493844,73.06666666666666,54.40291187077855,100.0,60.25064078331173,100.0,GREEN,Mid,10000000.0,GREEN,54.40291187077855,60.25064078331173,Hold,Hold,High,High,ttm(Mar 2026),ttm(Mar 2026),Mar 2026,False,False,Hold
GRWRHITECH,Capital Goods,Cyclical,16092.087368637955,0.09434897638246426,0.1317438892566707,0.006024096385542169,54.375,13.813118947665327,0.5689900426742556,47.60972594271585,0.7426775612822125,1.3048913934281496,0.9300878258083511,1.8532950286717145,True,True,61.583293590324374,914013.0,4636095.0,464282424.0,0.045000000000000075,0.6300000000000001,47.60972594271585,21.49532710280374,18.51851851851852,20.00692281066113,53.64341085271318,12.903225806451612,False,56.253894080996886,95.48464899763492,Neutral,97.62421032350724,85.89161118508655,77.5027962716378,35.63025210084034,70.4201680672269,32.83173734610123,36.53333333333333,54.386622938808756,100.0,58.586198674933804,100.0,GREEN,Mid,10000000.0,GREEN,54.386622938808756,58.586198674933804,Hold,Hold,High,High,ttm(Mar 2026),ttm(Mar 2026),Mar 2026,False,False,Hold
SUNPHARMA,Healthcare,NotCyclical,469140.89922697644,0.1481304716966162,0.19237193654480486,0.0553667584061266,48.67551622418879,10.031210271725621,11.190992430294045,40.75444045111677,0.1717672869063127,0.13837659675170566,0.1769805216261957,0.28025397005521,True,True,70.4172408951921,-5624294.0,44176855.0,4157289275.576538,0.31333333333333346,0.14000000000000057,40.75444045111677,47.14285714285714,45.714285714285715,46.42857142857143,40.310077519379846,44.89247311827957,False,62.11375166889185,64.54983035901132,Extended,59.090044298587216,66.50785619174435,90.47589880159788,58.655462184873954,46.554621848739494,66.07387140902873,11.200000000000001,54.37835348934472,100.0,54.66770280449158,100.0,GREEN,Large,50000000.0,GREEN,54.37835348934472,54.66770280449158,Hold,Hold,High,High,ttm(Mar 2026),ttm(Mar 2026),Mar 2026,False,False,Hold
MANORAMA,Fast Moving Consumer Goods,NotCyclical,9529.20110149095,0.2845212291215096,0.27261821484235976,0.5219941348973607,9.5,,77.30220492866407,42.039526335021414,0.15266241785653833,0.20607799026575124,0.08798946767294846,1.4547722950208164,True,True,54.877638637559606,1611613.0,2297664.0,237782566.67071533,0.045000000000000005,0.17500000000000004,42.039526335021414,86.04651162790698,72.72727272727273,79.38689217758986,,96.90860215053763,False,28.71295060080107,75.11475365483754,Neutral,75.31964354365145,58.78482023968043,8.718242343541945,35.378151260504204,49.411764705882355,27.359781121751027,40.93333333333333,54.299216840741906,85.71428571428571,61.403262512933715,100.0,GREEN,Small,2500000.0,GREEN,54.299216840741906,61.403262512933715,Hold,Hold,High,High,annual,ttm(Mar 2026),Mar 2026,False,False,Hold
FSL,Services,NotCyclical,18753.308348585728,0.1476254781542966,0.19484422613708594,0.6663625997719498,6.978260869565218,16.63936052634527,19.764381501441285,27.853095744113983,0.13903196914141613,-0.15779123221307856,-0.23380415337838578,0.09644008025070816,True,False,62.36439486870311,9419543.0,131163206.0,405742154.98347473,0.6483333333333333,1.21,27.853095744113983,54.166666666666664,72.0,63.08333333333333,62.48062015503876,69.75806451612904,False,45.75300400534046,15.637499602258794,Neutral,48.29176564133483,32.419973368841546,58.78482023968043,72.26890756302521,82.01680672268907,83.31053351573188,67.2,54.2974107431115,100.0,59.35754644877801,100.0,GREEN,Mid,10000000.0,GREEN,54.2974107431115,59.35754644877801,Hold,Hold,High,High,ttm(Mar 2026),ttm(Mar 2026),Mar 2026,False,False,Hold
PICCADIL,Fast Moving Consumer Goods,NotCyclical,7325.870846984207,0.18061862851784505,0.20052400132337614,0.5893451720310766,8.321428571428571,20.179960381553073,26.772616136919325,52.820969172109045,0.23219631912307603,0.2796785418556986,0.2612619552081079,,True,True,80.81059869102941,3177089.0,13824715.0,80676941.940979,,,52.820969172109045,58.139534883720934,50.0,54.06976744186046,72.09302325581395,81.04838709677419,False,19.842901646639966,76.1938202247191,Extended,83.48190309386001,58.78482023968043,8.718242343541945,,,48.290013679890556,49.46666666666666,54.28943853294918,85.71428571428571,55.07609506254998,85.71428571428571,GREEN,Small,2500000.0,GREEN,54.28943853294918,55.07609506254998,Hold,Hold,High,High,ttm(Mar 2026),ttm(Mar 2026),Mar 2026,False,False,Hold
CEMPRO,Construction,Cyclical,27557.159264178823,0.12215081488432085,0.23442160126097397,0.41725719049604004,4.725581395348837,25.49103002561759,9.276215391323305,46.04250290556792,1.5210614192055325,1.3460849412103904,0.8495329242182246,2.5588214014642925,True,True,81.25478976554948,13505586.0,57694815.0,594314989.6269836,,,46.04250290556792,39.130434782608695,86.95652173913044,63.04347826086956,80.0,38.03763440860215,True,28.053237650200266,98.27066803676814,Extended,96.25229880122284,8.461517976031956,26.57070572569907,,,70.17783857729138,70.8,55.19816017663575,85.71428571428571,54.753625603988496,85.71428571428571,GREEN,Mid,10000000.0,GREEN,54.19816017663575,53.753625603988496,Hold,Hold,High,High,ttm(Mar 2026),ttm(Mar 2026),Mar 2026,False,False,Hold
SCHAEFFLER,Automobile and Auto Components,Cyclical,,,,,,,18.34056017813195,53.16135094329002,0.019329898071491547,0.09927313339900778,0.0024776061157170126,-0.061910404289766796,True,True,50.64033587847876,-125078.0,3178898.0,238090086.4326172,-0.051666666666666604,0.0,53.16135094329002,,,,,67.06989247311827,False,,39.416369391206864,Neutral,46.185966412152126,100.0,53.26844207723036,24.53781512605042,33.36134453781512,29.548563611491108,25.066666666666666,54.19128552839221,57.14285714285714,49.13374405054996,71.42857142857143,GREEN,,,GREEN,54.19128552839221,49.13374405054996,Hold,Hold,Med,High,ttm(Mar 2026),ttm(Mar 2026),Mar 2026,False,True,Hold
THELEELA,Consumer Services,NotCyclical,16201.801988400995,0.03821386591198274,0.19552187415200742,0.28279200499687696,3.645320197044335,21.091463649368116,17.46153846153846,40.2029826014913,0.13668308020089692,0.12118764714965957,0.10585691317053314,,True,True,55.835390315235635,4422692.0,3630166.0,118283377.06716919,,,40.2029826014913,30.434782608695656,69.56521739130434,50.0,74.26356589147287,65.18817204301075,False,54.480640854472625,76.62715812551384,Neutral,70.09472183804166,7.985885486018644,14.776830892143808,,,30.36935704514364,54.93333333333334,54.08985219899868,85.71428571428571,54.83117129566264,85.71428571428571,GREEN,Mid,10000000.0,GREEN,54.08985219899868,54.83117129566264,Hold,Hold,High,High,ttm(Mar 2026),ttm(Mar 2026),Mar 2026,False,False,Hold
MTARTECH,Capital Goods,Cyclical,19568.72751063134,0.11246957826711723,0.16529047595572366,0.4580801944106926,5.896551724137931,15.132359365012249,29.925925925925934,208.1779522407589,0.2877377579927154,1.4157304266289001,3.1378413524057214,2.2197515078219983,False,True,37.88332797178435,6134384.0,50053707.0,8093480192.0,0.5366666666666663,1.3949999999999996,208.1779522407589,29.906542056074763,37.96296296296296,33.93475250951886,58.139534883720934,84.13978494623656,False,9.886515353805073,98.37657327657759,Neutral,46.184286250440614,85.89161118508655,77.5027962716378,68.0672268907563,83.8655462184874,68.53625170998632,61.06666666666667,54.088504871150626,100.0,51.65612629540884,100.0,GREEN,Mid,10000000.0,GREEN,54.088504871150626,51.65612629540884,Hold,Hold,High,High,ttm(Mar 2026),ttm(Mar 2026),Mar 2026,False,False,Hold
INDIAMART,Consumer Services,NotCyclical,11706.645569620254,0.1951044818892397,0.17069170338029405,0.009583333333333333,158.33333333333334,16.787287336696053,13.04034582132565,24.633097165991906,-0.08302408769950909,-0.07111862196510144,-0.23088936691611206,-0.2271868116980884,False,False,50.69500337124332,-3967.0,88348.0,139558099.0678711,0.5666666666666664,0.28499999999999837,24.633097165991906,80.43478260869566,47.82608695652174,64.1304347826087,63.100775193798455,52.41935483870967,False,67.69373657630464,16.133943681762847,Neutral,10.909243624228326,7.985885486018644,14.776830892143808,69.07563025210084,55.63025210084034,18.87824897400821,26.400000000000002,51.03757326571583,100.0,42.35626193164771,100.0,GREEN,Small,2500000.0,GREEN,54.03757326571583,45.35626193164771,Hold,Hold,High,High,ttm(Mar 2026),ttm(Mar 2026),Mar 2026,False,False,Hold
ALKEM,Healthcare,NotCyclical,69720.32102228455,0.16047074735371236,0.18109778953524602,0.14811866859623735,18.664596273291924,8.247295844811497,13.474739683763982,29.654061915645126,0.01187522155264098,-0.019085908358611903,0.21798698928441063,0.14843354956932875,True,True,65.00954359598124,2822974.0,1691579.0,574943398.5,0.6849999999999997,1.2649999999999988,29.654061915645126,57.14285714285714,35.714285714285715,46.42857142857143,34.418604651162795,53.2258064516129,False,76.88518024032044,65.4664167580808,Neutral,27.9381692710748,66.50785619174435,90.47589880159788,73.78151260504202,82.68907563025209,25.444596443228455,48.0,53.95291364564286,100.0,56.0969564221133,100.0,GREEN,Large,50000000.0,GREEN,53.95291364564286,56.0969564221133,Hold,Hold,High,High,ttm(Mar 2026),ttm(Mar 2026),Mar 2026,False,False,Hold
JSWINFRA,Services,NotCyclical,72399.5973952721,0.15786722294091007,0.160859709782856,0.6342741564769697,6.798955613577023,18.829694768677886,19.79445933869526,46.799998316271555,0.22198678521730142,0.2873967106267197,0.07340593910669146,-0.024673565305404765,True,True,62.30246136095392,69691469.0,82749073.0,645478275.116272,,,46.799998316271555,58.333333333333336,36.0,47.16666666666667,68.52713178294574,69.89247311827957,False,42.74477080551847,57.72350248096925,Neutral,81.33043762458837,32.419973368841546,58.78482023968043,,,76.88098495212039,90.8,53.8859590580733,85.71428571428571,63.145441344413165,85.71428571428571,GREEN,Large,50000000.0,GREEN,53.8859590580733,63.145441344413165,Hold,Hold,High,High,ttm(Mar 2026),ttm(Mar 2026),Mar 2026,False,False,Hold
AXISBANK,Financial Services,NotCyclical,408931.13619808544,0.13171784363091676,,1.3044839003701705,,,5.57625444334684,14.62639793720288,-0.03402343732387059,0.03693219301558126,0.11484779920818955,0.01777200390847833,False,True,43.27361643255527,-30976135.0,-3022352.0,8038221734.008301,0.7666666666666669,0.485000000000003,14.62639793720288,45.378151260504204,,45.378151260504204,,25.672043010752688,False,71.72919825303795,58.25635270760762,Neutral,18.595870679976795,47.73288948069241,28.957922769640476,76.30252100840336,65.21008403361344,13.543091655266759,4.266666666666667,53.85008147402512,85.71428571428571,37.612050018994886,100.0,N/A-financial-sector,Large,50000000.0,GREEN,53.85008147402512,37.612050018994886,Hold,Sell,High,High,ttm(Jun 2026),ttm(Jun 2026),Jun 2026,False,False,Sell
SANSERA,Automobile and Auto Components,Cyclical,20456.525640823354,0.11907059209623727,0.1848985073015798,0.19144800777453838,16.63157894736842,14.373417851036052,15.942989724892275,62.402147013502486,0.4293121961519446,0.7844836749205784,1.406125674620541,1.381070303150651,True,True,62.75583309042103,1027188.0,15273270.0,533046605.63879395,-0.16500000000000004,-0.495000000000001,62.402147013502486,34.78260869565217,45.65217391304348,40.21739130434783,54.57364341085271,60.88709677419355,False,25.373831775700932,97.5685492778354,Neutral,95.70219446873566,100.0,53.26844207723036,18.15126050420168,12.100840336134453,51.43638850889193,37.46666666666666,53.84764136106304,100.0,53.308534333456464,100.0,GREEN,Mid,10000000.0,GREEN,53.84764136106304,53.308534333456464,Hold,Hold,High,High,ttm(Mar 2026),ttm(Mar 2026),Mar 2026,False,False,Hold
DRREDDY,Healthcare,NotCyclical,101274.22521411719,0.16783799803114222,0.2224743554659612,0.20410640768499946,17.25668449197861,10.956713293700382,3.234996783383881,24.3516313527061,-0.000353105514664942,0.03430260441957422,-0.01796062750826588,-0.04553605711014985,False,False,33.99142406325633,-16463581.0,-32849684.0,2102341031.980896,-0.11833333333333347,-0.5350000000000001,24.3516313527061,62.857142857142854,67.14285714285714,65.0,44.18604651162791,18.817204301075268,False,86.7214953271028,21.038414320426572,Pulled back,17.330122069417715,66.50785619174435,90.47589880159788,19.66386554621849,11.092436974789916,4.924760601915184,6.533333333333332,50.74446077125344,100.0,44.76487459532171,100.0,GREEN,Large,50000000.0,GREEN,53.74446077125344,47.76487459532171,Hold,Hold,High,High,ttm(Mar 2026),ttm(Mar 2026),Mar 2026,False,False,Hold
SUBROS,Capital Goods,Cyclical,5271.595036377818,0.0940113699696678,0.22471574587841742,0.024115755627009645,32.4,10.20787765208322,11.553311553311563,31.744094007597198,0.04368649347392717,-0.021718058904330872,-0.1310617292980708,0.1528938331910661,True,False,51.22881931027601,11803335.0,11577731.0,35556244.85583496,5.1000000000000005,-1.1099999999999977,31.744094007597198,20.5607476635514,74.07407407407408,47.317410868812736,41.08527131782946,46.63978494623656,False,51.199648311569895,20.488345537605365,Neutral,43.76680060865495,85.89161118508655,77.5027962716378,99.07563025210084,6.890756302521009,45.690834473324216,69.06666666666666,53.719909450005055,100.0,49.79101398037943,100.0,GREEN,Small,2500000.0,GREEN,53.719909450005055,49.79101398037943,Hold,Hold,High,High,ttm(Mar 2026),ttm(Mar 2026),Mar 2026,False,False,Hold
BAJFINANCE,Financial Services,NotCyclical,656377.0526186959,0.18579532391054787,,3.8168054105737768,,,18.414844649021855,33.94177218141765,0.13754105259382543,0.10008249953198067,0.11834850556081111,0.4798298338772857,True,True,65.25610647890454,20759253.0,-32923465.0,7059168338.509094,0.49166666666666653,1.0199999999999996,33.94177218141765,77.31092436974791,,77.31092436974791,,67.20430107526882,False,32.35240207282026,68.93666495776672,Neutral,65.65014692786713,47.73288948069241,28.957922769640476,66.890756302521,78.65546218487395,4.651162790697675,77.46666666666667,53.687434958011565,85.71428571428571,60.41290976164487,100.0,N/A-financial-sector,Large,50000000.0,GREEN,53.687434958011565,60.41290976164487,Hold,Hold,High,High,ttm(Mar 2026),ttm(Mar 2026),Mar 2026,False,False,Hold
GALLANTT,Capital Goods,Cyclical,16542.092970015103,0.10425377243923317,0.14500435758826924,0.1652593486127865,17.047619047619047,2.8899598977869756,2.9583042161658524,34.059087001342164,-0.21068980859310116,0.221529742887157,0.16615810397340902,0.9859460969592433,False,True,49.564137301745106,1861043.0,130180531.0,93105296.90020752,,,34.059087001342164,25.233644859813083,25.925925925925924,25.579785392869503,17.674418604651162,17.473118279569892,False,64.58277703604807,73.27313216959755,Neutral,13.052316428555649,85.89161118508655,77.5027962716378,,,83.17373461012312,42.93333333333334,53.64795614527196,85.71428571428571,39.10630887388339,85.71428571428571,GREEN,Mid,10000000.0,GREEN,53.64795614527196,39.10630887388339,Hold,Sell,High,High,ttm(Mar 2026),ttm(Mar 2026),Mar 2026,False,False,Sell
PGEL,Consumer Durables,NotCyclical,17754.303687196687,0.1227380877999249,0.1541521400529939,0.19580190226303706,3.7941176470588234,34.7760006993022,8.583162217659135,89.99275539232336,0.1107235949658687,0.04943383369369547,-0.19079885352542525,0.6766077616925594,True,True,73.6666989782176,58892088.0,98402351.0,1111286459.0,3.4333333333333336,6.2250000000000005,89.99275539232336,39.02439024390244,31.70731707317073,35.36585365853659,88.83720930232558,35.215053763440864,True,23.445806529918677,48.356731598718675,Extended,58.797557744454664,25.229560585885487,54.25752330226364,96.63865546218487,99.07563025210084,79.89056087551299,88.53333333333333,54.57720235358683,100.0,48.6540338486366,100.0,GREEN,Mid,10000000.0,GREEN,53.57720235358683,47.6540338486366,Hold,Hold,High,High,ttm(Mar 2026),ttm(Mar 2026),Mar 2026,False,False,Hold
ECLERX,Services,NotCyclical,16544.788460878193,0.25581737641797425,0.33699004774761665,0.15033190160093712,25.023809523809526,15.84775678117818,22.311348781937014,23.582148903402242,0.08636862459966177,-0.23394720457880303,0.01122610901432708,0.40789305082746097,True,False,74.93612918658138,3527011.0,3052595.0,342467461.194458,0.10000000000000024,0.46999999999999975,23.582148903402242,83.33333333333334,92.0,87.66666666666667,60.0,74.86559139784946,False,42.45527369826435,30.66495778328064,Extended,38.11493408988888,32.419973368841546,58.78482023968043,42.18487394957983,64.53781512605042,29.2749658002736,50.93333333333333,53.434861477861595,100.0,59.86777385379185,100.0,GREEN,Mid,10000000.0,GREEN,53.434861477861595,59.86777385379185,Hold,Hold,High,High,ttm(Mar 2026),ttm(Mar 2026),Mar 2026,False,False,Hold
ELECON,Capital Goods,Cyclical,10342.17105263158,0.14458158080750894,0.1956316505113704,0.11843817787418655,20.92,15.63991661093478,3.0524505588994,43.77967711301044,0.0614467953065454,0.15405183132378242,-0.2528018604610671,-0.28052151308140716,False,False,31.319439877067623,586650.0,8229028.0,276560292.4515686,0.7066666666666667,1.9649999999999999,43.77967711301044,47.66355140186916,60.18518518518518,53.924368293527166,59.379844961240316,17.741935483870968,False,47.01716109283923,9.588456358163233,Pulled back,30.074802044039274,85.89161118508655,77.5027962716378,74.6218487394958,87.73109243697479,40.766073871409034,33.6,53.421054840513435,100.0,47.28343042546465,100.0,GREEN,Small,2500000.0,GREEN,53.421054840513435,47.28343042546465,Hold,Hold,High,High,ttm(Jun 2026),ttm(Jun 2026),Jun 2026,False,False,Hold
HDBFS,Financial Services,NotCyclical,59871.83613752743,0.16263552246602295,,5.5245259165613145,,,,27.514630577907827,0.1260515564625384,-0.017710653179014324,-0.10550238588552108,,True,True,62.53710076255327,18094704.0,33402468.0,251242522.90811157,,,27.514630577907827,69.74789915966386,,69.74789915966386,,,False,43.34310153651196,32.185915282887535,Neutral,56.65115677406608,47.73288948069241,28.957922769640476,,,63.064295485636116,74.8,53.22511515438504,71.42857142857143,54.24612790388338,71.42857142857143,N/A-financial-sector,Large,50000000.0,GREEN,53.22511515438504,54.24612790388338,Hold,Hold,High,High,annual,annual,Mar 2025,False,False,Hold
V2RETAIL,Consumer Services,NotCyclical,8106.567300332558,0.10907007129445562,0.1938013037550877,1.1031042128603104,4.72,54.04606358411104,62.70557029177719,49.2638564691311,0.15954277943767292,0.04231557918327833,0.16008765517623247,1.9897057845212252,False,True,45.56838554007849,-6651056.0,-3398209.0,274132221.56954956,-0.20833333333333337,-0.79,49.2638564691311,63.04347826086957,67.3913043478261,65.21739130434783,94.57364341085271,95.16129032258065,False,25.7700121901666,86.65533292548025,Neutral,35.06248511748974,7.985885486018644,14.776830892143808,16.134453781512605,9.07563025210084,13.269493844049249,10.4,53.20928040802217,100.0,44.579411951643785,100.0,GREEN,Small,2500000.0,GREEN,53.20928040802217,44.579411951643785,Hold,Hold,High,High,ttm(Mar 2026),ttm(Mar 2026),Mar 2026,False,False,Hold
RELIGARE,Financial Services,NotCyclical,7454.2057717493335,0.44644572442231206,0.11704701695027862,0.16953232462173315,3.7777777777777777,21.82095317120534,14.772110689093875,101.7181514312862,0.17449072745058292,0.06612444480725399,0.04955985009535757,0.08353217433728233,True,True,53.553627833307196,13016418.0,9253535.0,237478986.16163635,-0.39666666666666667,-3.0650000000000004,101.7181514312862,98.31932773109243,41.66666666666667,69.99299719887955,76.27906976744187,56.31720430107527,False,31.18784695383318,56.047826241001,Neutral,70.11736448939656,47.73288948069241,28.957922769640476,9.57983193277311,1.0924369747899159,42.270861833105336,70.53333333333333,53.19867191663992,100.0,51.3522487164655,100.0,N/A-financial-sector,Small,2500000.0,GREEN,53.19867191663992,51.3522487164655,Hold,Hold,High,High,ttm(Mar 2026),ttm(Mar 2026),Mar 2026,False,False,Hold
ANUP,Capital Goods,Cyclical,4298.403193612775,0.1531938539665048,0.2101167628003481,0.15918958031837915,19.333333333333332,41.84905382204285,12.141882673942694,39.08348457350272,0.0648765999130061,0.015610308989197463,-0.2443538582368494,0.21435994356313182,True,True,48.317356543376015,1004766.0,953016.0,58190818.22937012,-0.4083333333333334,-0.1599999999999998,39.08348457350272,56.074766355140184,70.37037037037037,63.222568362755275,92.09302325581396,48.79032258064516,True,35.29323651046924,34.39159729069686,Neutral,49.843661171059225,85.89161118508655,77.5027962716378,9.411764705882353,23.025210084033613,22.70861833105335,37.333333333333336,54.183951689350415,100.0,50.45912922697084,100.0,GREEN,Small,2500000.0,GREEN,53.183951689350415,49.45912922697084,Hold,Hold,High,High,ttm(Mar 2026),ttm(Mar 2026),Mar 2026,False,False,Hold
HDFCBANK,Financial Services,NotCyclical,1296471.2843282283,0.14468995450273064,,1.0041395149635104,,,2.812740178787987,15.740992946309031,0.0329609978685097,-0.1234130080945639,-0.16951797103117905,0.018467430805101603,True,False,55.945409257302465,37497217.0,-1136704349.0,26765671487.25345,3.725000000000001,11.095,15.740992946309031,59.66386554621849,,59.66386554621849,,16.801075268817204,False,71.09241700798806,15.753293123250446,Neutral,36.79682730200162,47.73288948069241,28.957922769640476,96.97478991596638,99.07563025210084,1.094391244870041,84.8,53.030036956300705,85.71428571428571,49.54980692773559,100.0,N/A-financial-sector,Large,50000000.0,GREEN,53.030036956300705,49.54980692773559,Hold,Hold,High,High,ttm(Jun 2026),ttm(Jun 2026),Jun 2026,False,False,Hold
EXIDEIND,Automobile and Auto Components,Cyclical,36051.54124397544,0.13005104450280675,0.1591417538155439,0.11326860841423948,14.542635658914728,6.072475389905585,4.397261863325208,41.96215017858255,0.2839517172715804,0.2234650917632628,0.11792422997928331,-0.2525710341753855,True,True,65.95070802782074,55013365.0,47475359.0,837527374.0870056,0.4283333333333334,0.3099999999999996,41.96215017858255,43.47826086956522,15.217391304347828,29.347826086956523,28.527131782945737,21.908602150537636,False,55.04286416977022,48.21094861366831,Neutral,84.05492919721792,100.0,53.26844207723036,64.45378151260505,56.63865546218487,67.71545827633378,87.73333333333333,52.97988472411551,100.0,55.24793698883614,100.0,GREEN,Mid,10000000.0,GREEN,52.97988472411551,55.24793698883614,Hold,Hold,High,High,ttm(Mar 2026),ttm(Mar 2026),Mar 2026,False,False,Hold
METROPOLIS,Healthcare,NotCyclical,12048.413558510683,0.12436409598840502,0.2217102560893365,0.1533377395902181,16.04,12.761968189755724,23.66641622839969,63.08069925921824,0.219167611209371,0.2158427979564228,0.23225572622679325,0.13755499359254553,True,True,61.864116884007444,2537496.0,8552856.0,99965134.19207764,0.5066666666666665,0.9199999999999982,63.08069925921824,32.857142857142854,65.71428571428571,49.28571428571428,49.76744186046512,77.82258064516128,False,43.91679101547161,67.2209017493601,Neutral,71.78197641801555,66.50785619174435,90.47589880159788,67.39495798319328,76.80672268907564,41.03967168262654,46.13333333333333,52.91830008058563,100.0,65.31244471900226,100.0,GREEN,Mid,10000000.0,GREEN,52.91830008058563,65.31244471900226,Hold,Hold,High,High,ttm(Mar 2026),ttm(Mar 2026),Mar 2026,False,False,Hold
REFEX,Utilities,NotCyclical,4357.368253020622,0.20883015354506956,0.23486754313230562,0.14960106382978725,9.783783783783784,11.810000333497129,-0.3479773814701992,20.97746771325174,0.29330770917355853,0.35364541172107256,-0.3009039302725688,0.5000244033736669,True,True,41.32742257394853,35252717.0,135259250.0,220095605.43745422,0.041666666666666664,0.22000000000000003,20.97746771325174,79.86301369863014,74.43609022556392,77.14955196209704,47.286821705426355,11.559139784946236,False,58.675190108550524,35.64439690267226,Neutral,87.84503552038292,16.108388814913447,96.33475366178429,34.36974789915966,52.60504201680673,84.1313269493844,84.0,53.90345406552648,100.0,65.33667488528573,100.0,GREEN,Small,2500000.0,GREEN,52.90345406552648,64.33667488528573,Hold,Hold,High,High,ttm(Mar 2026),ttm(Mar 2026),Mar 2026,False,False,Hold
APTUS,Financial Services,NotCyclical,15021.394663368588,0.16833655535851605,,1.5620553359683795,,,25.257142857142867,15.91246749108919,0.23538329514956713,0.10414065580510745,-0.12381992739715353,-0.07616012434213937,True,True,71.88614458154572,16845225.0,9830186.0,240590037.34625244,-2.3616666666666677,0.47999999999999976,15.91246749108919,71.42857142857143,,71.42857142857143,,79.56989247311827,False,60.81360513204598,33.4244841882529,Extended,77.89182631319528,47.73288948069241,28.957922769640476,1.0924369747899159,65.04201680672269,43.365253077975375,73.6,49.89129902599867,85.71428571428571,67.6080389389504,100.0,N/A-financial-sector,Mid,10000000.0,GREEN,52.89129902599867,70.6080389389504,Hold,Hold,High,High,ttm(Mar 2026),ttm(Mar 2026),Mar 2026,False,False,Hold
TEXRAIL,Capital Goods,Cyclical,4728.750000000001,0.03286904849273446,0.08848137615703805,0.37700084245998317,3.1707317073170733,24.96328242411352,-14.257735996866428,24.173553719008265,0.133391419115376,-0.06076904321561738,-0.2828791631255859,-0.5868672292911576,True,False,57.04901505903982,29632647.0,219717603.0,250937518.36306763,2.0766666666666667,6.465000000000001,24.173553719008265,7.476635514018691,3.7037037037037033,5.590169608861197,79.68992248062015,3.494623655913978,True,58.83779999348726,5.226612108476142,Neutral,54.687161986159516,85.89161118508655,77.5027962716378,92.26890756302521,99.07563025210084,90.15047879616964,82.26666666666667,55.87461357803406,100.0,50.01580308947284,100.0,GREEN,Small,2500000.0,GREEN,52.87461357803406,47.01580308947284,Hold,Hold,High,High,ttm(Mar 2026),ttm(Mar 2026),Mar 2026,False,False,Hold
CELLO,Consumer Durables,NotCyclical,8197.14870262273,0.36172125786689124,0.34203092891897796,0.014068863383931877,235.5,8.95053040550431,8.750584932147865,26.190813152191918,-0.14123504440624202,-0.2751808821603653,-0.41508677400380734,-0.6239549608825645,False,False,47.43449224485827,-320973.0,-786307.0,59290851.33706665,,,26.190813152191918,97.5609756097561,95.1219512195122,96.34146341463415,35.968992248062015,35.752688172043015,False,62.920560747663544,2.971895187828912,Neutral,3.0093963039694573,25.229560585885487,54.25752330226364,,,16.82626538987688,23.866666666666667,49.82536919681314,85.71428571428571,46.37116704985838,85.71428571428571,GREEN,Small,2500000.0,GREEN,52.82536919681314,49.37116704985838,Hold,Hold,High,High,ttm(Mar 2026),ttm(Mar 2026),Mar 2026,False,False,Hold
GILLETTE,Fast Moving Consumer Goods,NotCyclical,25365.298804780876,0.6906019007391764,0.9957761351636748,0.0,78.58333333333333,,7.638888888888884,38.78486055776892,-0.009097270818754333,-0.017830604637541048,-0.2570458681186433,0.09487878013644191,False,False,50.67571905109286,265517.0,514066.0,157703033.0,-0.13666666666666663,-0.30499999999999966,38.78486055776892,96.51162790697676,97.72727272727273,97.11945031712474,,32.526881720430104,False,45.91455273698264,17.314220188169447,Neutral,21.243539206001824,58.78482023968043,8.718242343541945,19.15966386554622,18.15126050420168,20.656634746922027,31.466666666666665,52.787425173741504,85.71428571428571,40.52431755668785,100.0,GREEN,Mid,10000000.0,GREEN,52.787425173741504,40.52431755668785,Hold,Hold,High,High,ttm(Mar 2026),ttm(Mar 2026),Mar 2026,False,False,Hold
AUROPHARMA,Healthcare,NotCyclical,89891.3703268555,0.09429230884533675,0.14602409388462376,0.2130585099363965,17.828125,10.629259645869404,6.080569915521372,25.661253304840283,0.1320368249296877,0.3201466384038878,0.37553079609600415,0.1922920058160984,True,True,53.35410122809198,-8271171.0,43091026.0,1537653045.4829102,0.4066666666666669,1.3099999999999987,25.661253304840283,22.857142857142858,20.0,21.42857142857143,42.945736434108525,27.016129032258064,False,72.85420560747663,75.51871598998422,Neutral,62.00449598047718,66.50785619174435,90.47589880159788,63.193277310924366,83.19327731092437,65.5266757865937,9.2,52.71268529048705,100.0,51.919849822990756,100.0,GREEN,Large,50000000.0,GREEN,52.71268529048705,51.919849822990756,Hold,Hold,High,High,ttm(Mar 2026),ttm(Mar 2026),Mar 2026,False,False,Hold
SAFARI,Consumer Durables,NotCyclical,7986.869398455753,0.20189682174840812,0.26594111258230857,0.10493273542600896,30.11111111111111,19.089025357796086,15.519187358916486,47.49927192378538,0.03188592635697307,-0.22911537528583847,-0.26745559529741114,-0.23751136733745393,True,False,52.271592092297226,1317574.0,1054364.0,104718514.4718628,1.276666666666667,0.4350000000000005,47.49927192378538,78.04878048780488,82.92682926829268,80.48780487804878,69.76744186046511,59.005376344086024,False,32.20809564267508,11.134032333330675,Neutral,33.6330033923963,25.229560585885487,54.25752330226364,85.3781512605042,63.02521008403361,23.392612859097127,39.6,52.70933619850428,100.0,51.79288112181561,100.0,GREEN,Small,2500000.0,GREEN,52.70933619850428,51.79288112181561,Hold,Hold,High,High,ttm(Mar 2026),ttm(Mar 2026),Mar 2026,False,False,Hold
AUBANK,Financial Services,NotCyclical,77441.89902329918,0.12720554448454585,,0.7030204743563754,,,16.004731075697222,29.264913078482827,0.03753816494303197,0.06497243951415776,0.26077950741283495,0.6150852208525315,True,True,49.839655024847794,7149519.0,856052.0,1488860791.8178406,1.3499999999999996,0.41999999999999815,29.264913078482827,41.17647058823529,,41.17647058823529,,61.424731182795696,False,50.862505940123555,78.17202999872244,Neutral,49.90510704113322,47.73288948069241,28.957922769640476,86.21848739495799,61.84873949579832,22.024623803009575,62.8,52.618405676186065,85.71428571428571,49.76942725887265,100.0,N/A-financial-sector,Large,50000000.0,GREEN,52.618405676186065,49.76942725887265,Hold,Hold,High,High,ttm(Mar 2026),ttm(Mar 2026),Mar 2026,False,False,Hold
SHAILY,Consumer Durables,NotCyclical,12474.330762801765,0.154728312795146,0.22222690049660487,0.24720670391061453,17.5,17.750200275068728,25.921219822109265,73.37841625177508,0.46979472319198434,0.24956243612534545,0.6845016504862242,2.0153189531484466,False,True,41.581468378571294,-3655868.0,4320139.0,619929697.0042725,0.20000000000000018,-0.19999999999999973,73.37841625177508,56.09756097560976,58.536585365853654,57.3170731707317,65.58139534883722,80.51075268817203,False,28.062871707731517,95.86085136024536,Neutral,45.517733920950455,25.229560585885487,54.25752330226364,51.09243697478991,22.18487394957983,31.73734610123119,14.133333333333335,52.614811831590416,100.0,48.7911018072477,100.0,GREEN,Mid,10000000.0,GREEN,52.614811831590416,48.7911018072477,Hold,Hold,High,High,ttm(Mar 2026),ttm(Mar 2026),Mar 2026,False,False,Hold
BRITANNIA,Fast Moving Consumer Goods,NotCyclical,128092.20859478987,0.5484253528594846,0.5173496646464326,0.2702702702702703,31.097345132743364,5.5196386272794,6.738003678314652,50.489636813082335,-0.06833333333333336,-0.1026529232848935,-0.06571253277465727,-0.02126728647019671,True,False,50.85620347536618,-1143133.0,-6652192.0,1513890796.0,1.3983333333333328,-0.08000000000000096,50.489636813082335,96.51162790697676,93.18181818181817,94.84672304439746,26.82170542635659,28.763440860215056,False,46.46028037383178,23.30580751503717,Neutral,21.72178705987079,58.78482023968043,8.718242343541945,87.39495798319328,27.73109243697479,10.12311901504788,20.266666666666666,52.60804034921615,100.0,39.818780002938524,100.0,GREEN,Large,50000000.0,GREEN,52.60804034921615,39.818780002938524,Hold,Sell,High,High,ttm(Mar 2026),ttm(Mar 2026),Mar 2026,False,False,Sell
GOKEX,Textiles,Cyclical,6121.799382486741,0.11441491692354003,0.15009019069032703,0.5890791300323924,3.7473684210526317,21.52632503690817,3.209109730848869,61.21799382486741,0.16100165060810334,0.399531664021759,-0.08545982541964048,-0.11984645947623129,True,True,56.65203442952921,13210638.0,16074758.0,266000976.12786865,1.901666666666667,0.5350000000000001,61.21799382486741,54.54545454545454,41.66666666666667,48.10606060606061,75.34883720930232,18.682795698924732,True,42.27414330218068,42.649882923706684,Neutral,72.11257433482486,35.958189081225036,92.14993342210386,91.09243697478992,66.80672268907563,51.70998632010944,70.66666666666667,53.58670235577944,100.0,58.31140544646624,100.0,GREEN,Small,2500000.0,GREEN,52.58670235577944,57.31140544646624,Hold,Hold,High,High,ttm(Mar 2026),ttm(Mar 2026),Mar 2026,False,False,Hold
PATANJALI,Fast Moving Consumer Goods,NotCyclical,37764.47841726619,0.12646446187432128,0.13561522935137232,0.2129495304268153,13.484615384615385,49.47945540325529,18.296632124352328,20.805871779508685,-0.24170591857461599,-0.35910660198566935,-0.36948545077845385,-0.35372532840275306,False,False,12.004815153011137,-122604213.0,-67222541.0,855893452.6058655,2.138333333333333,3.8950000000000005,20.805871779508685,30.23255813953488,18.181818181818183,24.20718816067653,93.95348837209302,66.93548387096774,True,71.60714285714286,4.892025386693782,Pulled back,4.895814780995183,58.78482023968043,8.718242343541945,92.43697478991596,96.1344537815126,3.009575923392613,1.0666666666666667,53.51555685217318,100.0,37.93402939771844,100.0,GREEN,Large,50000000.0,GREEN,52.51555685217318,36.93402939771844,Hold,Sell,High,High,ttm(Mar 2026),ttm(Mar 2026),Mar 2026,False,False,Sell
LGEINDIA,Consumer Durables,NotCyclical,107309.32671266173,0.32454155136496116,0.43202599143673476,0.059874771719279934,58.73170731707317,7.393566817809871,0.9767308244757356,63.68506036359746,-0.008029563361048098,0.1303881773041371,,,True,,55.20300039394896,9367253.0,7694949.0,771490936.255188,,,63.68506036359746,95.1219512195122,100.0,97.5609756097561,32.713178294573645,13.709677419354838,False,38.2318090787717,,Neutral,44.68403600396554,25.229560585885487,54.25752330226364,,,39.808481532147745,67.06666666666666,52.466235280663156,71.42857142857143,50.78304992547327,85.71428571428571,GREEN,Large,50000000.0,GREEN,52.466235280663156,50.78304992547327,Hold,Hold,High,High,annual,ttm(Mar 2026),Mar 2026,False,False,Hold
M&M,Automobile and Auto Components,Cyclical,422252.1637038352,0.13782516907282355,0.12747190848514633,1.4708959472378271,3.8556980502554477,17.84936997453506,24.813612124790364,22.674909446022728,-0.02205690682113004,-0.1395488936400846,0.025166472532333284,0.11380680766125506,True,False,51.959236150064136,-3607251.0,-32854784.0,7962609276.084717,0.1616666666666665,0.07499999999999751,22.674909446022728,56.52173913043478,8.695652173913043,32.608695652173914,66.04651162790698,78.89784946236558,False,62.68914107699154,23.84965403384848,Neutral,23.665187496104696,100.0,53.26844207723036,47.56302521008403,41.344537815126046,4.7879616963064295,14.666666666666666,52.44832462525668,100.0,45.76534521062932,100.0,GREEN,Large,50000000.0,GREEN,52.44832462525668,45.76534521062932,Hold,Hold,High,High,ttm(Mar 2026),ttm(Mar 2026),Mar 2026,False,False,Hold
JUSTDIAL,Consumer Services,NotCyclical,6747.004412495054,0.08970232103951728,0.05400010779798982,0.016647081864473168,39.77777777777778,12.837639555765733,7.247627264883527,13.398918689173072,0.45182534150143683,0.08211136761536242,-0.15963139045141317,-0.20918065596851965,True,True,85.40681415497582,72119222.0,66523133.0,65042390.099121094,1.028333333333333,0.7249999999999994,13.398918689173072,56.52173913043478,19.565217391304348,38.04347826086956,50.07751937984496,31.182795698924732,False,81.59633134033785,37.20895957885677,Extended,79.60134757000965,7.985885486018644,14.776830892143808,81.68067226890756,72.94117647058823,72.77701778385773,91.2,52.43953107915293,100.0,56.22563256671083,100.0,GREEN,Small,2500000.0,GREEN,52.43953107915293,56.22563256671083,Hold,Hold,High,High,ttm(Jun 2026),ttm(Jun 2026),Jun 2026,False,False,Hold
MRF,Automobile and Auto Components,Cyclical,55738.673491328445,0.09461768279099364,0.1736966012229013,0.15290359492705255,13.128342245989305,10.62545756183142,10.641849891663412,23.005224879880277,-0.0559885078110971,-0.11633032180039382,-0.11225084587417411,0.02231526054240729,True,False,51.481330992410626,34592.0,-57015.0,838721792.5,0.583333333333333,0.5349999999999984,23.005224879880277,19.565217391304348,32.608695652173914,26.086956521739133,42.7906976744186,42.33870967741936,False,77.3112297878653,15.731788659817832,Neutral,20.946311345203384,100.0,53.26844207723036,70.4201680672269,66.38655462184873,18.194254445964432,27.46666666666667,52.31450613166582,100.0,44.5030500858635,100.0,GREEN,Large,50000000.0,GREEN,52.31450613166582,44.5030500858635,Hold,Hold,High,High,ttm(Mar 2026),ttm(Mar 2026),Mar 2026,False,False,Hold
POWERGRID,Power,NotCyclical,261049.97081144192,0.1726030582505398,0.17125082450784485,1.4734312496268434,4.151515151515151,0.835456965229131,2.0549440950384357,16.39894859813084,-0.12183300193873003,0.0969929512279828,-0.028886757980456146,-0.1160856640981478,False,False,39.67251361975913,-82520764.0,23066609.0,2700005743.633667,-0.025000000000000355,-0.23499999999999943,16.39894859813084,76.19047619047619,85.71428571428571,80.95238095238095,13.798449612403102,15.053763440860216,False,83.00825342881419,22.993708135231476,Neutral,17.239097844373294,35.61571238348868,2.060452729693742,27.22689075630252,19.66386554621849,56.634746922024625,1.0666666666666667,49.312114082181495,100.0,37.19003523042048,100.0,GREEN,Large,50000000.0,GREEN,52.312114082181495,40.19003523042048,Hold,Hold,High,High,ttm(Mar 2026),ttm(Mar 2026),Mar 2026,False,False,Hold
PWL,Consumer Services,NotCyclical,40586.997985839844,-0.1787418237783763,-0.5247573146641349,0.2327433628318584,3.627450980392157,73.71229466099199,35.08832698302737,-1040.692256047175,0.2642742789024537,0.053660433934312524,,,True,,55.56421550895972,177659366.0,,700980200.9551659,,,,5.434782608695652,5.434782608695652,5.434782608695652,97.67441860465115,87.63440860215054,True,82.84327821711,,Neutral,77.72763642011851,7.985885486018644,14.776830892143808,,,,96.39999999999999,53.29012759145102,57.14285714285714,59.113624492978204,85.71428571428571,GREEN,Large,50000000.0,GREEN,52.29012759145102,58.113624492978204,Hold,Hold,Med,High,annual,ttm(Mar 2026),Mar 2026,False,False,Hold
AIAENG,Capital Goods,Cyclical,44560.91029314524,0.15450652449876467,0.17046142253029273,0.00124595066035385,33.945945945945944,-3.437223261077671,3.1024026125495707,35.11498053045331,0.2064874416256468,0.20886765789684114,0.38894407488627514,0.13483302386062412,True,True,55.76241897487056,2762690.0,5495324.0,230422421.07226562,0.04499999999999993,0.02999999999999936,35.11498053045331,57.009345794392516,41.66666666666667,49.338006230529594,6.046511627906977,18.14516129032258,False,73.74899866488653,73.50987700215563,Neutral,76.9166152453701,85.89161118508655,77.5027962716378,35.12605042016806,35.96638655462185,35.02051983584131,47.599999999999994,52.26549986499797,100.0,59.577699185968356,100.0,GREEN,Large,50000000.0,GREEN,52.26549986499797,59.577699185968356,Hold,Hold,High,High,ttm(Mar 2026),ttm(Mar 2026),Mar 2026,False,False,Hold
BLUEJET,Healthcare,NotCyclical,10207.222257150981,0.22000182430979504,0.28202971300335256,0.030882352941176472,49.0,9.51448657067806,-7.968901846452869,41.12937233664773,0.4263368878583558,0.1777133191875333,-0.35143956355626427,0.36504907731252656,True,True,62.08572779008738,23784447.0,23653278.0,214050832.4981842,,,41.12937233664773,90.0,92.85714285714286,91.42857142857143,38.29457364341085,5.510752688172043,True,39.24227252498281,28.588461303475384,Neutral,84.37452581254055,66.50785619174435,90.47589880159788,,,57.59233926128591,79.60000000000001,55.225067721055915,85.71428571428571,63.022410287344435,85.71428571428571,GREEN,Small,2500000.0,GREEN,52.225067721055915,60.022410287344435,Hold,Hold,High,High,ttm(Mar 2026),ttm(Mar 2026),Mar 2026,False,False,Hold
IDBI,Financial Services,NotCyclical,92197.54824465881,0.11332215159813228,,0.40989440522723297,,,0.9154881464781051,9.866205411248828,0.15391884641656706,-0.17464298128825462,-0.11747461654036861,0.054070387002063125,True,False,57.712493431463464,267172783.0,421238786.0,594384579.3650208,0.041666666666666664,0.13,9.866205411248828,35.294117647058826,,35.294117647058826,,13.5752688172043,False,86.0919644271458,19.241036362598255,Neutral,52.67080758981969,47.73288948069241,28.957922769640476,34.36974789915966,46.05042016806723,95.0752393980848,97.73333333333333,52.21278355337058,85.71428571428571,46.794502578812306,100.0,N/A-financial-sector,Large,50000000.0,GREEN,52.21278355337058,46.794502578812306,Hold,Hold,High,High,ttm(Jun 2026),ttm(Jun 2026),Jun 2026,False,False,Hold
HEG,Capital Goods,Cyclical,11728.742462554983,0.15176943106827817,0.18348577729367602,0.16729718369062632,10.783783783783784,1.4013030383353442,19.54503249767874,34.39513918637825,-0.033132013332879406,0.10486653117830214,0.20806779826977873,0.3964855617551726,True,True,69.50343074208786,4392231.0,150237949.0,564535419.0223999,-0.5116666666666667,0.7549999999999999,34.39513918637825,55.140186915887845,50.0,52.570093457943926,14.418604651162791,69.35483870967742,True,58.44605815884594,69.97030011229795,Neutral,38.99965692579121,85.89161118508655,77.5027962716378,6.386554621848739,73.27731092436974,85.49931600547195,54.53333333333333,52.16763464878887,100.0,58.52345815991591,100.0,GREEN,Small,2500000.0,GREEN,52.16763464878887,58.52345815991591,Hold,Hold,High,High,ttm(Mar 2026),ttm(Mar 2026),Mar 2026,False,False,Hold
JAIBALAJI,Metals & Mining,Cyclical,5950.17666536219,0.31737826471603103,0.17899209224587168,0.2631826741996234,13.761904761904763,10.99837833930717,-13.123123123123126,20.330218734028183,-0.1108991719404595,-0.0071504822257634215,-0.46186192840171325,-0.6440298833555353,False,False,39.361539086487035,-1896845.0,116125960.0,28766100.195518494,-0.4666666666666666,0.335,20.330218734028183,87.5,54.166666666666664,70.83333333333333,44.34108527131783,3.8978494623655915,True,65.65754339118826,1.3802087720184852,Neutral,16.47495720246241,94.9462050599201,6.26444740346205,7.226890756302522,57.98319327731093,81.3953488372093,18.4,55.13962129706175,100.0,33.452255611053396,100.0,GREEN,Small,2500000.0,GREEN,52.13962129706175,30.452255611053396,Hold,Sell,High,High,ttm(Sep 2025),ttm(Sep 2025),Sep 2025,False,False,Sell
PARAS,Capital Goods,Cyclical,9746.843549862762,0.09522990687086882,0.14290629432016894,0.037241379310344824,24.0,29.039241484870516,30.410958904109584,109.51509606587375,0.5316698656429943,0.7644456912186213,0.47309642885632264,-0.17860535978417857,True,True,50.33545628545094,93892688.0,140506954.0,2111023824.5917664,0.07000000000000006,0.09000000000000019,109.51509606587375,22.429906542056074,22.22222222222222,22.326064382139148,84.03100775193798,84.54301075268818,False,12.16825686280895,68.14300932875986,Neutral,95.05216865716919,85.89161118508655,77.5027962716378,37.983193277310924,42.857142857142854,84.95212038303693,93.06666666666666,52.116250636287994,100.0,60.56851196589694,100.0,GREEN,Small,2500000.0,GREEN,52.116250636287994,60.56851196589694,Hold,Hold,High,High,ttm(Mar 2026),ttm(Mar 2026),Mar 2026,False,False,Hold
YESBANK,Financial Services,NotCyclical,74473.21428571428,0.04209119464482933,,1.2793893428202823,,,-0.4545749724008008,19.957983193277308,0.19707660369660318,0.04212369661725579,0.20803663195990652,-0.07515577423053188,True,True,48.99470144598262,856544844.0,1003125060.0,2172407881.2670937,1.5150000000000003,1.5999999999999979,19.957983193277308,10.084033613445378,,10.084033613445378,,11.29032258064516,False,67.83134574913444,61.0046206140243,Neutral,72.7771138774403,47.73288948069241,28.957922769640476,88.23529411764706,85.71428571428571,99.04240766073872,99.06666666666666,53.07693252588328,85.71428571428571,46.535823657880165,100.0,N/A-financial-sector,Large,50000000.0,GREEN,52.07693252588328,45.535823657880165,Hold,Hold,High,High,ttm(Jun 2026),ttm(Jun 2026),Jun 2026,False,False,Hold
BRIGADE,Realty,Cyclical,20357.602849180395,0.06524686139965956,0.10920067169695963,0.9300689048526609,3.488997555012225,18.254859854830308,12.278281434765482,28.079452205766067,-0.04628086063894321,-0.1356972494736124,-0.30225463563918953,-0.4277921927836065,True,False,56.81190419580404,11511680.0,18442289.0,221763919.97201538,0.2183333333333334,-0.0600000000000005,28.079452205766067,64.70588235294117,76.47058823529412,70.58823529411765,66.66666666666666,49.46236559139785,False,62.888164611639056,10.379150312484207,Neutral,17.818155985648357,5.798402130492676,68.91424766977363,53.109243697478995,28.739495798319325,54.03556771545828,68.93333333333334,49.07234860716223,100.0,49.8042987944352,100.0,GREEN,Mid,10000000.0,GREEN,52.07234860716223,52.8042987944352,Hold,Hold,High,High,ttm(Mar 2026),ttm(Mar 2026),Mar 2026,False,False,Hold
MARUTI,Automobile and Auto Components,Cyclical,433357.12143928034,0.1261432961203915,0.17369964677196115,0.0009518832356564262,89.77405857740585,15.957823026954365,19.882677618499535,29.52023988005997,0.024758364312267744,-0.1609034457567271,0.10801482409711038,0.16968070660562762,True,False,51.19175030742369,3302705.0,1204900.0,5037533566.5,-0.24833333333333366,-0.7650000000000006,29.52023988005997,39.130434782608695,34.78260869565217,36.95652173913044,60.62015503875969,70.29569892473118,False,65.19655837412847,29.75576220973902,Neutral,33.84193608036875,100.0,53.26844207723036,14.453781512605044,9.243697478991598,24.21340629274966,50.0,52.063683383310305,100.0,47.28716817398972,100.0,GREEN,Large,50000000.0,GREEN,52.063683383310305,47.28716817398972,Hold,Hold,High,High,ttm(Mar 2026),ttm(Mar 2026),Mar 2026,False,False,Hold
SURYAROSNI,Capital Goods,Cyclical,5410.692936359065,0.12722130670604015,0.2052841920085349,0.030372057706909643,17.392857142857142,-1.9423645260982059,1.3986013986013957,18.904109124542188,0.04483884982339181,-0.06458292105008512,-0.2261076181645728,-0.2172220419579559,False,False,42.89885748927709,21602531.0,20274769.0,172044712.38128662,0.61,0.14499999999999977,18.904109124542188,35.51401869158878,64.81481481481481,50.16441675320179,8.217054263565892,13.978494623655912,False,82.23973427985283,11.86880753743342,Neutral,21.292653933611973,85.89161118508655,77.5027962716378,71.42857142857143,46.890756302521005,54.99316005471956,78.26666666666667,52.05611568514039,100.0,49.780835290996045,100.0,GREEN,Small,2500000.0,GREEN,52.05611568514039,49.780835290996045,Hold,Hold,High,High,ttm(Mar 2026),ttm(Mar 2026),Mar 2026,False,False,Hold
KIRLOSENG,Capital Goods,Cyclical,34082.71968825139,0.12998370245904164,0.14711751541884888,1.4845303867403314,2.7036328871892925,15.331463243441746,21.466876971608826,60.6300631998039,0.46112571619259435,1.1319114545732392,1.6258819141537897,0.7441749103670028,True,True,60.0194548515421,19860490.0,70515805.0,696800959.3444824,2.3883333333333336,-0.9599999999999991,60.6300631998039,38.31775700934579,29.629629629629626,33.97369331948771,58.44961240310077,72.84946236559139,False,32.88384512683578,94.30360975833672,Neutral,94.1107529275442,85.89161118508655,77.5027962716378,93.61344537815125,7.899159663865546,74.00820793433653,76.53333333333333,61.2289279623945,100.0,60.64879991585845,100.0,AMBER,Mid,10000000.0,GREEN,52.044588768035325,51.55147992847968,Hold,Hold,High,High,ttm(Mar 2026),ttm(Mar 2026),Mar 2026,False,False,Hold
LTF,Financial Services,NotCyclical,77595.59778037191,0.09504649480098934,,3.9416074044955867,,,15.231707317073173,24.3548377492501,0.07784612991278905,0.08344725906909911,0.528603789314608,0.7085203308151047,True,True,52.69069764827989,106053725.0,97889612.0,1319251737.8164368,,,24.3548377492501,26.05042016806723,,26.05042016806723,,58.1989247311828,False,51.850829354393426,89.94305360494656,Neutral,56.79245456942361,47.73288948069241,28.957922769640476,,,79.61696306429549,93.73333333333333,52.005505677386026,71.42857142857143,48.53893663319911,85.71428571428571,N/A-financial-sector,Large,50000000.0,GREEN,52.005505677386026,48.53893663319911,Hold,Hold,High,High,ttm(Jun 2026),ttm(Jun 2026),Jun 2026,False,False,Hold
IPCALAB,Healthcare,NotCyclical,49755.37443724989,0.10610364103478712,0.18256214314969565,0.1003348629542354,25.189873417721518,15.66041178276274,7.885906040268464,42.023120301731325,0.28707611507192676,0.2372037509893543,0.3104562941816722,0.5914492577562056,True,True,80.4760026201281,4446310.0,13712400.0,360099092.0680542,0.14333333333333265,0.12999999999999812,42.023120301731325,27.142857142857142,37.142857142857146,32.142857142857146,59.53488372093023,33.46774193548387,False,50.14632843791722,77.66100179827912,Extended,77.14895685848796,66.50785619174435,90.47589880159788,45.21008403361345,45.378151260504204,48.15321477428181,55.06666666666666,51.96645268032235,100.0,54.23494333539838,100.0,GREEN,Large,50000000.0,GREEN,51.96645268032235,54.23494333539838,Hold,Hold,High,High,ttm(Mar 2026),ttm(Mar 2026),Mar 2026,False,False,Hold
ROUTE,Telecommunication,NotCyclical,3850.597077944308,0.14850314380861593,0.20093616932816294,0.01516245487364621,48.81818181818182,7.291424797804136,-3.650273224043721,14.9828680075654,0.1315815771880271,-0.1203447902623187,-0.4166913900729715,-0.6763928489775269,True,False,59.173737769689666,3795965.0,31273552.0,76161634.90118408,0.21833333333333385,-0.5949999999999998,14.9828680075654,63.63636363636363,53.84615384615385,58.74125874125874,32.093023255813954,8.198924731182796,False,77.42723631508679,2.2653377287155902,Neutral,45.78689972730453,93.40532623169109,96.33475366178429,53.27731092436975,10.756302521008404,62.106703146374834,52.400000000000006,52.92701790939838,100.0,49.633317464622934,100.0,GREEN,Small,2500000.0,GREEN,51.92701790939838,48.633317464622934,Hold,Hold,High,High,ttm(Mar 2026),ttm(Mar 2026),Mar 2026,False,False,Hold
SAMMAANCAP,Financial Services,NotCyclical,18922.778491806836,-0.08314775050566318,,2.7302548441449033,,,-6.694847480863708,-2.7976700882603702,0.0738475385458246,0.15008096861873632,0.2837041445407127,-0.014824993367439032,False,True,44.055936115429766,213237267.0,376172733.0,2138159324.0055847,,,,1.680672268907563,,1.680672268907563,,6.182795698924731,False,94.0204825946791,66.7378644127275,Neutral,30.565205286528656,47.73288948069241,28.957922769640476,,,94.25444596443229,97.06666666666666,52.88075696334479,71.42857142857143,34.28718502819883,85.71428571428571,N/A-financial-sector,Mid,10000000.0,GREEN,51.88075696334479,33.28718502819883,Hold,Sell,High,High,ttm(Mar 2026),ttm(Mar 2026),Mar 2026,False,False,Sell
SHARDACROP,Chemicals,Cyclical,8181.564970358927,0.13567224677555734,0.27189995628462005,0.0,50.42857142857143,9.204972404254175,21.944444444444457,12.012453791826065,-0.18156787273702724,0.1323185635594355,0.09381646581347924,0.8724109102032929,False,False,49.392331299696416,518535.0,27046199.0,218521909.03527832,-0.038333333333333476,-0.38500000000000045,12.012453791826065,45.45454545454545,81.81818181818183,63.63636363636364,37.36434108527132,74.19354838709677,False,72.80530903950365,38.24004430369086,Neutral,11.631137240400728,26.70386151797603,87.9555259653795,25.546218487394956,14.6218487394958,59.50752393980848,32.93333333333333,48.856349256199834,100.0,52.809968058773386,100.0,GREEN,Small,2500000.0,GREEN,51.856349256199834,55.809968058773386,Hold,Hold,High,High,ttm(Mar 2026),ttm(Mar 2026),Mar 2026,False,False,Hold
DEVYANI,Consumer Services,NotCyclical,15319.097112840223,0.05684644176718001,0.18890514046991083,2.485732814526589,3.0760869565217392,23.23560837431784,13.339190676725154,-356.25807239163305,0.03505159887659848,-0.18144082463509592,-0.34778242929687464,-0.3296509715240895,False,False,42.63067338558957,33056488.0,190559647.0,213164511.44080734,1.4866666666666666,1.0700000000000003,,36.95652173913043,65.21739130434783,51.086956521739125,78.6046511627907,52.82258064516129,False,84.26635514018692,9.699514452146358,Neutral,19.846111405402393,7.985885486018644,14.776830892143808,87.89915966386555,79.66386554621849,88.23529411764706,82.93333333333334,60.96639136368504,100.0,49.40703600943189,100.0,AMBER,Mid,10000000.0,GREEN,51.821432659132284,41.995980608017106,Hold,Hold,High,High,ttm(Mar 2026),ttm(Mar 2026),Mar 2026,False,False,Hold
NSLNISP,Metals & Mining,Cyclical,12803.000450134277,-0.03960746075795636,-0.010495869732263286,0.35015940488841657,3.1170431211498975,inf,60.43749264965306,206.6666739327565,0.038277567416790115,0.03753286220653829,0.09017834787105694,-0.24678926882341612,False,True,43.88889869355882,120924243.0,242732901.0,192688693.44563103,-0.06999999999999829,-0.06999999999999829,206.6666739327565,4.166666666666666,4.166666666666666,4.166666666666666,99.06976744186046,94.48924731182797,True,31.634178905206944,40.644986495516285,Neutral,30.049999019533004,94.9462050599201,6.26444740346205,22.857142857142858,28.235294117647058,90.56087551299589,94.8,52.697615695661646,100.0,35.03545682763218,100.0,GREEN,Mid,10000000.0,GREEN,51.697615695661646,34.03545682763218,Hold,Sell,High,High,ttm(Mar 2026),ttm(Mar 2026),Mar 2026,False,False,Sell
BORORENEW,Capital Goods,Cyclical,8439.087947882736,0.017505469967379644,0.11389747678189292,0.10721376571806751,31.428571428571427,20.423329222413322,10.996563573883167,22.35208181154127,0.2428919731641157,0.24062439721131312,0.09697073529035305,0.16704800058660796,True,True,53.640995215790255,16576270.0,14458353.0,354001312.0715332,0.0016666666666667422,-0.7099999999999996,22.35208181154127,6.5420560747663545,8.333333333333332,7.437694704049843,72.55813953488372,43.413978494623656,False,52.33335504249569,60.794829622387454,Neutral,80.73272587524637,85.89161118508655,77.5027962716378,30.252100840336134,9.915966386554622,50.06839945280438,73.2,51.437620874385345,100.0,53.29215063033402,100.0,GREEN,Small,2500000.0,GREEN,51.437620874385345,53.29215063033402,Hold,Hold,High,High,ttm(Jun 2026),ttm(Jun 2026),Jun 2026,False,False,Hold
TEGA,Capital Goods,Cyclical,12383.543970510796,0.1420497315963009,0.17288592495175636,0.11681831523334311,10.043478260869565,11.701899224644041,3.296703296703307,80.77111984282908,-0.05379746835443033,-0.12470728270114018,-0.0477294397507424,-0.05869910750793961,False,False,43.604426955452205,3982561.0,4822604.0,64428082.5949707,1.3716666666666668,2.4449999999999994,80.77111984282908,46.728971962616825,44.44444444444444,45.586708203530634,46.666666666666664,19.086021505376344,False,46.504227859368044,20.997718114870786,Neutral,11.664160479057953,85.89161118508655,77.5027962716378,86.89075630252101,90.25210084033614,33.2421340629275,53.2,51.395585859060496,100.0,42.96999943818975,100.0,GREEN,Mid,10000000.0,GREEN,51.395585859060496,42.96999943818975,Hold,Hold,High,High,ttm(Mar 2026),ttm(Mar 2026),Mar 2026,False,False,Hold
TATASTEEL,Metals & Mining,Cyclical,233438.6358148652,0.09872200480507143,0.17436447006430889,0.9042254348272926,4.793079391656202,-1.560116316308291,6.22168736444253,21.49362751948599,-0.10582219810536542,0.03694648807521261,0.18440519466347616,0.12450817747737308,False,False,37.51083868799527,-115259231.0,293573083.0,5301217265.474129,0.24666666666666673,0.5999999999999996,21.49362751948599,33.33333333333333,50.0,41.666666666666664,9.147286821705427,27.1505376344086,False,61.72075587963438,29.655923442773,Neutral,19.17669390897825,94.9462050599201,6.26444740346205,55.12605042016807,68.90756302521008,92.61285909712723,1.0666666666666667,51.32942314973709,100.0,32.53200871733992,100.0,GREEN,Large,50000000.0,GREEN,51.32942314973709,32.53200871733992,Hold,Sell,High,High,ttm(Mar 2026),ttm(Mar 2026),Mar 2026,False,False,Sell
TARIL,Capital Goods,Cyclical,10294.937947822076,0.07800618335276834,0.14294148812268098,0.30165016501650166,7.509803921568627,21.582689948620892,14.645103324348607,38.72822441428934,0.03765366694786332,0.22908229712671302,-0.33396581190016716,-0.14656012607161417,True,True,49.460093887152084,66150819.0,249594296.0,686947221.6776123,,,38.72822441428934,17.75700934579439,23.14814814814815,20.45257874697127,75.65891472868216,55.77956989247311,False,37.777198866781724,17.82690320052148,Neutral,56.05954616684034,85.89161118508655,77.5027962716378,,,91.24487004103968,89.86666666666666,51.315301253735875,85.71428571428571,52.389391751138916,85.71428571428571,GREEN,Small,2500000.0,GREEN,51.315301253735875,52.389391751138916,Hold,Hold,High,High,ttm(Jun 2026),ttm(Jun 2026),Jun 2026,False,False,Hold
KIRLOSBROS,Capital Goods,Cyclical,14991.859723698195,0.12875528705145392,0.18892483218524114,0.10146103896103896,18.166666666666668,6.754261343650092,1.024042742653597,39.783117159260044,0.0775787291273693,0.1539410212332626,-0.14420624054995101,-0.2714653748091589,True,True,49.05098569607393,2757038.0,7427642.0,146472490.59765625,0.34833333333333333,0.9750000000000003,39.783117159260044,36.44859813084112,56.481481481481474,46.4650398061613,30.697674418604652,13.844086021505376,False,63.98086337338674,27.620557562388218,Neutral,59.49410777959896,85.89161118508655,77.5027962716378,61.1764705882353,77.98319327731093,39.261285909712726,47.199999999999996,51.31134756798598,100.0,55.87733038956749,100.0,GREEN,Mid,10000000.0,GREEN,51.31134756798598,55.87733038956749,Hold,Hold,High,High,ttm(Mar 2026),ttm(Mar 2026),Mar 2026,False,False,Hold
SAILIFE,Healthcare,NotCyclical,27422.336682069646,0.07918458898220779,0.15912751917482684,0.11594202898550725,16.17948717948718,21.669948397597395,29.186320754716988,78.14725554701644,0.34969771884767353,0.4311450507118644,0.6555647688998283,,True,True,66.66671263683577,3662736.0,17480216.0,506093271.44348145,,,78.14725554701644,15.714285714285714,27.142857142857142,21.428571428571427,75.96899224806202,83.46774193548387,False,23.778960182203726,94.46063223209794,Neutral,85.341153462451,66.50785619174435,90.47589880159788,,,53.214774281805745,51.6,51.159913298103255,85.71428571428571,59.84898903642148,85.71428571428571,GREEN,Mid,10000000.0,GREEN,51.159913298103255,59.84898903642148,Hold,Hold,High,High,ttm(Mar 2026),ttm(Mar 2026),Mar 2026,False,False,Hold
MANKIND,Healthcare,NotCyclical,106477.08243418213,0.16070422911691767,0.2014726493210183,0.38723926380368096,5.62888198757764,17.734294855006148,16.957483411157526,54.94173500215797,0.1981176470588235,0.1446297460368995,0.00118067018826018,0.19138557939437573,True,True,59.903723944095766,-3653872.0,830631.0,968501212.5114746,-0.09000000000000075,-0.09000000000000075,54.94173500215797,58.57142857142858,57.14285714285714,57.85714285714286,65.42635658914729,63.44086021505376,False,45.40881174899867,50.460355936403765,Neutral,66.83623167444802,66.50785619174435,90.47589880159788,21.84873949579832,26.89075630252101,21.61422708618331,14.399999999999999,51.106398353352944,100.0,57.8735645189071,100.0,GREEN,Large,50000000.0,GREEN,51.106398353352944,57.8735645189071,Hold,Hold,High,High,ttm(Mar 2026),ttm(Mar 2026),Mar 2026,False,False,Hold
COLPAL,Fast Moving Consumer Goods,NotCyclical,54411.19367230387,0.754180407159913,1.0312876600859904,0.029671717171717172,467.5,4.914606565828716,-0.09932130441979714,41.06505182815386,-0.04899491598696892,-0.03892833047194899,-0.13867764066872157,-0.2923103416300137,False,False,44.3305629506724,-5028233.0,-2151488.0,657234431.1972656,0.4933333333333329,0.41499999999999915,41.06505182815386,96.51162790697676,97.72727272727273,97.11945031712474,24.96124031007752,12.096774193548388,False,54.31352914997774,16.785899695708835,Neutral,16.88546222345128,58.78482023968043,8.718242343541945,67.05882352941175,61.51260504201681,15.321477428180575,12.266666666666666,52.003476788152454,100.0,39.69728428496693,100.0,GREEN,Large,50000000.0,GREEN,51.003476788152454,38.69728428496693,Hold,Sell,High,High,ttm(Mar 2026),ttm(Mar 2026),Mar 2026,False,False,Sell
3MINDIA,Diversified,NotCyclical,39904.86563430099,0.2595494343708196,0.38464426351624564,0.09615384615384616,22.40909090909091,10.888522648204368,14.46243814664867,76.44610274770307,0.12846227316141356,0.03837703237146628,0.22237203020015683,-0.07173854754752773,True,True,60.25606623286214,81862.0,263875.0,96348482.5,0.20333333333333323,0.17999999999999972,76.44610274770307,88.4931506849315,95.33834586466166,91.91574827479658,44.031007751937985,55.24193548387096,False,20.201863354037265,63.63110579541691,Neutral,59.507726710047116,37.21358189081225,83.95126498002664,51.59663865546219,49.831932773109244,19.288645690834475,28.4,50.9992123542836,100.0,58.96780960891659,100.0,GREEN,Large,50000000.0,GREEN,50.9992123542836,58.96780960891659,Hold,Hold,High,High,ttm(Mar 2026),ttm(Mar 2026),Mar 2026,False,False,Hold
KAYNES,Capital Goods,Cyclical,23060.48669442589,0.10340572315802818,0.14480673677872302,0.19229149115417019,4.905982905982906,47.671426357442904,33.25983094450569,63.34131605872398,-0.18562024124973908,-0.06921097609199489,-0.42667555037877214,-0.20658947582826548,True,False,57.492852341600084,8316197.0,-15802494.0,3715250852.2998047,2.9575,5.355,63.34131605872398,24.299065420560748,24.074074074074073,24.18656974731741,93.64341085271319,86.82795698924731,False,37.23075211392968,6.323223110818322,Neutral,10.21896873409396,85.89161118508655,77.5027962716378,95.46218487394958,97.47899159663865,6.976744186046512,65.06666666666666,50.96120296468024,100.0,48.52052920547472,100.0,GREEN,Mid,10000000.0,GREEN,50.96120296468024,48.52052920547472,Hold,Hold,High,High,ttm(Mar 2026),ttm(Mar 2026),Mar 2026,False,False,Hold
COCHINSHIP,Capital Goods,Cyclical,37031.8398496653,0.13603906792233766,0.13759374795371104,0.2846926613315171,8.815217391304348,28.53316086531994,4.190871369294613,51.64831220315941,-0.08932616856701747,-0.08862909246385908,-0.2861727414492099,-0.4917866214847949,False,False,41.80608509170854,-11158855.0,28876034.0,1837889297.206543,0.17333333333333342,-0.9999999999999998,51.64831220315941,43.925233644859816,19.444444444444446,31.68483904465213,83.25581395348837,21.50537634408602,True,44.17650200267023,5.817583531240817,Neutral,10.097962919400574,85.89161118508655,77.5027962716378,48.90756302521008,7.226890756302522,60.191518467852255,8.266666666666666,51.90632069958414,100.0,31.655608632886405,100.0,GREEN,Large,50000000.0,GREEN,50.90632069958414,30.655608632886405,Hold,Sell,High,High,ttm(Mar 2026),ttm(Mar 2026),Mar 2026,False,False,Sell
BALKRISIND,Automobile and Auto Components,Cyclical,41465.55209953344,0.1675075234239009,0.20004583250944372,0.3752281854691493,17.171641791044777,3.506100426168901,3.609036951943323,33.3592534992224,-0.07932013261012605,-0.10966790290123629,-0.1811227407156173,-0.31768159670483653,False,False,44.9749509531808,250988.0,786313.0,250051308.85620117,1.3016666666666665,0.504999999999999,33.3592534992224,67.3913043478261,56.52173913043478,61.95652173913044,19.844961240310077,20.026881720430108,False,55.2610888592197,9.031475178021795,Neutral,8.446949349126363,100.0,53.26844207723036,85.71428571428571,65.54621848739495,21.3406292749658,31.2,50.834408674381024,100.0,39.33119942272899,100.0,GREEN,Large,50000000.0,GREEN,50.834408674381024,39.33119942272899,Hold,Sell,High,High,ttm(Mar 2026),ttm(Mar 2026),Mar 2026,False,False,Sell
FINPIPE,Capital Goods,Cyclical,10389.080525926975,0.1469647054482478,0.1614129963109778,0.07176186645213194,32.333333333333336,-2.2010749500271154,-0.6520164211543111,17.34404094478627,-0.04135403729965137,-0.038048222121796815,-0.16725555010621163,-0.4761653605774695,False,False,41.67369144197608,39575752.0,50275695.0,65425030.93034363,0.5833333333333335,0.5200000000000005,17.34404094478627,50.467289719626166,37.03703703703704,43.7521633783316,7.751937984496124,11.155913978494624,False,83.13963333224788,9.974385148431567,Neutral,16.016757839929376,85.89161118508655,77.5027962716378,70.75630252100841,65.96638655462185,68.80984952120383,85.6,51.82466821739201,100.0,49.285441372497615,100.0,GREEN,Small,2500000.0,GREEN,50.82466821739201,48.285441372497615,Hold,Hold,High,High,ttm(Mar 2026),ttm(Mar 2026),Mar 2026,False,False,Hold
KPRMILL,Textiles,Cyclical,38660.83462385971,0.19899659532974429,0.24076758954212524,0.10461646480603827,24.365384615384617,2.4402374690065676,4.101440200375706,44.642996101454635,0.23064373773041336,0.3283316230489217,-0.052468986911217375,0.30598355181462944,True,True,52.94648026491256,21809642.0,32253928.0,256438816.3244629,0.48666666666666664,0.8,44.642996101454635,90.9090909090909,91.66666666666666,91.28787878787878,17.209302325581397,21.370967741935484,False,39.42868268802848,58.08284996078739,Neutral,77.79424086239763,35.958189081225036,92.14993342210386,66.55462184873949,74.28571428571429,62.38030095759234,78.4,50.79394447456875,100.0,66.5411525222686,100.0,GREEN,Large,50000000.0,GREEN,50.79394447456875,66.5411525222686,Hold,Hold,High,High,ttm(Mar 2026),ttm(Mar 2026),Mar 2026,False,False,Hold
JSWDULUX,Consumer Durables,NotCyclical,14028.689731930417,0.42588526887748873,0.37415338344977805,0.03221859706362153,42.416666666666664,-1.8124150694969754,-11.636452719255264,7.106732386996158,0.08032270367293481,0.008245533559439133,-0.09581592755862822,0.17813882531990632,True,True,50.98516705640611,388610.0,-4885455.0,56151409.260009766,,,7.106732386996158,100.0,97.5609756097561,98.78048780487805,8.682170542635658,4.435483870967742,False,76.73382692074281,50.01596998662112,Neutral,53.56001987972524,25.229560585885487,54.25752330226364,,,11.080711354309166,32.4,51.75884903278929,85.71428571428571,56.251330676745305,85.71428571428571,GREEN,Mid,10000000.0,GREEN,50.75884903278929,55.251330676745305,Hold,Hold,High,High,ttm(Mar 2026),ttm(Mar 2026),Mar 2026,False,False,Hold
PETRONET,Oil Gas & Consumable Fuels,Cyclical,41395.57807196869,0.22058496440443678,0.2698141297813878,0.10504823872560018,22.51054852320675,-10.117890956600316,-14.685575301086661,10.574932690551337,0.02554966224674171,-0.029108204171100605,-0.045296782822146775,-0.11694125187647852,True,True,47.83092858785234,-25689477.0,29193565.0,558382971.9146729,0.37666666666666676,-0.06000000000000005,10.574932690551337,93.75,87.5,90.625,2.3255813953488373,3.3602150537634405,False,63.393008860298586,39.68003192719569,Neutral,48.40775681441738,45.74513981358189,57.59600532623169,62.18487394957983,29.075630252100844,60.601915184678525,5.333333333333334,51.65435178722691,100.0,48.62854136547559,100.0,GREEN,Large,50000000.0,GREEN,50.65435178722691,47.62854136547559,Hold,Hold,High,High,ttm(Mar 2026),ttm(Mar 2026),Mar 2026,False,False,Hold
TCS,Information Technology,NotCyclical,800295.9635320932,0.48835008352239584,0.6286841530241094,0.10521260723610593,59.0040749796251,5.801848619364591,7.695160610272178,15.990990990990992,-0.13045630399445518,-0.30114699601523454,-0.295728968845135,-0.405348626090414,True,False,57.90988758491276,-5684773.0,-80684518.0,9001898910.134033,0.08666666666666674,0.08999999999999986,15.990990990990992,100.0,100.0,100.0,27.751937984496124,32.795698924731184,False,68.52955455759194,10.734938509878289,Neutral,8.93493716743465,13.445272969374168,39.410652463382156,40.0,42.436974789915965,2.5991792065663475,11.066666666666666,47.63959831681128,100.0,46.20645317167494,100.0,GREEN,Large,50000000.0,GREEN,50.63959831681128,49.20645317167494,Hold,Hold,High,High,ttm(Jun 2026),ttm(Jun 2026),Jun 2026,False,False,Hold
BPCL,Oil Gas & Consumable Fuels,Cyclical,135353.63437972133,0.2107008160573742,0.18741771883235642,0.5433109382955147,13.952590585844904,-1.2814606951461194,3.395824437398365,5.2384150436534584,-0.012814389968025308,-0.09658939081823237,-0.03608163782518503,0.16805763365302262,True,False,55.17848836678563,-27838626.0,-147309620.0,2568074707.972992,0.3333333333333333,0.1900000000000004,5.2384150436534584,87.5,62.5,75.0,9.45736434108527,19.22043010752688,False,83.07682971234374,25.1587586081381,Neutral,34.768425673125364,45.74513981358189,57.59600532623169,60.0,50.924369747899156,1.094391244870041,4.933333333333334,47.559381727455175,100.0,50.855857120644835,100.0,GREEN,Large,50000000.0,GREEN,50.559381727455175,53.855857120644835,Hold,Hold,High,High,ttm(Mar 2026),ttm(Mar 2026),Mar 2026,False,False,Hold
M&MFIN,Financial Services,NotCyclical,44830.22723769028,0.10537016470619873,,4.818874582379219,,,13.767331022530339,15.669425808350324,0.08396331842774885,-0.09291263178890075,0.26887395354917243,0.13682117649087866,True,False,57.481299840990125,1078793.0,98916595.0,673924424.7572632,0.9800000000000001,-0.04499999999999993,15.669425808350324,29.411764705882355,,29.411764705882355,,53.494623655913976,False,60.02409992984996,35.37911459652495,Neutral,46.206507297811,47.73288948069241,28.957922769640476,80.33613445378151,29.57983193277311,80.02735978112176,37.733333333333334,50.49890693837957,85.71428571428571,42.88704494540366,100.0,N/A-financial-sector,Large,50000000.0,GREEN,50.49890693837957,42.88704494540366,Hold,Hold,High,High,ttm(Mar 2026),ttm(Mar 2026),Mar 2026,False,False,Hold
PARADEEP,Chemicals,Cyclical,14675.437183380127,0.11570761998881705,0.1281192327507571,1.0181335692171605,4.075757575757576,17.83163998045836,34.90111248454883,12.495582769279345,0.11439373361818483,-0.04856394235303929,-0.1372840166127931,0.5676032027576088,True,True,58.107591865899415,66454163.0,85438937.0,519064004.0218506,0.06199999999999957,1.1249999999999996,12.495582769279345,27.27272727272727,18.181818181818183,22.727272727272727,65.89147286821705,87.5,True,71.95343791722296,51.135993545617374,Neutral,47.73738896155821,26.70386151797603,87.9555259653795,37.142857142857146,80.84033613445378,77.4281805745554,90.0,50.473567596617286,100.0,65.60005578208154,100.0,GREEN,Mid,10000000.0,GREEN,50.473567596617286,65.60005578208154,Hold,Hold,High,High,ttm(Mar 2026),ttm(Mar 2026),Mar 2026,False,False,Hold
HUDCO,Financial Services,NotCyclical,40572.231006101705,0.14297552643078087,,6.446896614488533,,,27.533701871787407,10.052579546731616,0.01634909661691064,-0.045232931366029905,-0.09710314900763461,-0.35815360074569347,False,False,42.868204343921484,3471309.0,96818281.0,561514305.3067474,-0.061666666666666585,0.10500000000000018,10.052579546731616,57.98319327731093,,57.98319327731093,,82.1236559139785,False,64.8233803263108,14.061770695640547,Neutral,20.253491778647337,47.73288948069241,28.957922769640476,23.361344537815125,44.03361344537815,79.06976744186046,50.66666666666667,50.35282070006722,85.71428571428571,50.07050266212786,100.0,N/A-financial-sector,Large,50000000.0,GREEN,50.35282070006722,50.07050266212786,Hold,Hold,High,High,ttm(Mar 2026),ttm(Mar 2026),Mar 2026,False,False,Hold
ONGC,Oil Gas & Consumable Fuels,Cyclical,373107.28059520194,0.12803263642423068,0.18287634247926277,0.46888382001678464,7.91465193030931,1.5549273526924923,-0.15288099255044152,7.495443499392466,-0.1291688911774529,0.0360014655591987,0.07588222664864008,-0.08440345384293868,False,False,47.68189407327935,-58358230.0,376245579.0,3401705815.8808823,0.28166666666666657,0.059999999999999165,7.495443499392466,31.25,56.25,43.75,14.728682170542637,11.96236559139785,False,86.6670712465105,28.98113278126304,Neutral,10.678869416201477,45.74513981358189,57.59600532623169,57.47899159663865,39.66386554621849,94.39124487004104,2.2666666666666666,51.33271209341868,100.0,39.33120680874893,100.0,GREEN,Large,50000000.0,GREEN,50.33271209341868,38.33120680874893,Hold,Sell,High,High,ttm(Mar 2026),ttm(Mar 2026),Mar 2026,False,False,Sell
HCLTECH,Information Technology,NotCyclical,322396.6281842976,0.2321093128823541,0.3294899599992316,0.06938069580256769,30.78481012658228,8.654772035396308,12.591016112679831,18.492447039620966,-0.15274620704852915,-0.26792845746282135,-0.24418289237052293,-0.16310033764448661,True,False,56.55997020294607,24209617.0,-30866154.0,3907497022.5388794,0.12833333333333355,0.10999999999999943,18.492447039620966,74.28571428571429,82.85714285714286,78.57142857142858,35.1937984496124,51.344086021505376,False,77.20718533802648,18.293628065581974,Neutral,7.655114090816503,13.445272969374168,39.410652463382156,44.20168067226891,44.36974789915966,5.06155950752394,79.86666666666666,47.31680726675187,100.0,50.16241774365257,100.0,GREEN,Large,50000000.0,GREEN,50.31680726675187,53.16241774365257,Hold,Hold,High,High,ttm(Jun 2026),ttm(Jun 2026),Jun 2026,False,False,Hold
GLAXO,Healthcare,NotCyclical,42461.60017311427,0.4039032799879477,0.5335193001186744,0.014556682840758712,436.3333333333333,5.530998812681309,1.9205121365697408,40.9861005531991,0.057697538503765466,0.08484193618269154,-0.20768880611114615,0.03639244180353085,True,True,70.37331425840877,586862.0,-575418.0,206529537.52075195,-0.0666666666666668,-0.04000000000000026,40.9861005531991,98.57142857142858,100.0,99.28571428571429,26.976744186046513,14.78494623655914,False,49.58024032042724,28.920008803245537,Extended,39.349210045207634,66.50785619174435,90.47589880159788,23.025210084033613,29.747899159663866,17.099863201094394,33.733333333333334,50.302207253586005,100.0,52.52758026614802,100.0,GREEN,Large,50000000.0,GREEN,50.302207253586005,52.52758026614802,Hold,Hold,High,High,ttm(Mar 2026),ttm(Mar 2026),Mar 2026,False,False,Hold
APOLLOHOSP,Healthcare,NotCyclical,131832.52369668247,0.1663830470360424,0.19740051721765198,0.8958860759493671,8.375555555555556,14.944174763984087,15.761218684041477,65.82240983485151,0.16076792477471602,0.2172330810435319,0.23947299485754137,0.4147341036926777,True,True,64.85776076573848,2649399.0,576369.0,2840075550.25,0.16666666666666607,0.00999999999999801,65.82240983485151,60.0,51.42857142857142,55.71428571428571,57.054263565891475,59.81182795698925,False,26.872897196261682,73.24984790851262,Neutral,61.843175410124104,66.50785619174435,90.47589880159788,48.403361344537814,34.285714285714285,21.06703146374829,46.53333333333333,50.28820055941059,100.0,54.897309891402344,100.0,GREEN,Large,50000000.0,GREEN,50.28820055941059,54.897309891402344,Hold,Hold,High,High,ttm(Mar 2026),ttm(Mar 2026),Mar 2026,False,False,Hold
MGL,Oil Gas & Consumable Fuels,Cyclical,10993.741391283305,0.18721286444005236,0.2758309785863787,0.03469197261978842,68.85714285714286,9.393262321494733,13.520583780806827,13.07376057770657,-0.011236974829280433,0.052399324554293525,-0.23081805867688265,-0.3163420924523497,False,False,45.85186816226296,495721.0,2504993.0,197427004.60662842,0.7150000000000004,0.365000000000002,13.07376057770657,68.75,93.75,81.25,37.82945736434108,53.36021505376344,False,58.94889264116861,8.97027114334439,Neutral,24.016120373316188,45.74513981358189,57.59600532623169,74.95798319327731,60.0,27.770177838577293,32.800000000000004,50.26215460581073,100.0,51.46494945114188,100.0,GREEN,Small,2500000.0,GREEN,50.26215460581073,51.46494945114188,Hold,Hold,High,High,ttm(Mar 2026),ttm(Mar 2026),Mar 2026,False,False,Hold
ASIANPAINT,Consumer Durables,NotCyclical,260707.61333777755,0.23899338812732426,0.3121739123617077,0.18383866741530974,34.35897435897436,1.047301745919893,4.948976582315812,59.30598561356708,0.071958680030211,-0.06527193111408913,0.10778785335250896,-0.0574259649050356,True,True,50.76954706531553,652717.0,16255483.0,2602811989.9769287,0.10666666666666647,0.33999999999999897,59.30598561356708,85.36585365853658,90.2439024390244,87.8048780487805,13.953488372093023,23.521505376344088,False,52.81625500667557,65.30341792439086,Neutral,47.03524041541967,25.229560585885487,54.25752330226364,42.6890756302521,58.15126050420169,51.84678522571819,34.266666666666666,50.215611343474414,100.0,52.519265630543316,100.0,GREEN,Large,50000000.0,GREEN,50.215611343474414,52.519265630543316,Hold,Hold,High,High,ttm(Mar 2026),ttm(Mar 2026),Mar 2026,False,False,Hold
SUNDARMFIN,Financial Services,NotCyclical,49385.1116928868,0.14978173938393685,,4.675753709796549,,,15.590384162149418,23.984998393825546,-0.10900527511183733,-0.13210404315551794,-0.10202067063304443,-0.023083930825260612,True,False,46.2173133954558,-231663.0,1061013.0,281500179.24609375,1.3933333333333333,2.5749999999999997,23.984998393825546,63.02521008403361,,63.02521008403361,,59.543010752688176,False,47.526193116245395,18.640075284024487,Neutral,11.773309982768469,47.73288948069241,28.957922769640476,87.22689075630252,90.75630252100841,23.52941176470588,24.266666666666666,50.16622374871873,85.71428571428571,44.66379308576072,100.0,N/A-financial-sector,Large,50000000.0,GREEN,50.16622374871873,44.66379308576072,Hold,Hold,High,High,ttm(Mar 2026),ttm(Mar 2026),Mar 2026,False,False,Hold
TORNTPHARM,Healthcare,NotCyclical,166825.54769695026,0.23726952419282799,0.27369425097097067,1.7913686218407248,11.838961038961038,13.268904399504034,21.39631816602987,78.95520179921243,0.19238202432389961,0.2770039266732618,0.5182483715543422,0.7624401120309954,True,True,77.01526158224371,-787307.0,8179097.0,1457150203.663086,0.07333333333333325,0.06500000000000039,78.95520179921243,92.85714285714286,90.0,91.42857142857143,51.78294573643411,72.58064516129032,False,22.437650200267022,89.13914981969019,Extended,67.20269919388831,66.50785619174435,90.47589880159788,38.15126050420168,40.7563025210084,40.62927496580027,21.6,58.93456550670009,100.0,63.77544261695431,100.0,AMBER,Large,50000000.0,GREEN,50.094380680695075,54.20912622441116,Hold,Hold,High,High,ttm(Mar 2026),ttm(Mar 2026),Mar 2026,False,False,Hold
ASTRAL,Capital Goods,Cyclical,37019.849246231155,0.1707664278241201,0.27512295728771924,0.06160670280926565,16.59375,8.394182595448285,12.620027434842251,68.91891891891893,-0.13472415553908412,-0.042752867570385766,-0.06398032633281392,-0.4062983912181468,False,False,42.25209615187828,-1424003.0,3389306.0,729098773.2156982,0.20333333333333373,0.6750000000000007,68.91891891891893,71.02803738317756,86.11111111111111,78.56957424714435,34.883720930232556,51.47849462365591,False,41.37249666221629,15.119998430478224,Neutral,8.625187210208997,85.89161118508655,77.5027962716378,51.76470588235295,71.9327731092437,29.958960328317374,19.333333333333332,50.00458316423992,100.0,47.259284857051505,100.0,GREEN,Large,50000000.0,GREEN,50.00458316423992,47.259284857051505,Hold,Hold,High,High,ttm(Mar 2026),ttm(Mar 2026),Mar 2026,False,False,Hold
SAPPHIRE,Consumer Services,NotCyclical,5861.818379103535,0.05337078794026286,0.18113661592228364,1.0194244604316547,3.8536585365853657,11.308937886213165,8.43164469118667,-181.35000610351562,0.04687415907316628,-0.1998675888500494,-0.45186639637910353,-0.41889895569602,True,False,48.15656290621109,6823105.0,33591559.0,126662960.62458038,4.42,4.369999999999999,,34.78260869565217,54.347826086956516,44.565217391304344,45.73643410852713,35.08064516129033,False,81.50548557496953,4.338318816749477,Neutral,39.85197655962045,7.985885486018644,14.776830892143808,97.14285714285714,97.14285714285714,63.33789329685362,62.133333333333326,49.98883627756003,100.0,49.49228637031897,100.0,GREEN,Small,2500000.0,GREEN,49.98883627756003,49.49228637031897,Hold,Hold,High,High,ttm(Mar 2026),ttm(Mar 2026),Mar 2026,False,False,Hold
BECTORFOOD,Fast Moving Consumer Goods,NotCyclical,5905.104443917867,0.15249551351994597,0.2228283602618379,0.15027537372147914,21.5,14.490098223732218,9.07634810464495,41.880173361119624,-0.0026978172371514564,-0.16642123991382063,-0.33477356769946387,-0.31537862085418544,True,False,63.799764693054236,74266605.0,66546405.0,109992774.50842285,3.573333333333334,3.025,41.880173361119624,37.2093023255814,63.63636363636363,50.422832980972515,55.03875968992248,36.96236559139785,False,31.146417445482868,6.344995275600198,Neutral,34.9459494566205,58.78482023968043,8.718242343541945,96.80672268907563,93.10924369747899,72.91381668946649,91.33333333333333,49.84642753665492,100.0,42.22897205939096,100.0,GREEN,Small,2500000.0,GREEN,49.84642753665492,42.22897205939096,Hold,Hold,High,High,ttm(Mar 2026),ttm(Mar 2026),Mar 2026,False,False,Hold
DIACABS,Capital Goods,Cyclical,11846.312947591145,,0.11594202898550725,-4.198675496688741,5.743589743589744,19.084961549574263,71.30044843049328,74.97666422526042,0.39916646156775415,0.7099741839464864,0.36412149619973877,0.810520316905279,True,True,58.688114630509915,48992834.0,125236641.0,836816915.6886597,-0.8149999999999981,0.0,74.97666422526042,,10.185185185185185,10.185185185185185,69.61240310077518,96.23655913978494,True,31.665147025302026,81.15830884056172,Neutral,92.03515679091726,85.89161118508655,77.5027962716378,4.705882352941177,33.36134453781512,82.76333789329685,87.06666666666666,49.82166583679427,100.0,62.42654806994394,100.0,GREEN,Small,2500000.0,GREEN,49.82166583679427,62.42654806994394,Hold,Hold,High,High,ttm(Mar 2026),ttm(Mar 2026),Mar 2026,False,False,Hold
OFSS,Information Technology,NotCyclical,101652.62654575433,0.28656554421337976,0.3721421892312514,0.0040884119074996806,1738.5,10.423637622369618,12.065439672801626,38.49271732683056,0.4866249240458549,0.561284597054033,0.41291514484296665,0.21550863523879826,True,True,72.73598793863734,3724276.0,10508747.0,2689703437.5,-0.16166666666666676,0.17000000000000037,38.49271732683056,85.71428571428571,94.28571428571428,90.0,42.17054263565891,48.38709677419355,False,24.617672047578587,81.5135229335573,Extended,92.09677157650663,13.445272969374168,39.410652463382156,18.319327731092436,48.90756302521008,44.04924760601915,52.13333333333333,49.757941742623935,100.0,61.78520588921945,100.0,GREEN,Large,50000000.0,GREEN,49.757941742623935,61.78520588921945,Hold,Hold,High,High,ttm(Mar 2026),ttm(Mar 2026),Mar 2026,False,False,Hold
JLHL,Healthcare,NotCyclical,10188.442041230146,0.15484844370997108,0.19549611600123915,0.3779935275080906,10.393939393939394,18.872099548048404,15.919629057187024,52.51774248056776,0.21318770292074363,0.17888524758976798,0.02924249699462611,0.21800128991505896,True,True,84.66362554097918,820032.0,3111278.0,29195507.214294434,,,52.51774248056776,52.85714285714286,48.57142857142857,50.714285714285715,68.68217054263566,60.61827956989247,False,22.886930048145,54.7823155754003,Extended,67.18528063839035,66.50785619174435,90.47589880159788,,,29.411764705882355,35.733333333333334,49.734850098190414,85.71428571428571,55.87015597572863,85.71428571428571,GREEN,Small,2500000.0,GREEN,49.734850098190414,55.87015597572863,Hold,Hold,High,High,ttm(Mar 2026),ttm(Mar 2026),Mar 2026,False,False,Hold
IDFCFIRSTB,Financial Services,NotCyclical,68299.5069697579,0.06513551890971848,,0.7775065795059003,,,11.087063722535762,39.05418659078664,0.17451850043402772,-0.04435873126551848,0.053834843036598246,-0.002764727000842737,True,True,55.303424628501666,118365427.0,318941119.0,1491607914.9153976,1.9949999999999999,2.2949999999999986,39.05418659078664,12.605042016806722,,12.605042016806722,,43.81720430107527,False,55.000339435631695,54.22636201040376,Neutral,62.61786690354103,47.73288948069241,28.957922769640476,91.59663865546219,89.07563025210085,93.296853625171,94.66666666666667,49.70195693037341,85.71428571428571,48.52897371306419,100.0,N/A-financial-sector,Large,50000000.0,GREEN,49.70195693037341,48.52897371306419,Hold,Hold,High,High,ttm(Mar 2026),ttm(Mar 2026),Mar 2026,False,False,Hold
UNITDSPR,Fast Moving Consumer Goods,NotCyclical,100489.93886533254,0.1964823859749964,0.25095198949790487,0.046129788897576234,14.424050632911392,5.516790475970201,7.968958611481969,54.673524953935,0.06464756075524258,0.05997763364906139,0.036338379417368394,0.11341913961876582,True,True,57.091566129685276,5860310.0,35335109.0,998588810.579834,,,54.673524953935,60.46511627906976,70.45454545454545,65.45983086680761,26.666666666666668,33.736559139784944,False,40.80885625278149,59.49417400594902,Neutral,58.63899153517962,58.78482023968043,8.718242343541945,,,64.0218878248974,60.4,49.69754492280275,85.71428571428571,46.20145676215294,85.71428571428571,GREEN,Large,50000000.0,GREEN,49.69754492280275,46.20145676215294,Hold,Hold,High,High,ttm(Mar 2026),ttm(Mar 2026),Mar 2026,False,False,Hold
SUDEEPPHRM,Chemicals,Cyclical,10039.379213060294,0.27860257139871136,0.2940228191009244,0.16987542468856173,27.875,14.382410670249012,27.88844621513944,53.82998023070917,0.32924534167794284,0.42154802201508734,,,True,,64.93555394779531,5641614.0,,138719534.1808777,,,53.82998023070917,95.45454545454545,90.9090909090909,93.18181818181819,54.72868217054263,82.52688172043011,False,23.41317835545433,,Neutral,87.24718534596121,26.70386151797603,87.9555259653795,,,,59.06666666666667,49.689011451530995,57.14285714285714,72.84050417899546,85.71428571428571,GREEN,Small,2500000.0,GREEN,49.689011451530995,72.84050417899546,Hold,Hold,Med,High,annual,ttm(Mar 2026),Mar 2026,False,False,Hold
HFCL,Telecommunication,NotCyclical,36186.77529727711,0.0743588010485542,0.11643077560676769,0.3565732978940912,3.1487603305785123,1.4272793753670854,21.746617466174655,108.9223324673847,1.4049303059329867,2.579770322117953,1.766922103399756,0.7136098911106628,True,True,65.00481597130242,457786300.0,1849905589.0,6454705055.427551,0.7433333333333332,1.72,108.9223324673847,36.36363636363637,38.46153846153847,37.41258741258741,14.573643410852712,73.79032258064517,True,24.335781041388515,93.69258218773068,Neutral,96.59524489859626,93.40532623169109,96.33475366178429,76.1344537815126,86.38655462184875,99.04240766073872,99.06666666666666,49.679694097430435,100.0,68.96236157208455,100.0,GREEN,Large,50000000.0,GREEN,49.679694097430435,68.96236157208455,Hold,Hold,High,High,ttm(Mar 2026),ttm(Mar 2026),Mar 2026,False,False,Hold
NESCO,Services,NotCyclical,7643.813244007927,0.1466895764217795,0.17222058447964178,0.09078771695594126,19.6,19.510965934259982,27.322404371584707,18.508022382585782,-0.10278059478061541,-0.07317498211938178,-0.05989580466656219,0.17365845665528923,False,False,42.26028240932067,-201078.0,580002.0,56899398.54180908,0.00666666666666671,0.3250000000000002,18.508022382585782,50.0,48.0,49.0,71.31782945736434,81.85483870967742,False,70.7777036048064,23.369471631225583,Neutral,9.96029654539272,32.419973368841546,58.78482023968043,30.92436974789916,57.39495798319327,21.203830369357046,24.4,49.667848318975345,100.0,49.9370986149716,100.0,GREEN,Small,2500000.0,GREEN,49.667848318975345,49.9370986149716,Hold,Hold,High,High,ttm(Mar 2026),ttm(Mar 2026),Mar 2026,False,False,Hold
BLUESTARCO,Consumer Durables,NotCyclical,35770.688786733364,0.20163654217198995,0.24014191560568382,0.23608277470125327,12.958333333333334,15.846800820465589,3.6266399264644367,67.87606980404814,-0.07797779186242726,-0.028719608187778634,-0.027632852638325045,0.06140865413692187,True,False,64.84603327541049,1729997.0,-2567457.0,676987152.5335693,0.9766666666666662,2.2750000000000004,67.87606980404814,75.60975609756098,73.17073170731707,74.39024390243902,59.84496124031008,20.161290322580644,False,31.745357446292026,27.455632030229708,Neutral,24.55658908438307,25.229560585885487,54.25752330226364,80.0,88.73949579831933,14.227086183310533,42.0,49.61875878148155,100.0,43.6579385074573,100.0,GREEN,Mid,10000000.0,GREEN,49.61875878148155,43.6579385074573,Hold,Hold,High,High,ttm(Mar 2026),ttm(Mar 2026),Mar 2026,False,False,Hold
KFINTECH,Financial Services,NotCyclical,15043.95624490148,0.2207223017771852,0.30773698324432064,0.032855436081242535,106.0,21.8002744010642,19.24839596700274,43.688566921467526,-0.09450764146975921,-0.162926097459558,-0.3018167050694851,0.18879793572976578,True,False,50.65828211634024,9282938.0,-2193330.0,958757612.7932739,-0.2333333333333325,-0.15999999999999925,43.688566921467526,82.35294117647058,77.08333333333334,79.71813725490196,76.12403100775194,68.27956989247312,False,34.279038718291055,13.44061363968508,Neutral,11.613510631341182,47.73288948069241,28.957922769640476,14.789915966386555,23.19327731092437,15.047879616963064,66.8,49.56203571958477,100.0,43.97335598874597,100.0,N/A-financial-sector,Mid,10000000.0,GREEN,49.56203571958477,43.97335598874597,Hold,Hold,High,High,ttm(Mar 2026),ttm(Mar 2026),Mar 2026,False,False,Hold
FEDFINA,Financial Services,NotCyclical,6047.729824622992,0.1117554097376441,,4.673615857826384,,,13.358778625954205,15.776148522937286,0.085631611825284,-0.00438005359119964,0.40473496602864145,0.24760357628456742,True,True,57.75437893670501,2572446.0,9432572.0,154365526.28801727,,,15.776148522937286,34.45378151260504,,34.45378151260504,,52.956989247311824,False,54.422405312346285,79.76835076048532,Neutral,52.81905246445623,47.73288948069241,28.957922769640476,,,42.54445964432285,46.266666666666666,49.55715668490293,71.42857142857143,46.12298728989696,85.71428571428571,N/A-financial-sector,Small,2500000.0,GREEN,49.55715668490293,46.12298728989696,Hold,Hold,High,High,ttm(Jun 2026),ttm(Jun 2026),Jun 2026,False,False,Hold
ADVENZYMES,Healthcare,NotCyclical,3753.065552486832,0.09716717269985085,0.13683062906016474,0.0196078431372549,57.5,11.304789879163835,17.111459968602816,21.55503897831358,0.08766933630370399,0.12008950420400133,-0.018794940186611764,-0.15074975296866167,False,True,40.72350326011105,-3655396.0,12858705.0,68848672.22332764,0.6416666666666663,0.585,21.55503897831358,24.285714285714285,15.714285714285714,20.0,45.58139534883721,63.575268817204304,False,80.07024517538537,38.73705755708428,Neutral,25.09603778040517,66.50785619174435,90.47589880159788,71.9327731092437,68.40336134453781,47.05882352941176,14.266666666666666,49.52598995903469,100.0,49.964827413723754,100.0,GREEN,Small,2500000.0,GREEN,49.52598995903469,49.964827413723754,Hold,Hold,High,High,ttm(Mar 2026),ttm(Mar 2026),Mar 2026,False,False,Hold
NEWGEN,Information Technology,NotCyclical,7723.81409442786,0.19077840959560236,0.22401907047395625,0.021947101857062466,81.2,17.34968379725188,7.903549899531148,24.56709030856896,0.14832079285823374,-0.3044343255785825,-0.5003623217763997,-0.4211862576577379,True,False,61.463252878851705,104268944.0,196163608.0,320092661.4358673,0.3266666666666665,1.4900000000000002,24.56709030856896,57.14285714285714,48.57142857142857,52.857142857142854,64.49612403100775,33.60215053763441,False,50.688028482421004,3.2885724072153333,Neutral,47.10552656396668,13.445272969374168,39.410652463382156,59.66386554621849,84.87394957983193,88.64569083447333,93.60000000000001,49.503355968755244,100.0,50.84068764388962,100.0,GREEN,Small,2500000.0,GREEN,49.503355968755244,50.84068764388962,Hold,Hold,High,High,ttm(Jun 2026),ttm(Jun 2026),Jun 2026,False,False,Hold
RATNAMANI,Capital Goods,Cyclical,20301.307189542484,0.16294478309011606,0.22451596247596656,0.07735344198491852,24.451612903225808,0.1487876022545187,-13.324334747396838,38.02295177222545,0.06346237682246225,0.18885409367739303,-0.09424275822869232,-0.26631571729537684,False,True,51.169096597525645,53847.0,2443066.0,81011913.95056152,0.15833333333333263,0.08999999999999897,38.02295177222545,63.55140186915887,73.14814814814815,68.34977500865351,12.093023255813954,3.763440860215054,False,65.60525144637293,30.988547397513198,Neutral,29.083090340247434,85.89161118508655,77.5027962716378,46.890756302521005,42.10084033613445,27.63337893296854,27.6,50.43109612682053,100.0,46.68930430846464,100.0,GREEN,Mid,10000000.0,GREEN,49.43109612682053,45.68930430846464,Hold,Hold,High,High,ttm(Mar 2026),ttm(Mar 2026),Mar 2026,False,False,Hold
APOLLOTYRE,Automobile and Auto Components,Cyclical,27430.475856175526,0.07070309577807543,0.1675827455566384,0.2198492462311558,9.952267303102625,5.037482928903914,8.984075945490734,20.002314249674477,-0.015584899790697104,-0.15937063836442544,-0.04590577366813331,-0.153384059436119,True,False,53.284685081351704,24826191.0,392634.0,398627569.661499,0.3099999999999999,-0.14500000000000135,20.002314249674477,15.217391304347828,26.08695652173913,20.652173913043477,25.426356589147286,36.29032258064516,False,86.81224088258028,16.7259440444731,Neutral,24.832642602975938,100.0,53.26844207723036,58.4873949579832,24.03361344537815,20.383036935704517,80.13333333333334,49.42632786214781,100.0,44.878415976174665,100.0,GREEN,Mid,10000000.0,GREEN,49.42632786214781,44.878415976174665,Hold,Hold,High,High,ttm(Mar 2026),ttm(Mar 2026),Mar 2026,False,False,Hold
BOSCHLTD,Automobile and Auto Components,Cyclical,121239.67583779128,0.13467831169426764,0.16601430162559203,0.008015627104944092,98.14814814814815,10.302716840206605,10.769570986289256,43.721484254522636,0.09612051726436466,0.0916091343600638,0.15120794597062015,0.19377535699000759,True,True,57.61387226542477,534674.0,797493.0,1164305440.0,0.12166666666666637,0.05999999999999894,43.721484254522636,47.82608695652174,23.91304347826087,35.869565217391305,41.55038759689923,42.74193548387097,False,38.69010532561934,64.07485804073819,Neutral,60.27750166234642,100.0,53.26844207723036,43.36134453781513,39.49579831932773,21.477428180574556,33.33333333333333,49.37021185269026,100.0,46.17261177357727,100.0,GREEN,Large,50000000.0,GREEN,49.37021185269026,46.17261177357727,Hold,Hold,High,High,ttm(Mar 2026),ttm(Mar 2026),Mar 2026,False,False,Hold
BERGEPAINT,Consumer Durables,NotCyclical,58186.58242551436,0.1910391888503397,0.2695555866731265,0.0918028046841116,31.603448275862068,3.9779407246370635,2.9016890428757103,51.530505459459015,0.029651772340071103,-0.04311092118488957,-0.12384192049019327,-0.009115692337904102,False,False,44.33843289774,5715640.0,11532180.0,168654968.4708557,0.043333333333333446,0.4199999999999997,51.530505459459015,70.73170731707317,87.8048780487805,79.26829268292684,22.325581395348838,17.06989247311828,False,66.19325767690253,20.49868952277262,Neutral,21.245289501553913,25.229560585885487,54.25752330226364,34.78991596638655,62.016806722689076,45.4172366621067,59.73333333333334,46.34810927607038,100.0,47.52723283630999,100.0,GREEN,Large,50000000.0,GREEN,49.34810927607038,50.52723283630999,Hold,Hold,High,High,ttm(Mar 2026),ttm(Mar 2026),Mar 2026,False,False,Hold
HONAUT,Capital Goods,Cyclical,34495.1498004345,0.1565441514688108,0.1933854882679997,0.024647098364328927,38.3125,10.735800820554896,11.768918596323697,65.7039407207814,0.19002592649077332,0.16462686567164186,-0.036904468032584514,-0.33144647566979757,True,True,60.84002043880076,24976.0,337418.0,174007415.0,0.03999999999999996,0.06000000000000005,65.7039407207814,59.813084112149525,59.25925925925925,59.53617168570439,43.25581395348837,47.31182795698925,False,47.35870048954161,34.89749071139133,Neutral,72.55171224183421,85.89161118508655,77.5027962716378,34.11764705882353,40.08403361344538,19.972640218878247,27.066666666666666,49.32880842194189,100.0,58.32978740690123,100.0,GREEN,Mid,10000000.0,GREEN,49.32880842194189,58.32978740690123,Hold,Hold,High,High,ttm(Mar 2026),ttm(Mar 2026),Mar 2026,False,False,Hold
SAGILITY,Information Technology,NotCyclical,19247.47510389848,0.05475294288365828,0.13324929832191995,0.1150222590330262,17.77777777777778,19.472466097535435,29.143472795834093,20.808081193403762,-0.023233749055143416,-0.18849713627215048,-0.07923234216035269,,True,False,51.86323469377661,14213175.0,455920983.0,594858237.0255432,,,20.808081193403762,5.714285714285714,11.428571428571429,8.571428571428571,71.16279069767441,83.33333333333334,False,84.49043168669337,28.824237560192618,Neutral,28.14700986395567,13.445272969374168,39.410652463382156,,,95.62243502051983,71.46666666666667,49.303357943987024,85.71428571428571,48.401475947236456,85.71428571428571,GREEN,Mid,10000000.0,GREEN,49.303357943987024,48.401475947236456,Hold,Hold,High,High,ttm(Mar 2026),ttm(Mar 2026),Mar 2026,False,False,Hold
INOXWIND,Capital Goods,Cyclical,15118.252312423838,-0.1495456214857257,0.008947951308496977,0.2486681291131307,4.455,81.36897248549997,23.51784209047485,33.52765996405418,-0.1906522634772061,-0.315821479593689,-0.5529137897878584,-0.5018020616105834,False,False,30.93657822293926,-27668917.0,-181522500.0,979541538.3871536,1.2133333333333334,4.065,33.52765996405418,1.8691588785046727,0.9259259259259258,1.3975424022152994,99.06976744186046,77.41935483870968,True,58.540275923453486,1.4985035026939457,Pulled back,2.559516780880677,85.89161118508655,77.5027962716378,84.53781512605042,96.30252100840336,1.094391244870041,5.066666666666666,50.2781743630284,100.0,43.12928448406468,100.0,GREEN,Mid,10000000.0,GREEN,49.2781743630284,42.12928448406468,Hold,Hold,High,High,ttm(Mar 2026),ttm(Mar 2026),Mar 2026,False,False,Hold
TITAN,Consumer Durables,NotCyclical,410687.4765344712,0.3146483526895814,0.1996443135450933,1.9500095523148444,7.082203389830508,29.237559737181407,44.8723038242689,80.9272184165063,0.02835777232739156,0.09477693789798258,0.38058613906461214,0.47485749816375256,True,True,68.78829428400144,5905595.0,9739809.0,3453162499.1416016,0.05166666666666675,0.08999999999999897,80.9272184165063,92.6829268292683,56.09756097560976,74.39024390243902,84.34108527131782,91.53225806451613,True,21.88751668891856,85.28155718119652,Neutral,47.59976135750772,25.229560585885487,54.25752330226364,36.134453781512605,42.10084033613445,43.09165526675787,60.8,57.955612865594304,100.0,57.43629536566982,100.0,AMBER,Large,50000000.0,GREEN,49.262270935755154,48.820851060819344,Hold,Hold,High,High,ttm(Mar 2026),ttm(Mar 2026),Mar 2026,False,False,Hold
RATEGAIN,Information Technology,NotCyclical,11460.741497376044,0.1041496517061276,0.1253466387253381,0.47308075772681957,10.53125,47.79467791191283,69.35933147632312,59.07598709987651,0.7061096022577866,0.4915202302202484,1.0207943442023675,0.21848160324369847,True,True,72.14340701194207,20874531.0,14256127.0,340962335.81677246,2.0466666666666664,2.8999999999999995,59.07598709987651,8.571428571428571,8.571428571428571,8.571428571428571,93.7984496124031,95.83333333333334,True,20.041388518024036,87.45081913296963,Extended,93.81158522473173,13.445272969374168,39.410652463382156,91.9327731092437,92.60504201680672,49.11080711354309,77.73333333333333,49.247016240187286,100.0,59.29209999212682,100.0,GREEN,Small,2500000.0,GREEN,49.247016240187286,59.29209999212682,Hold,Hold,High,High,ttm(Mar 2026),ttm(Mar 2026),Mar 2026,False,False,Hold
PHOENIXLTD,Realty,Cyclical,94921.48813485124,0.11024898313903665,0.1193928433358843,0.4843934843934844,6.813953488372093,19.13144234827122,15.971675845790712,60.96434690741891,0.16404419596583564,0.09557819801854017,0.37587971197430736,0.12175268084394708,True,True,62.745348873523795,2703206.0,4358213.0,842277852.1906128,0.061666666666666835,0.045000000000001705,60.96434690741891,70.58823529411765,88.23529411764706,79.41176470588235,69.92248062015504,61.155913978494624,False,28.20761014686248,80.67939344934274,Neutral,68.34899452441233,5.798402130492676,68.91424766977363,36.806722689075634,37.983193277310924,31.874145006839942,46.800000000000004,49.15960244428195,100.0,57.84761471892427,100.0,GREEN,Large,50000000.0,GREEN,49.15960244428195,57.84761471892427,Hold,Hold,High,High,ttm(Mar 2026),ttm(Mar 2026),Mar 2026,False,False,Hold
ZAGGLE,Information Technology,NotCyclical,2849.432310644817,0.17885629093703626,0.14414671863231282,0.03917378917378917,37.0,51.106940717000924,46.31901840490797,20.45966946348852,-0.1705866238797793,-0.3121058416061351,-0.49079697045969384,-0.2791302599589922,False,False,50.11718011854339,4264272.0,17276817.0,170801138.80986786,,,20.45966946348852,45.714285714285715,14.285714285714285,30.0,94.41860465116278,92.20430107526882,False,61.02403204272363,5.237597894471705,Neutral,2.551244951108624,13.445272969374168,39.410652463382156,,,52.804377564979475,54.400000000000006,49.084592672285694,85.71428571428571,43.154975467512166,85.71428571428571,GREEN,Small,2500000.0,GREEN,49.084592672285694,43.154975467512166,Hold,Hold,High,High,ttm(Mar 2026),ttm(Mar 2026),Mar 2026,False,False,Hold
BAJAJHLDNG,Financial Services,NotCyclical,117765.55105151924,0.12180864505599781,0.014841176699124187,0.0001367053998632946,959.0,29.01643478977678,56.57894736842106,12.030535409063612,0.015252281484408714,-0.0170154706370107,-0.22930424801370963,0.07864092356752295,True,False,47.57532060977547,329029.0,522908.0,437828272.5,0.04999999999999997,0.11000000000000032,12.030535409063612,37.81512605042017,18.75,28.282563025210084,83.87596899224806,93.95161290322581,True,73.5959810821208,14.961106314198972,Neutral,41.269832493659734,47.73288948069241,28.957922769640476,35.96638655462185,44.6218487394958,20.79343365253078,31.866666666666667,49.047110498817275,100.0,51.900848481205074,100.0,N/A-financial-sector,Large,50000000.0,GREEN,49.047110498817275,51.900848481205074,Hold,Hold,High,High,ttm(Mar 2026),ttm(Mar 2026),Mar 2026,False,False,Hold
VAIBHAVGBL,Consumer Durables,NotCyclical,4201.731406078351,0.11578053486044865,0.1711003447625762,0.2524271844660194,24.066666666666666,11.117551961575444,9.263095590411364,15.776175854721787,0.13190743917056547,0.1383879975029889,0.06928212931740796,-0.21755727038019124,True,True,60.29760860886227,6246990.0,41581172.0,59526001.58641815,-0.14166666666666675,0.1899999999999995,15.776175854721787,36.58536585365854,43.90243902439025,40.243902439024396,44.96124031007752,37.76881720430107,False,80.74189828862725,55.89871755429204,Neutral,67.67159415266391,25.229560585885487,54.25752330226364,18.991596638655462,50.7563025210084,65.2530779753762,61.199999999999996,49.03012144035648,100.0,56.016730706411565,100.0,GREEN,Small,2500000.0,GREEN,49.03012144035648,56.016730706411565,Hold,Hold,High,High,ttm(Mar 2026),ttm(Mar 2026),Mar 2026,False,False,Hold
TORNTPOWER,Power,NotCyclical,73153.4552542932,0.16423063251382977,0.19653169439758617,0.7324246395806029,5.971092077087794,4.07640174324424,-0.6823247042688108,29.628778960831593,-0.11248173717995602,0.06973102248954932,0.02293370384410487,-0.008027914107762602,False,True,48.61529665573038,-3374294.0,4677543.0,524126018.7528076,0.004999999999999745,-0.06499999999999995,29.628778960831593,71.42857142857143,100.0,85.71428571428572,22.48062015503876,11.021505376344086,False,58.009467168345665,56.30693548356908,Neutral,17.3765655725222,35.61571238348868,2.060452729693742,30.756302521008404,28.57142857142857,32.968536251709985,15.066666666666666,49.90645338343059,100.0,34.81340750138556,100.0,GREEN,Large,50000000.0,GREEN,48.90645338343059,33.81340750138556,Hold,Sell,High,High,ttm(Mar 2026),ttm(Mar 2026),Mar 2026,False,False,Sell
EDELWEISS,Financial Services,NotCyclical,13867.05914665671,0.10982500511755708,0.1283424695736879,4.022279904823708,1.239967897271268,7.0141598218531165,12.508094107489743,20.357513427734375,0.004431225217063961,0.1284825867921262,0.04733269560167863,0.886021228800056,True,True,46.75140242934703,39342181.0,116966080.0,394774580.1548958,0.04666666666666649,-0.4949999999999999,20.357513427734375,33.61344537815126,47.91666666666667,40.76505602240897,31.317829457364343,50.94086021505376,False,67.27050701748674,67.60007748437603,Neutral,48.02807371482471,47.73288948069241,28.957922769640476,35.79831932773109,12.436974789915967,81.80574555403557,85.46666666666667,49.87285358928415,100.0,47.178116381361995,100.0,N/A-financial-sector,Mid,10000000.0,GREEN,48.87285358928415,46.178116381361995,Hold,Hold,High,High,ttm(Mar 2026),ttm(Mar 2026),Mar 2026,False,False,Hold
SMLMAH,Capital Goods,Cyclical,5935.46531049008,-0.0036686724404440263,0.12811362840812882,0.5568400770712909,13.238095238095237,15.91901251368435,18.047218887555026,37.88952718038721,-0.046820420004034635,-0.029963258554247307,0.36825245593269984,1.0169312014075387,True,True,55.64403299467336,934440.0,2277009.0,205732105.38537598,,,37.88952718038721,3.7383177570093453,17.59259259259259,10.665455174800968,60.46511627906976,66.12903225806451,False,35.87091732065518,82.67501666969504,Neutral,28.8221046370406,85.89161118508655,77.5027962716378,,,27.22298221614227,36.8,48.85721059626509,85.71428571428571,42.09179896508418,85.71428571428571,GREEN,Small,2500000.0,GREEN,48.85721059626509,42.09179896508418,Hold,Hold,High,High,ttm(Jun 2026),ttm(Jun 2026),Jun 2026,False,False,Hold
IGL,Oil Gas & Consumable Fuels,Cyclical,21479.313459801266,0.18994969177050514,0.2371763931846248,0.008518776077885953,122.93333333333334,4.586102888174648,8.350087119689054,13.924050632911392,-0.07446360619687131,-0.1334948684746674,-0.2762040079584581,-0.38438622399923783,False,False,41.4116848188383,19545129.0,65100789.0,376401612.9336395,0.8700000000000004,0.22499999999999964,13.924050632911392,75.0,75.0,75.0,23.875968992248062,34.81182795698925,False,52.873046414827606,6.167931814000468,Neutral,9.822230210926627,45.74513981358189,57.59600532623169,78.15126050420169,52.94117647058824,72.09302325581395,76.13333333333333,48.84654086314325,100.0,45.03419161992893,100.0,GREEN,Mid,10000000.0,GREEN,48.84654086314325,45.03419161992893,Hold,Hold,High,High,ttm(Mar 2026),ttm(Mar 2026),Mar 2026,False,False,Hold
MAHSEAMLES,Capital Goods,Cyclical,7825.645614116757,0.10793456796850234,0.1448184090825938,0.0018906340895869691,222.66666666666666,-6.4883982637391036,-11.292465363446569,11.163545811864132,-0.09396811029144125,0.12117425006341853,-0.1498862405955681,-0.055207261500102356,False,True,38.55697900201008,-2820630.0,-3591233.0,58780525.646728516,1.28,2.74,11.163545811864132,28.037383177570092,25.0,26.518691588785046,3.875968992248062,4.838709677419355,False,93.56980038425218,33.1629606272461,Neutral,16.58517511567201,85.89161118508655,77.5027962716378,85.54621848739495,91.9327731092437,12.722298221614228,16.0,49.84202134805525,100.0,46.70380953023936,100.0,GREEN,Small,2500000.0,GREEN,48.84202134805525,45.70380953023936,Hold,Hold,High,High,ttm(Mar 2026),ttm(Mar 2026),Mar 2026,False,False,Hold
CHAMBLFERT,Chemicals,Cyclical,18280.33609679725,0.2281711840736758,0.2045887140134633,0.10261337432744043,382.57142857142856,-9.195978712919683,24.918899435299767,9.362051156850962,0.012534650907341849,0.030132053879558862,-0.12986681046204462,-0.11385331834944479,False,False,43.83484855707035,14932905.0,43436810.0,255773025.35787964,-0.8083333333333336,-1.21,9.362051156850962,88.63636363636364,65.9090909090909,77.27272727272728,2.635658914728682,79.03225806451613,True,94.09254005340455,18.83611947856511,Neutral,22.675774403552225,26.70386151797603,87.9555259653795,4.873949579831933,5.714285714285714,65.66347469220246,72.53333333333333,45.83355131246255,100.0,63.35916009248372,100.0,GREEN,Mid,10000000.0,GREEN,48.83355131246255,66.35916009248372,Hold,Hold,High,High,ttm(Mar 2026),ttm(Mar 2026),Mar 2026,False,False,Hold
SKFINDIA,Automobile and Auto Components,Cyclical,7397.893247368743,0.20804968871298454,0.2942077869740149,0.002257336343115124,745.0,-4.386249451969871,-23.480382191502336,27.81162874950655,-0.12502205415837797,-0.18222171634417939,-0.6843278849913753,-0.7562391523205597,False,False,29.420728242402276,-439914.0,-28018.0,42413941.74041748,0.17833333333333293,0.029999999999999805,27.81162874950655,82.6086956521739,93.47826086956522,88.04347826086956,4.8062015503875966,1.0752688172043012,True,71.45304850912326,0.9065871080715917,Pulled back,6.321816064648662,100.0,53.26844207723036,49.411764705882355,36.134453781512605,18.331053351573185,23.599999999999998,51.74041609756603,100.0,40.163646698057306,100.0,GREEN,Small,2500000.0,GREEN,48.74041609756603,37.163646698057306,Hold,Sell,High,High,ttm(Mar 2026),ttm(Mar 2026),Mar 2026,False,False,Sell
BIKAJI,Fast Moving Consumer Goods,NotCyclical,15786.223903026394,0.1641301059321073,0.22334652102153782,0.18606098319850653,22.833333333333332,15.050742948995467,14.318442153493693,62.15048780719053,-0.030149176194134042,-0.08881925053466033,-0.12551143135745102,-0.09296484671874228,False,False,43.41003972596193,-1146883.0,380997.0,81954298.66217041,2.32,3.275,62.15048780719053,41.86046511627907,65.9090909090909,53.88477801268499,57.519379844961236,54.56989247311827,False,34.26411686169795,20.292582896498633,Neutral,17.377514545922324,58.78482023968043,8.718242343541945,93.10924369747899,93.78151260504201,20.24623803009576,20.133333333333333,48.737652459281506,100.0,39.00796984386488,100.0,GREEN,Mid,10000000.0,GREEN,48.737652459281506,39.00796984386488,Hold,Sell,High,High,ttm(Mar 2026),ttm(Mar 2026),Mar 2026,False,False,Sell
IONEXCHANG,Utilities,NotCyclical,6407.076232847427,0.17615681182294546,0.20839812772834504,0.35997012696041825,8.75,13.569529757561604,6.4280496712929125,44.80472890103097,0.09935701835056543,0.25997113354633306,-0.19213848346857443,-0.3291679588465972,True,True,59.7150856980931,18956189.0,33615886.0,115381858.38560486,0.5833333333333334,1.1550000000000002,44.80472890103097,69.58904109589041,66.76691729323309,68.17797919456174,52.55813953488372,28.091397849462364,False,33.207755267893425,23.644217217234075,Neutral,65.51738031907958,16.108388814913447,96.33475366178429,70.58823529411765,81.34453781512605,63.47469220246238,75.86666666666667,48.70265730054997,100.0,59.29022523746089,100.0,GREEN,Small,2500000.0,GREEN,48.70265730054997,59.29022523746089,Hold,Hold,High,High,ttm(Mar 2026),ttm(Mar 2026),Mar 2026,False,False,Hold
KIMS,Healthcare,NotCyclical,32224.527853084834,0.17619372815525328,0.18902267392865854,1.892745883400089,3.9702970297029703,21.114958129942462,28.740936058009225,133.3804006988424,0.18394278642672468,0.2891547622710704,0.1311545253548052,0.9132889806655111,True,True,51.151915694160586,8956461.0,14780980.0,368769702.77130127,3.184999999999999,-0.06500000000000217,133.3804006988424,70.0,44.285714285714285,57.14285714285714,74.4186046511628,83.06451612903226,False,8.407484489122751,68.63350774721646,Neutral,69.14177243684372,66.50785619174435,90.47589880159788,96.30252100840336,28.403361344537814,50.341997264021884,65.86666666666666,57.25827695548391,100.0,58.57451204817448,100.0,AMBER,Mid,10000000.0,GREEN,48.66953541216132,49.78833524094831,Hold,Hold,High,High,ttm(Mar 2026),ttm(Mar 2026),Mar 2026,False,False,Hold
HSCL,Chemicals,Cyclical,36626.87921876311,0.11289291512928741,0.1497610510608901,0.16362090947726307,15.03125,3.7635769521799034,9.799161333039063,45.402261193333594,0.4792021794986765,0.5261733321598481,0.44897808017886787,0.7864955673784961,True,True,65.77137093608377,51521916.0,276979792.0,8097852444.895905,0.66,1.3900000000000001,45.402261193333594,25.0,31.818181818181817,28.409090909090907,21.240310077519382,39.784946236559136,False,54.2996722903265,88.14740357094179,Neutral,92.06730735083607,26.70386151797603,87.9555259653795,72.94117647058823,83.69747899159664,91.79206566347469,87.46666666666667,48.564123535018986,100.0,67.10227250687548,100.0,GREEN,Large,50000000.0,GREEN,48.564123535018986,67.10227250687548,Hold,Hold,High,High,ttm(Jun 2026),ttm(Jun 2026),Jun 2026,False,False,Hold
IREDA,Financial Services,NotCyclical,33948.339345036955,0.1491969302080383,,5.64715270221255,,,23.238914429779033,18.115442553381513,-0.07153832489824252,-0.13229042262450885,-0.24080835967286573,-0.5069783840935379,False,False,39.59598147270162,26842238.0,21345211.0,704508174.5892715,,,18.115442553381513,62.18487394957983,,62.18487394957983,,76.88172043010752,False,53.94835390276466,6.362653415263135,Neutral,9.697518473482823,47.73288948069241,28.957922769640476,,,56.22435020519836,81.33333333333333,48.56090529892482,71.42857142857143,47.573956274467434,85.71428571428571,N/A-financial-sector,Mid,10000000.0,GREEN,48.56090529892482,47.573956274467434,Hold,Hold,High,High,ttm(Mar 2026),ttm(Mar 2026),Mar 2026,False,False,Hold
FORTIS,Healthcare,NotCyclical,74256.40391474184,0.09245531338825787,0.14348624471905033,0.3509498787388844,6.640127388535032,13.16817831383963,17.296324852223076,69.78985330332881,0.08104158625358693,0.06068279249552577,0.26118502924088793,1.1191405594249697,False,True,49.857428526063316,-1797553.0,30341856.0,1168778488.625,1.0233333333333334,0.47499999999999964,69.78985330332881,20.0,18.571428571428573,19.285714285714285,51.31782945736434,64.38172043010752,False,32.272363150867825,79.86901861831116,Neutral,22.19234791421683,66.50785619174435,90.47589880159788,81.5126050420168,64.70588235294117,61.42270861833106,18.666666666666668,48.555912382009865,100.0,41.58296630585818,100.0,GREEN,Large,50000000.0,GREEN,48.555912382009865,41.58296630585818,Hold,Hold,High,High,ttm(Mar 2026),ttm(Mar 2026),Mar 2026,False,False,Hold
COHANCE,Healthcare,NotCyclical,14158.653846153846,0.1444581084488069,0.1997225193472623,0.10227563283047814,11.54054054054054,19.190936611227126,-13.032394096223875,94.18976545842219,0.19650591926927108,-0.013840857323530464,-0.5660395945747514,-0.4448284614515474,True,False,50.659133962726315,26105318.0,128787839.0,319961081.59669495,,,94.18976545842219,44.285714285714285,55.714285714285715,50.0,70.07751937984497,4.032258064516129,True,39.18145762978089,2.2850975987773343,Neutral,57.780095993398724,66.50785619174435,90.47589880159788,,,83.03693570451436,80.93333333333334,51.483229985066046,85.71428571428571,47.590518788806506,85.71428571428571,GREEN,Mid,10000000.0,GREEN,48.483229985066046,44.590518788806506,Hold,Hold,High,High,ttm(Mar 2026),ttm(Mar 2026),Mar 2026,False,False,Hold
PIDILITIND,Chemicals,Cyclical,160173.3807012823,0.21185426438307972,0.2984971069580281,0.03849704579025111,65.20370370370371,7.360815069327797,11.111111111111116,64.821279118285,0.12161091376191124,0.040496330764690835,0.04658955178459534,0.028512751834318006,True,True,48.854300331563316,11852607.0,15009856.0,1016595286.1195068,0.09666666666666653,0.19500000000000028,64.821279118285,75.0,95.45454545454545,85.22727272727272,32.4031007751938,44.086021505376344,False,40.78225512804952,60.04564112223766,Neutral,56.29234774462145,26.70386151797603,87.9555259653795,41.008403361344534,51.26050420168067,51.02599179206566,69.19999999999999,48.4545940004058,100.0,60.9963776162046,100.0,GREEN,Large,50000000.0,GREEN,48.4545940004058,60.9963776162046,Hold,Hold,High,High,ttm(Mar 2026),ttm(Mar 2026),Mar 2026,False,False,Hold
CGCL,Financial Services,NotCyclical,24917.507495067668,0.09331303701860062,,3.347494099680689,,,45.720443349753694,26.256593777732,0.39940548458614855,0.43620338698401384,0.47086117069224365,0.2295462736049132,True,True,81.96040456336686,35074992.0,14087603.0,599655361.3231812,1.36,0.5750000000000002,26.256593777732,21.84873949579832,,21.84873949579832,,91.8010752688172,False,43.00335406558338,82.17158324486955,Extended,90.61736633888829,47.73288948069241,28.957922769640476,86.38655462184875,68.15126050420169,48.837209302325576,83.86666666666667,48.438993187421815,85.71428571428571,61.22879063935634,100.0,N/A-financial-sector,Mid,10000000.0,GREEN,48.438993187421815,61.22879063935634,Hold,Hold,High,High,ttm(Mar 2026),ttm(Mar 2026),Mar 2026,False,False,Hold
SKIPPER,Capital Goods,Cyclical,6299.1334075199975,0.07216697582364698,0.17107563350102156,0.635814889336016,2.640552995391705,41.02220287392,20.08648648648648,29.5577324042886,0.2877581168411607,0.393383240431882,0.1501193317122218,0.4499148066576164,True,True,56.21675787272196,5134833.0,6797284.0,345264871.70092773,-0.17833333333333345,-0.69,29.5577324042886,15.887850467289718,42.592592592592595,29.240221529941156,91.7829457364341,71.10215053763442,True,54.75039890585822,68.22083258577976,Neutral,85.57673691114051,85.89161118508655,77.5027962716378,16.974789915966387,10.252100840336134,38.16689466484268,57.46666666666667,58.07416202000784,100.0,61.08287354426963,100.0,AMBER,Small,2500000.0,GREEN,48.36303771700666,50.92044251262919,Hold,Hold,High,High,ttm(Mar 2026),ttm(Mar 2026),Mar 2026,False,False,Hold
CONCORDBIO,Healthcare,NotCyclical,13978.107457898956,0.18039697869359356,0.2506295322045096,0.0009915716410510659,368.0,7.341536981575381,-12.083333333333336,53.969526864474744,0.26219051874043675,-0.00451148265370982,-0.2488307636236058,-0.19804419471765589,True,True,61.422922246600834,9847266.0,30960756.0,212149920.27868652,,,53.969526864474744,74.28571428571429,82.85714285714286,78.57142857142858,32.248062015503876,4.301075268817205,True,47.10319641875442,19.301618685877585,Neutral,65.67085331524602,66.50785619174435,90.47589880159788,,,61.96990424076607,67.60000000000001,51.33082969470333,85.71428571428571,56.16947992895825,85.71428571428571,GREEN,Mid,10000000.0,GREEN,48.33082969470333,53.16947992895825,Hold,Hold,High,High,ttm(Mar 2026),ttm(Mar 2026),Mar 2026,False,False,Hold
HINDUNILVR,Fast Moving Consumer Goods,NotCyclical,493669.8036149747,0.23183987072581247,0.28502982632709345,0.03032479123494532,36.68048780487805,2.0951181546343456,4.5624328700363925,32.78237622783549,-0.050081176456285736,-0.11289224376785623,-0.1520847898833948,-0.15583025001041084,False,False,39.176231408775564,-18666644.0,-46310936.0,3316546682.4802246,0.08833333333333353,-0.034999999999999254,32.78237622783549,76.74418604651163,77.27272727272727,77.00845665961944,16.589147286821706,22.311827956989248,False,70.18357810413886,18.24857170495447,Neutral,14.852747229492817,58.78482023968043,8.718242343541945,40.588235294117645,30.168067226890756,3.830369357045144,6.133333333333333,45.251948927708675,100.0,36.97235885963887,100.0,GREEN,Large,50000000.0,GREEN,48.251948927708675,39.97235885963887,Hold,Sell,High,High,ttm(Mar 2026),ttm(Mar 2026),Mar 2026,False,False,Sell
CARBORUNIV,Capital Goods,Cyclical,17840.548747859586,0.12676258549053981,0.2037656076957642,0.1058974358974359,30.473684210526315,3.806829830841618,6.375153248876164,106.08993634683529,0.15316370469607854,0.36046715180138245,0.0929402239827386,-0.35313126553776975,False,True,46.31227549691602,5876619.0,16701799.0,153393824.6387329,0.5616666666666665,0.8549999999999995,106.08993634683529,34.57943925233645,62.96296296296296,48.7712011076497,21.550387596899228,27.82258064516129,False,37.32643524699599,44.844818781838484,Neutral,38.36242324395919,85.89161118508655,77.5027962716378,68.57142857142857,75.29411764705883,52.1203830369357,60.53333333333333,48.24370040280412,100.0,48.4727772027664,100.0,GREEN,Mid,10000000.0,GREEN,48.24370040280412,48.4727772027664,Hold,Hold,High,High,ttm(Mar 2026),ttm(Mar 2026),Mar 2026,False,False,Hold
SBICARD,Financial Services,NotCyclical,61345.988014700335,0.1764515070075055,,2.801983975581839,,,10.103469263542308,28.32161579903065,-0.04546129536795307,-0.24595411120391297,-0.2918515216562042,-0.11807124038823114,True,False,63.29368829017021,6350948.0,-29591659.0,670138735.1223755,0.7366666666666669,0.22000000000000153,28.32161579903065,73.94957983193278,,73.94957983193278,,40.725806451612904,False,44.18037609467991,9.301029297919401,Neutral,17.495240904683623,47.73288948069241,28.957922769640476,75.96638655462185,52.77310924369748,5.471956224350205,61.46666666666667,48.14702002856969,85.71428571428571,42.95438449007315,100.0,N/A-financial-sector,Large,50000000.0,GREEN,48.14702002856969,42.95438449007315,Hold,Hold,High,High,ttm(Mar 2026),ttm(Mar 2026),Mar 2026,False,False,Hold
HAVELLS,Consumer Durables,NotCyclical,73363.38993560847,0.17191854875325865,0.2403917839807993,0.028024534686971234,28.367088607594937,10.031689799686916,10.094740280953939,44.936659331513916,-0.09650951012620534,-0.17578176301156334,-0.2276259058399266,-0.3703829496780663,False,False,45.682506323090024,-12107018.0,-30666451.0,988323007.9761963,0.1633333333333334,0.09500000000000153,44.936659331513916,63.41463414634146,75.60975609756098,69.51219512195122,40.46511627906977,40.59139784946236,False,67.03688251001336,10.661338461461169,Neutral,7.97267077690509,25.229560585885487,54.25752330226364,48.0672268907563,43.529411764705884,5.198358413132695,7.866666666666666,45.14209608795564,100.0,42.91739800412306,100.0,GREEN,Large,50000000.0,GREEN,48.14209608795564,45.91739800412306,Hold,Hold,High,High,ttm(Jun 2026),ttm(Jun 2026),Jun 2026,False,False,Hold
JYOTHYLAB,Fast Moving Consumer Goods,NotCyclical,7334.727609594702,0.1798021914967615,0.23097135829697665,0.02975609756097561,83.33333333333333,9.039799382870006,3.264417845484213,19.823588134039735,-0.16161992150822202,-0.21822018672644727,-0.42166877789629054,-0.5810073242229952,False,False,52.424863173920706,-6056458.0,-13420803.0,148149186.11576843,0.16000000000000014,-0.9149999999999991,19.823588134039735,55.81395348837209,68.18181818181817,61.99788583509513,36.434108527131784,18.951612903225808,False,69.45794392523365,1.7275516991249014,Neutral,2.972328497422745,58.78482023968043,8.718242343541945,47.39495798319327,8.067226890756302,7.523939808481532,10.933333333333334,45.125573436223824,100.0,29.138846689410126,100.0,GREEN,Small,2500000.0,GREEN,48.125573436223824,32.13884668941013,Hold,Sell,High,High,ttm(Mar 2025),ttm(Mar 2025),Mar 2025,False,False,Sell
POWERMECH,Construction,Cyclical,9249.958653877477,0.1265163166178848,0.18883360903016005,0.2635966653433902,6.051724137931035,18.959081849542315,15.84177336136059,22.449405868637626,0.06244097074577648,0.11994108803692982,-0.2274260588470023,0.04919756597374092,False,True,44.485719726686284,1845875.0,3755722.0,203285857.3564453,1.7083333333333333,2.8450000000000006,22.449405868637626,52.17391304347826,56.52173913043478,54.347826086956516,69.14728682170542,60.215053763440864,False,44.263633562698985,40.78347062423844,Neutral,32.794906288200934,8.461517976031956,26.57070572569907,89.41176470588236,92.43697478991596,30.779753761969904,42.8,48.11255148776602,100.0,46.10594196444179,100.0,GREEN,Small,2500000.0,GREEN,48.11255148776602,46.10594196444179,Hold,Hold,High,High,ttm(Mar 2026),ttm(Mar 2026),Mar 2026,False,False,Hold
WAKEFIT,Consumer Durables,NotCyclical,4304.4502617801045,-0.05515850344715768,0.021498195466010585,0.24028268551236748,6.5,22.349270446842628,16.875981161695442,-6.7862714508580355,-0.11188241573605429,-0.2500430772964978,,,True,,56.518565163972774,3664415.0,,65742155.20600128,,,,7.317073170731707,2.4390243902439024,4.878048780487805,77.05426356589146,63.306451612903224,False,79.41983250394465,,Neutral,8.524295245120339,25.229560585885487,54.25752330226364,,,,51.733333333333334,48.11127709367784,57.14285714285714,38.63559336471712,85.71428571428571,GREEN,Small,2500000.0,GREEN,48.11127709367784,38.63559336471712,Hold,Sell,Med,High,annual,ttm(Mar 2026),Mar 2026,False,False,Sell
CIPLA,Healthcare,NotCyclical,114967.28446480632,0.13941288304739452,0.20789584087180488,0.01783224907063197,108.94444444444444,7.369290376032311,2.2252069115725304,29.762648344784512,0.1735753374947675,-0.003721052267095626,-0.028342805993302522,-0.011001851743312585,True,True,52.08693517175222,1778219.0,-20774780.0,1678662097.2495117,0.16666666666666666,0.1949999999999985,29.762648344784512,40.0,61.42857142857143,50.714285714285715,32.55813953488372,15.32258064516129,False,76.98504672897197,41.16968117484105,Neutral,53.52589177233964,66.50785619174435,90.47589880159788,48.57142857142857,51.09243697478991,6.566347469220246,42.53333333333333,48.09549317863079,100.0,53.18875187894258,100.0,GREEN,Large,50000000.0,GREEN,48.09549317863079,53.18875187894258,Hold,Hold,High,High,ttm(Mar 2026),ttm(Mar 2026),Mar 2026,False,False,Hold
IEX,Financial Services,NotCyclical,11120.582088035873,0.3707919074331041,0.393231124777341,0.008064516129032258,260.0,15.383961744348728,14.711359404096825,22.556961639018,0.013786006163600595,-0.09251582249323909,-0.3787889875435002,-0.2825026971007527,True,False,56.104449370583936,9855172.0,-87663746.0,554208113.1632195,-1.636666666666667,-1.3400000000000007,22.556961639018,95.7983193277311,91.66666666666666,93.73249299719888,58.6046511627907,56.18279569892473,False,47.03392242287963,5.361142822741955,Neutral,35.25254863502609,47.73288948069241,28.957922769640476,1.0924369747899159,4.201680672268908,2.3255813953488373,67.73333333333333,48.08765428441097,100.0,50.463763294099614,100.0,N/A-financial-sector,Small,2500000.0,GREEN,48.08765428441097,50.463763294099614,Hold,Hold,High,High,ttm(Mar 2026),ttm(Mar 2026),Mar 2026,False,False,Hold
ULTRACEMCO,Construction Materials,Cyclical,347820.0938289426,0.11117715307883086,0.16042172542638516,0.3100203591564001,9.083333333333334,11.85878496407522,17.182538164288164,40.6218725195845,-0.012251405555089412,-0.022666888077050862,-0.051971765937660064,0.028745812173361474,True,False,57.80197494840361,-4339806.0,-3447497.0,3072316557.0,0.2116666666666663,-0.005000000000000782,40.6218725195845,75.0,56.25,65.625,47.5968992248062,64.11290322580645,False,66.41388518024033,28.116557358025105,Neutral,46.269802505159646,11.058055925432758,11.85699067909454,52.268907563025216,32.26890756302521,13.132694938440492,13.066666666666665,45.0037897365867,100.0,47.01866168412735,100.0,GREEN,Large,50000000.0,GREEN,48.0037897365867,50.01866168412735,Hold,Hold,High,High,ttm(Jun 2026),ttm(Jun 2026),Jun 2026,False,False,Hold
MAXHEALTH,Healthcare,NotCyclical,106855.89268487475,0.13092432492300005,0.15348416864671513,0.32362519772959897,9.54468085106383,22.42690602828523,19.151963574274333,74.05259279648517,0.08780505234313973,0.06997835769940575,-0.09764464640207471,0.19098340266485647,True,True,52.93992720472352,-12540015.0,-29926515.0,1931542967.14328,6.6049999999999995,0.23500000000000032,74.05259279648517,35.714285714285715,21.428571428571427,28.57142857142857,77.36434108527132,67.8763440860215,False,24.205073431241654,42.69684187756868,Neutral,46.11226706043532,66.50785619174435,90.47589880159788,99.07563025210084,53.78151260504202,5.33515731874145,7.6,47.9744757997897,100.0,46.759816413533215,100.0,GREEN,Large,50000000.0,GREEN,47.9744757997897,46.759816413533215,Hold,Hold,High,High,ttm(Mar 2026),ttm(Mar 2026),Mar 2026,False,False,Hold
OLECTRA,Automobile and Auto Components,Cyclical,11496.022608189754,0.06218292184575692,0.10307849657916297,0.30944625407166126,5.409836065573771,28.446130769878764,28.3573806881243,63.86679226772086,0.15364693847682886,0.22227149553806358,0.1254335224458616,-0.27575611729695093,True,True,46.53244811252298,16912850.0,53431244.0,770820566.690979,-0.10666666666666669,-0.4949999999999998,63.86679226772086,13.043478260869565,6.521739130434782,9.782608695652174,82.94573643410853,82.93010752688173,False,19.48449784898383,48.314151255713284,Neutral,74.93008852208104,100.0,53.26844207723036,20.33613445378151,12.605042016806722,69.22024623803009,73.73333333333333,47.94841662221186,100.0,47.88307686812918,100.0,GREEN,Small,2500000.0,GREEN,47.94841662221186,47.88307686812918,Hold,Hold,High,High,ttm(Mar 2026),ttm(Mar 2026),Mar 2026,False,False,Hold
TRENT,Consumer Services,NotCyclical,152632.68576641232,0.26052106323342006,0.31374605847995934,0.36664280601288474,16.07296137339056,34.544857548858786,17.152028012839217,88.66087883359812,0.012689632208902513,0.09555051619660349,-0.46599060483826493,-0.48767391628718304,False,False,37.37249309847362,137489.0,-2396466.0,3146247579.871704,-0.11499999999999962,0.26500000000000057,88.66087883359812,86.95652173913044,91.30434782608695,89.13043478260869,88.52713178294573,63.844086021505376,True,27.285611584677007,3.063569099254155,Neutral,26.869513975176794,7.985885486018644,14.776830892143808,19.831932773109244,55.294117647058826,14.6374829001368,29.599999999999998,48.89897395374033,100.0,46.50138497030613,100.0,GREEN,Large,50000000.0,GREEN,47.89897395374033,45.50138497030613,Hold,Hold,High,High,ttm(Mar 2026),ttm(Mar 2026),Mar 2026,False,False,Hold
PERSISTENT,Information Technology,NotCyclical,79807.10594385678,0.22805791574070824,0.3213272093073348,0.06085736157182955,38.3013698630137,20.87362545135005,23.54665773161333,42.61180665954266,-0.04993246842795851,-0.20134516020275606,-0.08736438550760739,0.11618680204970522,True,False,56.31818516881233,3397863.0,-5215417.0,2870760543.017334,0.5366666666666665,0.9299999999999997,42.61180665954266,71.42857142857143,77.14285714285715,74.28571428571429,73.64341085271317,77.55376344086021,False,18.149047214467778,28.174471151262253,Neutral,23.886700001637283,13.445272969374168,39.410652463382156,68.23529411764706,77.14285714285715,10.807113543091655,50.26666666666667,47.86910511983348,100.0,49.491685364065916,100.0,GREEN,Large,50000000.0,GREEN,47.86910511983348,49.491685364065916,Hold,Hold,High,High,ttm(Mar 2026),ttm(Mar 2026),Mar 2026,False,False,Hold
VMART,Consumer Services,NotCyclical,5941.832158872518,0.011975898219243032,0.18292343392188576,1.0073606729758149,6.8533333333333335,15.407994430492145,16.441303011677945,47.91800128122998,0.2177452177452177,0.1978540882020301,-0.05112265434101815,-0.07904458414446136,True,True,47.92203466128682,1374776.0,89955020.0,126856514.78570557,0.5766666666666665,0.46499999999999986,47.91800128122998,21.73913043478261,58.69565217391305,40.21739130434783,58.75968992248062,62.5,False,37.92680095199396,50.58830546360144,Neutral,81.01552600247035,7.985885486018644,14.776830892143808,69.74789915966386,63.949579831932766,77.97537619699042,40.0,47.802740269171466,100.0,52.33458126540374,100.0,GREEN,Small,2500000.0,GREEN,47.802740269171466,52.33458126540374,Hold,Hold,High,High,ttm(Mar 2026),ttm(Mar 2026),Mar 2026,False,False,Hold
SOLARINDS,Chemicals,Cyclical,172406.94789081885,0.24897779104466666,0.2952327610581951,0.2427911422654134,19.567164179104477,12.454132636169701,30.44689033284711,99.25558312655087,0.23431944723955178,0.4108265603435055,0.1569416498993963,0.5139826197662252,True,True,55.487825933971315,342098.0,4591483.0,1947821016.0,-0.05166666666666675,0.08999999999999986,99.25558312655087,90.9090909090909,93.18181818181817,92.04545454545453,48.992248062015506,84.67741935483872,True,21.6482582837723,77.49284193449752,Neutral,83.54010629549175,26.70386151797603,87.9555259653795,24.369747899159663,42.436974789915965,32.421340629274965,32.0,47.7575869148595,100.0,67.97183906852982,100.0,GREEN,Large,50000000.0,GREEN,47.7575869148595,67.97183906852982,Hold,Hold,High,High,ttm(Mar 2026),ttm(Mar 2026),Mar 2026,False,False,Hold
ICICIAMC,Financial Services,NotCyclical,5490.513515493371,,,,191.31578947368422,,32.437466737626394,2.0711103415667185,-0.052682390594943285,0.17469722306702185,,,False,,37.12598431922038,-2655153.0,,948762689.4316406,,,2.0711103415667185,,,,,86.15591397849462,False,,,Neutral,20.708705516654636,47.73288948069241,28.957922769640476,,,,16.266666666666666,47.73288948069241,14.285714285714285,42.57854670693576,57.14285714285714,N/A-financial-sector,Small,2500000.0,GREEN,47.73288948069241,42.57854670693576,Hold,Hold,Low,Med,annual,annual,Sep 2025,False,False,Hold
MSTCLTD,Services,NotCyclical,4439.036244851252,0.3388880455053262,0.18029877227709237,0.16039823008849557,3.0,-19.938789333552098,18.64951768488745,20.36255158188648,0.38502840569673924,0.34983365743007777,0.21025716925828042,-0.20831879999948,True,True,48.12022116354416,45344787.0,47786128.0,202797753.54205322,0.3866666666666667,1.57,20.36255158188648,87.5,56.00000000000001,71.75,1.0852713178294573,67.33870967741935,True,57.73364485981308,59.886138391478426,Neutral,91.43925993492763,32.419973368841546,58.78482023968043,62.60504201680672,85.54621848739495,67.85225718194255,86.53333333333333,47.70122294701521,100.0,73.65857507656204,100.0,GREEN,Small,2500000.0,GREEN,47.70122294701521,73.65857507656204,Hold,Hold,High,High,ttm(Mar 2026),ttm(Mar 2026),Mar 2026,False,False,Hold
CROMPTON,Consumer Durables,NotCyclical,15991.83435642973,0.10369899063585482,0.22451219881954226,0.0670711156049882,18.795454545454547,5.626102281602785,2.9374364191251168,-69.41333007812501,-0.0035219869207375742,0.02966766080171057,-0.21758618719037037,-0.37120183722819877,False,False,39.998320745198356,909358.0,59520399.0,767435259.9228516,0.12166666666666615,-0.3450000000000024,,34.146341463414636,60.97560975609756,47.5609756097561,27.286821705426355,17.338709677419356,False,97.9481733220051,11.284042337199232,Neutral,21.319951123312144,25.229560585885487,54.25752330226364,43.19327731092437,15.798319327731091,70.99863201094391,36.266666666666666,47.65198699207894,100.0,41.77837604047258,100.0,GREEN,Mid,10000000.0,GREEN,47.65198699207894,41.77837604047258,Hold,Hold,High,High,ttm(Mar 2026),ttm(Mar 2026),Mar 2026,False,False,Hold
THOMASCOOK,Consumer Services,NotCyclical,4928.000173261088,0.08453807968204181,0.14243879291358535,0.21170463472113119,4.505263157894737,18.491039102667205,3.1818181818181746,22.4000007875504,-0.0069596313450938085,-0.24777928256032933,-0.3587828895673659,-0.5852016404461078,True,False,48.5243344650141,110907766.0,97803063.0,118755168.72210693,-0.26333333333333336,-0.4999999999999994,22.4000007875504,50.0,43.47826086956522,46.73913043478261,67.44186046511628,18.413978494623656,True,78.07627561386195,6.402355995200537,Neutral,27.2354892588126,7.985885486018644,14.776830892143808,13.61344537815126,11.932773109243698,79.48016415868673,94.0,48.64755098276302,100.0,38.23139078626108,100.0,GREEN,Small,2500000.0,GREEN,47.64755098276302,37.23139078626108,Hold,Sell,High,High,ttm(Mar 2026),ttm(Mar 2026),Mar 2026,False,False,Sell
PFIZER,Healthcare,NotCyclical,21478.036087793666,0.17539959906278027,0.20188730969003613,0.016654770402093743,90.4,1.2891513960037626,10.385626643295364,29.749856276914066,-0.05299662956318585,-0.026120486981561775,-0.14179762428069054,0.05114449189716552,True,False,59.64712020969046,78957.0,1321154.0,90791442.3984375,0.0933333333333332,0.06499999999999972,29.749856276914066,67.14285714285714,58.57142857142858,62.85714285714286,14.263565891472869,41.66666666666667,False,75.43607162491165,16.548439053993047,Neutral,20.240921781847856,66.50785619174435,90.47589880159788,40.84033613445378,40.50420168067227,24.76060191518468,28.26666666666667,44.63613400426282,100.0,50.7740589486309,100.0,GREEN,Mid,10000000.0,GREEN,47.63613400426282,53.7740589486309,Hold,Hold,High,High,ttm(Mar 2026),ttm(Mar 2026),Mar 2026,False,False,Hold
BHARATFORG,Automobile and Auto Components,Cyclical,101506.56540417059,0.10180919832042867,0.14990046087613745,0.7629436325678497,9.030959752321982,9.202114143973873,11.16106850039673,93.21080386057906,0.13122153895633604,0.45098144492377457,0.7116126117513637,0.2726705839497685,True,True,54.50023361218357,17016074.0,63172267.0,1776378864.8930664,0.1466666666666665,0.17999999999999972,93.21080386057906,28.26086956521739,10.869565217391305,19.565217391304348,37.2093023255814,44.48924731182796,False,15.392004153686395,85.35175097127507,Neutral,76.46108774989276,100.0,53.26844207723036,45.88235294117647,49.831932773109244,71.68262653898769,73.86666666666667,47.55796642569148,100.0,46.44560559515213,100.0,GREEN,Large,50000000.0,GREEN,47.55796642569148,46.44560559515213,Hold,Hold,High,High,ttm(Mar 2026),ttm(Mar 2026),Mar 2026,False,False,Hold
GMMPFAUDLR,Capital Goods,Cyclical,3262.7372682372666,0.15499423990263445,0.23025273909706656,0.8639004149377594,3.2764227642276422,3.504842526637497,10.225140712945603,61.036310470050104,-0.11397824355071129,-0.21614532224889704,-0.38080153865566035,-0.42617867485893246,True,False,57.42918240056006,-2252012.0,-4932173.0,66250907.39013672,3.0900000000000003,3.445000000000001,61.036310470050104,58.87850467289719,76.85185185185185,67.86517826237451,19.689922480620154,41.12903225806452,False,46.4059396268195,4.026869719389242,Neutral,7.744383347245582,85.89161118508655,77.5027962716378,95.96638655462185,94.62184873949579,10.94391244870041,17.066666666666666,47.52570317342196,100.0,46.75849864125115,100.0,GREEN,Small,2500000.0,GREEN,47.52570317342196,46.75849864125115,Hold,Hold,High,High,ttm(Mar 2026),ttm(Mar 2026),Mar 2026,False,False,Hold
JKPAPER,Forest Materials,Cyclical,6909.809232246014,0.16637518927978728,0.18469784579238602,0.46702898550724636,4.1066666666666665,3.2051663917992634,5.964807634953773,23.82087707519531,-0.013475617859823208,0.036299964140241725,-0.050605412608626055,-0.34251439872696365,True,True,59.23574990726279,709498.0,4554138.0,88346153.84759521,1.175,-0.1299999999999999,23.82087707519531,65.06849315068493,53.0827067669173,59.075599958801114,18.449612403100776,26.478494623655912,False,75.15049050908456,35.87854948930029,Neutral,39.120869453718164,23.641278295605858,10.725166444740346,83.8655462184874,24.873949579831933,32.28454172366621,34.8,47.482008629708105,100.0,41.09111770470743,100.0,GREEN,Small,2500000.0,GREEN,47.482008629708105,41.09111770470743,Hold,Hold,High,High,ttm(Mar 2026),ttm(Mar 2026),Mar 2026,False,False,Hold
LEMONTREE,Consumer Services,NotCyclical,11451.763341817292,0.19224394661906746,0.1751880599040327,1.4396551724137931,4.131736526946108,18.173395234635926,12.286158631415244,39.90209886244127,0.008751043199854314,-0.2467326551380724,-0.25596558147345505,-0.22441210262360123,False,False,45.130340622202766,49709731.0,157043342.0,289836340.3502655,-0.44166666666666643,1.5600000000000005,39.90209886244127,78.26086956521739,52.17391304347826,65.21739130434783,66.51162790697674,49.596774193548384,False,43.84164393103849,14.494662438580654,Neutral,16.213535986088903,7.985885486018644,14.776830892143808,8.067226890756302,85.3781512605042,86.32010943912448,87.33333333333333,47.468855784405385,100.0,44.88487017407422,100.0,GREEN,Small,2500000.0,GREEN,47.468855784405385,44.88487017407422,Hold,Hold,High,High,ttm(Mar 2026),ttm(Mar 2026),Mar 2026,False,False,Hold
MANYAVAR,Consumer Services,NotCyclical,9704.010349288485,0.24258601050461603,0.3135220371728809,0.23319755600814665,11.214285714285714,2.6682420130533124,3.535353535353525,25.825242718446603,-0.09840693479657725,-0.26315789473684215,-0.499806838624287,-0.6289162601171898,False,False,45.68720595730754,18160.0,-4538152.0,66198591.12701416,1.3683333333333332,4.135,25.825242718446603,82.6086956521739,89.13043478260869,85.8695652173913,17.519379844961243,19.758064516129032,False,62.293202530910776,0.984428312015546,Neutral,5.834177954993884,7.985885486018644,14.776830892143808,86.72268907563026,96.47058823529412,11.627906976744185,26.666666666666668,44.379331404465056,100.0,41.856874129094564,100.0,GREEN,Small,2500000.0,GREEN,47.379331404465056,44.856874129094564,Hold,Hold,High,High,ttm(Mar 2026),ttm(Mar 2026),Mar 2026,False,False,Hold
AETHER,Chemicals,Cyclical,19850.350018539335,0.11718976317221397,0.13565785438519848,0.18648208469055375,20.22222222222222,21.23434401465094,38.25983313468415,90.58609976869334,0.2647207021215663,0.515185135859278,0.925630948144772,0.6497385982634112,True,True,70.81937028462256,9325981.0,23231053.0,304440916.64331055,1.06,2.7349999999999994,90.58609976869334,29.545454545454547,22.727272727272727,26.136363636363637,74.88372093023256,89.24731182795699,True,10.628337783711615,93.82892823251296,Extended,85.3551000085748,26.70386151797603,87.9555259653795,82.35294117647058,91.76470588235294,56.90834473324213,66.93333333333334,47.378010441526676,100.0,63.41905003768366,100.0,GREEN,Mid,10000000.0,GREEN,47.378010441526676,63.41905003768366,Hold,Hold,High,High,ttm(Mar 2026),ttm(Mar 2026),Mar 2026,False,False,Hold
EIDPARRY,Fast Moving Consumer Goods,NotCyclical,33207.05808869456,0.2276232441805072,0.30798884162946016,0.4024640657084189,7.599118942731278,3.0195464384859205,21.937484181219947,24.063085571517792,-0.10940301883267678,-0.1801447009917011,-0.3057307928454349,0.01508466160486166,True,False,57.07424182878065,-2305413.0,-7607790.0,208496428.34002686,0.08833333333333322,-1.3200000000000003,24.063085571517792,72.09302325581395,79.54545454545455,75.81923890063425,18.13953488372093,74.05913978494624,True,65.89413335427629,12.480158669388492,Neutral,11.292575817121936,58.78482023968043,8.718242343541945,40.33613445378151,4.705882352941177,9.575923392612859,16.933333333333334,44.34984387278755,100.0,43.05879823972466,100.0,GREEN,Mid,10000000.0,GREEN,47.34984387278755,46.05879823972466,Hold,Hold,High,High,ttm(Mar 2026),ttm(Mar 2026),Mar 2026,False,False,Hold
EMAMILTD,Fast Moving Consumer Goods,NotCyclical,17758.23532998025,0.2827832856273581,0.3511532234755257,0.05540355677154583,87.27272727272727,3.5338551155860154,-0.7613546862693665,22.91385203868419,-0.08591643969275686,-0.19336959426574152,-0.29300852963858814,-0.4354575778371511,False,False,47.083550016176574,-2836620.0,2144991.0,158881221.7758789,0.011666666666666714,-0.41000000000000014,22.91385203868419,83.72093023255815,84.0909090909091,83.90591966173362,20.0,10.887096774193548,False,75.05772402418911,7.2967442478964815,Neutral,7.5434968502341935,58.78482023968043,8.718242343541945,31.596638655462183,14.285714285714285,27.086183310533517,15.6,48.3126196792269,100.0,34.52790607515511,100.0,GREEN,Mid,10000000.0,GREEN,47.3126196792269,33.52790607515511,Hold,Sell,High,High,ttm(Mar 2026),ttm(Mar 2026),Mar 2026,False,False,Sell
ARVIND,Textiles,Cyclical,14481.222292590246,0.07681305633739273,0.15323141453859668,0.410484668644906,6.084848484848485,3.5360967131292442,11.694080922079486,33.93536121673004,0.3901868718326724,0.7752362368147923,0.6102995954627071,0.4005245083711746,True,True,52.879217582202806,11420605.0,45768256.0,322311291.55255127,-0.021666666666666796,2.7249999999999996,33.93536121673004,9.090909090909092,58.333333333333336,33.71212121212121,20.155038759689923,47.043010752688176,False,66.38295505117935,89.66001549786904,Neutral,93.33430046400194,35.958189081225036,92.14993342210386,27.563025210084035,91.59663865546219,66.89466484268127,68.8,47.262103143111524,100.0,71.83043248613144,100.0,GREEN,Mid,10000000.0,GREEN,47.262103143111524,71.83043248613144,Hold,Hold,High,High,ttm(Mar 2026),ttm(Mar 2026),Mar 2026,False,False,Hold
MASTEK,Information Technology,NotCyclical,5481.107805366665,0.15524018039664617,0.19099244241690505,0.1463903743315508,18.3125,13.008707636951433,7.062228654124447,13.558775793051721,0.05068627103235768,-0.1275797738347303,-0.29125442504397525,-0.3706745725241908,True,False,63.94474224053369,711253.0,-911973.0,60623860.29321289,1.1083333333333332,0.9899999999999998,13.558775793051721,40.0,28.57142857142857,34.285714285714285,50.697674418604656,30.510752688172044,False,93.46150422785938,12.129198241970506,Neutral,40.6721924426133,13.445272969374168,39.410652463382156,82.85714285714286,78.15126050420169,16.689466484268127,34.93333333333333,47.19885996856673,100.0,48.64860541439008,100.0,GREEN,Small,2500000.0,GREEN,47.19885996856673,48.64860541439008,Hold,Hold,High,High,ttm(Mar 2026),ttm(Mar 2026),Mar 2026,False,False,Hold
BAJAJFINSV,Financial Services,NotCyclical,590519.6427139093,0.25414483697754275,0.1151522385984741,5.517730860553167,2.000560597035843,22.407872075250012,12.870177326428589,29.98858221474372,0.005227220442448388,-0.08503931822849675,-0.08776079045895557,0.1725785233421726,True,False,52.6635833703084,273409.0,-5793799.0,1737336571.6593018,-0.11999999999999995,0.31000000000000005,29.98858221474372,87.39495798319328,39.58333333333333,63.489145658263304,77.20930232558139,52.016129032258064,False,34.61711660745401,22.48300566332127,Neutral,34.73455993661471,47.73288948069241,28.957922769640476,19.495798319327733,56.80672268907563,10.533515731874145,31.6,47.18602478588728,100.0,44.263437663277,100.0,N/A-financial-sector,Large,50000000.0,GREEN,47.18602478588728,44.263437663277,Hold,Hold,High,High,ttm(Mar 2026),ttm(Mar 2026),Mar 2026,False,False,Hold
ASAHIINDIA,Automobile and Auto Components,Cyclical,22912.389676246417,0.1367897891054131,0.1759633118450788,0.559003051881994,4.5,7.479964209838275,8.596300326441785,65.87674427102439,0.06424085744084529,-0.06380977242178165,0.056749675961190515,0.3412428327739956,True,False,53.63501089442206,1141471.0,16803646.0,67239226.4717102,0.41500000000000004,-0.004999999999999893,65.87674427102439,54.347826086956516,36.95652173913043,45.65217391304347,32.86821705426357,35.3494623655914,False,27.00794041177711,28.24415696765531,Neutral,46.10316557722446,100.0,53.26844207723036,63.52941176470588,32.857142857142854,52.25718194254446,38.666666666666664,47.09285831093418,100.0,40.62135299004203,100.0,GREEN,Mid,10000000.0,GREEN,47.09285831093418,40.62135299004203,Hold,Hold,High,High,ttm(Mar 2026),ttm(Mar 2026),Mar 2026,False,False,Hold
BHEL,Capital Goods,Cyclical,151443.47613790762,0.00190477793180837,0.019662766696065467,0.313126290828425,2.608519269776876,13.076716943017729,26.99975300800961,62.28898339005499,0.3371003512197097,0.639615943932696,0.6865670777248156,0.32992663919909027,True,True,66.26959822387948,95811703.0,645511991.0,4889083715.246857,1.0933333333333335,-0.4299999999999997,62.28898339005499,4.672897196261682,1.8518518518518516,3.262374524056767,51.162790697674424,81.31720430107528,False,38.80720961281709,84.83424440828566,Neutral,87.84684970142158,85.89161118508655,77.5027962716378,82.68907563025209,13.865546218487395,97.12722298221614,93.33333333333333,55.36317329880958,100.0,58.474112557902615,100.0,AMBER,Large,50000000.0,GREEN,47.05869730398814,49.70299567421722,Hold,Hold,High,High,ttm(Jun 2026),ttm(Jun 2026),Jun 2026,False,False,Hold
KSCL,Fast Moving Consumer Goods,NotCyclical,4294.084444213506,0.20004920768111795,0.2006664876630207,0.0,298.0,9.311952504727895,15.863787375415273,14.507042041261844,-0.09644229181514796,-0.06452877655253497,-0.2812154915185646,-0.13396838989321003,False,False,34.16497048187799,5131854.0,5383923.0,72057051.38653564,-0.25166666666666676,-0.14500000000000002,14.507042041261844,65.11627906976744,52.27272727272727,58.69450317124736,37.67441860465116,60.483870967741936,False,80.39430351579884,12.958724289540621,Pulled back,11.176095544404795,58.78482023968043,8.718242343541945,14.117647058823529,24.369747899159663,34.883720930232556,57.333333333333336,47.03646185838736,100.0,43.24789607086051,100.0,GREEN,Small,2500000.0,GREEN,47.03646185838736,43.24789607086051,Hold,Hold,High,High,ttm(Mar 2026),ttm(Mar 2026),Mar 2026,False,False,Hold
MEDANTA,Healthcare,NotCyclical,35654.047002377716,0.14513520707216365,0.19794367018821563,0.3003533568904594,11.632911392405063,17.622326759740716,19.447453954496208,64.32641000347056,0.22287490482516126,0.1159322304263668,0.02372053717134892,0.05204616926119887,True,True,58.612595321570936,3805686.0,2641033.0,223771331.95056152,-0.09666666666666697,-0.3050000000000006,64.32641000347056,45.714285714285715,52.85714285714286,49.28571428571429,65.27131782945736,68.54838709677419,False,32.065499096835,49.162645115476806,Neutral,68.62105658677875,66.50785619174435,90.47589880159788,21.176470588235293,17.81512605042017,28.0437756497948,52.53333333333333,47.010176470509414,100.0,56.62054388103384,100.0,GREEN,Mid,10000000.0,GREEN,47.010176470509414,56.62054388103384,Hold,Hold,High,High,ttm(Mar 2026),ttm(Mar 2026),Mar 2026,False,False,Hold
JYOTICNC,Capital Goods,Cyclical,18177.440480598343,-0.2103946967360631,0.11398000409314103,0.42628685657171417,7.5285714285714285,31.09451005281436,15.063221550302375,54.09952523987601,0.07478643442466493,-0.14631411560580265,-0.21291373307231864,-0.35953029542366455,True,False,62.888952546676485,14360372.0,44654750.0,693745311.020874,,,54.09952523987601,1.8691588785046727,9.25925925925926,5.564209068881966,86.35658914728683,57.392473118279575,True,41.06141522029372,9.940864151212274,Neutral,39.48412061834822,85.89161118508655,77.5027962716378,,,66.21067031463748,71.73333333333333,48.003542598242475,85.71428571428571,45.73794284412033,85.71428571428571,GREEN,Mid,10000000.0,GREEN,47.003542598242475,44.73794284412033,Hold,Hold,High,High,ttm(Mar 2026),ttm(Mar 2026),Mar 2026,False,False,Hold
IXIGO,Consumer Services,NotCyclical,8558.296943433357,0.08862414624036424,0.07230810406280555,0.02149487054225696,20.666666666666668,34.83010735387062,34.026258205689274,117.68639017138962,0.12139151277179394,-0.11859071673235644,0.13807510666789713,0.16092686718868854,True,False,51.94864412009527,47905911.0,38292887.0,204232255.98420715,,,117.68639017138962,52.17391304347826,21.73913043478261,36.95652173913044,88.9922480620155,87.09677419354838,False,26.317989202995296,36.69797483417787,Neutral,51.85151239958467,7.985885486018644,14.776830892143808,,,64.84268125854993,86.8,46.98731214985474,85.71428571428571,48.69710435629678,85.71428571428571,GREEN,Small,2500000.0,GREEN,46.98731214985474,48.69710435629678,Hold,Hold,High,High,ttm(Mar 2026),ttm(Mar 2026),Mar 2026,False,False,Hold
COROMANDEL,Chemicals,Cyclical,57881.6997032758,0.21559945372412398,0.2774028992196405,0.11992355470616341,9.422740524781341,2.0416476716042853,30.699605563628808,30.486958407536182,-0.02444984837800923,-0.13577105035315462,-0.12256259619396837,0.27122394193667354,True,False,53.14205026137077,167623.0,-4739467.0,674805287.6459961,-0.003333333333333558,0.01499999999999968,30.486958407536182,79.54545454545455,84.0909090909091,81.81818181818181,16.124031007751938,85.08064516129032,True,76.63308653962861,25.076733211535196,Neutral,26.278387566455514,26.70386151797603,87.9555259653795,29.075630252100844,35.12605042016806,11.21751025991792,30.0,43.984502623373466,100.0,62.61590342367902,100.0,GREEN,Large,50000000.0,GREEN,46.984502623373466,65.61590342367901,Hold,Hold,High,High,ttm(Mar 2026),ttm(Mar 2026),Mar 2026,False,False,Hold
PNB,Financial Services,NotCyclical,121443.61015892029,0.09452261137902887,,0.7171824261700439,,,3.415020755353626,5.474505786717124,-0.04800758976607522,-0.13042390475555754,-0.017515519047655026,-0.08192806213233406,True,False,49.20674597032526,37954687.0,-7901692.0,1813292691.8208504,0.5816666666666669,0.6050000000000006,5.474505786717124,25.210084033613445,,25.210084033613445,,19.35483870967742,False,95.15953474689415,21.406631003877596,Neutral,22.317341931893097,47.73288948069241,28.957922769640476,70.25210084033613,69.5798319327731,9.30232558139535,84.93333333333334,46.98025662564457,85.71428571428571,41.63072586391594,100.0,N/A-financial-sector,Large,50000000.0,GREEN,46.98025662564457,41.63072586391594,Hold,Hold,High,High,ttm(Jun 2026),ttm(Jun 2026),Jun 2026,False,False,Hold
TRIVENI,Fast Moving Consumer Goods,NotCyclical,10326.270224605398,0.24138739661892647,0.12755313516635652,0.6464253664373317,5.46,3.8441590919340296,10.564246792054831,37.47217757523723,0.19903345088338753,0.38008084374257045,0.30117443049951076,0.1883390132703504,True,True,66.499321611357,8455457.0,33560334.0,149895494.37875366,0.46833333333333343,-0.20999999999999908,37.47217757523723,79.06976744186046,15.909090909090908,47.489429175475685,22.015503875968992,42.204301075268816,False,37.51490876724522,73.94169998759558,Neutral,82.4389567277532,58.78482023968043,8.718242343541945,66.21848739495798,21.176470588235293,63.20109439124487,65.33333333333333,46.95863537822928,100.0,47.50290215854634,100.0,GREEN,Small,2500000.0,GREEN,46.95863537822928,47.50290215854634,Hold,Hold,High,High,ttm(Mar 2026),ttm(Mar 2026),Mar 2026,False,False,Hold
TATAELXSI,Information Technology,NotCyclical,22023.576830531943,0.28981612925247585,0.34779795460272944,0.05327195001644196,47.111111111111114,6.106058396098657,5.19761775852734,33.66768223094904,-0.20266488376080305,-0.37834558781891325,-0.40632310432072094,-0.4817159193168341,False,False,34.07827728638925,-2233486.0,-8865675.0,1090961926.7819824,0.08499999999999996,0.6050000000000004,33.66768223094904,88.57142857142857,91.42857142857143,90.0,28.68217054263566,24.462365591397848,False,60.06082183652276,4.7915448375330785,Pulled back,2.8736537528425563,13.445272969374168,39.410652463382156,39.49579831932773,69.41176470588235,9.165526675786593,17.466666666666665,43.846033932128684,100.0,42.535343944225,100.0,GREEN,Mid,10000000.0,GREEN,46.846033932128684,45.535343944225,Hold,Hold,High,High,ttm(Jun 2026),ttm(Jun 2026),Jun 2026,False,False,Hold
SCI,Services,NotCyclical,13529.999999999998,0.11659296360686856,0.16322422998661637,0.29452506596306066,12.630057803468208,-0.08060804967138235,3.1038173385658174,10.003443526170798,-0.031537510749979014,0.38868412055817236,0.3846897951993582,0.13283853460683348,False,True,44.48877871190166,-15701033.0,440128341.0,1517172732.0739594,-0.08333333333333333,-0.020000000000000018,10.003443526170798,37.5,40.0,38.75,11.162790697674419,18.27956989247312,False,78.29639519359145,80.06483649560988,Neutral,25.36821614590385,32.419973368841546,58.78482023968043,22.521008403361346,31.428571428571427,95.34883720930233,6.800000000000001,46.84139243909437,100.0,38.335551465828246,100.0,GREEN,Mid,10000000.0,GREEN,46.84139243909437,38.335551465828246,Hold,Sell,High,High,ttm(Mar 2026),ttm(Mar 2026),Mar 2026,False,False,Sell
PAGEIND,Textiles,Cyclical,45139.36915887851,0.45063910649926103,0.5857114491617472,0.18442077230359522,23.06,3.635169489249912,6.342451874366772,59.082081161198,0.06962635840170295,0.18921643425431434,-0.1554598203023423,0.08270135962762071,True,True,50.93033376711083,76389.0,-391665.0,796928972.5,0.43833333333333374,0.6300000000000008,59.082081161198,100.0,100.0,100.0,20.775193798449614,27.553763440860212,False,36.841344014241216,42.20162858645583,Neutral,56.15141106773336,35.958189081225036,92.14993342210386,64.87394957983193,70.67226890756302,17.510259917920656,28.133333333333333,46.81403528407631,100.0,60.13815842749059,100.0,GREEN,Large,50000000.0,GREEN,46.81403528407631,60.13815842749059,Hold,Hold,High,High,ttm(Mar 2026),ttm(Mar 2026),Mar 2026,False,False,Hold
HONASA,Fast Moving Consumer Goods,NotCyclical,15287.805076537092,0.10165923805301924,0.08764902001664023,0.0956768249468462,18.153846153846153,17.012912485469876,15.66731141199227,76.43902538268547,0.37155362831076766,0.6379791153432601,0.5597213524329769,-0.02539649599873972,True,True,70.68238720091067,114738235.0,207019002.0,333481732.625,,,76.43902538268547,18.6046511627907,4.545454545454546,11.575052854122623,63.87596899224807,59.67741935483871,False,26.840100526191787,78.32668829017565,Extended,92.34657609472373,58.78482023968043,8.718242343541945,,,89.3296853625171,94.53333333333333,46.812239331812336,85.71428571428571,48.00108417020402,85.71428571428571,GREEN,Mid,10000000.0,GREEN,46.812239331812336,48.00108417020402,Hold,Hold,High,High,ttm(Mar 2026),ttm(Mar 2026),Mar 2026,False,False,Hold
STYRENIX,Chemicals,Cyclical,3916.6010976044067,0.19144973084803021,0.25983968819803654,0.23847841989758595,18.05263157894737,,15.253100905129058,20.99037825262922,0.01900270243863389,0.16840649793941553,-0.28709318054975064,-0.007350856863077571,False,True,45.060813319054866,-25489.0,-493795.0,43422131.24084473,0.36500000000000005,0.6450000000000001,20.99037825262922,70.45454545454545,75.0,72.72727272727272,,58.333333333333336,False,54.52171522814733,25.95457250945518,Neutral,26.834659408835254,26.70386151797603,87.9555259653795,61.84873949579832,71.59663865546219,17.373461012311903,26.13333333333333,46.768075656192806,85.71428571428571,56.255210913517665,100.0,GREEN,Small,2500000.0,GREEN,46.768075656192806,56.255210913517665,Hold,Hold,High,High,ttm(Mar 2026),ttm(Mar 2026),Mar 2026,False,False,Hold
BLUEDART,Services,NotCyclical,11629.563359667238,0.2087691023609466,0.3561142284812526,0.642656162070906,11.05813953488372,5.89127894978505,7.342657342657333,47.078736955440206,-0.10794308647100925,-0.09186941035172513,-0.2578394529756842,-0.4114077827637215,True,False,50.53741205174115,-29925.0,6355195.0,44180621.5,0.6216666666666667,0.8900000000000006,47.078736955440206,79.16666666666666,96.0,87.58333333333333,27.906976744186046,31.451612903225808,False,40.58744993324433,7.280067831252912,Neutral,15.703523752090844,32.419973368841546,58.78482023968043,71.59663865546219,76.1344537815126,37.34610123119015,26.0,46.73943318049194,100.0,46.26501263709983,100.0,GREEN,Small,2500000.0,GREEN,46.73943318049194,46.26501263709983,Hold,Hold,High,High,ttm(Mar 2026),ttm(Mar 2026),Mar 2026,False,False,Hold
SYNGENE,Healthcare,NotCyclical,16914.73257826788,0.10462073212364983,0.1986732552983987,0.0946476544740649,18.79591836734694,5.402808311668128,2.6077408729069385,53.35877784942549,-0.03634580034618318,-0.33250769227033083,-0.3282969654029583,-0.42407729951075335,False,False,40.0980159478472,-987820.0,57332211.0,341748471.75,2.858333333333333,0.6150000000000002,53.35877784942549,25.71428571428571,54.285714285714285,40.0,25.891472868217054,16.397849462365592,False,61.92904264509542,4.599257892435637,Neutral,6.9388682017724,66.50785619174435,90.47589880159788,95.12605042016806,69.74789915966386,69.90424076607387,20.933333333333334,46.68866093165087,100.0,38.63504688046427,100.0,GREEN,Mid,10000000.0,GREEN,46.68866093165087,38.63504688046427,Hold,Sell,High,High,ttm(Mar 2026),ttm(Mar 2026),Mar 2026,False,False,Sell
PTCIL,Capital Goods,Cyclical,26430.558015943316,0.06082249275782727,0.0927385938800769,0.17319177173191772,14.666666666666666,40.160100135512366,95.7792207792208,259.0848708487085,0.08849063623961295,-0.022008023178069935,0.22465638735784554,0.18688767157081876,True,True,50.199590229731896,251199.0,331322.0,207616549.0,0.34,1.02,259.0848708487085,12.149532710280374,4.62962962962963,8.389581169955001,91.16279069767442,99.05913978494624,True,7.290832220738762,67.43753818519997,Neutral,51.147501294487135,85.89161118508655,77.5027962716378,60.252100840336134,78.82352941176471,19.835841313269494,31.333333333333336,46.577388231356366,100.0,48.97647578937335,100.0,GREEN,Mid,10000000.0,GREEN,46.577388231356366,48.97647578937335,Hold,Hold,High,High,ttm(Mar 2026),ttm(Mar 2026),Mar 2026,False,False,Hold
PRIVISCL,Chemicals,Cyclical,14049.113417178361,0.1503241897778803,0.17788293677792083,0.7230878186968839,7.482758620689655,16.82720647539209,22.02664129400571,44.318969770278734,0.20269533030126197,0.368751006976604,0.5138346826477256,1.4048265394197537,True,True,61.981203415524675,772837.0,-3526777.0,220323623.73901367,0.030000000000000027,-0.15499999999999997,44.318969770278734,54.54545454545454,54.54545454545454,54.54545454545454,63.410852713178286,74.46236559139786,False,29.73714953271028,93.51170303510145,Neutral,77.61669447326234,26.70386151797603,87.9555259653795,33.27731092436974,23.361344537815125,12.99589603283174,35.06666666666667,46.4715113509717,100.0,60.03428495477651,100.0,GREEN,Mid,10000000.0,GREEN,46.4715113509717,60.03428495477651,Hold,Hold,High,High,ttm(Mar 2026),ttm(Mar 2026),Mar 2026,False,False,Hold
GLENMARK,Healthcare,NotCyclical,64541.18663473244,0.026239017394304814,0.21676157134776464,0.05650684931506849,21.875598086124402,13.6050885183163,27.48085872992043,47.38706801375363,0.025193863989798837,0.13878097696857372,0.051079300806660566,0.692625679436518,True,True,57.79193924387456,-934349.0,11121278.0,1369281936.0217285,0.0033333333333329662,1.1150000000000002,47.38706801375363,8.571428571428571,64.28571428571429,36.42857142857143,52.86821705426357,81.98924731182797,False,40.211214953271025,62.17581822035485,Neutral,39.4405243854717,66.50785619174435,90.47589880159788,30.42016806722689,80.67226890756302,44.73324213406293,21.2,46.389119430369675,100.0,54.65073846952028,100.0,GREEN,Large,50000000.0,GREEN,46.389119430369675,54.65073846952028,Hold,Hold,High,High,ttm(Mar 2026),ttm(Mar 2026),Mar 2026,False,False,Hold
POLYMED,Healthcare,NotCyclical,17400.462061868213,0.13638514956990222,0.17343174637820574,0.11397295556986478,24.555555555555557,18.916504520257725,12.335329341317358,54.18999531839808,0.1829292682906385,0.005369099020644974,-0.2222960179722655,-0.18378911663144804,True,True,62.780649875797394,910469.0,6934385.0,190386971.57531738,0.2066666666666667,-0.1200000000000001,54.18999531839808,37.142857142857146,32.857142857142854,35.0,68.9922480620155,50.0,False,38.35997015628682,21.910513592775974,Neutral,54.8871932283827,66.50785619174435,90.47589880159788,52.10084033613446,25.210084033613445,38.57729138166895,36.4,46.30421169502301,100.0,48.20080525839876,100.0,GREEN,Mid,10000000.0,GREEN,46.30421169502301,48.20080525839876,Hold,Hold,High,High,ttm(Mar 2026),ttm(Mar 2026),Mar 2026,False,False,Hold
MIDHANI,Capital Goods,Cyclical,7692.984330484332,0.12266389841883239,0.15772510602795725,0.26566579634464754,9.52,11.507292783354872,12.569832402234638,58.725071225071225,0.0890239421311565,0.2107373262802783,0.0005947893490190204,-0.2121134496236069,False,True,45.8013388450333,17887245.0,104886684.0,362898699.20654297,-0.22999999999999998,-0.36499999999999994,58.725071225071225,33.64485981308411,35.18518518518518,34.41502249913465,46.04651162790698,51.20967741935484,False,32.571558826402686,41.9927908305038,Neutral,32.50796135359191,85.89161118508655,77.5027962716378,15.042016806722689,15.46218487394958,80.43775649794802,74.66666666666667,46.175865994425514,100.0,43.34872041717845,100.0,GREEN,Small,2500000.0,GREEN,46.175865994425514,43.34872041717845,Hold,Hold,High,High,ttm(Mar 2026),ttm(Mar 2026),Mar 2026,False,False,Hold
KAJARIACER,Consumer Durables,NotCyclical,19841.096580685593,0.14548303410232638,0.23764149203017,0.07469015003261578,37.608695652173914,3.297922178540702,3.80399742101869,40.741471418245574,0.04599065018689963,0.24860496110792285,0.06335356279710358,-0.12140980339642715,True,True,71.21323964879397,4074363.0,6528919.0,252046509.07763672,0.3866666666666667,0.3949999999999996,40.741471418245574,48.78048780487805,70.73170731707317,59.75609756097561,18.91472868217054,20.56451612903226,False,61.25622041509892,57.2798757333338,Extended,57.307402322383474,25.229560585885487,54.25752330226364,62.60504201680672,60.84033613445378,37.893296853625166,53.86666666666666,46.16862673701875,100.0,51.56585702771384,100.0,GREEN,Mid,10000000.0,GREEN,46.16862673701875,51.56585702771384,Hold,Hold,High,High,ttm(Mar 2026),ttm(Mar 2026),Mar 2026,False,False,Hold
LTTS,Information Technology,NotCyclical,36941.79762554832,0.2220209124823629,0.2951046904360857,0.08929399042175189,30.234375,11.120741569760128,10.121881546372125,27.951168188674608,-0.014851418776049119,-0.18488015451876938,-0.1985736139666755,-0.2997662661691034,True,False,60.38545543324782,1242399.0,6266206.0,339916207.8352051,0.7199999999999999,0.7799999999999994,27.951168188674608,65.71428571428571,60.0,62.857142857142854,45.11627906976744,40.99462365591398,False,48.810535259133395,18.389403813342124,Neutral,28.93182482704559,13.445272969374168,39.410652463382156,75.29411764705883,73.94957983193278,37.07250341997264,38.93333333333333,46.14380044768012,100.0,45.983699576796816,100.0,GREEN,Large,50000000.0,GREEN,46.14380044768012,45.983699576796816,Hold,Hold,High,High,ttm(Jun 2026),ttm(Jun 2026),Jun 2026,False,False,Hold
STARHEALTH,Financial Services,NotCyclical,35460.96236521994,0.09893344919757845,0.12909842303954103,0.051158905825850906,10.75,13.796591352262922,10.707409477672192,63.66420532355464,0.19044330117935426,0.3421638647155527,0.4192562187828801,0.04064908918707921,True,True,68.99998167946956,14183257.0,26323745.0,267227186.63165283,-0.056666666666666234,0.029999999999998694,63.66420532355464,27.73109243697479,50.0,38.865546218487395,53.48837209302325,42.60752688172043,False,32.457260086619556,75.1419687640519,Neutral,80.75013957309987,47.73288948069241,28.957922769640476,23.865546218487395,35.79831932773109,59.23392612859097,71.33333333333334,45.9970141735679,100.0,48.43540605343999,100.0,N/A-financial-sector,Mid,10000000.0,GREEN,45.9970141735679,48.43540605343999,Hold,Hold,High,High,ttm(Mar 2026),ttm(Mar 2026),Mar 2026,False,False,Hold
GRAPHITE,Capital Goods,Cyclical,12488.527962675062,0.12879820194792174,0.1261413226206153,0.06280935313193378,8.08,-3.573748541095101,11.406249999999996,73.11383656093052,-0.07959258786661394,0.09310860825888279,0.18706841109587935,0.21216260154521627,False,True,56.491805378033085,-4903477.0,92659263.0,583723564.0,-0.05333333333333323,0.6200000000000006,73.11383656093052,37.38317757009346,14.814814814814813,26.098996192454138,5.736434108527131,45.564516129032256,False,55.58633733867379,65.806410365233,Neutral,15.209152795530025,85.89161118508655,77.5027962716378,24.03361344537815,70.08403361344537,78.38577291381668,12.4,45.758990148227575,100.0,42.871662582821,100.0,GREEN,Mid,10000000.0,GREEN,45.758990148227575,42.871662582821,Hold,Hold,High,High,ttm(Mar 2026),ttm(Mar 2026),Mar 2026,False,False,Hold
TATACAP,Financial Services,NotCyclical,149620.9176753323,0.13218467537275713,,5.154070908377306,,,,29.858974880642364,0.04283583911497191,0.002007779203458293,,,True,,50.6437106229492,66609969.0,24302302.0,617201867.5846252,,,29.858974880642364,46.21848739495798,,46.21848739495798,,,False,38.63354529202779,,Neutral,46.908999001984235,47.73288948069241,28.957922769640476,,,58.00273597811218,90.13333333333333,45.724946870545914,57.14285714285714,45.19457809939183,71.42857142857143,N/A-financial-sector,Large,50000000.0,GREEN,45.724946870545914,45.19457809939183,Hold,Hold,Med,High,annual,ttm(Mar 2026),Mar 2026,False,False,Hold
AURIONPRO,Information Technology,NotCyclical,4742.0168271412185,0.15139050112622435,0.18818721179025957,0.035097813578826235,28.2,28.888410068501603,20.375106564364877,22.362100495987562,-0.057665612204017,-0.17745849153038684,-0.47192461323553947,-0.45587010178112064,True,False,48.74275093878449,2135970.0,2673397.0,108318744.7558899,0.98,1.925,22.362100495987562,25.71428571428571,25.71428571428571,25.71428571428571,83.72093023255815,71.37096774193549,False,56.7227414330218,4.001852404455878,Neutral,23.940539720936364,13.445272969374168,39.410652463382156,80.16806722689076,87.56302521008404,28.317373461012313,44.666666666666664,45.6737780824274,100.0,45.887998365473614,100.0,GREEN,Small,2500000.0,GREEN,45.6737780824274,45.887998365473614,Hold,Hold,High,High,ttm(Mar 2026),ttm(Mar 2026),Mar 2026,False,False,Hold
DABUR,Fast Moving Consumer Goods,NotCyclical,75153.75213623047,0.17447852366695402,0.20417270316590352,0.11270689202206849,16.896551724137932,4.593513421412743,5.014725782058416,40.173060075494035,-0.027733755176484465,-0.17737760320120954,-0.17858725968416722,-0.29396237808973225,False,False,44.794471445879736,-5519148.0,5253563.0,707202824.9590454,0.6483333333333334,0.054999999999999716,40.173060075494035,51.162790697674424,54.54545454545454,52.854122621564485,24.031007751937985,23.790322580645164,False,66.76401869158879,14.778693390791837,Neutral,15.631663966523135,58.78482023968043,8.718242343541945,72.43697478991596,38.57142857142858,34.47332421340629,11.600000000000001,45.65427703559545,100.0,33.226788009071804,100.0,GREEN,Large,50000000.0,GREEN,45.65427703559545,33.226788009071804,Hold,Sell,High,High,ttm(Mar 2026),ttm(Mar 2026),Mar 2026,False,False,Sell
IOC,Oil Gas & Consumable Fuels,Cyclical,207762.45331404314,0.1391451832815429,0.15768786944461527,0.6005065643819641,9.27563793933558,-2.3242945835953877,3.4704955118354253,4.7551979561287,-0.03452027121934842,-0.08775205952647747,0.0035819205024882894,-0.07385044601257607,True,False,52.33338266042593,89849843.0,314195090.0,1834524228.7161102,-0.19000000000000009,-0.14500000000000046,4.7551979561287,43.75,43.75,43.75,7.441860465116279,19.489247311827956,False,86.39215924262653,24.626267087870474,Neutral,29.97581206075479,45.74513981358189,57.59600532623169,16.470588235294116,24.201680672268907,93.02325581395348,92.66666666666666,45.64057335541117,100.0,48.247028413648025,100.0,GREEN,Large,50000000.0,GREEN,45.64057335541117,48.247028413648025,Hold,Hold,High,High,ttm(Mar 2026),ttm(Mar 2026),Mar 2026,False,False,Hold
GMDCLTD,Metals & Mining,Cyclical,18664.364141099,0.08981032005885081,0.09946256979078036,0.04481832320090485,63.285714285714285,-8.804694694570337,-6.877192982456137,19.502992832914313,-0.15132003701401442,0.02857902958859504,0.5765536928889965,0.4542772627037781,False,False,41.803384817034875,2065202.0,206069052.0,1068002091.6221008,-0.45,-1.29,19.502992832914313,29.166666666666668,16.666666666666664,22.916666666666664,2.945736434108527,6.048387096774194,False,74.62483311081442,43.037224365345416,Neutral,13.78632818496318,94.9462050599201,6.26444740346205,7.899159663865546,4.873949579831933,89.19288645690835,44.4,46.62973842994139,100.0,25.154772133268107,100.0,GREEN,Mid,10000000.0,GREEN,45.62973842994139,24.154772133268107,Hold,Sell,High,High,ttm(Mar 2026),ttm(Mar 2026),Mar 2026,False,False,Sell
SAREGAMA,Media Entertainment & Publication,NotCyclical,9389.878723030872,0.13081454058881276,0.17476827717332694,0.04314420803782506,67.4,10.151288292632742,-15.969257045260466,45.58193554869355,0.43352851476711196,0.38702357518495156,-0.011159181894646375,-0.0888055867777533,True,True,57.39642168621281,28434974.0,171952039.0,303610176.66238403,-0.11333333333333313,-0.3149999999999993,45.58193554869355,62.5,75.0,68.75,40.775193798449614,2.6881720430107525,True,37.14508233199822,51.2336528365031,Neutral,92.90480227582316,30.089747003994674,42.34007989347536,20.0,17.647058823529413,87.68809849521205,81.86666666666666,48.627984377410414,100.0,51.02019549179895,100.0,GREEN,Small,2500000.0,GREEN,45.627984377410414,48.02019549179895,Hold,Hold,High,High,ttm(Mar 2026),ttm(Mar 2026),Mar 2026,False,False,Hold
VMM,Consumer Services,NotCyclical,52418.85512881808,0.08908419372016568,0.18252443155721124,0.26817752596789424,11.017543859649123,19.37854301537463,20.4273982829414,62.47777726915148,-0.05185061541380831,-0.12257157922218864,-0.15835950311296665,,False,False,37.427450360539105,-31387129.0,-862859285.0,1042906312.7073479,,,62.47777726915148,54.347826086956516,56.52173913043478,55.43478260869565,71.0077519379845,71.50537634408603,False,55.34045393858479,20.75311729240888,Neutral,14.092037572641742,7.985885486018644,14.776830892143808,,,1.094391244870041,4.133333333333333,45.51880333054737,85.71428571428571,40.57753888507751,85.71428571428571,GREEN,Large,50000000.0,GREEN,45.51880333054737,40.57753888507751,Hold,Hold,High,High,ttm(Mar 2026),ttm(Mar 2026),Mar 2026,False,False,Hold
MEDPLUS,Consumer Services,NotCyclical,9725.082113964309,0.06822735537818567,0.14939343764290963,0.7210126582278481,5.058333333333334,14.777558569885695,12.320730117340295,44.15666005496895,-0.07843469644952417,-0.010579701121819607,-0.053914947949335046,0.1725612169590498,False,False,37.71814052308998,-1289664.0,10425923.0,89108012.83044434,0.9416666666666668,2.6099999999999994,44.15666005496895,45.65217391304348,45.65217391304348,45.65217391304348,55.96899224806201,49.865591397849464,False,45.23248389156557,28.543720911536557,Neutral,14.813693194067815,7.985885486018644,14.776830892143808,79.83193277310924,90.92436974789916,43.912448700410394,19.733333333333334,45.51143423467881,100.0,38.18013399701167,100.0,GREEN,Small,2500000.0,GREEN,45.51143423467881,38.18013399701167,Hold,Sell,High,High,ttm(Mar 2026),ttm(Mar 2026),Mar 2026,False,False,Sell
DATAMATICS,Information Technology,NotCyclical,5043.829956797659,0.1534330314839059,0.1963179633682561,0.14313471502590674,19.57894736842105,10.844510984550059,15.322112594312243,25.865794650244407,0.16839645053870278,0.15529427498208226,0.16719835886604173,0.29754703493288814,True,True,56.017313614293116,1643690.0,10823632.0,61403988.949798584,0.29833333333333334,0.385,25.865794650244407,31.428571428571427,31.428571428571427,31.428571428571427,43.87596899224806,58.87096774193549,False,57.153983088562526,75.52737475563983,Neutral,71.59826863857069,13.445272969374168,39.410652463382156,58.15126050420169,60.50420168067227,44.322845417236664,41.199999999999996,45.46652843192839,100.0,53.41594975144404,100.0,GREEN,Small,2500000.0,GREEN,45.46652843192839,53.41594975144404,Hold,Hold,High,High,ttm(Mar 2026),ttm(Mar 2026),Mar 2026,False,False,Hold
AGARWALEYE,Healthcare,NotCyclical,19685.999755859375,0.09407014916681818,0.17305546162586366,0.5261599210266535,6.333333333333333,26.893249496672887,21.566335476329623,116.90023607992504,0.10832115173020007,-0.024479694952459163,0.13976379761374869,,True,True,60.39178107695005,553905.0,360631.0,29862100.792938232,,,116.90023607992504,21.428571428571427,31.428571428571427,26.428571428571427,81.3953488372093,73.25268817204301,False,18.6609597109872,58.33473084018112,Neutral,42.17834927884646,66.50785619174435,90.47589880159788,,,20.109439124487004,33.46666666666667,45.445937912495644,85.71428571428571,46.216704925867454,85.71428571428571,GREEN,Mid,10000000.0,GREEN,45.445937912495644,46.216704925867454,Hold,Hold,High,High,ttm(Mar 2026),ttm(Mar 2026),Mar 2026,False,False,Hold
DELHIVERY,Services,NotCyclical,37248.74954223633,-0.026024923767486174,0.01489960096228182,0.15102714978837617,4.444444444444445,13.29934632460521,17.644424540976257,242.26828970560214,0.06921419568672627,0.2514803735871345,0.20765955962670968,0.25909488788610413,True,True,54.13218956839574,57178137.0,108154820.0,1327384468.5065765,13.065999999999999,-0.23999999999999755,242.26828970560214,12.5,16.0,14.25,51.93798449612403,65.32258064516128,False,25.683689363595903,71.05045323780057,Neutral,61.57994343632283,32.419973368841546,58.78482023968043,99.07563025210084,19.327731092436977,80.71135430916553,88.26666666666667,45.433983201370665,100.0,45.16422385175176,100.0,GREEN,Large,50000000.0,GREEN,45.433983201370665,45.16422385175176,Hold,Hold,High,High,ttm(Mar 2026),ttm(Mar 2026),Mar 2026,False,False,Hold
ENTERO,Consumer Services,NotCyclical,6656.142343587486,0.05763023046519842,0.07815957224999313,0.40082889283599765,4.925925925925926,25.934809799690363,29.356357927786505,45.59001605196908,-0.05688127107470298,-0.0192823624136651,-0.029234056684591003,0.0685223388893128,True,True,53.02932035324017,-582287.0,1076592.0,98998754.12493896,,,45.59001605196908,39.130434782608695,26.08695652173913,32.608695652173914,80.31007751937985,83.60215053763442,False,40.734892900679164,56.54186129735899,Neutral,30.286439945352317,7.985885486018644,14.776830892143808,,,23.666210670314637,22.8,45.41992205105731,85.71428571428571,40.75321165256822,85.71428571428571,GREEN,Small,2500000.0,GREEN,45.41992205105731,40.75321165256822,Hold,Hold,High,High,ttm(Mar 2026),ttm(Mar 2026),Mar 2026,False,False,Hold
LLOYDSENT,Metals & Mining,Cyclical,17388.900736758584,0.050616548074400164,0.018805692628050208,0.19261404779145547,2.4375,66.56367906448925,18.157363819771355,42.5967759983514,0.2034578320680891,0.2990955849313026,-0.14383058508340385,,True,True,60.17799498886905,59346185.0,79440759.0,230520580.83154297,,,42.5967759983514,8.333333333333332,8.333333333333332,8.333333333333332,97.05426356589147,66.39784946236558,True,39.57943925233645,24.496213971665853,Neutral,84.4822005011131,94.9462050599201,6.26444740346205,,,76.1969904240766,88.8,54.515630004138416,85.71428571428571,47.500542124090046,85.71428571428571,AMBER,Mid,10000000.0,GREEN,45.33828550351765,39.375460805476536,Hold,Sell,High,High,ttm(Mar 2026),ttm(Mar 2026),Mar 2026,False,False,Sell
SUNTECK,Realty,Cyclical,4521.055857340495,0.03268308550393075,0.0491649148295948,0.21434505677097757,4.552238805970149,45.88789128911947,31.65298944900352,22.365397544362438,-0.045788705075133995,-0.2590963429418104,-0.28767983714042344,-0.435966990527064,True,False,47.2243369008248,1673615.0,25451193.0,88322804.79057312,-0.29166666666666635,-0.9799999999999986,22.365397544362438,35.294117647058826,41.17647058823529,38.23529411764706,93.1782945736434,85.61827956989248,False,64.87983978638184,11.673569816215489,Neutral,16.73769702887177,5.798402130492676,68.91424766977363,11.932773109243698,7.563025210084033,58.96032831737345,41.46666666666667,45.28259284100911,100.0,47.388372139901136,100.0,GREEN,Small,2500000.0,GREEN,45.28259284100911,47.388372139901136,Hold,Hold,High,High,ttm(Mar 2026),ttm(Mar 2026),Mar 2026,False,False,Hold
NTPC,Power,NotCyclical,338104.94753601734,0.12872333079658094,0.12365522858732574,1.3338435642004962,3.8274038113180207,2.0713570070144183,-0.4002381230798657,12.2741939859151,-0.1395728336506753,0.021117009756727922,0.02564233337199573,-0.0482876831414456,False,False,34.14899645189914,-63666716.0,1582809.0,3936826518.5975494,0.034999999999999844,-0.20500000000000007,12.2741939859151,52.38095238095239,76.19047619047619,64.28571428571429,16.27906976744186,11.424731182795698,False,91.39519359145528,28.6393721277403,Pulled back,12.6993860690958,35.61571238348868,2.060452729693742,33.61344537815126,21.428571428571427,25.03419972640219,1.0666666666666667,46.20193559172465,100.0,33.80909594559919,100.0,GREEN,Large,50000000.0,GREEN,45.20193559172465,32.80909594559919,Hold,Sell,High,High,ttm(Mar 2026),ttm(Mar 2026),Mar 2026,False,False,Sell
GICRE,Financial Services,NotCyclical,63992.329013356284,0.13294874526310496,0.14370074643275918,0.0,8797.0,4.345503503490078,6.7879960497410075,6.623093460293551,-0.07855520733260557,-0.0047742465101060505,-0.0010301608052017963,-0.07856152884388579,False,False,47.51329793173778,-8043354.0,1124587.0,147972835.21871948,0.0883333333333332,0.09499999999999997,6.623093460293551,48.739495798319325,52.083333333333336,50.411414565826334,23.410852713178297,29.166666666666668,False,89.60489692471317,22.69426463063586,Neutral,12.27474917835974,47.73288948069241,28.957922769640476,40.168067226890756,43.19327731092437,23.93980848153215,9.333333333333334,45.196534285062654,100.0,39.09564494268491,100.0,N/A-financial-sector,Large,50000000.0,GREEN,45.196534285062654,39.09564494268491,Hold,Sell,High,High,ttm(Mar 2026),ttm(Mar 2026),Mar 2026,False,False,Sell
CENTURYPLY,Consumer Durables,NotCyclical,17888.20670655536,0.13223704930427932,0.176674509288361,0.6762452107279694,5.752212389380531,13.956443017668274,19.218025182239895,66.8035573418316,0.061058469718788366,0.039391377241175585,0.07520039567160164,0.06501900796076798,True,True,59.9762704662032,2159048.0,1865341.0,26054985.32836914,0.34000000000000014,0.2999999999999998,66.8035573418316,41.46341463414634,46.34146341463415,43.90243902439025,54.10852713178295,68.14516129032258,False,33.175749484160704,66.7540638314787,Neutral,50.8885518151683,25.229560585885487,54.25752330226364,60.588235294117645,56.134453781512605,26.265389876880985,44.800000000000004,45.14085169256435,100.0,50.319163147616635,100.0,GREEN,Mid,10000000.0,GREEN,45.14085169256435,50.319163147616635,Hold,Hold,High,High,ttm(Mar 2026),ttm(Mar 2026),Mar 2026,False,False,Hold
EQUITASBNK,Financial Services,NotCyclical,8860.288679334852,0.07154088429879742,,0.942530612244898,,,7.636248415716107,86.022220187717,0.21120150792743297,0.13836194290754067,0.21424090663438444,-0.1483278887531393,True,True,51.12080445638369,67420720.0,147589325.0,210402755.1672516,6.963333333333332,-1.7850000000000001,86.022220187717,15.126050420168067,,15.126050420168067,,32.39247311827957,False,28.37562363853559,59.8828065583396,Neutral,79.03539430183638,47.73288948069241,28.957922769640476,99.07563025210084,2.689075630252101,85.22571819425444,90.26666666666667,45.13402154421047,85.71428571428571,39.33666610112427,100.0,N/A-financial-sector,Small,2500000.0,GREEN,45.13402154421047,39.33666610112427,Hold,Sell,High,High,ttm(Mar 2026),ttm(Mar 2026),Mar 2026,False,False,Sell
SRF,Chemicals,Cyclical,85638.27474720738,0.1641051273234973,0.18947728596727884,0.3619854721549637,12.266187050359711,2.014728985769376,7.453035665668395,46.669359535262885,0.17208224184291443,-0.04769272204185271,-0.08926116676510598,0.22707248719200113,True,True,63.853885012405485,2002933.0,4623772.0,1089095392.067871,0.933333333333333,0.2400000000000002,46.669359535262885,63.63636363636363,56.81818181818182,60.22727272727273,15.968992248062017,31.72043010752688,False,54.52057288505886,53.829163048710576,Neutral,55.85905594320389,26.70386151797603,87.9555259653795,79.32773109243698,54.45378151260504,32.69493844049248,44.13333333333333,45.117779053343256,100.0,57.27361401353785,100.0,GREEN,Large,50000000.0,GREEN,45.117779053343256,57.27361401353785,Hold,Hold,High,High,ttm(Mar 2026),ttm(Mar 2026),Mar 2026,False,False,Hold
ADANIENSOL,Power,NotCyclical,212788.07894736843,0.08488395853993422,0.10858927184638341,1.9340071577457034,2.2034131571703828,27.555465161981687,16.072029619656682,88.92105263157895,0.34151180502481093,0.8117962466487936,0.9329558075575217,0.6922074906714148,True,True,68.87183347550302,33308878.0,76373586.0,4246087677.5184937,-0.36166666666666697,-1.6150000000000002,88.92105263157895,28.57142857142857,57.14285714285714,42.857142857142854,82.48062015503876,61.693548387096776,False,24.876198567787352,94.12246124128949,Neutral,93.84614998578303,35.61571238348868,2.060452729693742,10.92436974789916,3.5294117647058822,75.37619699042408,83.06666666666666,53.052768921053776,100.0,49.47483819488675,100.0,AMBER,Large,50000000.0,GREEN,45.09485358289571,42.053612465653735,Hold,Hold,High,High,ttm(Mar 2026),ttm(Mar 2026),Mar 2026,False,False,Hold
ATGL,Oil Gas & Consumable Fuels,Cyclical,77894.497987888,0.20210240334797053,0.237207122181662,0.4635149023638232,9.263565891472869,10.419249610733727,17.903580716143217,118.74161278641463,0.14120604716451313,0.27454702024201416,0.09801810548134182,-0.19853975406173197,True,True,46.962762852653434,64092772.0,196952634.0,1916807499.2832336,-0.4883333333333331,-1.185,118.74161278641463,81.25,81.25,81.25,42.01550387596899,65.86021505376344,False,8.220050977060323,58.01080375212262,Neutral,77.39914855133595,45.74513981358189,57.59600532623169,6.890756302521009,6.386554621848739,88.78248974008208,89.60000000000001,45.00238467344672,100.0,54.93932066743394,100.0,GREEN,Large,50000000.0,GREEN,45.00238467344672,54.93932066743394,Hold,Hold,High,High,ttm(Mar 2026),ttm(Mar 2026),Mar 2026,False,False,Hold
APLLTD,Healthcare,NotCyclical,16413.406641421498,0.10911744052523895,0.15571039714777923,0.25198237885462554,11.925531914893616,9.119978452857946,10.070433088565856,24.468240093240095,0.10858085808580853,0.04824619347390846,-0.13056904731767982,-0.12901533306728197,True,True,62.611973802000676,2759643.0,8089747.0,88086915.92047119,0.16166666666666676,0.43000000000000016,24.468240093240095,28.57142857142857,25.71428571428571,27.14285714285714,37.05426356589147,40.32258064516129,False,76.2017984763999,29.509432982653397,Neutral,47.67025801886097,66.50785619174435,90.47589880159788,47.89915966386555,62.52100840336134,40.355677154582764,47.46666666666667,44.88224208056862,100.0,52.899017347611895,100.0,GREEN,Mid,10000000.0,GREEN,44.88224208056862,52.899017347611895,Hold,Hold,High,High,ttm(Mar 2026),ttm(Mar 2026),Mar 2026,False,False,Hold
ZYDUSWELL,Fast Moving Consumer Goods,NotCyclical,19124.88787251134,0.05133377464480265,0.05941670151045814,0.549776862341229,5.204081632653061,20.657067378716153,46.21631598375784,97.08064909904235,0.2051256576295044,0.36315262383446756,0.49051560967064556,0.46491802002630345,True,True,65.00846824490876,20744186.0,152878014.0,200075847.64570618,-0.6716666666666669,-1.2050000000000005,97.08064909904235,2.3255813953488373,2.272727272727273,2.299154334038055,73.17829457364341,92.06989247311827,True,33.312652163669206,87.2226935561841,Neutral,83.2843383606943,58.78482023968043,8.718242343541945,5.546218487394958,5.966386554621849,85.63611491108071,77.33333333333333,44.859486661994254,100.0,46.797826386601315,100.0,GREEN,Mid,10000000.0,GREEN,44.859486661994254,46.797826386601315,Hold,Hold,High,High,ttm(Mar 2026),ttm(Mar 2026),Mar 2026,False,False,Hold
LAURUSLABS,Healthcare,NotCyclical,84220.16878927608,0.12093777940277955,0.18839631279259972,0.4750943396226415,10.43859649122807,4.09020193538816,22.66834713719841,94.62940313401806,0.3803901938853016,0.4732596379782359,0.9747370154383272,2.2961248986821103,True,True,66.08073178358623,25299798.0,61153206.0,2690867780.8573,0.776666666666667,1.4399999999999995,94.62940313401806,31.428571428571427,42.857142857142854,37.14285714285714,22.635658914728683,75.40322580645162,True,10.436315086782376,98.42858631056767,Neutral,88.81383605481821,66.50785619174435,90.47589880159788,76.63865546218489,84.36974789915966,71.40902872777018,80.53333333333333,44.82429166095597,100.0,63.45531157557272,100.0,GREEN,Large,50000000.0,GREEN,44.82429166095597,63.45531157557272,Hold,Hold,High,High,ttm(Mar 2026),ttm(Mar 2026),Mar 2026,False,False,Hold
DEEPAKNTR,Chemicals,Cyclical,23779.282133406763,0.2253427081184865,0.2834779449894207,0.2806236080178174,20.142857142857142,-0.35668130674066933,-4.769379376962091,43.156591893660185,0.1324361722095393,0.10639649037976162,-0.11835459939791082,-0.34760314730796715,True,True,64.6020814164733,1403736.0,4908859.0,257548321.51989746,0.9400000000000003,0.8250000000000002,43.156591893660185,86.36363636363636,86.36363636363636,86.36363636363636,11.007751937984496,7.258064516129033,False,50.35005006675567,34.408287429319046,Neutral,59.858310376871195,26.70386151797603,87.9555259653795,79.49579831932773,74.95798319327731,33.65253077975376,40.13333333333333,45.814719823465175,100.0,59.11573160288939,100.0,GREEN,Mid,10000000.0,GREEN,44.814719823465175,58.11573160288939,Hold,Hold,High,High,ttm(Mar 2026),ttm(Mar 2026),Mar 2026,False,False,Hold
DYNAMATECH,Capital Goods,Cyclical,6597.221678732146,0.06617292551983248,0.13971815608194826,0.8035264483627204,3.1551724137931036,7.195291232809908,15.538132573057739,206.1631774603796,0.0202856451222464,0.1560952675247218,0.45764701177909894,0.454968918763482,False,True,50.26333983713795,-97996.0,970080.0,171329412.0,1.6600000000000001,0.4500000000000002,206.1631774603796,14.953271028037381,20.37037037037037,17.661820699203876,31.627906976744185,59.13978494623656,False,19.935849425249927,81.76074843019201,Neutral,25.485570778190965,85.89161118508655,77.5027962716378,89.07563025210085,63.69747899159663,22.98221614227086,25.466666666666665,44.75017875257904,100.0,39.426152224048096,100.0,GREEN,Small,2500000.0,GREEN,44.75017875257904,39.426152224048096,Hold,Sell,High,High,ttm(Mar 2026),ttm(Mar 2026),Mar 2026,False,False,Sell
KOTAKBANK,Financial Services,NotCyclical,375166.01765216043,0.13013344501379448,,0.5263814242989416,,,5.676803816338705,18.487744798847274,-0.0054061662567342905,-0.11575071834582873,-0.14981351683886357,0.019853911547447645,False,False,41.095098455397974,-10573604.0,-180308799.0,5750366331.061188,0.5849999999999996,0.11999999999999922,18.487744798847274,43.69747899159664,,43.69747899159664,,25.806451612903224,False,67.9570500780702,16.78959944557899,Neutral,16.61776288173293,47.73288948069241,28.957922769640476,70.92436974789916,45.04201680672269,1.094391244870041,8.533333333333333,44.73878173243128,85.71428571428571,34.85829528988068,100.0,N/A-financial-sector,Large,50000000.0,GREEN,44.73878173243128,34.85829528988068,Hold,Sell,High,High,ttm(Jun 2026),ttm(Jun 2026),Jun 2026,False,False,Sell
ZENSARTECH,Information Technology,NotCyclical,12096.145652289259,0.15522051039200097,0.19706770654446423,0.016740834922653103,76.33333333333333,5.464639470771404,7.687937890551022,15.598767602202267,-0.10613064819019025,-0.25243928247786984,-0.3485894121429036,-0.25580832652796104,True,False,60.7022687336063,161880586.0,157460245.0,292985112.875,0.305,3.455000000000001,15.598767602202267,37.142857142857146,34.285714285714285,35.714285714285715,26.2015503875969,32.66129032258064,False,90.78252484794541,9.280816052647834,Neutral,14.581624978491222,13.445272969374168,39.410652463382156,58.31932773109244,94.78991596638654,86.593707250342,96.13333333333334,44.72668168104782,100.0,47.26875597945268,100.0,GREEN,Mid,10000000.0,GREEN,44.72668168104782,47.26875597945268,Hold,Hold,High,High,ttm(Mar 2026),ttm(Mar 2026),Mar 2026,False,False,Hold
BAYERCROP,Chemicals,Cyclical,18968.95358796768,0.21929762244092604,0.2884129376984863,0.027646662171274445,43.7,3.3556562757084185,3.7097953216374213,27.53113728297196,-0.13009703248373816,-0.046501628670242434,-0.30070524314308755,-0.33447468384000856,False,False,52.17363279625436,-157615.0,-234676.0,83264991.74072266,0.12166666666666666,0.30499999999999994,27.53113728297196,81.81818181818183,88.63636363636364,85.22727272727273,19.069767441860467,20.43010752688172,False,61.44901535380507,7.671502604162678,Neutral,7.293747831485674,26.70386151797603,87.9555259653795,43.529411764705884,56.470588235294116,17.920656634746923,24.53333333333333,41.68818096936249,100.0,48.035043512312065,100.0,GREEN,Mid,10000000.0,GREEN,44.68818096936249,51.035043512312065,Hold,Hold,High,High,ttm(Mar 2026),ttm(Mar 2026),Mar 2026,False,False,Hold
DMART,Consumer Services,NotCyclical,257554.27370414697,0.13281659010234248,0.20635793029751592,0.09912524525833878,36.528169014084504,17.118051634011078,15.583383347661762,84.16915002862697,-0.14207857752519493,0.032402206267286404,-0.02787757742958885,-0.18564168948107151,False,False,37.16137392713715,-3552893.0,833701.0,1578334751.790039,0.05333333333333338,0.1299999999999999,84.16915002862697,69.56521739130434,73.91304347826086,71.7391304347826,64.18604651162791,59.40860215053764,False,30.278319811030094,25.346200050153055,Neutral,12.162123476851502,7.985885486018644,14.776830892143808,36.30252100840336,45.63025210084034,21.751025991792066,14.933333333333335,44.58514846790174,100.0,37.98834097201584,100.0,GREEN,Large,50000000.0,GREEN,44.58514846790174,37.98834097201584,Hold,Sell,High,High,ttm(Jun 2026),ttm(Jun 2026),Jun 2026,False,False,Sell
KRBL,Fast Moving Consumer Goods,NotCyclical,8218.452564106103,0.11862119801630182,0.15216722515080922,0.029275012915446874,112.75,4.3612401395846545,9.029143572322539,12.678318778000309,0.022788777319992404,0.006306054027405361,-0.09168918397282488,0.157865005715343,False,False,44.409026641014776,3275775.0,16940715.0,150861579.42352295,0.18999999999999995,-0.44499999999999984,12.678318778000309,27.906976744186046,27.27272727272727,27.58985200845666,23.565891472868216,36.424731182795696,False,89.96172674677348,25.21221832903773,Neutral,25.94428252108371,58.78482023968043,8.718242343541945,50.42016806722689,13.529411764705882,52.39398084815321,49.86666666666667,44.51658433206333,100.0,36.69427768614242,100.0,GREEN,Small,2500000.0,GREEN,44.51658433206333,36.69427768614242,Hold,Sell,High,High,ttm(Mar 2026),ttm(Mar 2026),Mar 2026,False,False,Sell
MANAPPURAM,Financial Services,NotCyclical,30226.994949512267,0.12612063508951393,,3.6033268955205284,,,-5.367456681935867,28.56766310224215,0.2100156100971875,0.05881684672293752,0.24535756132957043,0.6133378373435912,True,True,50.52609937249101,5686962.0,30055084.0,876027488.9039917,-1.05,-2.1900000000000013,28.56766310224215,40.33613445378151,,40.33613445378151,,6.854838709677419,False,45.30626200788043,77.29800208774999,Neutral,74.73049382767283,47.73288948069241,28.957922769640476,3.361344537815126,1.0924369747899159,61.14911080711354,59.46666666666667,45.417472104712154,85.71428571428571,39.58085181156302,100.0,N/A-financial-sector,Mid,10000000.0,GREEN,44.417472104712154,38.58085181156302,Hold,Sell,High,High,ttm(Mar 2026),ttm(Mar 2026),Mar 2026,False,False,Sell
ICICIGI,Financial Services,NotCyclical,80941.80426814534,0.16564537995958883,0.19924355283721298,0.0,23.84285714285714,14.72699872337586,11.844071904665721,33.31555290989178,-0.13137994484966542,-0.13552609602933274,-0.1873264873806283,-0.10488359766249888,False,False,31.06758356200271,-15191004.0,-24987090.0,916638467.7712402,0.028333333333333616,0.34999999999999964,33.31555290989178,70.58823529411765,60.416666666666664,65.50245098039215,55.81395348837209,47.58064516129033,False,42.770926206693666,13.530538971341613,Pulled back,6.470835766848397,47.73288948069241,28.957922769640476,32.94117647058823,58.73949579831933,6.019151846785226,7.199999999999999,44.27395758034257,100.0,37.58615340327889,100.0,N/A-financial-sector,Large,50000000.0,GREEN,44.27395758034257,37.58615340327889,Hold,Sell,High,High,ttm(Jun 2026),ttm(Jun 2026),Jun 2026,False,False,Sell
TATATECH,Information Technology,NotCyclical,31111.13249054635,0.18704066525397395,0.2359694030977844,0.23910272750446088,25.08823529411765,7.646841789781145,15.224577095080694,55.79810406654292,0.3484375502259962,0.17729164476549486,0.09665182404427886,-0.21400941163052944,True,True,61.05000162427782,23471524.0,67149900.0,801312767.8529663,,,55.79810406654292,54.285714285714285,54.285714285714285,54.285714285714285,33.33333333333333,57.93010752688173,False,38.108589230084554,59.35268922521083,Neutral,83.27277761535,13.445272969374168,39.410652463382156,,,73.18741450068399,79.46666666666667,44.255447497290575,85.71428571428571,59.02209054540633,85.71428571428571,GREEN,Mid,10000000.0,GREEN,44.255447497290575,59.02209054540633,Hold,Hold,High,High,ttm(Jun 2026),ttm(Jun 2026),Jun 2026,False,False,Hold
WABAG,Utilities,NotCyclical,12783.854084547385,0.10660844492932947,0.17258225105980063,0.08878504672897196,6.534246575342466,10.039446800950858,19.738839963559073,34.5219274465426,0.4434060506322903,0.731770899253666,0.3893334905137802,0.5645766405904575,True,True,54.5485117801659,18801697.0,29261823.0,681969320.8479614,-0.1050000000000002,-0.32999999999999985,34.5219274465426,31.36986301369863,44.962406015037594,38.16613451436811,40.62015503875969,69.6236559139785,False,49.90247866720845,84.13419694647058,Neutral,94.38959326642784,16.108388814913447,96.33475366178429,20.504201680672267,16.80672268907563,60.73871409028728,75.73333333333333,44.10608314286678,100.0,65.20585404486683,100.0,GREEN,Mid,10000000.0,GREEN,44.10608314286678,65.20585404486683,Hold,Hold,High,High,ttm(Mar 2026),ttm(Mar 2026),Mar 2026,False,False,Hold
PIRAMALFIN,Financial Services,NotCyclical,49621.29294755877,-0.14047574194914828,0.043854723067104105,2.8417294301548957,1.113340649004546,21.453192924190233,17.77590564448188,29.31358090896903,0.33525791843195263,0.19007570403047458,,,True,,61.905879502663275,3552045.0,,554942609.8666992,,,29.31358090896903,0.8403361344537815,27.083333333333332,13.961834733893557,75.03875968992249,65.7258064516129,False,46.84607725554977,,Neutral,85.12970589730024,47.73288948069241,28.957922769640476,,,,51.2,45.066670944221855,57.14285714285714,51.41735867680171,85.71428571428571,N/A-financial-sector,Large,50000000.0,GREEN,44.066670944221855,50.41735867680171,Hold,Hold,Med,High,ttm(Jun 2026),ttm(Jun 2026),Jun 2026,False,False,Hold
SUDARSCHEM,Chemicals,Cyclical,15426.250704913073,0.15236223434588628,0.16475024046808007,0.7168115942028985,3.5757575757575757,61.99990368622874,192.5859491778774,376.2500171930018,0.22294712312231768,0.1563768875537621,-0.1261138512793778,0.16562077571989242,True,True,76.97661614221954,1254485.0,6210255.0,163572862.3461609,-0.19166666666666643,0.5100000000000002,376.2500171930018,56.81818181818182,43.18181818181818,50.0,96.43410852713178,99.05913978494624,True,18.70452269692924,46.669374709989235,Extended,73.62826431170396,26.70386151797603,87.9555259653795,16.30252100840336,65.71428571428571,36.66210670314637,39.06666666666666,44.02515030596223,100.0,63.376282662054884,100.0,GREEN,Mid,10000000.0,GREEN,44.02515030596223,63.376282662054884,Hold,Hold,High,High,ttm(Mar 2026),ttm(Mar 2026),Mar 2026,False,False,Hold
CASTROLIND,Oil Gas & Consumable Fuels,Cyclical,,,,,,,7.012083485902609,19.051599650191076,0.01339409598688901,0.013136286523285357,-0.12180958630271022,-0.18920391996209052,True,True,53.33366490509777,2900770.0,50602832.0,173494468.64414215,0.061666666666667126,-0.2649999999999979,19.051599650191076,,,,,30.107526881720432,False,,30.641709878702418,Neutral,48.20780998007846,45.74513981358189,57.59600532623169,36.97478991596639,18.823529411764707,68.94664842681259,48.266666666666666,44.01113424634357,57.14285714285714,43.163439846464584,71.42857142857143,GREEN,,,GREEN,44.01113424634357,43.163439846464584,Hold,Hold,Med,High,ttm(Mar 2026),ttm(Mar 2026),Mar 2026,False,True,Hold
AMBER,Consumer Durables,NotCyclical,35890.03565768622,0.0786781414569817,0.13823204857204124,0.6180237877401646,3.035211267605634,20.71798992295706,22.19993983756141,155.32842472389072,0.0045109955516571265,0.3044504108697421,0.07366235853478864,0.7820978416457163,True,True,61.292693293496946,1906584.0,-386038.0,2456500152.75,0.9116666666666671,2.6500000000000004,155.32842472389072,24.390243902439025,24.390243902439025,24.390243902439025,73.33333333333333,74.73118279569893,False,16.74353683699478,77.08390777999529,Neutral,53.26964665981019,25.229560585885487,54.25752330226364,78.65546218487395,91.34453781512605,17.647058823529413,43.6,43.997572672603546,100.0,48.47263445882381,100.0,GREEN,Mid,10000000.0,GREEN,43.997572672603546,48.47263445882381,Hold,Hold,High,High,ttm(Mar 2026),ttm(Mar 2026),Mar 2026,False,False,Hold
VGUARD,Consumer Durables,NotCyclical,13140.170504216094,0.13482435896807005,0.19570432778030344,0.0695322376738306,43.916666666666664,13.070573094671566,6.955898171387598,42.60254769547825,-0.08408086782209356,-0.042897996429433816,-0.23003479373400737,-0.3635392650264261,False,False,44.436741303571125,1669128.0,-9567289.0,56322567.12753296,0.42500000000000043,0.29499999999999993,42.60254769547825,43.90243902439025,53.65853658536586,48.78048780487805,51.007751937984494,29.973118279569892,False,64.5460614152203,10.202492263625727,Neutral,12.370418010564297,25.229560585885487,54.25752330226364,64.2016806722689,55.96638655462185,8.891928864569083,41.333333333333336,43.94194884761645,100.0,40.34832509639986,100.0,GREEN,Mid,10000000.0,GREEN,43.94194884761645,40.34832509639986,Hold,Hold,High,High,ttm(Mar 2026),ttm(Mar 2026),Mar 2026,False,False,Hold
SPLPETRO,Chemicals,Cyclical,13252.770075860666,0.13883045856121162,0.20916334661354583,0.055952881783761045,29.166666666666668,,,40.1599093207899,-0.07658042591390357,0.2620997478260678,-0.12202872336323456,-0.1661569210675845,True,True,45.18516652396816,805902.0,5919134.0,36103677.263549805,0.09999999999999998,0.16999999999999982,40.1599093207899,50.0,68.18181818181817,59.090909090909086,,,False,48.67239652870494,39.26370573650866,Neutral,38.8074092735291,26.70386151797603,87.9555259653795,42.016806722689076,48.739495798319325,35.9781121751026,35.199999999999996,43.862821691877535,85.71428571428571,54.146865880412165,85.71428571428571,GREEN,Mid,10000000.0,GREEN,43.862821691877535,54.146865880412165,Hold,Hold,High,High,annual,ttm(Mar 2026),Mar 2026,False,False,Hold
AFFLE,Information Technology,NotCyclical,21685.376388375065,0.13509680567056104,0.16086518026680754,0.004107338444687842,122.0,23.61939616707529,19.497132774591975,47.6306843307783,0.06574849359458246,-0.11178400658477017,-0.22524650667692558,0.12532884897706342,True,False,61.2010494731578,2435842.0,8650580.0,287483066.0078125,1.0,2.329999999999999,47.6306843307783,20.0,17.142857142857142,18.57142857142857,78.75968992248062,68.95161290322581,False,43.799881323245806,23.064230324645063,Neutral,44.183598756387916,13.445272969374168,39.410652463382156,80.75630252100841,89.57983193277312,41.17647058823529,46.0,43.791863769462765,100.0,46.911628802434514,100.0,GREEN,Mid,10000000.0,GREEN,43.791863769462765,46.911628802434514,Hold,Hold,High,High,ttm(Mar 2026),ttm(Mar 2026),Mar 2026,False,False,Hold
AHLUCONT,Construction,Cyclical,5785.784750640708,0.13873767506537835,0.2114106626781878,0.035454103933948516,8.7,17.168120539267086,11.395802830649092,21.756552111717962,0.03600144058498822,-0.038962485222772236,-0.12186197725644565,-0.42221095590720514,True,False,55.7287869019773,244701.0,6424855.0,28245134.770751953,-0.14500000000000016,-0.11000000000000032,21.756552111717962,60.86956521739131,73.91304347826086,67.3913043478261,64.34108527131784,45.43010752688172,False,55.01540515559207,20.996067977247332,Neutral,47.96625174458487,8.461517976031956,26.57070572569907,18.823529411764707,25.882352941176475,37.75649794801642,30.933333333333334,43.683843370934525,100.0,45.6283928787946,100.0,GREEN,Small,2500000.0,GREEN,43.683843370934525,45.6283928787946,Hold,Hold,High,High,ttm(Mar 2026),ttm(Mar 2026),Mar 2026,False,False,Hold
VARROC,Automobile and Auto Components,Cyclical,10299.25284350072,-0.11642741920994823,0.18989841829523224,0.5196629213483146,6.1940298507462686,8.861213291262459,9.038508707382874,44.74898070460905,0.22329369557335532,0.15344933766953184,0.1675812834540631,-0.01711637985055503,True,True,61.959130396238635,1123652.0,1930866.0,60052070.75592041,-0.23500000000000001,0.18500000000000005,44.74898070460905,6.521739130434782,50.0,28.26086956521739,35.81395348837209,36.693548387096776,False,36.20086040646788,58.415141580536535,Neutral,78.88742029370948,100.0,53.26844207723036,14.6218487394958,50.588235294117645,26.538987688098498,38.266666666666666,43.584551226271245,100.0,49.38810575026276,100.0,GREEN,Small,2500000.0,GREEN,43.584551226271245,49.38810575026276,Hold,Hold,High,High,ttm(Mar 2026),ttm(Mar 2026),Mar 2026,False,False,Hold
ETHOSLTD,Consumer Durables,NotCyclical,7137.1204033737995,0.08784017534849466,0.14510543209046772,0.2163978494623656,7.518518518518518,26.890568974280484,28.856914468425266,73.9898861710628,0.09835247083550569,-0.022132220163011862,-0.026470426300649774,-0.06371553819444442,True,True,65.19619149484387,-724824.0,-325292.0,37445306.2097168,0.3860000000000001,-0.36999999999999966,73.9898861710628,29.268292682926827,29.268292682926827,29.268292682926827,81.24031007751938,83.1989247311828,False,21.56572399563054,52.13712259777858,Neutral,52.787155918266286,25.229560585885487,54.25752330226364,62.35294117647059,15.126050420168067,17.783857729138166,21.866666666666667,43.52662311603967,100.0,44.40008869206692,100.0,GREEN,Small,2500000.0,GREEN,43.52662311603967,44.40008869206692,Hold,Hold,High,High,ttm(Mar 2026),ttm(Mar 2026),Mar 2026,False,False,Hold
RBLBANK,Financial Services,NotCyclical,22426.24397116874,0.06295279853480015,,1.0149253731343284,,,5.362505362505354,29.519933913178903,0.1426771269069882,0.186784341857557,0.3784041593422005,0.4449338382482071,True,True,48.29801168538168,-3715816.0,77299413.0,1719129313.6526642,-0.0866666666666666,2.3450000000000006,29.519933913178903,11.76470588235294,,11.76470588235294,,25.0,False,54.85053241720668,81.76500829330786,Neutral,72.20803170565834,47.73288948069241,28.957922769640476,22.35294117647059,89.74789915966387,75.51299589603283,13.866666666666665,43.489607091191715,85.71428571428571,43.177763367468444,100.0,N/A-financial-sector,Mid,10000000.0,GREEN,43.489607091191715,43.177763367468444,Hold,Hold,High,High,ttm(Jun 2026),ttm(Jun 2026),Jun 2026,False,False,Hold
GAEL,Fast Moving Consumer Goods,NotCyclical,6796.669487356241,0.1089349639354857,0.14419256877546996,0.1338391502276176,16.642857142857142,5.283891767616256,24.19249945805333,22.323794537279976,0.010222858608851304,0.07358577434896785,0.344404352014579,0.07981713450326855,False,True,33.32325794475314,-5179737.0,35156550.0,116729424.97259521,-0.013333333333333327,-0.27,22.323794537279976,20.930232558139537,22.727272727272727,21.82875264270613,25.736434108527135,78.2258064516129,True,65.7894971072541,72.81077285667688,Pulled back,28.39360013145061,58.78482023968043,8.718242343541945,28.403361344537814,18.319327731092436,63.748290013679885,12.0,43.480722648912604,100.0,38.30950860707579,100.0,GREEN,Small,2500000.0,GREEN,43.480722648912604,38.30950860707579,Hold,Sell,High,High,ttm(Mar 2026),ttm(Mar 2026),Mar 2026,False,False,Sell
ARVINDFASN,Consumer Services,NotCyclical,9414.700353990595,0.11544983368916531,0.26177707698360836,1.4167550371155886,4.147058823529412,8.976048186362707,14.004329004328998,51.16684974994888,0.006219224726529582,-0.0018082663716860736,0.026274325022409784,-0.10017007798069566,True,False,51.23074440482329,-1012892.0,2966690.0,107028087.28118896,0.9133333333333334,-1.1199999999999983,51.16684974994888,65.21739130434783,80.43478260869566,72.82608695652175,36.12403100775194,54.03225806451613,False,29.968073373193246,28.98995658377991,Neutral,42.60542797497661,7.985885486018644,14.776830892143808,78.82352941176471,6.722689075630252,29.00136798905609,20.8,43.413392033021,100.0,41.360169671493814,100.0,GREEN,Small,2500000.0,GREEN,43.413392033021,41.360169671493814,Hold,Hold,High,High,ttm(Mar 2026),ttm(Mar 2026),Mar 2026,False,False,Hold
CENTRALBK,Financial Services,NotCyclical,29551.18255310059,0.09088808055029125,,0.8167482885054229,,,9.44997503890994,6.470238216339597,-0.07237591986367309,-0.11633079857145323,-0.12490643574654037,-0.45261685281244657,True,False,51.921032621065635,-48862735.0,77506848.0,272789918.18438816,0.02166666666666668,-0.02500000000000001,6.470238216339597,21.008403361344538,,21.008403361344538,,38.844086021505376,False,80.39271874694715,11.320531690006641,Neutral,17.82442566351327,47.73288948069241,28.957922769640476,32.26890756302521,30.756302521008404,75.64979480164159,2.666666666666667,43.33336660452099,85.71428571428571,33.72519406432048,100.0,N/A-financial-sector,Mid,10000000.0,GREEN,43.33336660452099,33.72519406432048,Hold,Sell,High,High,ttm(Jun 2026),ttm(Jun 2026),Jun 2026,False,False,Sell
BALAMINES,Chemicals,Cyclical,7768.104811084363,0.19068759565999288,0.2599337043432595,0.0673076923076923,53.0,-15.42964975181621,1.93133047210301,45.95621098291271,1.0731033589445684,0.9444855763216493,0.336418294866921,0.02905494218215221,True,True,63.1034725500807,9147890.0,36674217.0,403606932.57092285,0.2116666666666666,0.31499999999999967,45.95621098291271,68.18181818181817,77.27272727272727,72.72727272727272,1.0852713178294573,14.919354838709678,True,36.35867431084583,72.93925815437531,Neutral,97.62298607832527,26.70386151797603,87.9555259653795,52.43697478991597,57.14285714285714,64.70588235294117,66.66666666666666,43.30862944376543,100.0,64.58583869631893,100.0,GREEN,Small,2500000.0,GREEN,43.30862944376543,64.58583869631893,Hold,Hold,High,High,ttm(Mar 2026),ttm(Mar 2026),Mar 2026,False,False,Hold
TRIDENT,Textiles,Cyclical,12894.418646838214,0.11146137412398627,0.17344539592104158,0.38327745180217937,7.62280701754386,1.9059567131395339,-4.093316158580218,34.20270198100322,0.0072080223062802595,0.01792302181567873,-0.18501941744710682,-0.30880736989947244,True,False,47.23096318426792,91079137.0,357759698.0,121457055.87952423,-0.0883333333333333,0.06999999999999995,34.20270198100322,45.45454545454545,83.33333333333334,64.3939393939394,15.658914728682172,7.795698924731183,False,65.38273253226524,13.577913758476564,Neutral,40.01023701490654,35.958189081225036,92.14993342210386,22.016806722689076,41.17647058823529,93.98084815321477,92.93333333333334,44.303364153535476,100.0,54.816499090583946,100.0,GREEN,Mid,10000000.0,GREEN,43.303364153535476,53.816499090583946,Hold,Hold,High,High,ttm(Mar 2026),ttm(Mar 2026),Mar 2026,False,False,Hold
JKCEMENT,Construction Materials,Cyclical,41754.44141689374,0.14025641547528833,0.17546497306860898,0.8786414665340344,5.610849056603773,12.180416993281519,15.92079845460399,44.36136307918607,-0.04925760450298944,-0.05780655147357561,-0.1549119893823997,0.30144074784594865,True,False,53.98843478732988,-472943.0,-2916924.0,286916344.25,0.2550000000000005,0.3250000000000002,44.36136307918607,100.0,75.0,87.5,48.372093023255815,60.752688172043015,False,39.04539385847797,24.68119404717117,Neutral,32.851156521267015,11.058055925432758,11.85699067909454,55.63025210084034,57.39495798319327,13.81668946648427,23.066666666666666,43.27843841608192,100.0,43.70032722294484,100.0,GREEN,Large,50000000.0,GREEN,43.27843841608192,43.70032722294484,Hold,Hold,High,High,ttm(Jun 2026),ttm(Jun 2026),Jun 2026,False,False,Hold
ZEEL,Media Entertainment & Publication,NotCyclical,10169.226921027433,0.024877268705816826,0.07953937663606828,0.022591645353793693,8.866666666666667,0.04531411536750074,-2.351097178683381,37.26056327282543,0.2079908851378085,0.18725460513537961,-0.21344675622271314,-0.2771428199168221,True,True,53.36843700213372,705082722.0,909746281.0,2223119942.549423,0.8366666666666666,1.3249999999999993,37.26056327282543,37.5,37.5,37.5,11.472868217054263,9.005376344086022,False,71.24833110814419,24.494353946622194,Neutral,79.76315629978663,30.089747003994674,42.34007989347536,77.47899159663866,83.52941176470588,99.04240766073872,99.06666666666666,44.27268862826243,100.0,54.78432173098157,100.0,GREEN,Small,2500000.0,GREEN,43.27268862826243,53.78432173098157,Hold,Hold,High,High,ttm(Mar 2026),ttm(Mar 2026),Mar 2026,False,False,Hold
AEGISVOPAK,Oil Gas & Consumable Fuels,Cyclical,32888.18690708706,-0.06555056009202334,0.068977113688746,0.8694942903752039,6.245454545454545,37.766089746312545,25.602409638554224,118.09649551123904,0.36661556831542885,0.1696136300744504,0.0359692700401677,,True,True,57.07642656864518,39577254.0,65744353.0,141446903.9774933,,,118.09649551123904,6.25,6.25,6.25,90.07751937984496,79.97311827956989,False,11.869649729050497,61.145076007931266,Neutral,84.75379525163221,45.74513981358189,57.59600532623169,,,72.50341997264022,85.73333333333333,43.26767277377707,85.71428571428571,52.35805259447266,85.71428571428571,GREEN,Mid,10000000.0,GREEN,43.26767277377707,52.35805259447266,Hold,Hold,High,High,ttm(Mar 2026),ttm(Mar 2026),Mar 2026,False,False,Hold
NIVABUPA,Financial Services,NotCyclical,16000.450929453677,0.04006563047987639,-0.07517026784508093,0.06603275224511358,-3.6666666666666665,32.887134472698044,24.581317454410122,122.14084678972267,0.08251155361366247,0.11165233746901082,-0.03922004023647574,,True,True,54.31347797618011,8658341.0,121635734.0,87830891.44283295,,,122.14084678972267,8.403361344537815,3.125,5.764180672268908,87.28682170542635,78.49462365591397,False,23.95128463968218,41.1050760664214,Neutral,58.594547519186406,47.73288948069241,28.957922769640476,,,82.48974008207935,65.46666666666667,44.23823207922357,85.71428571428571,42.38248140820806,85.71428571428571,N/A-financial-sector,Mid,10000000.0,GREEN,43.23823207922357,41.38248140820806,Hold,Hold,High,High,ttm(Mar 2026),ttm(Mar 2026),Mar 2026,False,False,Hold
ORIENTCEM,Construction Materials,Cyclical,2819.956279671105,0.10560152393683436,0.2129602654347324,0.033550792171481825,42.0,-1.6729413078719113,3.101920236336775,8.343065916186701,-0.04969267759803164,-0.16758340748659473,-0.40782687543183116,-0.5330912456796651,True,False,51.60052736150899,88118.0,1862020.0,26253854.970695496,-0.3633333333333333,0.9700000000000006,8.343065916186701,62.5,100.0,81.25,8.992248062015504,18.010752688172044,False,89.73030707610147,4.009706289177509,Neutral,25.451058374960216,11.058055925432758,11.85699067909454,10.756302521008404,77.81512605042018,26.12859097127223,28.666666666666668,40.17461622599851,100.0,46.60917965681588,100.0,GREEN,Small,2500000.0,GREEN,43.17461622599851,49.60917965681588,Hold,Hold,High,High,ttm(Mar 2026),ttm(Mar 2026),Mar 2026,False,False,Hold
MRPL,Oil Gas & Consumable Fuels,Cyclical,30388.00123176505,0.03870222051360399,0.12755518771622731,1.0805804043107698,6.874310915104741,-6.657954897906326,23.396515412598127,9.667038585111806,-0.037055545383029465,0.21908502259352525,0.24253547634744277,-0.18331623064948088,True,True,65.79533010504252,320723203.0,921938453.0,820941110.3666611,-0.031666666666666655,0.645,9.667038585111806,18.75,18.75,18.75,3.565891472868217,77.28494623655914,True,68.79358752846933,66.17744085657105,Neutral,43.24661078034543,45.74513981358189,57.59600532623169,26.554621848739497,71.42857142857143,99.04240766073872,98.0,43.12243490203049,100.0,56.72450725729314,100.0,GREEN,Mid,10000000.0,GREEN,43.12243490203049,56.72450725729314,Hold,Hold,High,High,ttm(Jun 2026),ttm(Jun 2026),Jun 2026,False,False,Hold
VTL,Textiles,Cyclical,18586.76364969763,0.10285411037463536,0.12833184401558423,0.17643142476697737,13.467391304347826,-0.8891423810061805,0.8584568216658095,24.674038633524933,0.15630104992895322,0.5301407634807209,0.29268004414170945,0.25578624827721796,True,True,49.712129542080696,2164210.0,35713978.0,206705002.0059204,-0.18833333333333332,-0.10500000000000087,24.674038633524933,36.36363636363637,33.33333333333333,34.848484848484844,10.542635658914728,13.440860215053762,False,68.0045616377392,74.49610868722942,Neutral,71.27323149023638,35.958189081225036,92.14993342210386,16.72268907563025,26.05042016806723,64.15868673050615,45.06666666666666,43.06277610434341,100.0,55.86830687203791,100.0,GREEN,Mid,10000000.0,GREEN,43.06277610434341,55.86830687203791,Hold,Hold,High,High,ttm(Mar 2026),ttm(Mar 2026),Mar 2026,False,False,Hold
THERMAX,Capital Goods,Cyclical,54544.732925417564,0.10611244360821462,0.1256889277403237,0.42396396396396396,7.467625899280575,10.021142336632716,3.0843373493975923,75.7565735075244,0.09904168325245255,0.559540819290663,0.3393051275998864,-0.17985664716114858,False,True,46.273027895263965,2642872.0,10332280.0,987491877.9150391,0.08000000000000007,0.040000000000000036,75.7565735075244,27.102803738317753,13.88888888888889,20.495846313603323,40.0,17.876344086021508,False,27.238184245660882,61.77508224179608,Neutral,36.12944324221964,85.89161118508655,77.5027962716378,38.991596638655466,37.47899159663866,43.50205198358413,46.400000000000006,43.03651431913076,100.0,36.937194771948896,100.0,GREEN,Large,50000000.0,GREEN,43.03651431913076,36.937194771948896,Hold,Sell,High,High,ttm(Mar 2026),ttm(Mar 2026),Mar 2026,False,False,Sell
GREAVESCOT,Capital Goods,Cyclical,1951.0977703592055,0.008200091450387845,0.1272188339346343,0.2753319357092942,9.192307692307692,8.390748627498601,17.75537615986622,55.62472726155775,0.624208162814019,0.4915658178624933,0.28627634795217083,0.5824585053468982,True,True,73.53935868793383,63143432.0,59078588.0,262466730.27233887,-0.7766666666666665,-0.3849999999999998,55.62472726155775,5.607476635514018,15.74074074074074,10.67410868812738,34.72868217054263,65.59139784946237,False,36.26477579862581,75.76309137347984,Extended,93.58415936930184,85.89161118508655,77.5027962716378,5.042016806722689,14.957983193277311,70.86183310533517,89.46666666666667,43.02722996403358,100.0,58.09809595789147,100.0,GREEN,Small,2500000.0,GREEN,43.02722996403358,58.09809595789147,Hold,Hold,High,High,ttm(Mar 2026),ttm(Mar 2026),Mar 2026,False,False,Hold
INDIASHLTR,Financial Services,NotCyclical,8862.846686548348,0.1323982375955913,,1.9530956848030019,,,31.046312178387648,17.566809818662446,0.028136212016614204,0.05150291099096527,-0.11923380861624333,0.11571009712525782,True,True,62.59185198309728,6020.0,-3012309.0,57863400.70233154,,,17.566809818662446,47.05882352941176,,47.05882352941176,,85.48387096774194,False,50.8187056426112,39.20092814783818,Neutral,46.42566328653876,47.73288948069241,28.957922769640476,,,13.679890560875513,26.53333333333333,43.00485481424533,71.42857142857143,51.792616168294145,85.71428571428571,N/A-financial-sector,Small,2500000.0,GREEN,43.00485481424533,51.792616168294145,Hold,Hold,High,High,ttm(Mar 2026),ttm(Mar 2026),Mar 2026,False,False,Hold
ICIL,Textiles,Cyclical,7859.116945266724,0.1291916906791002,0.15190346625440063,0.5696095076400679,2.8823529411764706,11.194529359251003,-0.240847784200382,61.97965380171655,0.4766414392108962,0.5797765959874923,0.3948082490993179,-0.020414291158683318,True,True,50.26054001340838,20093094.0,49430643.0,122299897.2453003,0.14333333333333345,0.5200000000000005,61.97965380171655,72.72727272727273,50.0,61.36363636363637,45.42635658914729,11.693548387096774,False,43.00734312416556,74.16556234991118,Neutral,96.06283488754805,35.958189081225036,92.14993342210386,45.378151260504204,65.96638655462185,68.2626538987688,76.8,51.73280066628356,100.0,65.31578170361199,100.0,AMBER,Small,2500000.0,GREEN,42.972880566341026,54.51841444807019,Hold,Hold,High,High,ttm(Mar 2026),ttm(Mar 2026),Mar 2026,False,False,Hold
GODREJAGRO,Fast Moving Consumer Goods,NotCyclical,10351.952586162372,0.16429242299546418,0.19368487033882553,0.7746062992125984,6.260869565217392,2.9657233864587074,9.036658141517485,23.262814800364882,-0.062161757676319485,0.02116255974212966,-0.25746794549168217,-0.2817836481921874,True,False,53.874839172401984,-614631.0,11391490.0,59245665.19592285,1.7666666666666668,-0.034999999999999254,23.262814800364882,46.51162790697674,43.18181818181818,44.846723044397464,17.829457364341085,36.55913978494624,False,57.922118380062315,11.564697732849611,Neutral,31.479182749426464,58.78482023968043,8.718242343541945,90.25210084033614,30.168067226890756,45.1436388508892,22.666666666666664,42.96013898466376,100.0,36.115058882178104,100.0,GREEN,Small,2500000.0,GREEN,42.96013898466376,36.115058882178104,Hold,Sell,High,High,ttm(Mar 2026),ttm(Mar 2026),Mar 2026,False,False,Sell
INDIAGLYCO,Fast Moving Consumer Goods,NotCyclical,7757.993688338843,0.0902029798404801,0.1223200292675381,0.5765427889532901,3.8862275449101795,16.678768831751988,11.730360934182581,25.485897946851587,0.205995879904197,0.21135483501426156,0.14283229463335068,1.577661739332886,True,True,75.64812948561601,2160287.0,7642702.0,81855227.61477661,-0.9066666666666667,-1.9949999999999999,25.485897946851587,11.627906976744185,13.636363636363635,12.63213530655391,62.7906976744186,47.17741935483871,False,49.35425011125945,77.42674883191704,Extended,79.4055574218088,58.78482023968043,8.718242343541945,4.201680672268908,1.0924369747899159,39.53488372093023,44.93333333333333,42.951627780166916,100.0,40.345067699373224,100.0,GREEN,Small,2500000.0,GREEN,42.951627780166916,40.345067699373224,Hold,Hold,High,High,ttm(Mar 2026),ttm(Mar 2026),Mar 2026,False,False,Hold
UCOBANK,Financial Services,NotCyclical,32697.868498206746,0.07088842935472735,,0.928832766715234,,,14.696865705788142,12.794117834053788,0.001351950416239811,-0.08275750613096267,-0.16105510038860604,-0.5029268790251671,True,False,45.43872889195947,113307124.0,168612498.0,130626894.25183678,0.023333333333333345,-0.04,12.794117834053788,14.285714285714285,,14.285714285714285,,55.91397849462365,False,83.21290175518578,9.04388029212996,Neutral,34.59497008601067,47.73288948069241,28.957922769640476,32.773109243697476,29.915966386554622,87.41450068399452,94.39999999999999,42.945594068841885,85.71428571428571,44.348358059514965,100.0,N/A-financial-sector,Mid,10000000.0,GREEN,42.945594068841885,44.348358059514965,Hold,Hold,High,High,ttm(Mar 2025),ttm(Mar 2025),Mar 2025,False,False,Hold
JBMA,Automobile and Auto Components,Cyclical,17473.05883129223,0.1363485502671694,0.15692151990203834,1.9681611435997401,2.1163522012578615,16.432708858933974,11.257309941520477,73.33693040884854,0.10306172119827783,0.11749212102135309,0.058048548969331204,-0.3901429229797122,True,True,48.629212328118065,31524933.0,204798371.0,421785564.7050781,0.21666666666666667,0.42000000000000004,73.33693040884854,52.17391304347826,13.043478260869565,32.608695652173914,62.32558139534884,45.026881720430104,False,14.005340453938583,38.35704816728618,Neutral,63.514856544965966,100.0,53.26844207723036,52.77310924369748,62.18487394957983,89.05608755129958,82.39999999999999,50.50620397999228,100.0,46.391301737527975,100.0,AMBER,Mid,10000000.0,GREEN,42.930273382993434,39.432606476898776,Hold,Sell,High,High,ttm(Mar 2026),ttm(Mar 2026),Mar 2026,False,False,Sell
CERA,Consumer Durables,NotCyclical,7969.276856260792,0.1810839208483551,0.22575094435101128,0.04951958610495196,43.142857142857146,10.026170287582703,5.183585313174954,32.07057466442953,0.1659729582638454,0.22323417948897473,-0.09372807860332777,-0.3177085852452495,True,True,47.728415618654026,175567.0,317984.0,53962016.0,-0.09999999999999994,0.7700000000000005,32.07057466442953,68.29268292682927,63.41463414634146,65.85365853658537,40.15503875968992,24.327956989247312,False,50.971901929845856,36.437750226010586,Neutral,75.88786304518067,25.229560585885487,54.25752330226364,21.008403361344538,73.61344537815127,19.699042407660738,30.133333333333333,42.9008850106434,100.0,55.865010049350396,100.0,GREEN,Small,2500000.0,GREEN,42.9008850106434,55.865010049350396,Hold,Hold,High,High,ttm(Jun 2025),ttm(Jun 2025),Jun 2025,False,False,Hold
STARCEMENT,Construction Materials,Cyclical,8299.825576201983,0.11599788751252076,0.19832328966174256,0.18896897524287057,20.347826086956523,11.760474947591625,19.374209860935522,21.28160404154355,-0.06311644502117297,-0.031886754804507755,-0.013959725672277212,-0.00805584489154465,False,False,45.60825460118816,891944.0,855081.0,43032735.04373932,0.0833333333333333,0.034999999999999865,21.28160404154355,81.25,93.75,87.5,46.97674418604651,68.41397849462365,False,39.590120160213615,29.390964630044532,Neutral,15.180841206547852,11.058055925432758,11.85699067909454,39.32773109243698,36.470588235294116,21.88782489740082,36.13333333333333,42.88530456241055,100.0,39.6149139434047,100.0,GREEN,Small,2500000.0,GREEN,42.88530456241055,39.6149139434047,Hold,Sell,High,High,ttm(Mar 2026),ttm(Mar 2026),Mar 2026,False,False,Sell
TMPV,Automobile and Auto Components,Cyclical,122560.15907370119,0.03129214642476591,0.17109299882059886,0.7059017739229754,6.621506897771489,-1.0107590439286773,-12.51958384492462,1.482971251421153,-0.059453599392440326,-0.04345284635195501,-0.5093101092094657,-0.6634462521433884,False,False,36.644885991928916,-67461454.0,-101085346.0,3575092561.7944946,,,1.482971251421153,8.695652173913043,30.434782608695656,19.56521739130435,10.077519379844961,4.166666666666666,False,96.85395341937397,0.9065871080715917,Neutral,13.291066956362664,100.0,53.26844207723036,,,1.094391244870041,1.0666666666666667,43.81468636201495,85.71428571428571,36.40310331849373,85.71428571428571,GREEN,Large,50000000.0,GREEN,42.81468636201495,35.40310331849373,Hold,Sell,High,High,ttm(Mar 2026),ttm(Mar 2026),Mar 2026,False,False,Sell
IGIL,Services,NotCyclical,,,,,,,19.814814814814817,26.54924334901752,-0.018759573859589707,0.12846539737133034,-0.07621391690004908,,False,True,48.020683748514664,1323638.0,36566966.0,134068108.75082397,,,26.54924334901752,,,,,70.02688172043011,False,,35.29962546816479,Neutral,23.649213676430584,32.419973368841546,58.78482023968043,,,64.56908344733242,39.733333333333334,42.73672528743021,42.857142857142854,46.486236400505206,57.14285714285714,GREEN,,,GREEN,42.73672528743021,46.486236400505206,Hold,Hold,Med,Med,ttm(Mar 2026),ttm(Mar 2026),Mar 2026,False,True,Hold
NBCC,Construction,Cyclical,27039.925941724458,0.176152137213283,0.17286869856081138,0.0,125.8,13.24020408076354,7.0171067928915365,36.57894851569842,0.042648985961734054,-0.07488688255458276,-0.13257013852018507,-0.2241429625712258,False,False,40.98239596370206,59095141.0,136662189.0,1218590321.2551308,-0.006666666666666599,0.15500000000000047,36.57894851569842,86.95652173913044,43.47826086956522,65.21739130434783,51.627906976744185,30.241935483870968,False,40.165220293724964,22.745474173025844,Neutral,25.73171209445105,8.461517976031956,26.57070572569907,28.907563025210088,47.56302521008403,84.40492476060192,88.66666666666667,42.73499402280344,100.0,39.66099677507853,100.0,GREEN,Mid,10000000.0,GREEN,42.73499402280344,39.66099677507853,Hold,Sell,High,High,ttm(Mar 2026),ttm(Mar 2026),Mar 2026,False,False,Sell
SHILPAMED,Healthcare,NotCyclical,12459.609651718876,0.031736573000900326,0.09147466323115044,0.25462962962962965,7.372881355932203,13.737142187311058,19.50271950271951,51.274113793081796,0.5510029801481764,1.1629365506526095,0.4243052147827695,0.914336973501801,True,True,66.01736066171476,20918923.0,44098122.0,432863847.9016113,-1.2216666666666667,-2.6300000000000003,51.274113793081796,10.0,8.571428571428571,9.285714285714285,53.02325581395348,69.08602150537635,False,43.42574412942747,87.58196786228721,Neutral,95.65647989626981,66.50785619174435,90.47589880159788,2.1848739495798317,1.0924369747899159,65.93707250341997,77.86666666666666,42.70879248592536,100.0,57.081956181596205,100.0,GREEN,Mid,10000000.0,GREEN,42.70879248592536,57.081956181596205,Hold,Hold,High,High,ttm(Mar 2026),ttm(Mar 2026),Mar 2026,False,False,Hold
MOIL,Metals & Mining,Cyclical,5544.212452788331,0.11963463853766157,0.16723870170866675,0.0,541.0,3.2303476552497434,-6.119873817034705,20.764840647147306,-0.15052927853673725,-0.18948608566631941,-0.2476595040707551,-0.48988359593949404,False,False,37.50976897912936,-4331641.0,7326778.0,142016468.27896118,0.11333333333333344,0.20999999999999996,20.764840647147306,41.66666666666667,33.33333333333333,37.5,18.6046511627907,6.720430107526881,False,59.55718736092568,6.778562965708157,Neutral,8.776800879864842,94.9462050599201,6.26444740346205,42.857142857142854,51.932773109243705,38.98768809849521,13.200000000000001,43.68790072439298,100.0,25.43009145809063,100.0,GREEN,Small,2500000.0,GREEN,42.68790072439298,24.43009145809063,Hold,Sell,High,High,ttm(Mar 2026),ttm(Mar 2026),Mar 2026,False,False,Sell
LT,Construction,Cyclical,612065.7222970967,0.1623152733245376,0.12984595526799197,1.1482935309726416,3.5213802704852823,15.959149368587134,11.78563747629382,32.292166418544724,-0.05887985287598063,-0.019273093635515437,0.07678857687070328,0.05948082017242595,False,False,29.532215980472998,-9996446.0,-9565304.0,7977183519.893921,1.196666666666666,-0.21000000000000085,32.292166418544724,73.91304347826086,34.78260869565217,54.347826086956516,60.775193798449614,47.446236559139784,False,39.40558425727056,33.831539286536504,Pulled back,19.493155213546906,8.461517976031956,26.57070572569907,84.2016806722689,20.840336134453782,9.028727770177838,8.799999999999999,42.54216298654721,100.0,32.7751268374543,100.0,GREEN,Large,50000000.0,GREEN,42.54216298654721,32.7751268374543,Hold,Sell,High,High,ttm(Mar 2026),ttm(Mar 2026),Mar 2026,False,False,Sell
BALRAMCHIN,Fast Moving Consumer Goods,NotCyclical,12062.113127001068,0.11540320218216386,0.11667869559238377,0.7660705654905752,9.623376623376624,10.356356998492465,15.786558345642533,31.910352187833507,0.15958888083161193,0.40573579826029715,-0.02202512485668706,0.43022208688597074,True,True,66.5508044866401,6250218.0,24071799.0,287977283.57525635,0.009999999999999787,0.9399999999999995,31.910352187833507,25.581395348837212,11.363636363636363,18.47251585623679,41.70542635658915,59.946236559139784,False,53.63896960653421,60.88134431252198,Neutral,79.69306769948413,58.78482023968043,8.718242343541945,31.428571428571427,77.31092436974791,57.865937072503414,61.33333333333333,42.52431506488058,100.0,51.42228857529309,100.0,GREEN,Mid,10000000.0,GREEN,42.52431506488058,51.42228857529309,Hold,Hold,High,High,ttm(Mar 2026),ttm(Mar 2026),Mar 2026,False,False,Hold
AEGISLOG,Oil Gas & Consumable Fuels,Cyclical,56128.66354044549,0.1546711049972229,0.15257409973674807,0.685383980181668,9.945205479452055,-1.149122721467366,23.199763418601215,50.70339976553342,0.7615309451868273,0.7578515324343016,0.758490464900321,0.47986046670281923,True,True,63.74075036346693,122020759.0,132582710.0,587502088.6338501,,,50.70339976553342,50.0,37.5,43.75,9.767441860465116,76.74731182795699,True,23.131447991261076,91.67108861299687,Neutral,96.89259163031997,45.74513981358189,57.59600532623169,,,83.58413132694939,94.93333333333334,42.39815860073141,85.71428571428571,63.56613943955882,85.71428571428571,GREEN,Large,50000000.0,GREEN,42.39815860073141,63.56613943955882,Hold,Hold,High,High,ttm(Mar 2026),ttm(Mar 2026),Mar 2026,False,False,Hold
DEEPAKFERT,Chemicals,Cyclical,20260.494554075478,0.12344671785853595,0.15837512958324287,0.8284628872004676,4.770538243626063,0.6010464476635224,11.991434689507496,27.416095472361942,0.30271340627060295,0.30755408377781746,0.018805815053677843,1.1090646755761262,True,True,58.48520272714173,4231155.0,19070238.0,441072617.83966064,-0.008333333333333082,-2.71,27.416095472361942,36.36363636363637,38.63636363636363,37.5,13.178294573643413,48.11827956989247,False,66.27002670226969,72.21376543597457,Neutral,84.84036861617471,26.70386151797603,87.9555259653795,28.739495798319325,1.0924369747899159,54.309165526675784,54.266666666666666,42.374278959548846,100.0,61.81316512687536,100.0,GREEN,Mid,10000000.0,GREEN,42.374278959548846,61.81316512687536,Hold,Hold,High,High,ttm(Mar 2026),ttm(Mar 2026),Mar 2026,False,False,Hold
WELSPUNLIV,Textiles,Cyclical,16480.00030517578,0.1171560286917397,0.16781245388105281,0.4708155379296319,4.925465838509317,5.108898090100311,-10.867709815078241,77.3708934515295,0.29933827824579584,0.3586472969790655,0.1744108336493997,0.09326763267380622,True,True,54.559112688180775,37216971.0,197340627.0,246304341.80893707,-0.2583333333333333,0.3500000000000001,77.3708934515295,63.63636363636363,75.0,69.31818181818181,25.581395348837212,4.973118279569892,True,33.88796172674677,64.41474955406191,Neutral,85.18853317562636,35.958189081225036,92.14993342210386,13.781512605042018,59.15966386554622,88.91928864569083,84.53333333333333,45.31619149664822,100.0,60.98817182736444,100.0,GREEN,Mid,10000000.0,GREEN,42.31619149664822,57.98817182736444,Hold,Hold,High,High,ttm(Mar 2026),ttm(Mar 2026),Mar 2026,False,False,Hold
LTM,Information Technology,NotCyclical,119541.9506251731,0.226245940220816,0.29936454467295043,0.09614984391259106,27.3731884057971,8.434866606263514,13.868292556901851,23.017573972948554,-0.1274621234577643,-0.3255120227328271,-0.2065130100272088,-0.2240302377853619,True,False,58.30393539567669,2089331.0,-1184286.0,1626635385.640747,,,23.017573972948554,68.57142857142857,65.71428571428571,67.14285714285714,35.038759689922486,53.76344086021505,False,58.99502366792086,19.093943196940856,Neutral,9.643680534506403,13.445272969374168,39.410652463382156,,,16.415868673050614,44.53333333333334,42.19139159078798,85.71428571428571,44.18875104285226,85.71428571428571,GREEN,Large,50000000.0,GREEN,42.19139159078798,44.18875104285226,Hold,Hold,High,High,ttm(Jun 2026),ttm(Jun 2026),Jun 2026,False,False,Hold
IOB,Financial Services,NotCyclical,65150.96973677122,0.10828326414149998,,1.3950150036495363,,,14.824779249448117,10.935275377193314,-0.02902294091022839,-0.04467057008964481,-0.1311390731335056,-0.4552635566582489,False,False,46.68876465863233,11105300.0,14324983.0,105571797.07008171,0.015000000000000001,-0.005000000000000018,10.935275377193314,32.773109243697476,,32.773109243697476,,56.58602150537635,False,72.2682220361612,10.888981655140412,Neutral,15.52543023753438,47.73288948069241,28.957922769640476,32.10084033613445,32.436974789915965,49.3844049247606,68.4,42.15342455400019,85.71428571428571,40.746468595542694,100.0,N/A-financial-sector,Large,50000000.0,GREEN,42.15342455400019,40.746468595542694,Hold,Hold,High,High,ttm(Jun 2026),ttm(Jun 2026),Jun 2026,False,False,Hold
OIL,Oil Gas & Consumable Fuels,Cyclical,79675.11160135856,0.1743188669704493,0.16436741777010477,0.6461835548888774,8.67607973421927,-2.0153653619925493,4.410679133858264,10.551597351524109,-0.08956963940347806,-0.026528351715004672,0.020559694927580585,-0.09312201186656466,False,False,47.5325685080806,-8513279.0,116897174.0,1498561587.57135,-0.15333333333333332,-0.2600000000000007,10.551597351524109,62.5,50.0,56.25,8.062015503875969,22.177419354838708,False,61.15365942468746,25.69843217849106,Neutral,10.651971907361874,45.74513981358189,57.59600532623169,18.65546218487395,18.991596638655462,81.66894664842681,9.066666666666666,42.11907003371523,100.0,36.34352917475773,100.0,GREEN,Large,50000000.0,GREEN,42.11907003371523,36.34352917475773,Hold,Sell,High,High,ttm(Mar 2026),ttm(Mar 2026),Mar 2026,False,False,Sell
LENSKART,Consumer Services,NotCyclical,94140.37402515681,0.023464322565739965,0.09716798675167002,0.35442893110551615,9.825842696629213,32.51174058463737,32.48158725387042,135.78881028347647,0.001783390623730785,0.1939814517039795,,,True,,56.239366582231405,70228604.0,,2421998627.834961,,,135.78881028347647,23.91304347826087,28.26086956521739,26.086956521739133,87.13178294573643,86.29032258064517,False,24.56300708637157,,Neutral,50.61084595047251,7.985885486018644,14.776830892143808,,,,90.93333333333334,42.09592113520913,57.14285714285714,45.90377562051867,85.71428571428571,GREEN,Large,50000000.0,GREEN,42.09592113520913,45.90377562051867,Hold,Hold,Med,High,annual,ttm(Mar 2026),Mar 2026,False,False,Hold
CLEAN,Chemicals,Cyclical,8177.718388929459,0.28238182441450105,0.38496098336082296,0.0012626262626262627,388.0,0.7423389408794723,-1.0341261633919352,35.55529734317157,0.034536102002589164,-0.09948834134021278,-0.4582321336381675,-0.48733512325153927,False,False,47.604361356380856,5428978.0,13326099.0,152979511.85198975,0.34000000000000014,1.245,35.55529734317157,100.0,100.0,100.0,13.488372093023257,10.75268817204301,False,44.32930181418362,2.6734366473555866,Neutral,19.59511941991747,26.70386151797603,87.9555259653795,60.588235294117645,82.35294117647058,47.60601915184679,58.666666666666664,43.0578360765404,100.0,52.2252251314728,100.0,GREEN,Small,2500000.0,GREEN,42.0578360765404,51.2252251314728,Hold,Hold,High,High,ttm(Mar 2026),ttm(Mar 2026),Mar 2026,False,False,Hold
ATUL,Chemicals,Cyclical,18295.530944625407,0.13182843167843916,0.19954963469131698,0.029416492525317472,60.8235294117647,4.946564236731188,12.35673352435529,26.55259272127161,-0.06456548347613222,-0.0038289205702647378,-0.1721056194989844,-0.09847706613837293,False,False,33.359047704045096,-127214.0,860522.0,150612478.25,0.25999999999999995,0.4149999999999996,26.55259272127161,43.18181818181818,59.09090909090909,51.13636363636364,25.271317829457363,50.134408602150536,False,74.87441588785046,16.557971652580246,Pulled back,15.967798933299195,26.70386151797603,87.9555259653795,55.96638655462185,61.680672268907564,22.29822161422709,24.933333333333334,42.02333973017679,100.0,52.490323478715375,100.0,GREEN,Mid,10000000.0,GREEN,42.02333973017679,52.490323478715375,Hold,Hold,High,High,ttm(Mar 2026),ttm(Mar 2026),Mar 2026,False,False,Hold
ONESOURCE,Healthcare,NotCyclical,18950.434221540178,-0.5055585081800663,-0.017895085981277738,0.25793174412622194,2.4918032786885247,231.59781724072172,-1.6098556943627496,-256.08694893973217,0.06454944690926179,-0.07280598389553028,-0.16681826269044964,,False,True,49.471996651280634,-1137490.0,10358217.0,456618580.75024414,,,,2.142857142857143,2.857142857142857,2.5,99.06976744186046,9.67741935483871,True,77.48694337548105,21.042260607076976,Neutral,16.672518644731092,66.50785619174435,90.47589880159788,,,43.77564979480164,20.4,52.879567420236796,85.71428571428571,31.980298456969408,85.71428571428571,AMBER,Mid,10000000.0,GREEN,41.947632307201275,24.183253688423996,Hold,Sell,High,High,ttm(Mar 2026),ttm(Mar 2026),Mar 2026,False,False,Sell
GHCL,Chemicals,Cyclical,4003.1368531009803,0.1982270603830128,0.23475268241365882,0.023367117117117118,69.0,-12.354967080982194,-3.707194470625197,8.678813343359531,-0.10470662486354576,-0.1846959019045621,-0.24819736548844396,-0.1887882420659971,False,False,50.18291298764266,-2248643.0,-2310558.0,86825461.79997253,0.07500000000000018,-0.46499999999999986,8.678813343359531,72.72727272727273,70.45454545454545,71.5909090909091,1.0852713178294573,8.064516129032258,False,95.24385455116627,11.809445762307817,Neutral,5.352079071606104,26.70386151797603,87.9555259653795,38.4873949579832,13.277310924369749,14.774281805745554,17.2,42.88440412398957,100.0,46.527659901109146,100.0,GREEN,Small,2500000.0,GREEN,41.88440412398957,45.527659901109146,Hold,Hold,High,High,ttm(Mar 2026),ttm(Mar 2026),Mar 2026,False,False,Hold
ETERNAL,Consumer Services,NotCyclical,275896.5907046669,-0.0008763100587853754,-0.001158837602270783,0.14822466107165913,3.0816326530612246,97.29367559591171,168.55703206046533,734.4872107872596,0.12386223603037783,-0.02749949387752393,0.08771598848733508,0.3776271932721309,True,True,61.293982173885595,275621522.0,-743612515.0,7599817285.2916565,,,734.4872107872596,19.565217391304348,10.869565217391305,15.217391304347826,99.06976744186046,99.05913978494624,True,21.228561158467702,73.69403986688486,Neutral,57.06383849758727,7.985885486018644,14.776830892143808,,,1.094391244870041,97.86666666666667,41.790236510353964,85.71428571428571,47.567377043897245,85.71428571428571,GREEN,Large,50000000.0,GREEN,41.790236510353964,47.567377043897245,Hold,Hold,High,High,ttm(Mar 2026),ttm(Mar 2026),Mar 2026,False,False,Hold
CAMPUS,Consumer Durables,NotCyclical,6924.134233090153,0.1684659956638791,0.260745250127573,0.26048565121412803,12.166666666666666,6.130425362296332,11.424984306340246,46.160894887267695,-0.10492854907247506,-0.1048578332217951,-0.1993649352861403,-0.20317741244852938,False,False,38.726383409109076,2319081.0,4018926.0,43942643.86647034,0.4400000000000002,-2.4549999999999996,46.160894887267695,60.97560975609756,80.48780487804879,70.73170731707317,28.992248062015502,45.83333333333333,False,37.735768903993204,14.75374265853472,Neutral,9.255274938221884,25.229560585885487,54.25752330226364,65.04201680672269,1.0924369747899159,31.053351573187417,45.6,41.67064744291757,100.0,38.19118317190604,100.0,GREEN,Small,2500000.0,GREEN,41.67064744291757,38.19118317190604,Hold,Sell,High,High,ttm(Mar 2026),ttm(Mar 2026),Mar 2026,False,False,Sell
SWSOLAR,Construction,Cyclical,4932.141859522405,-0.14079550448064412,-0.11966329052386843,1.835130970724191,1.903030303030303,55.3050628422314,3.203693340794622,-17.949593396690798,0.041022241008714655,0.08957209425613488,-0.3302593572969229,-0.6773401552366871,True,True,41.70567174780051,38751099.0,157105833.0,393896252.33262634,2.63,5.6899999999999995,,4.3478260869565215,4.3478260869565215,4.3478260869565215,95.03875968992249,18.548387096774192,True,65.45291157440691,15.480251447310051,Neutral,59.617838622321386,8.461517976031956,26.57070572569907,94.62184873949579,97.98319327731092,86.45690834473324,85.33333333333334,50.10945861491864,100.0,46.30643935918014,100.0,AMBER,Small,2500000.0,GREEN,41.59303982268084,38.360473455303115,Hold,Sell,High,High,ttm(Jun 2026),ttm(Jun 2026),Jun 2026,False,False,Sell
ACC,Construction Materials,Cyclical,25788.595820261013,0.12548135487912956,0.16192136769569043,0.02087489659870566,26.410714285714285,,17.340328467153277,12.067662994974736,-0.03328236545054675,-0.1909763025213831,-0.303280628665881,-0.4811837896872191,True,False,52.88357887641189,-480980.0,-6433813.0,216321086.22180176,-0.47500000000000026,0.16499999999999826,12.067662994974736,87.5,62.5,75.0,,64.65053763440861,False,67.32866043613707,8.050436392290747,Neutral,34.14497544569214,11.058055925432758,11.85699067909454,7.0588235294117645,48.0672268907563,10.259917920656635,22.933333333333334,38.54791029210225,85.71428571428571,47.427478185231664,100.0,GREEN,Mid,10000000.0,GREEN,41.54791029210225,50.427478185231664,Hold,Hold,High,High,ttm(Mar 2026),ttm(Mar 2026),Mar 2026,False,False,Hold
PCJEWELLER,Consumer Durables,NotCyclical,8877.686484463244,-0.022233689983280475,0.0324396665053745,0.14276975776853437,5.045112781954887,10.695091180407745,49.37611408199643,10.5306119334941,0.06501549450180644,0.002915425955530182,-0.4051873505520922,0.8376067258490392,True,True,63.51202492773467,3189604322.0,2321012878.0,367964779.11096525,-0.025000000000000005,-0.38499999999999995,10.5306119334941,9.75609756097561,4.878048780487805,7.317073170731707,43.100775193798455,92.8763440860215,True,76.18703726180361,36.14052302648203,Neutral,49.3924289435409,25.229560585885487,54.25752330226364,27.39495798319328,14.789915966386555,99.04240766073872,99.06666666666666,41.51382089601781,100.0,53.76302463071914,100.0,GREEN,Small,2500000.0,GREEN,41.51382089601781,53.76302463071914,Hold,Hold,High,High,ttm(Mar 2026),ttm(Mar 2026),Mar 2026,False,False,Hold
BSOFT,Information Technology,NotCyclical,8091.132075471698,0.15379060016676296,0.2167655360616929,0.034281546316557256,43.3,3.4590858023934468,-1.190697674418606,15.586336740182894,-0.22948348074911395,-0.3083295324169901,-0.28711919141256903,-0.573720671916067,False,False,46.511401138494584,22522154.0,49266058.0,344595773.74305725,0.31666666666666643,3.6499999999999995,15.586336740182894,34.285714285714285,45.714285714285715,40.0,19.53488372093023,10.349462365591398,False,87.92701379617267,10.74999618970611,Neutral,1.630341367632023,13.445272969374168,39.410652463382156,58.991596638655466,95.29411764705881,68.12585499316005,78.8,42.47642314695888,100.0,39.80490513048618,100.0,GREEN,Small,2500000.0,GREEN,41.47642314695888,38.80490513048618,Hold,Sell,High,High,ttm(Mar 2026),ttm(Mar 2026),Mar 2026,False,False,Sell
OPTIEMUS,Telecommunication,NotCyclical,5173.991935483871,0.10570724070454865,0.09499053034866672,0.4800514800514801,4.260869565217392,14.644505485482217,-6.504494976203068,77.97459893048129,0.45467011408603675,0.268900267039601,-0.03944336581940855,0.5628348899314728,True,True,73.57022814427131,5645674.0,6319626.0,59703861.37875366,-0.04833333333333333,-0.020000000000000004,77.97459893048129,45.45454545454545,23.076923076923077,34.26573426573427,55.65891472868218,6.451612903225806,True,22.371161548731642,60.64717209243261,Extended,81.28400282659852,93.40532623169109,96.33475366178429,24.873949579831933,31.76470588235294,37.2093023255814,59.199999999999996,44.44595713945182,100.0,46.04448570436939,100.0,GREEN,Small,2500000.0,GREEN,41.44595713945182,43.04448570436939,Hold,Hold,High,High,ttm(Mar 2026),ttm(Mar 2026),Mar 2026,False,False,Hold
BLACKBUCK,Services,NotCyclical,10414.512028769841,-0.3350082092970359,-0.1426107676878918,0.04149085794655415,33.4,54.73134808315952,52.693208430913344,64.72378529717446,-0.07088533273592179,-0.1271760158328582,0.3150841636449684,,True,False,57.381002587309226,4713004.0,5138264.0,248622008.83918762,,,64.72378529717446,6.25,6.0,6.125,94.72868217054263,93.27956989247312,False,27.76368491321762,42.93071161048689,Neutral,18.472156151525486,32.419973368841546,58.78482023968043,,,34.33652530779754,56.13333333333333,41.35562776579303,85.71428571428571,39.04114671156778,85.71428571428571,GREEN,Small,2500000.0,GREEN,41.35562776579303,39.04114671156778,Hold,Sell,High,High,ttm(Mar 2026),ttm(Mar 2026),Mar 2026,False,False,Sell
AARTIIND,Chemicals,Cyclical,18295.004325259513,0.13867855309804866,0.15528837152930214,0.8339210747271201,3.4323529411764704,7.7748720561739315,14.124604593590973,43.663494809688586,0.13261529656217919,0.390495867768595,0.1476091268368207,-0.2845437749138925,True,True,63.086373800406655,17849380.0,82232341.0,364100194.59477234,-0.10500000000000013,-0.16999999999999993,43.663494809688586,47.72727272727273,36.36363636363637,42.04545454545455,33.64341085271318,54.3010752688172,False,43.37491655540721,57.210828957329305,Neutral,69.46173299032971,26.70386151797603,87.9555259653795,20.672268907563023,22.689075630252102,76.74418604651163,74.53333333333333,41.33660742110347,100.0,58.0152411087521,100.0,GREEN,Mid,10000000.0,GREEN,41.33660742110347,58.0152411087521,Hold,Hold,High,High,ttm(Mar 2026),ttm(Mar 2026),Mar 2026,False,False,Hold
AKUMS,Healthcare,NotCyclical,10785.638687538556,0.08201116810428517,0.15377004298771868,0.047374773687386844,5.553191489361702,6.047352140836781,5.876639145216123,42.131401123197485,0.25731438227843917,0.542669476695832,0.2215030636772619,,True,True,68.76403240194946,6677136.0,13543893.0,123989840.18353271,,,42.131401123197485,17.142857142857142,22.857142857142858,20.0,28.37209302325581,25.940860215053764,False,52.22195250232633,68.35171054838169,Neutral,81.48948095385826,66.50785619174435,90.47589880159788,,,48.01641586867305,61.86666666666667,41.30496747539323,85.71428571428571,52.84035876084607,85.71428571428571,GREEN,Small,2500000.0,GREEN,41.30496747539323,52.84035876084607,Hold,Hold,High,High,ttm(Mar 2026),ttm(Mar 2026),Mar 2026,False,False,Hold
HINDPETRO,Oil Gas & Consumable Fuels,Cyclical,84989.64379023528,0.1616792974299422,0.1391462976532649,0.8536823479162853,9.020318021201414,0.08026067749162813,1.7703865132715713,4.709350240496219,0.05243740157176391,-0.11017046125566254,-0.04992125349767684,0.29974446131748556,True,False,53.24042702553243,10772544.0,-42730449.0,2141265331.25,0.14500000000000046,0.0500000000000016,4.709350240496219,56.25,25.0,40.625,11.782945736434108,14.516129032258066,False,85.97099162519723,24.214846476299197,Neutral,47.1609246177082,45.74513981358189,57.59600532623169,45.714285714285715,38.15126050420168,3.9671682626538987,68.13333333333334,41.22909880020496,100.0,51.04699674075345,100.0,GREEN,Large,50000000.0,GREEN,41.22909880020496,51.04699674075345,Hold,Hold,High,High,ttm(Mar 2026),ttm(Mar 2026),Mar 2026,False,False,Hold
DLF,Realty,Cyclical,160480.167818952,0.05208465372098873,0.039239010745548426,0.006729267917225607,7.28140703517588,12.893103026347985,2.501876407305481,36.34884888311483,0.08668670197099337,-0.006591123033735324,-0.19906707286303948,-0.2143456298559715,True,True,52.88804276983944,-7580825.0,-28109490.0,2108082099.1192932,0.2783333333333333,0.6349999999999998,36.34884888311483,47.05882352941176,35.294117647058826,41.17647058823529,50.3875968992248,15.994623655913978,False,65.71539830885625,37.27823588205897,Neutral,48.19747023281997,5.798402130492676,68.91424766977363,57.22689075630252,71.00840336134453,5.60875512995896,9.866666666666667,41.16605097518263,100.0,49.25755695814505,100.0,GREEN,Large,50000000.0,GREEN,41.16605097518263,49.25755695814505,Hold,Hold,High,High,ttm(Mar 2026),ttm(Mar 2026),Mar 2026,False,False,Hold
BIOCON,Healthcare,NotCyclical,68327.01869932543,0.04461649867218076,0.07697654000749478,0.45352766595163235,3.506060606060606,14.848089667177899,10.923268462092928,162.02206331140857,0.22887354476701582,0.16943299960044045,0.1791208396409285,0.20501020818318527,True,True,62.78703538157956,23167529.0,136063311.0,1353682657.9525146,-0.3216666666666665,-0.020000000000000018,162.02206331140857,12.857142857142856,5.714285714285714,9.285714285714285,56.27906976744186,42.876344086021504,False,32.60106809078772,63.591750368317435,Neutral,72.1203574947059,66.50785619174435,90.47589880159788,11.596638655462185,31.428571428571427,84.26812585499316,79.33333333333333,41.15124903605624,100.0,47.71918201720613,100.0,GREEN,Large,50000000.0,GREEN,41.15124903605624,47.71918201720613,Hold,Hold,High,High,ttm(Mar 2026),ttm(Mar 2026),Mar 2026,False,False,Hold
INDIGOPNTS,Consumer Durables,NotCyclical,5178.784332124959,0.15021740814551143,0.23137390341171243,0.018197573656845753,85.0,9.402068669182562,4.69448584202683,34.980290697375985,0.27391287902077366,-0.12942517367149597,-0.11008007894037719,-0.2289420598200821,True,True,57.136425678659975,-452749.0,6258249.0,90493567.10266113,-0.25166666666666654,-0.4800000000000004,34.980290697375985,51.21951219512195,68.29268292682927,59.75609756097561,37.98449612403101,22.849462365591396,False,46.78237650200267,36.73605982342951,Neutral,62.452753096090646,25.229560585885487,54.25752330226364,14.285714285714285,12.773109243697478,36.79890560875513,23.466666666666665,41.06257312439333,100.0,45.47938485089123,100.0,GREEN,Small,2500000.0,GREEN,41.06257312439333,45.47938485089123,Hold,Hold,High,High,ttm(Mar 2026),ttm(Mar 2026),Mar 2026,False,False,Hold
JINDALSTEL,Metals & Mining,Cyclical,104668.52468948804,0.07494311237856738,0.17266390067024057,0.4442130493722863,6.357284113381675,0.008142863442595072,6.952677584647837,31.132646880678372,-0.201677379062983,0.01701623705455968,0.09765485646597516,0.006087206937617884,False,False,35.73283513772627,-12534494.0,7129996.0,1239291831.7560425,0.06833333333333365,0.06500000000000039,31.132646880678372,16.666666666666664,41.66666666666667,29.166666666666668,11.317829457364342,29.838709677419356,False,52.13053301838348,25.332347871008313,Neutral,10.112827597338486,94.9462050599201,6.26444740346205,37.47899159663866,40.7563025210084,38.850889192886456,7.733333333333333,41.048152068224326,100.0,25.242115037927405,100.0,GREEN,Large,50000000.0,GREEN,41.048152068224326,25.242115037927405,Hold,Sell,High,High,ttm(Mar 2026),ttm(Mar 2026),Mar 2026,False,False,Sell
HAPPSTMNDS,Information Technology,NotCyclical,5819.355207732892,0.17161644512948718,0.17058312286676694,0.8845470692717584,4.154639175257732,17.446367454520683,12.318137730358881,27.30135962036395,0.007794904463734875,-0.11188733716319632,-0.3870874356532572,-0.5293879418443082,True,False,58.709545189269676,7939336.0,99384297.0,203811270.80995178,-0.0333333333333334,1.0799999999999996,27.30135962036395,42.857142857142854,20.0,31.428571428571427,64.65116279069767,49.73118279569893,False,50.420115709835336,4.880288587648391,Neutral,36.462378814406364,13.445272969374168,39.410652463382156,25.882352941176475,80.0,80.30095759233926,64.13333333333333,41.027842754273294,100.0,45.3184455531802,100.0,GREEN,Small,2500000.0,GREEN,41.027842754273294,45.3184455531802,Hold,Hold,High,High,ttm(Mar 2026),ttm(Mar 2026),Mar 2026,False,False,Hold
ZFCVINDIA,Automobile and Auto Components,Cyclical,26516.73086461887,0.12564786140397805,0.17722453640490626,0.014905149051490514,131.4,6.147446146816682,7.51761942051683,51.28961482518156,-0.06813198012356003,-0.008855899220811647,0.082977867002348,-0.10734552559906385,False,False,39.33618918123743,-968140.0,-1102582.0,211615139.72827148,0.08833333333333353,0.1599999999999998,51.28961482518156,36.95652173913043,41.30434782608695,39.13043478260869,29.147286821705425,31.989247311827956,False,32.24685545639801,24.407043280893618,Neutral,13.216381081876257,100.0,53.26844207723036,40.588235294117645,47.73109243697479,16.55266757865937,21.066666666666666,40.96782931109069,100.0,32.65036095023523,100.0,GREEN,Mid,10000000.0,GREEN,40.96782931109069,32.65036095023523,Hold,Sell,High,High,ttm(Mar 2026),ttm(Mar 2026),Mar 2026,False,False,Sell
PRESTIGE,Realty,Cyclical,77176.4566383032,0.13396909170639987,0.1153225459806051,1.085171756897929,2.333754740834387,15.117868405369684,72.6456178551987,59.139047232416246,0.19500647315617226,0.08170257889529142,-0.030330633976366483,-0.07497005078624552,True,True,56.78282414188236,9010069.0,11979729.0,952347210.7580566,0.20333333333333314,0.3149999999999995,59.139047232416246,82.35294117647058,82.35294117647058,82.35294117647058,57.984496124031004,96.63978494623656,True,34.30796617712505,54.58604967179332,Neutral,73.80014895836078,5.798402130492676,68.91424766977363,51.42857142857142,56.97478991596638,46.238030095759235,66.26666666666667,48.15512770640288,100.0,68.18712713461376,100.0,AMBER,Large,50000000.0,GREEN,40.93185855044245,57.9590580644217,Hold,Hold,High,High,ttm(Mar 2026),ttm(Mar 2026),Mar 2026,False,False,Hold
SUMICHEM,Chemicals,Cyclical,26977.816486358643,0.18335494423158677,0.25398753210732816,0.018584070796460177,83.875,-2.662092696086016,2.890724269377376,49.682903289794915,0.21131649925595242,0.22324054143253336,-0.0017510329798354762,0.08697217291068537,True,True,69.2378710787241,31606642.0,33046590.0,126270324.27270508,0.09833333333333323,0.3699999999999999,49.682903289794915,65.9090909090909,72.72727272727273,69.31818181818181,6.976744186046512,16.93548387096774,False,36.281291722296395,57.55478363984505,Neutral,75.57250918842388,26.70386151797603,87.9555259653795,41.680672268907564,60.168067226890756,62.7906976744186,82.53333333333333,40.771788909896564,100.0,60.119357028217635,100.0,GREEN,Mid,10000000.0,GREEN,40.771788909896564,60.119357028217635,Hold,Hold,High,High,ttm(Mar 2026),ttm(Mar 2026),Mar 2026,False,False,Hold
AARTIDRUGS,Healthcare,NotCyclical,3833.3566858527365,0.13047884013967015,0.15921958777034378,0.3724983860555197,9.088235294117647,-1.8886613661022178,7.498952660242986,19.658239414629417,0.14978088680469104,0.07240849232786584,-0.10862842120538374,-0.23348790647173812,True,True,74.3167289853408,1905433.0,940534.0,52032544.210739136,0.48166666666666674,0.8100000000000003,19.658239414629417,34.285714285714285,28.57142857142857,31.428571428571427,8.372093023255815,31.85483870967742,False,80.45201683052152,29.083407105771283,Extended,52.46660566171631,66.50785619174435,90.47589880159788,66.38655462184873,74.6218487394958,22.5718194254446,43.46666666666666,40.517212232075366,100.0,54.74037163491746,100.0,GREEN,Small,2500000.0,GREEN,40.517212232075366,54.74037163491746,Hold,Hold,High,High,ttm(Mar 2026),ttm(Mar 2026),Mar 2026,False,False,Hold
HERITGFOOD,Fast Moving Consumer Goods,NotCyclical,3111.7119335273583,0.13545853187195755,0.20742187220954744,0.3272892112420671,14.777777777777779,11.775127224466718,11.535739561217273,23.148275441136853,-0.048169124467273616,-0.23832096495318222,-0.2864736592372923,-0.3446989724148163,True,False,56.74321970469999,2776693.0,-3551530.0,74979696.5,-0.21500000000000005,-0.83,23.148275441136853,34.883720930232556,56.81818181818182,45.850951374207185,47.13178294573643,46.50537634408602,False,60.32220738762795,9.364444437638177,Neutral,23.681233585085554,58.78482023968043,8.718242343541945,15.378151260504202,8.739495798319327,12.859097127222983,47.733333333333334,40.50619248723736,100.0,36.22571839794683,100.0,GREEN,Small,2500000.0,GREEN,40.50619248723736,36.22571839794683,Hold,Sell,High,High,ttm(Jun 2026),ttm(Jun 2026),Jun 2026,False,False,Sell
PRAJIND,Capital Goods,Cyclical,6573.2305438701915,0.1343307806633134,0.17449955202628065,0.13216195569136746,7.6,-3.52409404723113,-1.8587360594795488,273.8846059945913,-0.0012623063310834848,0.1565696954160387,-0.2724157218200648,-0.49474803326239825,False,True,51.292840977580944,5990525.0,194571314.0,343472438.1611023,0.9099999999999998,1.2350000000000003,273.8846059945913,42.05607476635514,45.370370370370374,43.71322256836275,5.891472868217054,9.543010752688172,False,22.58409586766095,12.600656009946375,Neutral,23.898493680019687,85.89161118508655,77.5027962716378,78.4873949579832,82.18487394957982,88.37209302325581,60.93333333333333,41.342042585977794,100.0,39.504393349102536,100.0,GREEN,Small,2500000.0,GREEN,40.342042585977794,38.504393349102536,Hold,Sell,High,High,ttm(Mar 2026),ttm(Mar 2026),Mar 2026,False,False,Sell
SANOFICONR,Healthcare,NotCyclical,10494.388489208633,,,,154.5,,38.31360946745561,40.7081621718164,-0.0202047054440313,0.09359739208674167,-0.10704140453721445,,False,True,45.90780451013913,198788.0,1278597.0,18272183.69921875,,,40.7081621718164,,,,,89.38172043010752,False,,30.19872547375482,Neutral,16.81485335180299,66.50785619174435,90.47589880159788,,,24.350205198358413,30.4,40.198511697281056,42.857142857142854,55.13767511668388,57.14285714285714,GREEN,Small,2500000.0,GREEN,40.198511697281056,55.13767511668388,Hold,Hold,Med,Med,ttm(Mar 2026),ttm(Mar 2026),Mar 2026,False,False,Hold
POLICYBZR,Financial Services,NotCyclical,72233.217102388,0.017074233391911386,-0.016661415160692257,0.04923413566739606,13.72972972972973,38.48678531427956,36.50793650793651,107.58786875161525,-0.03445081120733484,-0.06827814050376757,-0.14791769205352967,0.13168293946420206,False,False,43.70046269893744,-30521718.0,-25244626.0,2395776884.946533,6.47,0.665,107.58786875161525,6.722689075630252,6.25,6.4863445378151265,90.54263565891473,88.30645161290323,False,16.817790952908965,18.654912935796197,Neutral,14.748778339839955,47.73288948069241,28.957922769640476,99.07563025210084,71.76470588235294,5.88235294117647,4.3999999999999995,40.17383689436542,100.0,32.35718029838476,100.0,N/A-financial-sector,Large,50000000.0,GREEN,40.17383689436542,32.35718029838476,Hold,Sell,High,High,ttm(Mar 2026),ttm(Mar 2026),Mar 2026,False,False,Sell
PVRINOX,Media Entertainment & Publication,NotCyclical,9844.153558640253,-0.011265922019411727,0.10898664041487124,0.9188126863648686,2.858117326057299,21.005308790059996,16.12847222222222,29.562022698619376,0.07069096697220201,-0.0354847422053296,0.016371917339091713,-0.31484822772465204,True,False,55.811247915874084,229259.0,-4249799.0,193945932.58273315,-0.05166666666666705,-0.47499999999999964,29.562022698619376,25.0,50.0,37.5,73.7984496124031,61.96236559139785,False,76.4853137516689,25.13062289080179,Neutral,45.507764097301475,30.089747003994674,42.34007989347536,24.201680672268907,13.109243697478993,11.76470588235294,30.8,47.21978886946924,100.0,48.228810033178576,100.0,AMBER,Small,2500000.0,GREEN,40.136820539048855,40.994488528201785,Hold,Hold,High,High,ttm(Mar 2026),ttm(Mar 2026),Mar 2026,False,False,Hold
JMFINANCIL,Financial Services,NotCyclical,12025.28725004234,0.07076098388640545,0.10701583051868226,1.0916682304372303,2.6436436436436437,8.65600963369313,-6.578346276838742,10.012728767728843,-0.04138406089501612,-0.05569290480672262,-0.22932673966875394,0.3680742303696036,False,False,49.65364432063046,33415605.0,115852969.0,279592837.2859802,-0.6216666666666661,-0.9149999999999987,10.012728767728843,13.445378151260504,37.5,25.472689075630253,35.348837209302324,6.317204301075269,True,89.58009052720702,18.063568767470695,Neutral,13.806903703841453,47.73288948069241,28.957922769640476,5.714285714285714,8.235294117647058,81.25854993160054,83.2,43.05780129483658,100.0,31.489505068872173,100.0,N/A-financial-sector,Mid,10000000.0,GREEN,40.05780129483658,28.489505068872173,Hold,Sell,High,High,ttm(Mar 2026),ttm(Mar 2026),Mar 2026,False,False,Sell
MAPMYINDIA,Information Technology,NotCyclical,6446.767079878827,0.1844429032331265,0.20815302431245558,0.0077348066298342545,84.5,19.03938484537704,2.37068965517242,48.01221797034114,0.2331432560317115,-0.239499366020411,-0.34077498985141763,-0.5192856087426314,True,False,78.79681724035439,18281356.0,23249432.0,204586238.4154663,0.19333333333333336,0.03500000000000014,48.01221797034114,51.42857142857142,42.857142857142854,47.14285714285714,69.30232558139535,15.725806451612904,True,21.74410324877615,6.327401106830213,Extended,55.86846642411271,13.445272969374168,39.410652463382156,50.7563025210084,36.89075630252101,57.045143638850895,75.06666666666668,41.041074762537654,100.0,39.15635742429034,100.0,GREEN,Small,2500000.0,GREEN,40.041074762537654,38.15635742429034,Hold,Sell,High,High,ttm(Mar 2026),ttm(Mar 2026),Mar 2026,False,False,Sell
MFSL,Financial Services,NotCyclical,68852.01752588092,0.08164182480886968,0.08483824454582978,0.35195001893222266,1.8928571428571428,14.916266910813913,2.5930707983645274,646.8852559074026,-0.06537187424329494,-0.041127484463862496,0.007146550275102248,0.5897668965369702,False,False,44.261041554096806,-4738413.0,1000520.0,985426004.6072998,1.558333333333333,2.4349999999999987,646.8852559074026,17.647058823529413,35.41666666666667,26.531862745098042,56.74418604651162,16.129032258064516,False,22.21617523930212,30.33602208043835,Neutral,12.462050114562771,47.73288948069241,28.957922769640476,88.40336134453781,89.91596638655463,23.119015047879618,12.533333333333333,40.023707111628795,100.0,25.370454774909508,100.0,N/A-financial-sector,Large,50000000.0,GREEN,40.023707111628795,25.370454774909508,Hold,Sell,High,High,ttm(Mar 2026),ttm(Mar 2026),Mar 2026,False,False,Sell
TATACONSUM,Fast Moving Consumer Goods,NotCyclical,108012.15522771007,0.0730282818376209,0.11122580519130199,0.1294290435101891,20.37956204379562,13.757340509039718,15.171983199001016,69.77564102564102,-0.02025127165829521,-0.07708886844183438,0.019419052944331217,-0.039063188683673755,False,False,42.42264645185153,-5546514.0,30609376.0,1697937189.1870117,0.5116666666666667,0.6250000000000009,69.77564102564102,6.976744186046512,9.090909090909092,8.033826638477802,53.17829457364341,57.795698924731184,False,39.722407654650645,26.494199912301255,Neutral,18.88366128074077,58.78482023968043,8.718242343541945,67.56302521008404,70.25210084033613,61.55950752393981,11.466666666666667,39.90746699363569,100.0,29.780988245426716,100.0,GREEN,Large,50000000.0,GREEN,39.90746699363569,29.780988245426716,Sell,Sell,High,High,ttm(Mar 2026),ttm(Mar 2026),Mar 2026,False,False,Sell
DIVISLAB,Healthcare,NotCyclical,194226.07257314175,0.14006761095886486,0.18805795903734498,0.0004176361792255832,143.41666666666666,10.777501844579929,12.82051282051282,75.63320583066267,0.17450634130679088,0.12805489168144324,0.07375448957352582,0.5971704720250461,True,True,74.91991232272142,2779815.0,2442416.0,2219198701.0,-0.08666666666666689,0.28999999999999915,75.63320583066267,42.857142857142854,41.42857142857143,42.14285714285714,43.41085271317829,51.88172043010753,False,18.704939919893192,63.260756004690926,Extended,59.356522069762285,66.50785619174435,90.47589880159788,22.18487394957983,55.79831932773109,27.49658002735978,47.86666666666667,39.7508892007611,100.0,50.80019074551803,100.0,GREEN,Large,50000000.0,GREEN,39.7508892007611,50.80019074551803,Sell,Hold,High,High,ttm(Mar 2026),ttm(Mar 2026),Mar 2026,False,False,Sell
BBOX,Information Technology,NotCyclical,15444.187320631378,0.20186544099587578,0.299275189139915,0.8958818958818959,3.5253164556962027,0.17991360622053865,5.966147142617739,68.71337890625,0.6481815510499311,0.6807398404563281,0.6566842811333193,1.180667362532502,False,True,34.32604461887624,7836225.0,50250545.0,604893452.35849,-0.1283333333333334,-0.33000000000000007,68.71337890625,62.857142857142854,62.857142857142854,62.857142857142854,12.248062015503876,26.61290322580645,False,21.072541165999105,94.04262956804102,Pulled back,50.26924738996423,13.445272969374168,39.410652463382156,19.327731092436977,16.63865546218487,68.67305061559507,63.46666666666667,39.732877577728665,100.0,40.5063107510341,100.0,GREEN,Mid,10000000.0,GREEN,39.732877577728665,40.5063107510341,Sell,Hold,High,High,ttm(Mar 2026),ttm(Mar 2026),Mar 2026,False,False,Sell
RKFORGE,Automobile and Auto Components,Cyclical,10748.962247824365,0.10161675232875203,0.16331662292482688,0.7443768996960486,2.9761904761904763,9.89738147499759,5.081804660386724,148.91414449672507,0.11453830325092151,0.18902792841498428,-0.10636265971857062,-0.3819728507111507,True,True,60.21868836183331,14561659.0,36043590.0,184602713.1399231,1.5833333333333337,3.725000000000001,148.91414449672507,26.08695652173913,21.73913043478261,23.913043478260867,39.224806201550386,24.059139784946236,False,27.112446224595757,20.80951814315171,Neutral,68.18924227492778,100.0,53.26844207723036,88.73949579831933,95.7983193277311,64.43228454172366,71.86666666666667,46.69670621189597,100.0,48.013038197413536,100.0,AMBER,Small,2500000.0,GREEN,39.69220028011158,40.811082467801505,Sell,Hold,High,High,ttm(Mar 2026),ttm(Mar 2026),Mar 2026,False,False,Sell
LATENTVIEW,Information Technology,NotCyclical,6445.214339907017,0.11860535743584984,0.11898876812689763,0.01879271070615034,23.7,25.28691052822778,25.117924528301884,31.87369583544005,0.007922078890177708,-0.30515417539763134,-0.2934983862118733,-0.40156784693088554,True,False,55.500054217386435,12424027.0,122915894.0,210185852.7482605,0.14999999999999994,0.33999999999999997,31.87369583544005,11.428571428571429,5.714285714285714,8.571428571428571,79.84496124031007,79.3010752688172,False,38.41744548286604,11.284512238262892,Neutral,31.175920504187282,13.445272969374168,39.410652463382156,46.05042016806723,58.4873949579832,82.62653898768811,70.26666666666667,39.65849207880636,100.0,41.74751467112419,100.0,GREEN,Small,2500000.0,GREEN,39.65849207880636,41.74751467112419,Sell,Hold,High,High,ttm(Mar 2026),ttm(Mar 2026),Mar 2026,False,False,Sell
CONCOR,Services,NotCyclical,37479.37330000239,0.10296083650887285,0.14876196066468764,0.07455767596384145,25.0,3.5832913760850182,2.1717114886913524,30.079753852329375,-0.021454945139010473,-0.04619550375557757,-0.190900072710542,-0.5156611871514005,True,False,58.761185131992455,12087441.0,44947286.0,624356797.3659515,0.28500000000000075,0.38000000000000256,30.079753852329375,29.166666666666668,32.0,30.583333333333336,20.310077519379846,15.188172043010754,False,76.15153538050735,8.73202209756545,Neutral,33.49994986286913,32.419973368841546,58.78482023968043,57.815126050420176,60.33613445378151,66.62106703146374,69.6,39.62102683040441,100.0,43.207159413083716,100.0,GREEN,Large,50000000.0,GREEN,39.62102683040441,43.207159413083716,Sell,Hold,High,High,ttm(Mar 2026),ttm(Mar 2026),Mar 2026,False,False,Sell
EMIL,Consumer Services,NotCyclical,5073.647763917772,0.10210413850416253,0.13265165141087984,1.2281672816728166,2.844155844155844,9.667028586038228,6.715198336057049,47.417268821661416,0.252327613993524,0.33623928317566554,-0.07051191287234049,-0.45594118214966617,True,True,59.37288052381046,32619932.0,69595801.0,93233727.15296936,2.425,2.9750000000000005,47.417268821661416,60.86956521739131,39.130434782608695,50.0,39.06976744186046,28.62903225806452,False,40.55175015963313,37.578023471136454,Neutral,86.75546557080736,7.985885486018644,14.776830892143808,93.78151260504201,92.94117647058823,73.87140902872777,82.8,46.59702499826196,100.0,54.296008429061494,100.0,AMBER,Small,2500000.0,GREEN,39.607471248522664,46.15160716470227,Sell,Hold,High,High,ttm(Mar 2026),ttm(Mar 2026),Mar 2026,False,False,Sell
AMBUJACEM,Construction Materials,Cyclical,127768.07289103596,0.102673204506026,0.12363054200582775,0.014592144506040744,29.361607142857142,,15.052637536789671,22.94179926473628,-0.04210536109201113,-0.18953547271281512,-0.2578620928342208,-0.3601910663103217,True,False,52.41055574762765,-2127500.0,9783794.0,1268617419.3934326,-0.38500000000000006,0.6349999999999998,22.94179926473628,56.25,37.5,46.875,,57.25806451612904,False,79.7890520694259,11.228631938712292,Neutral,31.486722203015013,11.058055925432758,11.85699067909454,10.252100840336134,71.00840336134453,43.22845417236662,18.133333333333333,39.597231714884245,85.71428571428571,45.779819698401944,100.0,GREEN,Large,50000000.0,GREEN,39.597231714884245,45.779819698401944,Sell,Hold,High,High,ttm(Mar 2026),ttm(Mar 2026),Mar 2026,False,False,Sell
HOMEFIRST,Financial Services,NotCyclical,12769.228053737334,0.13627044608119412,,2.4305714941473493,,,25.098039215686274,23.52410263902559,0.0913176545848664,0.1585618906494881,-0.10428385821728547,0.16930289749807348,True,True,58.12240403356781,1290719.0,-3171822.0,187192249.16687012,-4.0666666666666655,1.4400000000000004,23.52410263902559,51.26050420168067,,51.26050420168067,,79.16666666666666,False,49.4154808036732,43.038458895241654,Neutral,63.19988080876443,47.73288948069241,28.957922769640476,1.0924369747899159,84.53781512605042,13.406292749658002,39.33333333333333,39.597071526269694,85.71428571428571,58.34700869433401,100.0,N/A-financial-sector,Mid,10000000.0,GREEN,39.597071526269694,58.34700869433401,Sell,Hold,High,High,ttm(Mar 2026),ttm(Mar 2026),Mar 2026,False,False,Sell
GRASIM,Construction Materials,Cyclical,433692.36769170495,0.10637425031007519,0.11289276925014148,2.20211655552334,2.3967247754886425,14.252691415005359,18.152857662414633,42.106055115699505,0.11332915242933228,0.10767066412992277,0.1166106258737245,0.1290156144070116,False,True,43.135217584871135,-2646593.0,1756368.0,2097176957.3815918,0.3216666666666663,-0.10000000000000053,42.106055115699505,68.75,25.0,46.875,54.418604651162795,66.26344086021506,False,50.67957276368492,72.94861932329715,Neutral,37.11147824151289,11.058055925432758,11.85699067909454,59.32773109243698,26.47058823529412,25.718194254445965,16.400000000000002,46.574472604614385,100.0,39.210020890972,100.0,AMBER,Large,50000000.0,GREEN,39.58830171392223,33.328517757326196,Sell,Sell,High,High,ttm(Mar 2026),ttm(Mar 2026),Mar 2026,False,False,Sell
INDUSINDBK,Financial Services,NotCyclical,78965.95092024539,0.08266097061481305,,0.6523906812221748,,,-4.966302293087866,88.82559158632777,0.1915506397669824,0.1148663514638828,0.18197770546395797,-0.29408467795143733,True,True,64.35524098445521,28551826.0,118017047.0,1643747251.8858337,0.2449999999999998,0.4750000000000014,88.82559158632777,18.487394957983195,,18.487394957983195,,6.989247311827956,False,31.026679640650812,53.7010609987837,Neutral,74.067873514043,47.73288948069241,28.957922769640476,54.78991596638656,64.87394957983193,82.07934336525308,82.0,40.4325895448421,85.71428571428571,39.24583667992686,100.0,N/A-financial-sector,Large,50000000.0,GREEN,39.4325895448421,38.24583667992686,Sell,Sell,High,High,ttm(Mar 2026),ttm(Mar 2026),Mar 2026,False,False,Sell
CRISIL,Financial Services,NotCyclical,,,,,,,16.761619190404797,36.85948338406001,-0.022009846837135583,-0.11304301631740954,-0.2814313800951862,0.021025822301560693,True,False,62.412966172117805,150995.0,214844.0,172360183.2685547,1.1133333333333333,0.1349999999999998,36.85948338406001,,,,,62.903225806451616,False,,11.802530672617356,Neutral,27.31591183090576,47.73288948069241,28.957922769640476,83.02521008403362,46.21848739495798,19.015047879616965,29.733333333333334,39.42624639238542,57.14285714285714,39.961165429528265,71.42857142857143,N/A-financial-sector,,,GREEN,39.42624639238542,39.961165429528265,Sell,Sell,Med,High,ttm(Mar 2026),ttm(Mar 2026),Mar 2026,False,True,Sell
SHREECEM,Construction Materials,Cyclical,97721.6290042215,0.10199509664908812,0.19701900844550588,0.08028538273090643,21.87735849056604,5.467181035092916,8.613804905875643,55.87170201758924,0.059238917222440124,-0.005707972749033341,-0.13074710475402862,0.0014130181084508475,True,True,63.335414072414096,-91399.0,-161531.0,470969930.0,0.20500000000000007,0.09499999999999975,55.87170201758924,50.0,87.5,68.75,26.356589147286826,35.483870967741936,False,41.408544726301734,49.11299032131873,Neutral,54.377569703869696,11.058055925432758,11.85699067909454,51.932773109243705,43.02521008403362,18.057455540355676,25.6,39.37521313021421,100.0,42.13011747778774,100.0,GREEN,Large,50000000.0,GREEN,39.37521313021421,42.13011747778774,Sell,Hold,High,High,ttm(Mar 2026),ttm(Mar 2026),Mar 2026,False,False,Sell
WELENT,Construction,Cyclical,9720.065268987342,0.1305459695896488,0.0922245479235353,0.6527595269382391,3.7676767676767677,9.43880611027328,-2.1650879566982417,24.732990506329113,0.30358670682331024,0.38658018443346864,0.22588781795568957,0.3066101494622242,True,True,72.75621002633433,7284188.0,7048773.0,116415785.06295776,0.21833333333333327,0.815,24.732990506329113,56.52173913043478,13.043478260869565,34.78260869565217,38.139534883720934,9.274193548387096,False,40.50323508267434,80.73161452981374,Extended,87.96399252393662,8.461517976031956,26.57070572569907,52.94117647058824,74.78991596638656,38.7140902872777,62.93333333333333,40.36590457720605,100.0,48.35609804570786,100.0,GREEN,Small,2500000.0,GREEN,39.36590457720605,47.35609804570786,Sell,Hold,High,High,ttm(Mar 2026),ttm(Mar 2026),Mar 2026,False,False,Sell
POONAWALLA,Financial Services,NotCyclical,38366.61119818509,0.08657069691575182,,4.680258962218572,,,72.44807777286788,50.33582024482775,0.12900521309106283,0.023853410269087494,0.03814865120755795,0.11606194899016065,True,True,62.278238197727454,20419029.0,65703913.0,561909746.7865753,0.34,0.8000000000000003,50.33582024482775,20.168067226890756,,20.168067226890756,,96.50537634408603,False,24.184336177049627,55.63791386597643,Neutral,59.930302901990345,47.73288948069241,28.957922769640476,60.252100840336134,74.45378151260505,72.36662106703147,77.06666666666668,39.2563914276491,85.71428571428571,51.85137132983264,100.0,N/A-financial-sector,Large,50000000.0,GREEN,39.2563914276491,51.85137132983264,Sell,Hold,High,High,ttm(Jun 2026),ttm(Jun 2026),Jun 2026,False,False,Sell
SAMHI,Consumer Services,NotCyclical,4246.489338150294,0.03632693570920592,0.1084835641302775,0.84967919340055,2.52046783625731,19.08490530403808,11.130899376669646,7.479488202849304,0.03897059270392389,-0.09282545483697313,-0.26869663972983004,-0.10451548934254007,True,False,46.72564275850407,14808978.0,-1980355.0,110285475.21211243,,,7.479488202849304,28.26086956521739,34.78260869565217,31.52173913043478,69.45736434108527,44.22043010752688,False,86.75973762117607,15.500092855737108,Neutral,43.67043089323172,7.985885486018644,14.776830892143808,,,15.868673050615595,72.26666666666667,45.97868865799171,85.71428571428571,46.86233664178051,85.71428571428571,AMBER,Small,2500000.0,GREEN,39.081885359292954,39.83298614551343,Sell,Sell,High,High,ttm(Mar 2026),ttm(Mar 2026),Mar 2026,False,False,Sell
AXISCADES,Capital Goods,Cyclical,6645.957654587766,0.040329638818503495,0.15429033878652493,0.5337001375515819,5.709677419354839,12.1339720449668,12.440697369825271,92.30496742483007,-0.1582407953663021,0.15075162468108538,0.08745307194431096,1.537861532123196,False,False,35.316489745614874,1841004.0,4495240.0,295027847.9100342,,,92.30496742483007,9.345794392523365,33.33333333333333,21.339563862928348,47.906976744186046,50.67204301075269,False,20.241460158259795,35.12675114935169,Neutral,14.42112880321629,85.89161118508655,77.5027962716378,,,32.14774281805746,42.66666666666667,39.04059238658688,85.71428571428571,34.69821091516521,85.71428571428571,GREEN,Small,2500000.0,GREEN,39.04059238658688,34.69821091516521,Sell,Sell,High,High,ttm(Mar 2026),ttm(Mar 2026),Mar 2026,False,False,Sell
ALKYLAMINE,Chemicals,Cyclical,9662.915476142904,0.2243228586642708,0.30300313435380344,0.0006523157208088715,285.0,-3.000603274397051,-2.2900763358778664,53.66761294278232,0.3496475594810964,0.17931824759735582,-0.14968938167987078,-0.08901650677443407,True,True,57.28154544719445,4056537.0,14362524.0,144697710.17803955,0.12999999999999992,0.05499999999999994,53.66761294278232,84.0909090909091,97.72727272727273,90.9090909090909,6.3565891472868215,9.13978494623656,False,31.387732663158726,35.206490217608255,Neutral,83.77554915898426,26.70386151797603,87.9555259653795,44.36974789915966,38.90756302521009,49.52120383036936,53.733333333333334,40.01753932539487,100.0,59.948799487046415,100.0,GREEN,Small,2500000.0,GREEN,39.01753932539487,58.948799487046415,Sell,Hold,High,High,ttm(Mar 2026),ttm(Mar 2026),Mar 2026,False,False,Sell
TATACOMM,Telecommunication,NotCyclical,52202.058177029605,0.6567141069699262,0.3390560153353597,3.553524804177546,6.328083989501312,11.61417441536463,7.335122035658648,52.344239670385846,0.2249328794371983,0.06788840454048417,0.0846072089057115,0.014616916415544523,False,True,41.37870316718151,3868092.0,11012818.0,919653672.5776367,0.03500000000000044,0.03500000000000192,52.344239670385846,100.0,92.3076923076923,96.15384615384616,46.35658914728682,31.317204301075268,False,28.943035157988426,62.90666248552475,Neutral,34.16298438413656,93.40532623169109,96.33475366178429,33.78151260504202,37.142857142857146,44.59644322845418,52.800000000000004,59.45784438321568,100.0,52.60295105127872,100.0,RED,Large,50000000.0,GREEN,39.0,39.0,Sell,Sell,High,High,ttm(Mar 2026),ttm(Mar 2026),Mar 2026,False,False,Sell
ADANIGREEN,Power,NotCyclical,305815.73309855594,0.13143337764386737,0.09062703271652962,5.186326070623592,1.6633251079580507,18.384306175088106,15.305030324652158,152.99305759879832,0.3392036232867848,0.6480195698243285,0.5511454303024459,-0.12112499980887959,True,True,54.87513351707562,11349725.0,156309916.0,3966369513.5913086,0.38833333333333314,0.5350000000000006,152.99305759879832,57.14285714285714,38.095238095238095,47.61904761904762,67.13178294573643,58.73655913978495,False,11.32236921956548,73.32043582275209,Neutral,92.59185172765751,35.61571238348868,2.060452729693742,62.857142857142854,67.22689075630252,86.18331053351574,68.53333333333333,51.58186941480559,100.0,51.75937239270922,100.0,RED,Large,50000000.0,GREEN,39.0,39.0,Sell,Sell,High,High,ttm(Mar 2026),ttm(Mar 2026),Mar 2026,False,False,Sell
WEWORK,Services,NotCyclical,9927.95437899503,0.44583892617449666,3.1817176224494967,18.624161073825505,2.6189683860232944,22.881930191326227,27.15385975597775,116.487998046875,0.34924021633321667,0.1844951742855765,,,True,,63.97213540165315,3992193.0,7408642.0,120418968.63098145,,,116.487998046875,95.83333333333334,100.0,97.91666666666667,77.98449612403101,81.45161290322581,False,26.635514018691588,,Neutral,83.54979500684323,32.419973368841546,58.78482023968043,,,39.12448700410397,53.46666666666666,63.149464459385875,71.42857142857143,71.61223439511966,85.71428571428571,RED,Small,2500000.0,GREEN,39.0,39.0,Sell,Sell,High,High,ttm(Jun 2026),ttm(Jun 2026),Jun 2026,False,False,Sell
SMARTWORKS,Services,NotCyclical,5546.032681672469,-1.1797071540880502,0.18432237775434096,9.015094339622642,3.1557377049180326,36.19011205175684,30.808448652585586,527.1022796630859,0.05324707659406358,0.016212057615474285,,,True,False,48.162986517884505,826740.0,531643.0,26582221.35569763,,,527.1022796630859,6.25,60.0,33.125,89.6124031007752,85.21505376344086,False,25.624165554072096,,Neutral,48.761479125989325,32.419973368841546,58.78482023968043,,,20.930232558139537,35.86666666666667,45.672555862188034,71.42857142857143,49.138184700811536,85.71428571428571,RED,Small,2500000.0,GREEN,39.0,39.0,Sell,Sell,High,High,ttm(Mar 2026),ttm(Mar 2026),Mar 2026,False,False,Sell
ATHERENERG,Automobile and Auto Components,Cyclical,48489.31808866985,-1.1764712578558416,-0.45507444293655563,0.2581648522550544,-4.975609756097561,27.275921773425438,62.882483370288256,-92.69202454908101,0.4245881816807522,0.9393893363959744,2.8119735224199083,,True,True,70.56727345642753,68821209.0,149627220.0,3202020994.9757996,,,,3.260869565217391,3.260869565217391,3.260869565217391,81.86046511627907,95.29569892473118,True,61.988577362409146,98.97651207267512,Extended,94.49327265435724,100.0,53.26844207723036,,,85.3625170998632,90.4,67.08310363240149,85.71428571428571,66.62726680092732,85.71428571428571,RED,Large,50000000.0,GREEN,39.0,39.0,Sell,Sell,High,High,ttm(Mar 2026),ttm(Mar 2026),Mar 2026,False,False,Sell
NAZARA,Media Entertainment & Publication,NotCyclical,9752.933976456927,0.03354914403248658,0.041901932805329486,0.06190613302620213,-1.3181818181818181,18.79449571707994,12.623152709359609,118.4807645357572,0.14058798544313267,0.1661934314247533,-0.07631188068075334,0.31884830062196023,True,True,59.998246453594994,24692171.0,138218305.0,506358325.730896,1.7149999999999999,3.3449999999999998,118.4807645357572,50.0,25.0,37.5,68.37209302325581,51.61290322580645,False,23.96862483311081,54.51866763247589,Neutral,66.14461979908495,30.089747003994674,42.34007989347536,89.57983193277312,94.28571428571428,84.54172366621067,80.0,51.511866372254524,100.0,51.66383103887187,100.0,RED,Small,2500000.0,GREEN,39.0,39.0,Sell,Sell,High,High,ttm(Mar 2026),ttm(Mar 2026),Mar 2026,False,False,Sell
INDIGO,Services,NotCyclical,203743.44593502508,1.5085102611131616,0.21380923054278017,11.153206139721703,2.0341198438295707,15.989742092665015,5.144547299638624,-85.11962495958616,0.13519750579060275,0.08567010309278356,-0.09684960195615766,0.22010648351962914,True,True,56.974808275821225,14350991.0,6151881.0,4320230083.918213,1.7266666666666666,1.8399999999999999,,100.0,76.0,88.0,61.08527131782946,24.193548387096776,False,83.09968847352025,43.462538393724486,Neutral,61.77089524079395,32.419973368841546,58.78482023968043,89.91596638655463,87.39495798319328,36.388508891928865,71.6,67.33889812780579,100.0,65.61602163584357,100.0,RED,Large,50000000.0,GREEN,39.0,39.0,Sell,Sell,High,High,ttm(Mar 2026),ttm(Mar 2026),Mar 2026,False,False,Sell
ASHOKLEY,Capital Goods,Cyclical,97507.82602894327,0.15728289063577594,0.12742563220625036,4.489572361491469,2.283740701381509,10.588646614510179,16.059551510409165,26.204736906461505,-0.10484248293063458,-0.15179364977621002,0.2879607189213502,0.44094697177545217,True,False,46.519475042449535,-2419797.0,295876790.0,3347099239.8683167,0.22166666666666698,-0.1399999999999979,26.204736906461505,60.747663551401864,16.666666666666664,38.707165109034264,42.63565891472868,61.55913978494624,False,64.3871829105474,37.29215353052175,Neutral,13.194877892580443,85.89161118508655,77.5027962716378,53.529411764705884,24.53781512605042,92.74965800273598,16.53333333333333,56.900520424109416,100.0,44.62775741259334,100.0,RED,Large,50000000.0,GREEN,39.0,39.0,Sell,Sell,High,High,ttm(Mar 2026),ttm(Mar 2026),Mar 2026,False,False,Sell
IDEA,Telecommunication,NotCyclical,150447.4269161404,,0.11419658448519342,-5.3841937468538505,0.8840660618748546,2.086850749906821,2.98356742862389,4.354232082546319,0.4667370593095781,0.28611112018671525,0.9372385209934706,-0.1612318362757681,False,True,46.7769528476243,3138465508.0,2240362358.0,6237214426.811726,-0.16999999999999996,0.7200000000000001,4.354232082546319,,30.76923076923077,30.76923076923077,16.434108527131784,17.607526881720432,False,95.39830885625278,72.44936844455906,Neutral,43.69153548446834,93.40532623169109,96.33475366178429,17.983193277310924,72.77310924369748,99.04240766073872,99.06666666666666,53.78191244458834,100.0,55.70029623891709,100.0,RED,Large,50000000.0,GREEN,39.0,39.0,Sell,Sell,High,High,ttm(Mar 2026),ttm(Mar 2026),Mar 2026,False,False,Sell
ACMESOLAR,Power,NotCyclical,23841.069258809235,0.10549010312263711,0.08926026545840716,3.931238885595732,1.5859305431878896,16.03135701436862,43.95448079658606,47.81553398058252,0.31750548765367226,0.755854165521991,0.33500544318080294,,True,True,69.18612891311369,48331762.0,90982923.0,540577967.1831665,,,47.81553398058252,38.095238095238095,33.33333333333333,35.71428571428571,61.240310077519375,90.99462365591397,True,24.129951045838894,80.99585339753878,Neutral,89.84011726741878,35.61571238348868,2.060452729693742,,,78.11217510259918,86.93333333333332,48.78513968795842,85.71428571428571,56.80661103212209,85.71428571428571,RED,Mid,10000000.0,GREEN,39.0,39.0,Sell,Sell,High,High,ttm(Mar 2026),ttm(Mar 2026),Mar 2026,False,False,Sell
URBANCO,Consumer Services,NotCyclical,20548.586092497175,-0.07023528975123278,-0.12238050058637981,0.06346243583761083,-21.166666666666668,34.675951770920975,36.01398601398602,-90.41496847762542,-0.010644578790850567,-0.019186709099861976,,,True,True,52.364506856872616,12219160.0,196052792.0,385161479.72546387,,,,17.391304347826086,5.434782608695652,11.41304347826087,88.68217054263566,88.03763440860214,False,70.26635514018692,,Neutral,36.7046121162451,7.985885486018644,14.776830892143808,,,88.50889192886456,69.73333333333333,53.22807811583042,71.42857142857143,46.53483492215948,85.71428571428571,RED,Mid,10000000.0,GREEN,39.0,39.0,Sell,Sell,High,High,annual,ttm(Mar 2026),Mar 2026,False,False,Sell
RBA,Consumer Services,NotCyclical,4363.439485068633,-0.3027801868898513,0.09842670354352584,2.7281553398058254,1.7354497354497354,11.182596719024907,10.662485299882407,-21.322982503760677,0.08519050364072367,0.03356922093465431,-0.1840760259404849,-0.3952258927124195,False,True,35.92681436803882,111042318.0,167763397.0,197930822.9752922,2.6133333333333333,7.3500000000000005,,5.434782608695652,30.434782608695656,17.934782608695656,45.27131782945737,42.473118279569896,False,65.85418238811168,29.852944862181133,Neutral,29.965772669476312,7.985885486018644,14.776830892143808,94.45378151260503,99.07563025210084,87.27770177838578,94.13333333333334,45.42405285932764,100.0,42.73973536702273,100.0,RED,Small,2500000.0,GREEN,39.0,39.0,Sell,Sell,High,High,ttm(Mar 2026),ttm(Mar 2026),Mar 2026,False,False,Sell
AEQUS,Capital Goods,Cyclical,15692.29010407036,-0.16166572968119775,0.05519577963396917,0.4714189643577673,0.967391304347826,14.84612880724876,32.97297297297297,-143.9815965898198,0.20607434533214675,0.6576493813120468,,,True,,53.9174311872913,137874850.0,,834392658.8542404,,,,1.8691588785046727,2.7777777777777777,2.3234683281412254,56.12403100775194,86.55913978494624,True,67.38540275923454,,Neutral,83.29238386539787,85.89161118508655,77.5027962716378,,,,95.33333333333334,51.684943698326954,57.14285714285714,67.83051941077284,85.71428571428571,RED,Mid,10000000.0,GREEN,39.0,39.0,Sell,Sell,Med,High,annual,ttm(Mar 2026),Mar 2026,False,False,Sell
SWIGGY,Consumer Services,NotCyclical,75340.5850169033,-0.26590561325620665,-0.27136841833497694,0.13929234465436277,-16.175,40.76505816769163,51.41543513957308,-17.124215273216947,-0.022174467407302334,-0.22089343028460395,-0.29119712508727935,,True,False,59.05416062568597,44458309.0,-103995678.0,2509541398.681755,,,,5.434782608695652,5.434782608695652,5.434782608695652,91.47286821705426,93.14516129032258,False,72.34261066036765,12.153158399561523,Neutral,24.02212016931546,7.985885486018644,14.776830892143808,,,1.094391244870041,86.26666666666667,40.15255971857271,85.71428571428571,44.388508482587795,85.71428571428571,RED,Large,50000000.0,GREEN,39.0,39.0,Sell,Sell,High,High,ttm(Mar 2026),ttm(Mar 2026),Mar 2026,False,False,Sell
GMRAIRPORT,Services,NotCyclical,310798.12442555145,,0.09748364372513113,-17.45282258064516,1.4918372635397772,30.42483361416446,42.19725343320848,658.4706025965075,0.1486916977622894,0.12763177421971617,0.23540449936403474,0.13185036111566895,True,True,56.88060112044048,481207262.0,919383256.0,1681924623.5542946,,,658.4706025965075,,24.0,24.0,85.42635658914729,90.45698924731182,False,35.6836893635959,71.50986772531336,Neutral,67.1444185204346,32.419973368841546,58.78482023968043,,,99.04240766073872,99.06666666666666,54.33421780318568,85.71428571428571,58.059269763140875,85.71428571428571,RED,Large,50000000.0,GREEN,39.0,39.0,Sell,Sell,High,High,ttm(Mar 2026),ttm(Mar 2026),Mar 2026,False,False,Sell
PFOCUS,Media Entertainment & Publication,NotCyclical,31043.55989280322,1.588731521591357,0.14181139631164263,2.7367161321206317,2.763106796116505,0.2291615003130687,29.93329627570873,72.34825779549519,-0.11207447053327646,0.1981050312580459,0.8267695752352384,0.9855270673196168,True,True,70.35401079117294,5224576.0,179747734.0,104364560.78515625,,,72.34825779549519,93.75,62.5,78.125,12.558139534883722,84.2741935483871,True,22.822096128170895,95.75324697201961,Extended,38.50904336532715,30.089747003994674,42.34007989347536,,,87.96169630642954,57.733333333333334,49.57954736542992,85.71428571428571,54.41934309586003,85.71428571428571,RED,Mid,10000000.0,GREEN,39.0,39.0,Sell,Sell,High,High,ttm(Mar 2026),ttm(Mar 2026),Mar 2026,False,False,Sell
TVSMOTOR,Automobile and Auto Components,Cyclical,178707.87029749723,0.232961759485485,0.16077732802726563,3.4282279142707788,3.7452914798206276,20.589972232574016,26.87529699273641,56.09161026286794,-0.05273928267473105,-0.04778302434543669,0.2982230755232482,0.49725170568221544,True,False,51.04233492473949,-1573127.0,-11124098.0,3127387565.68396,0.18833333333333346,0.10000000000000142,56.09161026286794,91.30434782608695,17.391304347826086,54.347826086956516,73.0232558139535,81.18279569892472,False,19.70850022251891,38.725671380183684,Neutral,25.37354428530383,100.0,53.26844207723036,50.08403361344538,43.865546218487395,7.7975376196990425,19.2,50.844026389300815,100.0,41.80074715061073,100.0,RED,Large,50000000.0,GREEN,39.0,39.0,Sell,Sell,High,High,ttm(Mar 2026),ttm(Mar 2026),Mar 2026,False,False,Sell
MEESHO,Consumer Services,NotCyclical,84548.0757485335,-0.9884080519665761,-0.4398101423644353,0.014363885088919288,-165.0,30.09006207410485,34.46219382321618,-36.61584230932859,0.13734777696865175,0.12223098177715208,,,True,,49.174111703614344,-16115265.0,,2387042055.0467377,,,,5.434782608695652,5.434782608695652,5.434782608695652,85.11627906976744,87.36559139784946,False,64.46595460614152,,Neutral,71.61882071369652,7.985885486018644,14.776830892143808,,,,6.666666666666667,44.85858738638332,57.14285714285714,49.460958021594635,85.71428571428571,RED,Large,50000000.0,GREEN,39.0,39.0,Sell,Sell,Med,High,annual,ttm(Mar 2026),Mar 2026,False,False,Sell
JSWENERGY,Power,NotCyclical,117807.76039494824,0.0811362407669159,0.08466244112180923,2.5022275698351275,1.7310866574965613,22.30197252616206,60.928054491272874,42.486319344336394,0.004047851553138804,0.1034061634252259,0.04114595137207355,-0.26245913338969296,False,True,42.17680513874544,-7125893.0,10778499.0,1534605106.6823425,0.425,1.415,42.486319344336394,23.809523809523807,28.57142857142857,26.19047619047619,76.89922480620154,94.75806451612904,True,42.34008981672533,53.5213165220493,Neutral,30.963271867077836,35.61571238348868,2.060452729693742,64.03361344537815,84.03361344537815,44.18604651162791,10.133333333333333,48.953523011138095,100.0,43.38461453176089,100.0,RED,Large,50000000.0,GREEN,39.0,39.0,Sell,Sell,High,High,ttm(Mar 2026),ttm(Mar 2026),Mar 2026,False,False,Sell
GODIGIT,Financial Services,NotCyclical,26313.344088232174,0.0743746109816328,-0.001340866868076853,0.07507507507507508,,19.350307403555544,6.7883445405059195,48.28813455872617,-0.11315176997203302,-0.14096185997395727,-0.16695908217402233,-0.18014390245616008,False,False,33.987813987691084,18751314.0,17190731.0,74735123.82145691,,,48.28813455872617,15.966386554621847,10.416666666666668,13.191526610644257,70.85271317829456,29.301075268817208,False,37.67820508645674,13.498826615826024,Pulled back,6.605442660000405,47.73288948069241,28.957922769640476,,,52.667578659370726,75.6,38.89885957031652,85.71428571428571,24.23230405945992,85.71428571428571,N/A-financial-sector,Mid,10000000.0,GREEN,38.89885957031652,24.23230405945992,Sell,Sell,High,High,ttm(Mar 2026),ttm(Mar 2026),Mar 2026,False,False,Sell
SFL,Consumer Durables,NotCyclical,8386.425994163335,0.06703371985000564,0.08937309060506404,0.27921279212792127,4.157894736842105,9.971581470269797,11.046511627906973,51.98293432033917,0.39500584567659747,0.3386815570771651,0.12574538513535205,-0.2698741236840485,True,True,57.80920067323892,5687876.0,13842024.0,132751596.63046265,0.8699999999999996,2.7899999999999987,51.98293432033917,19.51219512195122,17.073170731707318,18.29268292682927,39.84496124031008,43.54838709677419,False,33.47948780191771,60.554982709709606,Neutral,89.26894443132109,25.229560585885487,54.25752330226364,77.98319327731093,92.10084033613445,48.42681258549932,59.599999999999994,38.82385730297982,100.0,53.519289491167356,100.0,GREEN,Small,2500000.0,GREEN,38.82385730297982,53.519289491167356,Sell,Hold,High,High,ttm(Mar 2026),ttm(Mar 2026),Mar 2026,False,False,Sell
UTIAMC,Financial Services,NotCyclical,14059.414758269719,0.14451877687649273,0.2004848332546519,0.03129855715871254,62.76923076923077,10.403435916074955,0.6448146157979506,29.701871233745642,-0.05607389876274549,-0.09742957462715984,-0.27775776206248626,0.002851833234063017,True,False,51.248170332383246,1083561.0,-2166741.0,103060127.24716187,-3.8533333333333335,0.15500000000000025,29.701871233745642,58.82352941176471,62.5,60.661764705882355,41.86046511627907,13.172043010752688,False,48.48594874466769,11.693831169331313,Neutral,22.220086548028892,47.73288948069241,28.957922769640476,1.0924369747899159,47.39495798319327,15.18467852257182,37.86666666666667,38.78435407340012,100.0,35.63537621789585,100.0,N/A-financial-sector,Mid,10000000.0,GREEN,38.78435407340012,35.63537621789585,Sell,Sell,High,High,ttm(Mar 2026),ttm(Mar 2026),Mar 2026,False,False,Sell
JUBLFOOD,Consumer Services,NotCyclical,28948.93640832651,0.1635897804122841,0.23396760348043327,2.1387434554973823,4.330275229357798,22.634327256065845,17.150233587410856,65.20030722596061,-0.07234462444712608,-0.19857955701423413,-0.37534963138463584,-0.2601867073931501,False,False,46.33315520956531,61522602.0,-14394916.0,807363600.9875183,0.13999999999999999,0.6300000000000008,65.20030722596061,76.08695652173914,78.26086956521739,77.17391304347827,77.67441860465117,63.70967741935484,False,24.306408544726303,9.7253074271305,Neutral,9.51451056599999,7.985885486018644,14.776830892143808,44.87394957983194,70.67226890756302,7.250341997264022,89.06666666666668,45.62072196376603,100.0,43.940714455155145,100.0,AMBER,Mid,10000000.0,GREEN,38.77761366920112,37.34960728688187,Sell,Sell,High,High,ttm(Mar 2026),ttm(Mar 2026),Mar 2026,False,False,Sell
MPHASIS,Information Technology,NotCyclical,44890.64645015879,0.18335835458514504,0.24656539617602105,0.24385703648548027,14.598039215686274,4.796019212621272,11.603064164734,24.051539012168934,-0.0008042278696798189,-0.1596004203658844,-0.14926861041586514,-0.03564323154381599,True,False,59.73622361723497,7021047.0,5671720.0,1006946143.1514893,0.0033333333333338544,0.21500000000000163,24.051539012168934,48.57142857142857,57.14285714285714,52.857142857142854,24.651162790697676,46.774193548387096,False,64.40344702026945,24.096465009870666,Neutral,32.100451712350576,13.445272969374168,39.410652463382156,30.58823529411765,52.268907563025216,35.294117647058826,62.4,38.610175441309586,100.0,47.78655177466462,100.0,GREEN,Large,50000000.0,GREEN,38.610175441309586,47.78655177466462,Sell,Hold,High,High,ttm(Mar 2026),ttm(Mar 2026),Mar 2026,False,False,Sell
TECHM,Information Technology,NotCyclical,147830.99866940873,0.14538335173860986,0.23211725557860624,0.07381145326850351,26.80415430267062,2.1580113677795554,10.953613079836511,28.81702058439468,0.030010930836029903,-0.040408488697300515,-0.022918541283747262,0.1164533961723746,True,True,62.527776400725415,5378837.0,33015331.0,3086861724.2156982,0.15499999999999936,0.34999999999999964,28.81702058439468,22.857142857142858,51.42857142857142,37.14285714285714,16.74418604651163,43.27956989247312,False,50.6827284864668,62.06504893620605,Neutral,43.53240754511264,13.445272969374168,39.410652463382156,46.554621848739494,58.73949579831933,62.653898768809846,58.4,38.58892701877139,100.0,44.92348716583619,100.0,GREEN,Large,50000000.0,GREEN,38.58892701877139,44.92348716583619,Sell,Hold,High,High,ttm(Jun 2026),ttm(Jun 2026),Jun 2026,False,False,Sell
TECHNOE,Construction,Cyclical,12018.080413631134,0.11988495683162813,0.10913342831773767,0.01732018282415203,24.31578947368421,57.648852830743635,43.342151675485006,25.360823543737727,-0.1827566136666996,0.04469155831332161,-0.34952361527031817,-0.3020144909955552,False,False,40.31093554002723,-1845879.0,2096932.0,218987876.2543335,-0.28333333333333327,-0.13000000000000145,25.360823543737727,34.78260869565217,21.73913043478261,28.26086956521739,95.1937984496124,90.7258064516129,False,50.720961281708945,10.221925554076895,Neutral,11.351515141649452,8.461517976031956,26.57070572569907,12.605042016806722,24.705882352941178,26.949384404924757,18.53333333333333,38.574890228868526,100.0,36.17393109089062,100.0,GREEN,Mid,10000000.0,GREEN,38.574890228868526,36.17393109089062,Sell,Sell,High,High,ttm(Mar 2026),ttm(Mar 2026),Mar 2026,False,False,Sell
VBL,Fast Moving Consumer Goods,NotCyclical,,,,,,,6.745695738075086,49.63297742478391,0.0009567023441825473,-0.06707984386310306,0.034886466437611174,-0.26546785908085124,False,False,31.894342276118167,-32482773.0,-25381872.0,2520227341.0142517,0.4449999999999999,0.6200000000000003,49.63297742478391,,,,,28.897849462365592,False,,24.09909383918868,Pulled back,22.87723243905485,58.78482023968043,8.718242343541945,65.21008403361344,69.91596638655462,5.745554035567715,3.5999999999999996,38.56780008041249,57.14285714285714,26.45486205064985,71.42857142857143,GREEN,,,GREEN,38.56780008041249,26.45486205064985,Sell,Sell,Med,High,ttm(Mar 2026),ttm(Mar 2026),Mar 2026,False,True,Sell
CESC,Power,NotCyclical,23095.80147137236,0.1256298307899924,0.09342618969205901,1.7295291300877893,2.534558823529412,9.237810777915744,9.22886889006529,14.298879802483714,-0.0747408527419684,0.03691435464093051,-0.018445903573293898,0.02718158155640471,False,False,46.544696780703376,20814.0,57732005.0,281740054.79502106,-0.26499999999999996,-0.3650000000000002,14.298879802483714,47.61904761904761,42.857142857142854,45.238095238095234,37.51937984496124,37.634408602150536,False,76.06586559857588,26.115654050984137,Neutral,22.10743508383442,35.61571238348868,2.060452729693742,13.445378151260504,15.294117647058824,70.31463748290014,26.8,45.26427237076473,100.0,35.414859420710265,100.0,AMBER,Mid,10000000.0,GREEN,38.474631515150016,30.102630507603724,Sell,Sell,High,High,ttm(Mar 2026),ttm(Mar 2026),Mar 2026,False,False,Sell
TVSSCS,Services,NotCyclical,6260.629178198148,0.01512638449543257,0.16929536774263118,1.355140186915888,4.715151515151515,3.258050799187062,10.074029611844736,53.50965109571066,0.19794272117923573,0.3047448196684668,0.027429735080316986,-0.27900324910119845,True,True,57.02682353365216,12412066.0,94481259.0,60515971.17153549,,,53.50965109571066,20.833333333333336,44.0,32.41666666666667,18.75968992248062,40.456989247311824,False,49.50934579439252,47.99306807270523,Neutral,79.8203945697117,32.419973368841546,58.78482023968043,,,78.79616963064295,70.13333333333334,38.456457165840085,85.71428571428571,54.015877937337834,85.71428571428571,GREEN,Small,2500000.0,GREEN,38.456457165840085,54.015877937337834,Sell,Hold,High,High,ttm(Mar 2026),ttm(Mar 2026),Mar 2026,False,False,Sell
TATACHEM,Chemicals,Cyclical,16013.734431728819,0.1075374455967617,0.0917082693465332,0.3772988776761294,3.059322033898305,-4.5848635917642095,-2.035332840733528,-9.337454479142169,0.002034683721333197,-0.07514092121744098,-0.22157948016326068,-0.3391759822263255,False,False,40.48384882357456,12049806.0,49652463.0,398592154.3348694,0.26000000000000006,0.3550000000000004,,20.454545454545457,6.8181818181818175,13.636363636363637,4.651162790697675,9.408602150537634,False,97.81542056074767,10.750268379599781,Neutral,18.181244747272174,26.70386151797603,87.9555259653795,56.134453781512605,59.32773109243698,68.39945280437757,69.46666666666667,39.385622957383006,100.0,48.46715983124256,100.0,GREEN,Mid,10000000.0,GREEN,38.385622957383006,47.46715983124256,Sell,Hold,High,High,ttm(Mar 2026),ttm(Mar 2026),Mar 2026,False,False,Sell
RPOWER,Power,NotCyclical,10230.65438447175,-0.013344502394257128,0.060060446262110684,0.9234413965087281,1.4183673469387754,0.46803931655168274,0.4879335355400194,-30.35802487973814,-0.1245995009251557,-0.26509262326910676,-0.6205832266795499,-0.13201552351536006,False,False,42.242486492624266,89023405.0,526072174.0,944172704.4608784,0.5616666666666666,1.1500000000000004,,4.761904761904762,9.523809523809524,7.142857142857142,12.713178294573643,12.768817204301076,False,94.43257676902536,7.1528307542323,Neutral,6.72178309676932,35.61571238348868,2.060452729693742,68.82352941176471,81.17647058823529,96.44322845417237,92.4,39.33942160696005,100.0,31.651519796543187,100.0,RED,Small,2500000.0,GREEN,38.33942160696005,30.651519796543187,Sell,Sell,High,High,ttm(Mar 2026),ttm(Mar 2026),Mar 2026,False,False,Sell
NIACL,Financial Services,NotCyclical,29454.419969093564,0.041410771790510885,0.03582585465687374,0.0,-399.4166666666667,6.66001469438573,14.254894310435851,20.762237691101216,0.08885860598362938,0.198900053349107,-0.012433045009876409,-0.33775238916840744,True,True,51.14502267346064,263688807.0,393538906.0,152666494.19891357,-0.06333333333333337,0.019999999999999962,20.762237691101216,9.243697478991598,25.0,17.1218487394958,30.387596899224807,54.43548387096774,False,59.5092643850337,36.237854524065405,Neutral,65.0888035177779,47.73288948069241,28.957922769640476,23.19327731092437,35.294117647058826,94.52804377564979,97.46666666666667,39.26672662816425,100.0,48.42567971773119,100.0,N/A-financial-sector,Mid,10000000.0,GREEN,38.26672662816425,47.42567971773119,Sell,Hold,High,High,ttm(Mar 2026),ttm(Mar 2026),Mar 2026,False,False,Sell
JWL,Capital Goods,Cyclical,10578.349746704102,0.11771282539725321,0.16921981840008649,0.33445265278710545,5.057142857142857,12.136155285376216,-26.463168516649848,63.56608326595621,-0.08621622964008846,-0.13358265356865817,-0.3124747298813638,-0.6459761321260938,False,False,39.534156351855536,11355201.0,411353239.0,337831122.6465454,-2.318333333333334,1.0050000000000001,63.56608326595621,30.8411214953271,40.74074074074074,35.790931118033924,48.06201550387597,1.0752688172043012,True,28.466247679833273,3.886817227363192,Neutral,9.467219285449367,85.89161118508655,77.5027962716378,1.0924369747899159,78.4873949579832,94.93844049247606,68.66666666666667,41.256080605033645,100.0,34.954760012043565,100.0,GREEN,Small,2500000.0,GREEN,38.256080605033645,31.954760012043565,Sell,Sell,High,High,ttm(Mar 2026),ttm(Mar 2026),Mar 2026,False,False,Sell
GNFC,Chemicals,Cyclical,7537.806873977086,0.11908905453136706,0.14389902220522305,0.0006582556226001097,146.5,-8.740068752498653,-1.5078560567663435,9.328968903436989,0.06597402597402602,0.08136594983164835,-0.015439631515192453,-0.23875211018931042,False,True,47.73356852574316,3053567.0,12243876.0,164265845.40319824,-0.46000000000000024,-0.05500000000000105,9.328968903436989,31.818181818181817,27.27272727272727,29.545454545454543,3.10077519379845,9.811827956989246,False,93.15165318463835,47.03684929751671,Neutral,26.797013517796053,26.70386151797603,87.9555259653795,7.73109243697479,29.2436974789916,46.51162790697674,49.06666666666666,39.23785960194411,100.0,48.50583018580785,100.0,GREEN,Small,2500000.0,GREEN,38.23785960194411,47.50583018580785,Sell,Hold,High,High,ttm(Mar 2026),ttm(Mar 2026),Mar 2026,False,False,Sell
ELLEN,Chemicals,Cyclical,4140.350877192982,0.211888488301458,0.1256071512754685,0.18833162743091095,12.88888888888889,18.60165472655502,9.294871794871785,39.8110661268556,0.13274203546615393,0.04684177707178949,-0.5189955880129857,,True,False,62.60544276194392,2943905.0,5561385.0,83776909.89793396,,,39.8110661268556,77.27272727272727,13.636363636363635,45.45454545454545,67.75193798449612,38.17204301075269,False,36.79062279117254,0.8490806945863126,Neutral,58.56167794602783,26.70386151797603,87.9555259653795,,,35.15731874145007,48.53333333333333,38.19364131907333,85.71428571428571,53.535102438737596,85.71428571428571,GREEN,Small,2500000.0,GREEN,38.19364131907333,53.535102438737596,Sell,Hold,High,High,ttm(Mar 2026),ttm(Mar 2026),Mar 2026,False,False,Sell
TITAGARH,Capital Goods,Cyclical,11798.165388828038,0.04019018499147757,0.10571325115888512,0.2536644951140065,4.661971830985915,4.648656828435782,-17.657704239917273,70.682001614205,0.1993289309226982,0.10567516381164221,-0.05786941326232953,-0.5188957060727704,True,True,54.315435511849635,18210914.0,74911744.0,586481309.0047607,3.3033333333333332,7.545,70.682001614205,8.411214953271028,7.4074074074074066,7.909311180339217,24.34108527131783,2.553763440860215,True,24.626656680451987,28.248978216248048,Neutral,71.5771866075452,85.89161118508655,77.5027962716378,96.47058823529412,99.07563025210084,74.96580027359782,74.93333333333332,41.07098917911936,100.0,47.39558449236143,100.0,GREEN,Small,2500000.0,GREEN,38.07098917911936,44.39558449236143,Sell,Hold,High,High,ttm(Mar 2026),ttm(Mar 2026),Mar 2026,False,False,Sell
BATAINDIA,Consumer Durables,NotCyclical,8718.342911877395,0.1727554826381806,0.26698978506297283,0.8695924764890283,4.938775510204081,0.61421885537285,0.7658859712735611,65.06226053639847,-0.10359617288023759,-0.25184493695947185,-0.4476469723459977,-0.5465874661015133,False,False,45.48337940337365,7934245.0,4214112.0,85009459.875,0.568333333333333,0.5350000000000001,65.06226053639847,65.85365853658537,85.36585365853658,75.60975609756098,13.333333333333334,13.306451612903224,False,35.97615001820609,2.28698668111243,Neutral,6.163857181613855,25.229560585885487,54.25752330226364,69.24369747899159,66.80672268907563,31.326949384404923,64.0,38.059601950563156,100.0,38.447751481918374,100.0,GREEN,Small,2500000.0,GREEN,38.059601950563156,38.447751481918374,Sell,Sell,High,High,ttm(Mar 2026),ttm(Mar 2026),Mar 2026,False,False,Sell
JUBLPHARMA,Healthcare,NotCyclical,16236.554950375637,0.0477898512190466,0.10826723483522979,0.5096574087128155,5.943396226415095,9.642131091243167,14.429854872149273,40.795364196923714,0.12054010851915131,-0.02836743245403972,-0.12522453747633788,0.3721231658897963,True,True,64.82717730662333,201841.0,856200.0,90497269.70022583,0.12666666666666665,1.1102230246251565e-16,40.795364196923714,14.285714285714285,12.857142857142856,13.57142857142857,38.91472868217054,54.83870967741935,False,54.69213853765805,43.17915983313056,Neutral,43.029332347584926,66.50785619174435,90.47589880159788,44.03361344537815,33.78151260504202,22.161422708618332,30.533333333333335,37.99860748395939,100.0,45.27856431972253,100.0,GREEN,Mid,10000000.0,GREEN,37.99860748395939,45.27856431972253,Sell,Hold,High,High,ttm(Mar 2026),ttm(Mar 2026),Mar 2026,False,False,Sell
JSWCEMENT,Construction Materials,Cyclical,20484.6314658775,0.03230261939365155,0.11069231238352736,0.6815267175572519,3.2857142857142856,3.816889153865133,12.024772062618272,-15.9517929692974,0.10326684750156678,0.1673851576569867,,,True,True,70.78782623157107,75237197.0,125605174.0,205326075.1912918,,,,18.75,18.75,18.75,21.705426356589147,48.252688172043015,False,69.23230974632844,,Extended,70.68788404350956,11.058055925432758,11.85699067909454,,,82.9001367989056,91.60000000000001,37.97582349922539,71.42857142857143,49.9747020380281,85.71428571428571,GREEN,Mid,10000000.0,GREEN,37.97582349922539,49.9747020380281,Sell,Hold,High,High,ttm(Mar 2026),ttm(Mar 2026),Mar 2026,False,False,Sell
JIOFIN,Financial Services,NotCyclical,149532.3741757773,0.009132351749732736,0.009626849835356376,0.1626261645237686,3.0939597315436242,327.3875616734298,119.26687527939204,73.64062309265137,-0.00632511085222609,-0.17199582275914282,-0.27557557833651936,-0.3223730784334804,False,False,46.75739385426932,56992634.0,-79184417.0,2681574218.49308,,,73.64062309265137,5.042016806722689,14.583333333333334,9.81267507002801,99.06976744186046,99.05913978494624,True,33.51485596614695,7.315426630922382,Neutral,14.580458961680506,47.73288948069241,28.957922769640476,,,2.7359781121751023,88.13333333333333,38.90601473501097,85.71428571428571,39.13366751270956,85.71428571428571,N/A-financial-sector,Large,50000000.0,GREEN,37.90601473501097,38.13366751270956,Sell,Sell,High,High,ttm(Jun 2026),ttm(Jun 2026),Jun 2026,False,False,Sell
RITES,Construction,Cyclical,11662.05828843128,0.19798662053931412,0.2441166125360106,0.002609992542878449,138.5,-2.778140176751298,9.569160997732418,25.71746718841588,0.0021012811081404514,-0.024006643197511335,-0.18644248113722828,-0.4017444690636506,True,False,51.611068926243725,188846142.0,219680866.0,102379034.58229828,-0.2733333333333333,-1.28,25.71746718841588,91.30434782608695,91.30434782608695,91.30434782608695,6.666666666666667,39.247311827956985,False,40.62082777036048,17.545756616073984,Neutral,43.968361706409446,8.461517976031956,26.57070572569907,12.941176470588237,5.042016806722689,89.87688098495212,96.66666666666667,37.81011611219382,100.0,46.035604031455904,100.0,GREEN,Small,2500000.0,GREEN,37.81011611219382,46.035604031455904,Sell,Hold,High,High,ttm(Mar 2026),ttm(Mar 2026),Mar 2026,False,False,Sell
PCBL,Chemicals,Cyclical,12812.922465208747,0.15018415660827955,0.17689369761792417,1.245381927109336,2.465721040189125,12.353006193571137,-2.5464064731080427,62.71676300578035,0.14867489716188786,0.1589816376219957,-0.21736159621491846,0.2429006216376901,True,True,60.356538688047664,23152520.0,178585326.0,273606989.7892914,0.038333333333333254,0.18000000000000016,62.71676300578035,52.27272727272727,52.27272727272727,52.27272727272727,48.68217054263566,8.736559139784946,False,42.807076101468624,38.94029109040985,Neutral,66.80138316823226,26.70386151797603,87.9555259653795,33.94957983193277,50.168067226890756,87.82489740082079,79.2,45.65419710837918,100.0,54.75330605001847,100.0,AMBER,Mid,10000000.0,GREEN,37.8060675421223,45.5403101425157,Sell,Hold,High,High,ttm(Mar 2026),ttm(Mar 2026),Mar 2026,False,False,Sell
ASHOKA,Construction,Cyclical,3594.319682959049,0.31143725040757814,0.2889409271742399,0.2444140446876425,2.0592105263157894,-2.4461813942360022,-25.079713033080907,1.3954640537267424,-0.05523258392845565,-0.159092393068766,-0.38209917134058347,-0.4477846003829954,False,False,44.79621457611524,36111711.0,43598916.0,102633940.39087677,-0.11166666666666629,0.6799999999999997,1.3954640537267424,100.0,95.65217391304348,97.82608695652175,7.286821705426356,1.0752688172043012,True,95.37023723939612,6.592700840590941,Neutral,14.8913930351421,8.461517976031956,26.57070572569907,20.168067226890756,72.26890756302521,65.80027359781123,84.26666666666667,48.0029579351843,100.0,49.786628066728206,100.0,AMBER,Small,2500000.0,GREEN,37.802514244906654,39.318633856718975,Sell,Sell,High,High,ttm(Mar 2026),ttm(Mar 2026),Mar 2026,False,False,Sell
KNRCON,Construction,Cyclical,3497.4061261426223,0.17451782422157017,0.22704904770609846,0.4915526950925181,3.3537735849056602,-12.749616990736968,-43.2358510414475,7.998070916178909,0.028191168054887195,-0.12353764555261659,-0.42181796604261335,-0.6519994109697618,False,False,37.94092709799856,1519600.0,134823919.0,157006783.47231293,1.0362081563168128e-15,-0.7099999999999969,7.998070916178909,82.6086956521739,78.26086956521739,80.43478260869566,1.0852713178294573,1.0752688172043012,True,72.51258087706685,2.3623370898820255,Neutral,22.017501493098695,8.461517976031956,26.57070572569907,30.084033613445378,10.084033613445378,83.99452804377565,40.53333333333333,40.796469927101015,100.0,37.55770019646653,100.0,GREEN,Small,2500000.0,GREEN,37.796469927101015,34.55770019646653,Sell,Sell,High,High,ttm(Mar 2026),ttm(Mar 2026),Mar 2026,False,False,Sell
ANURAS,Chemicals,Cyclical,18856.626506024095,0.07533453200013168,0.10265036201693697,0.5599880023995201,3.523489932885906,13.864814887978373,64.46453407510431,84.26294820717132,-0.014751552795031042,-0.033437446566927154,0.10940778925404637,0.6664371150361448,False,True,44.758538211586895,455354.0,11566096.0,325619313.3374634,0.4349999999999999,-0.7400000000000001,84.26294820717132,9.090909090909092,9.090909090909092,9.090909090909092,53.95348837209303,95.43010752688173,True,19.49974966622163,76.05033668048509,Neutral,17.6130350677302,26.70386151797603,87.9555259653795,64.70588235294117,9.57983193277311,45.55403556771546,32.53333333333333,37.77537224460372,100.0,39.03096055507731,100.0,GREEN,Mid,10000000.0,GREEN,37.77537224460372,39.03096055507731,Sell,Sell,High,High,ttm(Mar 2026),ttm(Mar 2026),Mar 2026,False,False,Sell
SBILIFE,Financial Services,NotCyclical,182727.8497644038,0.1326820520208482,0.12288314349067105,0.0,184.25,11.67850590362043,-3.913114151032171,73.97888654429303,-0.08090795682928753,-0.12378357271220564,-0.005757975974030161,0.20671028454289786,True,False,52.159356729937144,-1929461.0,-10446992.0,1607860252.9440308,0.6383333333333336,0.10500000000000043,73.97888654429303,47.89915966386555,43.75,45.82457983193277,46.51162790697674,7.93010752688172,True,30.14301554615193,26.574498310653762,Neutral,15.916295731964963,47.73288948069241,28.957922769640476,71.76470588235294,44.20168067226891,8.344733242134064,18.266666666666666,40.54351135540349,100.0,26.25255932041749,100.0,N/A-financial-sector,Large,50000000.0,GREEN,37.54351135540349,23.25255932041749,Sell,Sell,High,High,ttm(Mar 2026),ttm(Mar 2026),Mar 2026,False,False,Sell
HGINFRA,Construction,Cyclical,3621.6018143949436,0.20373657006393417,0.23285951414162814,1.5402756508422664,2.1577825159914714,4.238682831154317,3.5205696202531556,10.972386347001356,-0.10934996872021407,-0.20426261304512794,-0.48747711213096145,-0.6695770512416248,False,False,43.110522994967006,5720064.0,13854715.0,58661336.863342285,-0.014999999999999939,-0.3149999999999996,10.972386347001356,95.65217391304348,82.6086956521739,89.13043478260869,23.10077519379845,19.623655913978492,False,60.357399609736056,1.0993098956139906,Neutral,8.983633690841463,8.461517976031956,26.57070572569907,28.235294117647058,17.478991596638654,48.56361149110807,59.86666666666667,40.61946680779289,100.0,37.49251628635029,100.0,AMBER,Small,2500000.0,GREEN,37.52654678662395,34.86863884339775,Sell,Sell,High,High,ttm(Mar 2026),ttm(Mar 2026),Mar 2026,False,False,Sell
PIIND,Chemicals,Cyclical,39933.46961293307,0.1593123481114669,0.20436618073906143,0.030454140694568123,106.25,1.127112885141468,-15.856104286788664,30.229727186171893,-0.133421123204437,-0.1931054486335002,-0.3466689236593439,-0.2937940619062802,False,False,45.46114918763052,-153895.0,-7505884.0,674286862.2412109,0.22500000000000023,0.2350000000000012,30.229727186171893,59.09090909090909,63.63636363636363,61.36363636363636,14.108527131782948,2.82258064516129,True,79.94841606991139,6.480987672660095,Neutral,3.950181377533245,26.70386151797603,87.9555259653795,53.94957983193277,54.03361344537815,9.712722298221614,24.666666666666668,40.522895905824406,100.0,44.75321952854711,100.0,GREEN,Large,50000000.0,GREEN,37.522895905824406,41.75321952854711,Sell,Hold,High,High,ttm(Mar 2026),ttm(Mar 2026),Mar 2026,False,False,Sell
BIRLACORPN,Construction Materials,Cyclical,7922.274923989695,0.06630164858823256,0.12118401620436925,0.46042090970807875,5.511363636363637,3.607809503682824,4.7856755290287545,14.197625311809489,0.07105284677488788,-0.022208460189974133,-0.2548940293836848,-0.34537169056265804,True,False,60.747119304539865,810160.0,1613088.0,52899921.69580078,0.35500000000000015,0.23499999999999943,14.197625311809489,37.5,31.25,34.375,20.62015503875969,23.25268817204301,False,80.89452603471295,12.756634323287797,Neutral,56.45306584732379,11.058055925432758,11.85699067909454,61.34453781512605,53.445378151260506,25.3077975376197,35.6,37.51153452899251,100.0,44.93932085479516,100.0,GREEN,Small,2500000.0,GREEN,37.51153452899251,44.93932085479516,Sell,Hold,High,High,ttm(Mar 2026),ttm(Mar 2026),Mar 2026,False,False,Sell
AAVAS,Financial Services,NotCyclical,11901.017336348934,0.13073303033147338,,3.105523658681449,,,14.018691588785037,18.149716396518624,0.10694792357127403,0.03718040693028679,-0.25303599178728997,-0.16489996469969648,True,True,57.05991341065267,626849.0,-3708701.0,117420584.24005127,-0.029999999999999066,-0.8499999999999979,18.149716396518624,44.537815126050425,,44.537815126050425,,54.166666666666664,False,49.98782587309395,20.923730736799243,Neutral,57.937167520275416,47.73288948069241,28.957922769640476,26.722689075630253,8.571428571428571,12.448700410396716,34.0,37.48719823089385,85.71428571428571,45.10687133368269,100.0,N/A-financial-sector,Small,2500000.0,GREEN,37.48719823089385,45.10687133368269,Sell,Hold,High,High,ttm(Mar 2026),ttm(Mar 2026),Mar 2026,False,False,Sell
NHPC,Power,NotCyclical,88800.05745442708,0.10164524401931198,0.07164516759871739,1.2628086010087602,3.679550245959241,3.0723588360677345,11.907514450867062,21.042667643229166,-0.050421117797211035,-0.013320079522862849,-0.0821150427234072,-0.2009306169068561,True,True,51.45431131706009,95408857.0,97706749.0,1212689534.7878723,-0.0733333333333334,-0.5249999999999999,21.042667643229166,33.33333333333333,19.047619047619047,26.19047619047619,18.294573643410853,47.8494623655914,False,63.14479912610754,36.9761614644791,Neutral,45.17520378892891,35.61571238348868,2.060452729693742,22.689075630252102,11.428571428571429,79.34336525307798,93.2,37.07695747063488,100.0,39.88349394817981,100.0,GREEN,Large,50000000.0,GREEN,37.07695747063488,39.88349394817981,Sell,Sell,High,High,ttm(Mar 2026),ttm(Mar 2026),Mar 2026,False,False,Sell
ABDL,Fast Moving Consumer Goods,NotCyclical,16952.940847359452,0.06712708521862415,0.17986298161246955,0.6921226698737222,4.014814814814815,7.623519049497496,11.417211019596696,77.05882203345205,0.10534088748637949,0.3043590667673377,0.43041177245667117,0.8588409780952952,True,True,49.346368891416105,4616037.0,6395344.0,178526146.25408936,,,77.05882203345205,4.651162790697675,36.36363636363637,20.50739957716702,33.17829457364341,45.69892473118279,False,19.975261132490377,89.22062206894509,Neutral,73.63573348122875,58.78482023968043,8.718242343541945,,,37.61969904240766,55.733333333333334,37.06148558829236,85.71428571428571,39.130593671317385,85.71428571428571,GREEN,Mid,10000000.0,GREEN,37.06148558829236,39.130593671317385,Sell,Sell,High,High,ttm(Mar 2026),ttm(Mar 2026),Mar 2026,False,False,Sell
QUESS,Services,NotCyclical,4390.633423180593,0.10490768888226831,0.17277043885220345,0.10634648370497427,6.36734693877551,-3.737850118436825,2.2583015968463904,19.75100942126514,0.5388724417350998,0.4300930591682035,0.0013759615201403008,-0.4955352276877044,True,True,69.73990831582314,38375155.0,64780992.0,73637464.9835968,-1.0016666666666667,1.314999999999999,19.75100942126514,33.33333333333333,52.0,42.666666666666664,5.271317829457364,15.456989247311828,False,73.4913217623498,35.00183428884808,Neutral,92.91489805730659,32.419973368841546,58.78482023968043,3.613445378151261,83.36134453781513,71.9562243502052,85.2,37.05116858005598,100.0,61.41320055572933,100.0,GREEN,Small,2500000.0,GREEN,37.05116858005598,61.41320055572933,Sell,Hold,High,High,ttm(Mar 2026),ttm(Mar 2026),Mar 2026,False,False,Sell
PURVA,Realty,Cyclical,4779.524111836373,0.019988341592176474,0.07122814446422801,3.129194630872483,1.0176730486008836,44.63865583893642,85.65044687189672,83.54073983651621,0.001687560596733917,-0.026709827147384013,-0.22447999716281486,-0.5724791357162342,True,False,53.069765869741694,12269220.0,95690891.0,28087218.858177185,-0.26833333333333315,-0.15499999999999978,83.54073983651621,29.411764705882355,52.94117647058824,41.1764705882353,92.55813953488372,97.84946236559139,True,49.49933244325768,12.776722593759297,Neutral,36.34661818426767,5.798402130492676,68.91424766977363,13.277310924369749,23.52941176470588,78.9329685362517,69.86666666666666,44.32166811085904,100.0,53.993658043652516,100.0,RED,Small,2500000.0,GREEN,37.0,37.0,Sell,Sell,High,High,ttm(Mar 2026),ttm(Mar 2026),Mar 2026,False,False,Sell
TTML,Telecommunication,NotCyclical,7953.045186129482,,0.6596845253722486,-1.044337687033979,0.4533431300514328,1.6016951948769176,-11.382734912146674,-36.99090784246271,-0.08148985716757084,-0.12869383379111066,-0.3663967945613894,-0.46184369397904457,False,False,39.323261686411406,75905694.0,394035786.0,86689111.17092896,0.11666666666666665,0.04499999999999993,,,100.0,100.0,15.038759689922482,4.704301075268817,False,95.49933244325767,5.497572626824013,Neutral,8.171947335632364,93.40532623169109,96.33475366178429,43.02521008403362,37.73109243697479,94.66484268125855,91.73333333333333,63.95507564343588,100.0,55.208192236085985,100.0,RED,Small,2500000.0,GREEN,37.0,37.0,Sell,Sell,High,High,ttm(Mar 2026),ttm(Mar 2026),Mar 2026,False,False,Sell
GODREJIND,Diversified,NotCyclical,87710.88020020194,0.16278337802795925,0.04157629639246241,4.613402523038382,0.9076923076923077,9.92764247851583,13.119340726421802,36.3643781924552,0.45647334740616685,0.33822948157867105,0.22243526713466233,0.48736746146014087,True,True,66.00959299132543,2687684.0,20765623.0,163485405.1687622,0.07666666666666673,0.0950000000000002,36.3643781924552,63.15068493150685,7.368421052631578,35.25955299206922,39.37984496124031,52.68817204301075,False,34.21293608869797,76.36841691513793,Neutral,89.77681847864524,37.21358189081225,83.95126498002664,38.655462184873954,43.36134453781513,55.54035567715459,46.666666666666664,42.60355985726372,100.0,57.342804104676645,100.0,RED,Large,50000000.0,GREEN,37.0,37.0,Sell,Sell,High,High,ttm(Mar 2026),ttm(Mar 2026),Mar 2026,False,False,Sell
GODREJPROP,Realty,Cyclical,62644.34950175123,0.06192238294867862,0.001602482543795556,0.8297139277510963,-3.3065693430656933,31.586461818825185,4.225066016656509,34.027348996062585,0.18787299359534915,0.11257185144950377,-0.05257671097891392,-0.36887075820406856,True,True,66.27494376515273,2758779.0,-2269264.0,1179505621.491211,0.15333333333333363,1.04,34.027348996062585,58.82352941176471,23.52941176470588,41.1764705882353,86.66666666666667,21.63978494623656,True,64.61615487316422,42.86757604343896,Neutral,72.1345971267527,5.798402130492676,68.91424766977363,46.38655462184874,79.32773109243698,14.91108071135431,47.333333333333336,47.904719025603214,100.0,58.12281329237333,100.0,RED,Large,50000000.0,GREEN,37.0,37.0,Sell,Sell,High,High,ttm(Mar 2026),ttm(Mar 2026),Mar 2026,False,False,Sell
GMRP&UI,Power,NotCyclical,7843.86979042321,1.4854715777095822,0.10500000069696439,6.089285714285714,0.9668474984930681,9.951054682415062,15.55800756620429,11.516998577229721,-0.08443620624705894,-0.07451722608012357,-0.13657937319608204,0.03979672283277913,False,False,38.576117190871145,-14785409.0,28289271.0,128711308.37993622,-1.9866666666666666,-3.665000000000001,11.516998577229721,97.61904761904762,52.38095238095239,75.0,39.53488372093023,59.2741935483871,False,63.39563862928349,19.63510286055474,Neutral,17.072547011071617,35.61571238348868,2.060452729693742,1.0924369747899159,1.0924369747899159,59.78112175102599,7.333333333333333,47.604973868863866,100.0,39.67005425685768,100.0,RED,Small,2500000.0,GREEN,37.0,36.67005425685768,Sell,Sell,High,High,ttm(Mar 2026),ttm(Mar 2026),Mar 2026,False,False,Sell
AWFIS,Services,NotCyclical,2088.7626262626263,0.13826937244658763,0.24240238802503755,2.7142857142857144,2.956989247311828,39.922568428169434,23.675496688741717,29.389505549949547,-0.16095297275608056,-0.36780987132008824,-0.540615141955836,-0.4920648978039054,False,False,39.699666480047625,-6291346.0,-2676752.0,84130760.33430481,,,29.389505549949547,41.66666666666667,80.0,60.833333333333336,91.0077519379845,77.95698924731182,True,61.65220293724967,2.1810606868850217,Neutral,2.4710589930208786,32.419973368841546,58.78482023968043,,,13.953488372093023,10.666666666666668,54.268969198075524,85.71428571428571,46.76407716945912,85.71428571428571,RED,Small,2500000.0,GREEN,37.0,37.0,Sell,Sell,High,High,ttm(Mar 2026),ttm(Mar 2026),Mar 2026,False,False,Sell
CANHLIFE,Financial Services,NotCyclical,14662.293524491159,0.07578628057686163,0.04806173320551685,0.1557632398753894,-11.833333333333334,11.064214330508037,9.072329838279725,110.4676280947898,0.01985922915547622,0.0841629439948699,,,True,,73.36254946747817,31940901.0,72621840.0,66731159.138031006,,,110.4676280947898,16.80672268907563,31.25,24.028361344537814,44.8062015503876,36.82795698924731,False,26.21446481487512,,Extended,46.22866699999231,47.73288948069241,28.957922769640476,,,74.28180574555402,82.66666666666667,37.92624453739141,71.42857142857143,36.23916688249863,85.71428571428571,N/A-financial-sector,Mid,10000000.0,GREEN,36.92624453739141,35.23916688249863,Sell,Sell,High,High,ttm(Jun 2026),ttm(Jun 2026),Jun 2026,False,False,Sell
JPPOWER,Power,NotCyclical,11609.833176930744,0.04902369956834606,0.10408017817061563,0.26633678919258563,3.6453333333333333,-1.3072631595951623,8.809073724007565,18.074467841615068,-0.10953879250236043,0.020420430052712657,-0.28099871457773773,-0.08998394741888327,False,False,39.04010773933514,-424564078.0,2831432944.0,1298104177.8775492,0.325,-0.44499999999999984,18.074467841615068,14.285714285714285,47.61904761904761,30.95238095238095,9.30232558139535,36.155913978494624,False,54.25901201602136,11.79611839345175,Neutral,17.68329081336807,35.61571238348868,2.060452729693742,59.49579831932773,13.529411764705882,99.04240766073872,1.0666666666666667,36.713183009230704,100.0,26.4999517814956,100.0,GREEN,Small,2500000.0,GREEN,36.713183009230704,26.4999517814956,Sell,Sell,High,High,ttm(Jun 2026),ttm(Jun 2026),Jun 2026,False,False,Sell
MMTC,Services,NotCyclical,9629.999542236328,0.3644727281018959,-0.08118690506977329,0.0,-184.0,-93.43051215481415,0.0,24.787643609359918,-0.03704816691975921,0.010228130904564647,-0.055326694921771225,-0.22984649138462343,False,True,40.83479457117036,265488491.0,825405124.0,132967342.59580994,-0.015000000000000006,-0.020000000000000018,24.787643609359918,91.66666666666666,6.0,48.83333333333333,1.0852713178294573,12.231182795698924,True,47.28304405874499,38.00351696810771,Neutral,17.737033363395785,32.419973368841546,58.78482023968043,28.067226890756302,31.428571428571427,97.81121751025992,97.6,37.430506577839694,100.0,36.98536690018993,100.0,RED,Small,2500000.0,GREEN,36.430506577839694,35.98536690018993,Sell,Sell,High,High,ttm(Mar 2026),ttm(Mar 2026),Mar 2026,False,False,Sell
IFBIND,Consumer Durables,NotCyclical,5528.738555779,0.09456938673923143,0.2312418027326753,0.15678391959798996,12.84,10.232338894120563,10.349567949725058,38.39401774846528,0.23888893335894812,-0.042851044494853774,-0.09119454539493677,-0.18261020986676135,True,False,60.25344846993781,5392300.0,4266295.0,75144601.87475586,-0.9900000000000002,0.135,38.39401774846528,31.70731707317073,65.85365853658537,48.78048780487805,41.3953488372093,41.53225806451613,False,48.060140793785656,21.001559391800253,Neutral,65.63915379799268,25.229560585885487,54.25752330226364,3.865546218487395,46.38655462184874,31.463748290013683,58.53333333333334,36.4231452908821,100.0,52.13664563474733,100.0,GREEN,Small,2500000.0,GREEN,36.4231452908821,52.13664563474733,Sell,Hold,High,High,ttm(Mar 2026),ttm(Mar 2026),Mar 2026,False,False,Sell
RTNINDIA,Consumer Services,NotCyclical,4443.2665189107265,-0.08052523156378086,0.10814954919648903,1.43359375,-1.1216216216216217,22.230052133602097,5.426758191944048,-26.76666577657064,-0.06627914223430798,-0.16679637957020288,-0.5002333808998269,-0.5992014078298875,False,False,39.91037086967156,20867344.0,-10754981.0,64352081.761089325,0.06833333333333351,-0.04999999999999971,,15.217391304347828,32.608695652173914,23.91304347826087,76.74418604651163,25.268817204301076,True,67.44267719277877,1.2467971276077499,Neutral,11.496885618346855,7.985885486018644,14.776830892143808,37.3109243697479,29.411764705882355,7.934336525307797,77.60000000000001,39.3720103180132,100.0,30.385369975314553,100.0,RED,Small,2500000.0,GREEN,36.3720103180132,27.385369975314553,Sell,Sell,High,High,ttm(Mar 2026),ttm(Mar 2026),Mar 2026,False,False,Sell
JKLAKSHMI,Construction Materials,Cyclical,7173.681831877072,0.1291803104150579,0.18475824781098749,0.6654657745753989,4.739336492890995,1.581590761174989,9.203939932181493,17.031019202363368,-0.13020517408326404,-0.24249391071953152,-0.4110435568485269,-0.32161296705482934,False,False,44.68108606896891,-1016833.0,-4225535.0,58344135.92965698,-2.9605947323337506e-16,-0.7350000000000003,17.031019202363368,93.75,81.25,87.5,14.883720930232558,37.5,False,56.49265687583444,5.398925069300556,Neutral,3.7291136153253315,11.058055925432758,11.85699067909454,29.57983193277311,9.747899159663866,11.901504787961697,20.666666666666668,36.10283180623026,100.0,32.83887584884819,100.0,GREEN,Small,2500000.0,GREEN,36.10283180623026,32.83887584884819,Sell,Sell,High,High,ttm(Mar 2026),ttm(Mar 2026),Mar 2026,False,False,Sell
TATAINVEST,Financial Services,NotCyclical,33717.29226396131,0.012652578276534075,0.011276085225216686,3.422079255355554e-05,361.0,13.311787953225895,30.592105263157897,77.68961351143159,-0.06158065961654979,0.0001999764172697649,0.013146282660912778,0.032924038450248494,False,False,46.424815809355366,4398415.0,74732877.0,201929689.65447998,-0.033333333333333326,0.05500000000000005,77.68961351143159,5.88235294117647,16.666666666666664,11.274509803921568,52.093023255813954,84.94623655913979,True,35.47771011755511,25.378167098711756,Neutral,14.254488116034162,47.73288948069241,28.957922769640476,26.218487394957986,39.2436974789916,74.82900136798905,54.666666666666664,35.8731326014469,100.0,35.44564596520005,100.0,N/A-financial-sector,Mid,10000000.0,GREEN,35.8731326014469,35.44564596520005,Sell,Sell,High,High,ttm(Mar 2026),ttm(Mar 2026),Mar 2026,False,False,Sell
PINELABS,Financial Services,NotCyclical,17937.020126654177,-0.048522467803894666,0.025106167150020894,0.07479647218453189,4.261904761904762,19.26625455799771,19.217238346525956,137.6637146536228,-0.1981443424814755,-0.2770367668244692,,,True,,52.54061809333835,62157705.0,,1869202042.247223,,,137.6637146536228,3.361344537815126,20.833333333333336,12.09733893557423,70.3875968992248,68.01075268817203,False,18.019310299912078,,Neutral,1.2214202843300765,47.73288948069241,28.957922769640476,,,,89.2,35.84318775035836,57.14285714285714,27.554149673556932,85.71428571428571,N/A-financial-sector,Mid,10000000.0,GREEN,35.84318775035836,27.554149673556932,Sell,Sell,Med,High,annual,ttm(Mar 2026),Mar 2026,False,False,Sell
ORKLAINDIA,Fast Moving Consumer Goods,NotCyclical,8103.333333333332,0.1100034037714765,0.13965128212674124,0.02290909090909091,59.714285714285715,4.925314622207999,4.759916492693117,28.333333333333336,-0.067555818195288,-0.03385397300478332,,,False,,39.2734099973989,-670091.0,,22595500.717773438,,,28.333333333333336,23.25581395348837,20.454545454545457,21.855179704016912,25.116279069767444,23.118279569892472,False,55.152647975077876,,Neutral,14.368955296556406,58.78482023968043,8.718242343541945,,,,22.26666666666667,35.79219886716387,57.14285714285714,24.473258534442653,85.71428571428571,GREEN,Small,2500000.0,GREEN,35.79219886716387,24.473258534442653,Sell,Sell,Med,High,annual,ttm(Mar 2026),Mar 2026,False,False,Sell
HDFCLIFE,Financial Services,NotCyclical,122488.84348987727,0.10810758725909751,0.04624853723741833,0.17459154929577464,86.78571428571429,12.30055944308539,4.3006103508260285,62.100653784019414,-0.06580895146234966,-0.2389806733639005,-0.24950860652787454,-0.08004912573308975,False,False,47.100891667954016,-49873191.0,-40670496.0,1801506591.8563843,0.5466666666666672,0.565,62.100653784019414,31.932773109243694,29.166666666666668,30.54971988795518,48.52713178294574,21.774193548387096,False,32.59260935484601,11.67908296274454,Neutral,7.529212945233984,47.73288948069241,28.957922769640476,68.40336134453781,67.89915966386555,4.240766073871409,2.533333333333333,35.64529723643236,100.0,25.4143090360367,100.0,N/A-financial-sector,Large,50000000.0,GREEN,35.64529723643236,25.4143090360367,Sell,Sell,High,High,ttm(Jun 2026),ttm(Jun 2026),Jun 2026,False,False,Sell
MAHSCOOTER,Financial Services,NotCyclical,14838.135717965702,0.00894871799993087,0.008622386929124712,0.0,,12.986928118619968,70.59946544482625,47.71104732464856,-0.006700129405751043,0.005877142937237956,-0.08673680740628542,0.4297640637721365,True,False,56.21840289672005,68294.0,37298.0,36810768.0,0.3183333333333334,0.30000000000000004,47.71104732464856,4.201680672268908,12.5,8.350840336134453,50.542635658914726,95.96774193548387,True,48.69875280862288,24.851227811569014,Neutral,37.881740977545626,47.73288948069241,28.957922769640476,59.15966386554622,56.30252100840336,18.467852257181942,27.866666666666667,35.63724166883291,100.0,44.44836060513385,100.0,N/A-financial-sector,Mid,10000000.0,GREEN,35.63724166883291,44.44836060513385,Sell,Hold,High,High,ttm(Mar 2026),ttm(Mar 2026),Mar 2026,False,False,Sell
NTPCGREEN,Power,NotCyclical,78192.01869349326,0.03579749039786144,0.05004255369073362,1.6723437911943053,2.790304396843292,156.17560332242198,29.379809868718887,152.54098860943904,-0.17654864555966543,0.015164731989019575,-0.17052948120321354,,False,False,37.38118696182885,-26226939.0,515171861.0,337735216.3359909,,,152.54098860943904,9.523809523809524,4.761904761904762,7.142857142857142,99.06976744186046,83.73655913978494,True,18.173928874863456,14.165329052969502,Neutral,9.944420986356796,35.61571238348868,2.060452729693742,,,96.30642954856361,5.2,43.052338298645694,85.71428571428571,24.034150814576822,85.71428571428571,AMBER,Large,50000000.0,GREEN,35.594487553848836,19.429028192390298,Sell,Sell,High,High,ttm(Mar 2026),ttm(Mar 2026),Mar 2026,False,False,Sell
DCMSHRIRAM,Diversified,NotCyclical,15910.995606628563,0.10321777793467067,0.14945440605652655,0.37901970954356845,8.505681818181818,5.445596510722983,12.097375175954284,18.591008548848112,-0.15196731535770946,-0.13541234501042898,-0.2437683897508771,0.016918022856893256,False,False,41.055299730430036,-84700.0,13479354.0,46326643.84423828,-0.09166666666666679,-0.060000000000000275,18.591008548848112,29.315068493150687,33.53383458646616,31.424451539808423,26.046511627906977,48.52150537634409,False,65.58218929587275,14.890658603282626,Neutral,5.3611366936236635,37.21358189081225,83.95126498002664,21.680672268907564,28.907563025210088,47.8796169630643,25.733333333333334,35.53147516333358,100.0,39.264639343665024,100.0,GREEN,Mid,10000000.0,GREEN,35.53147516333358,39.264639343665024,Sell,Sell,High,High,ttm(Mar 2026),ttm(Mar 2026),Mar 2026,False,False,Sell
JUBLINGREA,Chemicals,Cyclical,12083.043174415741,0.0830266056875442,0.135544754256802,0.2533589251439539,11.571428571428571,-2.7644530359330233,5.075412975819971,43.489106204531616,0.13651013704032477,0.11255191342496595,-0.05436232621885562,0.44880360226880156,True,True,73.84383527755664,-697095.0,8939715.0,153665911.25878906,0.5999999999999998,0.8899999999999997,43.489106204531616,11.363636363636363,20.454545454545457,15.90909090909091,6.821705426356589,23.9247311827957,False,50.62917222963952,60.3470098454348,Extended,61.73413499076285,26.70386151797603,87.9555259653795,71.26050420168067,75.7983193277311,41.58686730506156,22.0,35.44424606512985,100.0,51.24921991495792,100.0,GREEN,Mid,10000000.0,GREEN,35.44424606512985,51.24921991495792,Sell,Hold,High,High,ttm(Mar 2026),ttm(Mar 2026),Mar 2026,False,False,Sell
FLUOROCHEM,Chemicals,Cyclical,45305.90346516148,0.12322856808898619,0.15168228242888476,0.2911263666412408,9.347826086956522,-4.215040438058548,5.467595524593616,78.93014540968899,0.2604988190318651,0.19383415766572587,0.21988458685121448,0.2792350359090927,True,True,68.88878511879578,353070.0,1851512.0,380307547.8947754,0.6683333333333333,0.8900000000000001,78.93014540968899,34.090909090909086,34.090909090909086,34.090909090909086,5.116279069767442,25.403225806451612,False,32.36193712829227,76.19400207965475,Neutral,78.54075111775005,26.70386151797603,87.9555259653795,73.27731092436974,75.96638655462185,25.85499316005472,32.13333333333333,35.398478963936014,100.0,55.08458895376318,100.0,GREEN,Large,50000000.0,GREEN,35.398478963936014,55.08458895376318,Sell,Hold,High,High,ttm(Mar 2026),ttm(Mar 2026),Mar 2026,False,False,Sell
RCF,Chemicals,Cyclical,7087.098333543347,0.09975997678995985,0.1139100789784673,0.8059351815696993,3.2013651877133107,-4.8494303088988495,9.135467107594186,16.597419984879032,-0.013119468337602025,-0.0572890182880359,-0.13941434943720266,-0.4234657399693086,False,False,44.66316039541091,39886441.0,133244838.0,151599669.5017395,0.16999999999999996,-0.32500000000000007,16.597419984879032,18.181818181818183,11.363636363636363,14.772727272727273,4.496124031007752,37.365591397849464,False,73.54983114741223,13.47322699732871,Neutral,17.28183210860706,26.70386151797603,87.9555259653795,48.739495798319325,16.974789915966387,83.72093023255815,85.86666666666667,35.353414668278354,100.0,45.14567291902612,100.0,GREEN,Small,2500000.0,GREEN,35.353414668278354,45.14567291902612,Sell,Hold,High,High,ttm(Mar 2026),ttm(Mar 2026),Mar 2026,False,False,Sell
NUVOCO,Construction Materials,Cyclical,12809.344373213842,0.012230701087673546,0.10833270287317587,0.480594388503275,4.665829145728643,2.313950632258721,9.459076748796381,33.143519648799185,0.16142114870060675,0.014310054967096919,-0.006935774491149349,-0.012279199129137441,True,True,64.30832286876159,70472172.0,88397001.0,90512866.54058838,-0.05999999999999998,-0.23500000000000032,33.143519648799185,12.5,12.5,12.5,17.05426356589147,38.97849462365591,False,60.883400089007566,61.13512532123452,Neutral,71.01361215756829,11.058055925432758,11.85699067909454,23.52941176470588,19.495798319327733,77.70177838577291,91.06666666666666,35.32341365834614,100.0,43.82821788957433,100.0,GREEN,Mid,10000000.0,GREEN,35.32341365834614,43.82821788957433,Sell,Hold,High,High,ttm(Jun 2026),ttm(Jun 2026),Jun 2026,False,False,Sell
WIPRO,Information Technology,NotCyclical,187432.3460152873,0.15165733813739188,0.17574141035832833,0.23052977198104954,12.216049382716049,0.7807333556995699,6.39480170289044,13.896794800091014,-0.1221848614994323,-0.309883403138675,-0.2802355596735828,-0.29929998990008544,False,False,47.96997292756809,-64163374.0,-170226325.0,3421846413.943657,0.5233333333333332,0.054999999999999716,13.896794800091014,28.57142857142857,22.857142857142858,25.714285714285715,13.643410852713178,27.956989247311824,False,95.99465954606141,14.535311597812651,Neutral,6.5215212257617114,13.445272969374168,39.410652463382156,67.73109243697479,38.57142857142858,1.094391244870041,1.0666666666666667,35.18718328209407,100.0,34.25128714954509,100.0,GREEN,Large,50000000.0,GREEN,35.18718328209407,34.25128714954509,Sell,Sell,High,High,ttm(Jun 2026),ttm(Jun 2026),Jun 2026,False,False,Sell
ITCHOTELS,Consumer Services,NotCyclical,36467.47856918647,0.05999620599096975,0.110830143189618,0.006347572482415509,26.90909090909091,,16.076294277929158,41.85576805701623,0.08092771752325123,-0.08926615915898972,-0.24576481966935515,,True,False,49.51260633653421,47873593.0,-10734666.0,390359975.29048157,,,41.85576805701623,41.30434782608695,36.95652173913043,39.13043478260869,,61.82795698924731,False,67.92338502618877,15.281583995615236,Neutral,47.95212100885866,7.985885486018644,14.776830892143808,,,8.071135430916552,86.66666666666667,35.17623778615457,71.42857142857143,50.455792428757626,85.71428571428571,GREEN,Large,50000000.0,GREEN,35.17623778615457,50.455792428757626,Sell,Hold,High,High,ttm(Jun 2026),ttm(Jun 2026),Jun 2026,False,False,Sell
PPLPHARMA,Healthcare,NotCyclical,23257.770535216037,-0.01348196485644794,0.08086908546186664,0.6952952707669688,2.7038123167155423,7.788619768244298,-3.082771839260079,-71.34285440250319,0.17474293415687114,0.038191925947201,-0.12974803343063457,0.13641251353298744,True,True,55.68044662877101,144203720.0,239169336.0,577412237.7075958,-2.056666666666667,-1.9400000000000022,,7.142857142857142,7.142857142857142,7.142857142857142,33.798449612403104,8.60215053763441,False,88.66341396371634,37.69678027831632,Neutral,57.172174429454664,66.50785619174435,90.47589880159788,1.0924369747899159,2.5210084033613445,90.42407660738714,95.73333333333333,42.50252891524861,100.0,45.18197251399758,100.0,AMBER,Mid,10000000.0,GREEN,35.12714957796132,37.40467663689794,Sell,Sell,High,High,ttm(Mar 2026),ttm(Mar 2026),Mar 2026,False,False,Sell
FIRSTCRY,Consumer Services,NotCyclical,16167.568958381737,-0.08521753771673043,0.004924650891848991,0.33022581313445204,1.6794871794871795,14.914523547995916,11.620315968142059,-79.25278901167518,-0.15798412107230375,-0.2077666384020901,-0.43875214159320475,,False,False,44.74730951871844,1298291.0,219063035.0,235652441.81821442,,,,13.043478260869565,13.043478260869565,13.043478260869565,56.58914728682171,46.90860215053764,False,76.26635514018692,3.996814195670047,Neutral,3.590003347645064,7.985885486018644,14.776830892143808,,,89.74008207934337,39.46666666666667,41.225430934007996,85.71428571428571,29.94446910926024,85.71428571428571,AMBER,Mid,10000000.0,GREEN,35.0416162939068,25.452798742871202,Sell,Sell,High,High,ttm(Mar 2026),ttm(Mar 2026),Mar 2026,False,False,Sell
KANSAINER,Consumer Durables,NotCyclical,15873.579764660493,0.14307779774908252,0.1572173211643016,0.0451295799821269,30.46875,2.2005468246584448,2.9272657548255143,27.55829820253558,0.0009980190913820852,-0.12547238683688744,-0.18796610277162717,-0.23297196244259455,False,False,41.655457882390415,-2726964.0,-1702081.0,50750203.185058594,-0.09666666666666653,-0.2650000000000001,27.55829820253558,46.34146341463415,34.146341463414636,40.243902439024396,16.899224806201552,17.20430107526882,False,81.67131933487074,15.26847642116257,Neutral,16.827408141300257,25.229560585885487,54.25752330226364,21.34453781512605,18.65546218487395,16.142270861833104,16.133333333333333,34.83734742998225,100.0,35.948261827746975,100.0,GREEN,Mid,10000000.0,GREEN,34.83734742998225,35.948261827746975,Sell,Sell,High,High,ttm(Mar 2026),ttm(Mar 2026),Mar 2026,False,False,Sell
RALLIS,Chemicals,Cyclical,4589.107869896274,0.09768692439221446,0.1629323821834242,0.0298580518844836,32.90909090909091,-0.7926955500948907,4.406062742333461,21.429609667702657,-0.08572880756233514,-0.04204021264667723,-0.3044300101367239,-0.2819523718947965,False,False,56.16539705078658,5582794.0,55573207.0,95913127.8939209,0.0866666666666666,0.5549999999999997,21.429609667702657,15.909090909090908,40.909090909090914,28.40909090909091,10.69767441860465,22.043010752688172,False,66.34689389774601,7.9752737267729765,Neutral,9.76123807269912,26.70386151797603,87.9555259653795,39.66386554621849,67.73109243697479,69.49384404924761,58.93333333333334,34.796894360340744,100.0,44.44993942675397,100.0,GREEN,Small,2500000.0,GREEN,34.796894360340744,44.44993942675397,Sell,Hold,High,High,ttm(Jun 2026),ttm(Jun 2026),Jun 2026,False,False,Sell
PNCINFRA,Construction,Cyclical,6262.840049786012,0.16231255814976503,0.1674667427983582,0.758843387641274,1.9536082474226804,-12.291992668103102,-20.682523267838683,7.5274519829158795,0.20835801729737358,0.03231810315948591,-0.19447065173244105,-0.5153279231322824,True,True,66.12262362509051,8266444.0,20494495.0,91434569.70943451,0.3433333333333337,-0.01499999999999968,7.5274519829158795,69.56521739130434,39.130434782608695,54.347826086956516,1.0852713178294573,1.0752688172043012,False,82.22809900379994,29.31652151452364,Neutral,71.75585357951992,8.461517976031956,26.57070572569907,61.00840336134454,32.10084033613445,55.26675786593708,64.93333333333334,41.86055035384275,100.0,50.670023766058556,100.0,AMBER,Small,2500000.0,GREEN,34.58146780076633,42.06952020114977,Sell,Hold,High,High,ttm(Mar 2026),ttm(Mar 2026),Mar 2026,False,False,Sell
DALBHARAT,Construction Materials,Cyclical,34870.033862903685,0.05324388325882984,0.12564368567584694,0.4119250236386896,6.422916666666667,2.9892497605892077,5.8941344778254745,30.173096749556958,-0.0689941804910249,-0.11474536605434138,-0.15314655565827417,-0.0056203624151237586,True,False,62.17556731010845,1469975.0,-3629151.0,500209022.9996948,0.6416666666666666,1.075000000000001,30.173096749556958,31.25,43.75,37.5,17.984496124031008,26.0752688172043,False,60.28482421005785,22.927244243047017,Neutral,20.89355438010027,11.058055925432758,11.85699067909454,72.10084033613445,79.83193277310924,12.585499316005471,40.400000000000006,34.442335100696496,100.0,35.67278041604752,100.0,GREEN,Mid,10000000.0,GREEN,34.442335100696496,35.67278041604752,Sell,Sell,High,High,ttm(Mar 2026),ttm(Mar 2026),Mar 2026,False,False,Sell
WOCKPHARMA,Healthcare,NotCyclical,28482.34972222719,-0.07462027134781486,0.046723589681967256,0.4520242914979757,3.0610328638497655,8.359968759318615,11.98539176626825,143.1273855388301,0.3369433732911027,0.3522629413579521,0.06789599367465837,1.131546121133605,True,True,49.26742604269123,17115407.0,97666313.0,1764352560.4954834,0.04333333333333328,0.12000000000000001,143.1273855388301,4.285714285714286,4.285714285714286,4.285714285714286,34.57364341085271,47.983870967741936,False,17.211183538836096,66.03057057753196,Neutral,85.05604299823479,66.50785619174435,90.47589880159788,34.621848739495796,45.21008403361345,79.20656634746922,74.0,34.39149038823005,100.0,49.037217335151894,100.0,GREEN,Mid,10000000.0,GREEN,34.39149038823005,49.037217335151894,Sell,Hold,High,High,ttm(Mar 2026),ttm(Mar 2026),Mar 2026,False,False,Sell
NAUKRI,Consumer Services,NotCyclical,95167.3076923077,0.0246173813462898,0.026156185631527627,0.006831249670306483,43.407407407407405,11.875705929170222,15.22807017543859,53.956191327670986,0.13025561607441594,-0.09212498111987921,-0.11664926959082866,-0.11137345605228943,True,True,76.62797428137306,34795123.0,-17575889.0,1474141791.2085571,-0.033333333333333805,0.33999999999999986,53.956191327670986,26.08695652173913,15.217391304347828,20.652173913043477,47.751937984496124,58.06451612903226,False,59.534764301119445,43.58091747494299,Extended,52.74396585688686,7.985885486018644,14.776830892143808,25.71428571428571,58.31932773109244,6.703146374829001,83.6,34.33485197104809,100.0,46.503197998590366,100.0,GREEN,Large,50000000.0,GREEN,34.33485197104809,46.503197998590366,Sell,Hold,High,High,ttm(Mar 2026),ttm(Mar 2026),Mar 2026,False,False,Sell
IRFC,Financial Services,NotCyclical,115609.27531114264,0.12917643978197213,,7.691254471444431,,,0.48615203299942067,16.463687832795042,-0.14181705937708677,-0.26358758735069365,-0.3339359368749224,-0.54697963908103,False,False,35.03940799823003,-206926906.0,-199883517.0,944045602.891365,-0.25500000000000006,-0.5000000000000001,16.463687832795042,42.857142857142854,,42.857142857142854,,12.634408602150538,False,60.946120250729784,2.8267951884652285,Neutral,3.669245609727043,47.73288948069241,28.957922769640476,13.949579831932773,11.76470588235294,1.094391244870041,1.0666666666666667,34.3299557829888,85.71428571428571,25.192237730180246,100.0,N/A-financial-sector,Large,50000000.0,GREEN,34.3299557829888,25.192237730180246,Sell,Sell,High,High,ttm(Mar 2026),ttm(Mar 2026),Mar 2026,False,False,Sell
PTC,Power,NotCyclical,5975.35024738032,0.12317071100038879,0.1184476358589604,0.2957699381374352,2.8483870967741933,1.6425650628982158,4.635637634140255,8.333821823403516,-0.11266657339027952,0.09465783172280617,-0.02954414239284342,-0.131270510725769,False,False,36.91487697029206,-5129290.0,18328064.0,187956828.03346252,-1.2850000000000001,-0.9650000000000007,8.333821823403516,42.857142857142854,71.42857142857143,57.14285714285714,15.193798449612403,22.71505376344086,False,76.93035157988429,21.92835330595804,Neutral,18.330734525193016,35.61571238348868,2.060452729693742,1.0924369747899159,7.73109243697479,53.76196990424077,12.133333333333333,40.34976598439076,100.0,32.922581590029054,100.0,AMBER,Small,2500000.0,GREEN,34.29730108673214,27.984194351524696,Sell,Sell,High,High,ttm(Mar 2026),ttm(Mar 2026),Mar 2026,False,False,Sell
SOBHA,Realty,Cyclical,15928.634604754008,0.05863407233027365,0.10242316345065045,0.2239406779661017,2.2627737226277373,16.175117756587664,32.13361561985415,69.21650440426518,0.14314448253475476,-0.03245148218030225,-0.013347570053002134,-0.25563867584066624,True,True,64.41029165962826,1703624.0,3364374.0,141292405.95861816,-0.5633333333333335,-0.6049999999999995,69.21650440426518,52.94117647058824,64.70588235294117,58.82352941176471,61.70542635658914,85.88709677419355,True,40.809707060394246,52.69868576947482,Neutral,56.84393815429862,5.798402130492676,68.91424766977363,6.218487394957983,10.588235294117647,29.82216142270862,41.86666666666667,40.34630589095534,100.0,55.62254894856726,100.0,AMBER,Mid,10000000.0,GREEN,34.294360007312044,47.27916660628217,Sell,Hold,High,High,ttm(Jun 2026),ttm(Jun 2026),Jun 2026,False,False,Sell
SIGNATURE,Realty,Cyclical,11148.899572957618,-0.15134119919956113,-0.03294440222944409,1.6102702702702703,-0.8,18.654594067254536,3.883106485188148,10.180336598819952,-0.010109173898205981,-0.2128324299007337,-0.36400445839042783,-0.4660720131847442,False,False,48.78564206458884,4400803.0,5767989.0,191674664.51882935,,,10.180336598819952,5.88235294117647,8.823529411764707,7.352941176470589,67.90697674418604,20.967741935483872,False,66.4485981308411,7.098557462841613,Neutral,12.31228546674373,5.798402130492676,68.91424766977363,,,35.70451436388509,54.800000000000004,35.187862830896265,85.71428571428571,36.20799719534316,85.71428571428571,RED,Small,2500000.0,GREEN,34.187862830896265,35.20799719534316,Sell,Sell,High,High,ttm(Mar 2026),ttm(Mar 2026),Mar 2026,False,False,Sell
KEC,Construction,Cyclical,13269.402035220639,0.12487396408407216,0.19248798335235506,0.8731937002760188,2.4984939759036147,10.797061819302044,7.598645060880704,21.896703028416894,-0.1097310253524697,-0.2737809096413656,-0.4202363056694124,-0.4398550471996011,False,False,44.88101252350315,10897524.0,23225589.0,445389683.3747864,-0.02833333333333332,0.010000000000000675,21.896703028416894,47.82608695652174,60.86956521739131,54.34782608695653,43.565891472868216,32.25806451612903,False,64.13134178905207,4.8204479221063625,Neutral,7.193058167939539,8.461517976031956,26.57070572569907,27.058823529411764,34.95798319327731,56.771545827633375,68.26666666666667,39.83213498762435,100.0,36.49739848956473,100.0,AMBER,Mid,10000000.0,GREEN,33.8573147394807,31.02278871613002,Sell,Sell,High,High,ttm(Mar 2026),ttm(Mar 2026),Mar 2026,False,False,Sell
LINDEINDIA,Chemicals,Cyclical,60793.41308062762,0.12431536869450921,0.20283122052126235,0.018518518518518517,64.92857142857143,,1.810865191146882,110.73481435451296,0.008917197452229297,0.16756756756756763,0.05476067147086949,-0.20633240241323025,False,True,50.6414104548928,33239.0,2506794.0,175006321.0,-0.09499999999999997,-0.22499999999999964,110.73481435451296,40.909090909090914,61.36363636363637,51.13636363636364,,14.650537634408604,False,18.941619128535017,54.78410564891201,Neutral,25.180303398955164,26.70386151797603,87.9555259653795,21.51260504201681,20.168067226890756,27.906976744186046,27.333333333333332,33.73611140882962,85.71428571428571,35.90534282735766,100.0,GREEN,Large,50000000.0,GREEN,33.73611140882962,35.90534282735766,Sell,Sell,High,High,ttm(Mar 2026),ttm(Mar 2026),Mar 2026,False,False,Sell
BEML,Capital Goods,Cyclical,15126.965029912622,0.05794073329909251,0.10267703238562464,0.10531697341513292,6.644444444444445,3.723847035458294,8.128262490678594,107.28343992845832,0.04518623445266412,0.03143292041958978,-0.17535315652966077,-0.2908371146687284,True,True,51.56406802031739,-650875.0,4788021.0,420934252.12005615,0.09833333333333376,0.33000000000000096,107.28343992845832,10.2803738317757,6.481481481481481,8.38092765662859,21.085271317829456,34.00537634408602,False,33.60258121940365,24.091873011895927,Neutral,48.06184716622223,85.89161118508655,77.5027962716378,41.84873949579832,57.647058823529406,33.10533515731874,22.53333333333333,33.69112156602419,100.0,41.99229508769115,100.0,GREEN,Mid,10000000.0,GREEN,33.69112156602419,41.99229508769115,Sell,Hold,High,High,ttm(Mar 2026),ttm(Mar 2026),Mar 2026,False,False,Sell
INTELLECT,Information Technology,NotCyclical,10541.043267286695,0.12283128751432082,0.19755279715251955,0.050157728706624605,58.4,10.839884974117876,21.520000000000007,30.645161290322584,0.11797589533269592,-0.18367346938775508,-0.3363993371156002,-0.29327171497665705,True,False,52.603759118832855,4082311.0,19874841.0,311515313.24346924,0.04499999999999978,0.7650000000000008,30.645161290322584,14.285714285714285,37.142857142857146,25.714285714285715,43.72093023255814,73.11827956989248,False,45.01780151312861,10.271965742650345,Neutral,46.102587051079674,13.445272969374168,39.410652463382156,34.95798319327731,73.44537815126051,54.44596443228454,54.0,33.47798107872459,100.0,48.76424989521671,100.0,GREEN,Small,2500000.0,GREEN,33.47798107872459,48.76424989521671,Sell,Hold,High,High,ttm(Mar 2026),ttm(Mar 2026),Mar 2026,False,False,Sell
AWL,Fast Moving Consumer Goods,NotCyclical,24674.47713595718,0.07981432650471064,0.1495319839971762,0.10622605363984675,3.014144271570014,8.700093677054221,17.34999921486111,23.670822486021276,0.033645830390865106,-0.131714911613103,-0.29295407668203777,-0.43757235269163763,False,False,53.54521315615098,-32060983.0,-82619285.0,495911235.7631378,-0.2883333333333333,-0.345,23.670822486021276,9.30232558139535,25.0,17.151162790697676,35.50387596899225,64.91935483870968,False,78.7748370376188,7.648965353890982,Neutral,21.70473794364416,58.78482023968043,8.718242343541945,12.26890756302521,15.966386554621847,2.462380300957592,3.8666666666666667,33.36830293705827,100.0,34.96991936975016,100.0,GREEN,Mid,10000000.0,GREEN,33.36830293705827,34.96991936975016,Sell,Sell,High,High,ttm(Mar 2026),ttm(Mar 2026),Mar 2026,False,False,Sell
DBREALTY,Realty,Cyclical,6666.127712168593,-0.03791058094655608,-0.03501846407464077,0.18259594231239307,0.25252525252525254,31.659878828651266,81.64196123147092,241.75000190734875,0.08967981259587332,0.05933905373081494,-0.5190849013870138,-0.48616215748721536,False,False,51.32005443215207,9678810.0,83426557.0,68207092.29758835,-0.215,-0.20499999999999996,241.75000190734875,23.52941176470588,8.823529411764707,16.176470588235293,86.82170542635659,97.31182795698925,True,33.83845126835781,2.6782079465885036,Neutral,28.449693903190024,5.798402130492676,68.91424766977363,15.630252100840336,21.680672268907564,77.01778385772914,67.46666666666667,34.347053098535234,100.0,45.27966081609475,100.0,RED,Small,2500000.0,GREEN,33.347053098535234,39.0,Sell,Sell,High,High,ttm(Mar 2026),ttm(Mar 2026),Mar 2026,False,False,Sell
CAPILLARY,Information Technology,NotCyclical,3894.4847523082385,-0.13976728726859033,-0.009645338213928618,0.052734375,18.6,31.53104551474697,22.909698996655514,62.96815131120621,-0.12225878298190562,-0.2625690037374131,,,False,,37.812513553490085,5820057.0,,18744930.625,,,62.96815131120621,2.857142857142857,2.857142857142857,2.857142857142857,86.51162790697674,75.94086021505376,False,16.940364931019136,,Neutral,7.474304200206548,13.445272969374168,39.410652463382156,,,,60.266666666666666,33.26255729375675,57.14285714285714,28.25028852269865,85.71428571428571,GREEN,Small,2500000.0,GREEN,33.26255729375675,28.25028852269865,Sell,Sell,Med,High,annual,ttm(Mar 2026),Mar 2026,False,False,Sell
RAMCOCEM,Construction Materials,Cyclical,22063.29499271459,0.0901684038523476,0.13319114798652948,0.47825549789967875,3.4272076372315037,3.4434659731970907,5.999060812397272,31.564084395872083,-0.07630267275932967,-0.13857870273563677,-0.15411160124531187,0.16056411954868244,True,False,55.35987989729131,2340413.0,4897026.0,149609666.73272705,0.15999999999999912,0.6049999999999982,31.564084395872083,43.75,50.0,46.875,19.379844961240313,26.747311827956988,False,47.384290164663994,24.341450529416942,Neutral,17.269567565826428,11.058055925432758,11.85699067909454,47.05882352941176,69.07563025210084,33.515731874145004,45.733333333333334,33.26222758827197,100.0,33.164670598488335,100.0,GREEN,Mid,10000000.0,GREEN,33.26222758827197,33.164670598488335,Sell,Sell,High,High,ttm(Mar 2026),ttm(Mar 2026),Mar 2026,False,False,Sell
OLAELEC,Automobile and Auto Components,Cyclical,17580.938172340393,-0.8417329282738383,-0.20865276421308096,0.8245299910474485,-2.557894736842105,-5.038671612615142,-50.0886132033673,-9.614458199006965,0.01733810005127756,0.0233393128555488,0.002512620370234586,,False,True,43.060535662402565,582219827.0,3309430555.0,3411987451.3662453,,,,3.260869565217391,3.260869565217391,3.260869565217391,4.341085271317829,1.0752688172043012,True,73.83564050312698,38.819328233325365,Neutral,21.16061310042641,100.0,53.26844207723036,,,99.04240766073872,99.06666666666666,47.75334986493532,85.71428571428571,36.07680682491923,85.71428571428571,RED,Mid,10000000.0,GREEN,33.0,29.07680682491923,Sell,Sell,High,High,ttm(Mar 2026),ttm(Mar 2026),Mar 2026,False,False,Sell
EMBDL,Realty,Cyclical,8928.280678524332,-0.06693633112790566,0.0037583391614334077,0.539319010944467,-0.8633879781420765,43.42887615099762,-20.65167508031207,-10.174051115784463,0.34800842816161426,-0.10644797290398655,-0.4579785506156606,-0.564038235426481,True,False,53.96730832642531,23901235.0,-60078009.0,152544769.48427582,,,,11.76470588235294,29.411764705882355,20.58823529411765,92.4031007751938,2.1505376344086025,True,87.70360480640853,3.2979647816541173,Neutral,68.30915152029864,5.798402130492676,68.91424766977363,,,3.283173734610123,79.73333333333333,44.204817002921025,85.71428571428571,55.71114758903633,85.71428571428571,RED,Small,2500000.0,GREEN,33.0,33.0,Sell,Sell,High,High,ttm(Mar 2026),ttm(Mar 2026),Mar 2026,False,False,Sell
ITI,Telecommunication,NotCyclical,27550.674930371737,-0.11227693732951871,-0.031941349550609496,0.40136411332633787,0.2233502538071066,16.11619841358809,-39.61846834393143,93.7213134765625,-0.020759814609191296,-0.06278686523437504,-0.0939777936497127,-0.08586506253712223,False,False,38.72946015141346,13608044.0,284249813.0,130926804.50549316,0.008333333333333333,0.0049999999999999975,93.7213134765625,9.090909090909092,7.6923076923076925,8.391608391608392,61.55038759689923,1.0752688172043012,True,22.68768614563007,19.645703293556334,Neutral,15.328763386568056,93.40532623169109,96.33475366178429,31.26050420168067,34.03361344537815,92.0656634746922,70.93333333333334,40.3011438868712,100.0,25.809777988807024,100.0,RED,Mid,10000000.0,GREEN,33.0,18.809777988807024,Sell,Sell,High,High,ttm(Mar 2026),ttm(Mar 2026),Mar 2026,False,False,Sell
TEJASNET,Telecommunication,NotCyclical,9729.001325921337,-0.0465119009981455,0.03373629440507858,1.4251108836574549,-2.2508250825082508,6.233762124125963,-87.62747954723747,-10.669590167367204,0.319392473262637,0.45765639303844874,-0.21091334776742354,-0.6137958673775155,True,True,44.211055204514814,140155560.0,658497892.0,2052750145.2812347,-0.68,0.33499999999999974,,18.181818181818183,15.384615384615385,16.783216783216783,29.612403100775193,1.0752688172043012,True,68.16555407209613,19.108444913239147,Neutral,83.12248422313826,93.40532623169109,96.33475366178429,5.378151260504202,57.815126050420176,97.2640218878249,95.46666666666667,41.41823194106758,100.0,53.40238591892837,100.0,RED,Small,2500000.0,GREEN,33.0,33.0,Sell,Sell,High,High,ttm(Mar 2026),ttm(Mar 2026),Mar 2026,False,False,Sell
SWANCORP,Chemicals,Cyclical,9709.542857142857,0.0004729485885835716,0.022424494360365706,0.27906050955414013,-2.5185185185185186,44.85738473300094,-11.48238153098421,35.82857142857143,-0.09628133319152199,-0.2556980272690348,-0.3091016895074704,-0.5471882146558822,False,False,45.548489387926004,15116738.0,57673102.0,207103802.30851746,,,35.82857142857143,2.272727272727273,2.272727272727273,2.272727272727273,92.86821705426357,4.56989247311828,True,44.52328594989398,4.232648103935775,Neutral,5.3192251352814734,26.70386151797603,87.9555259653795,,,70.04103967168263,72.66666666666667,39.91758416160399,85.71428571428571,30.869807190391132,85.71428571428571,RED,Small,2500000.0,GREEN,32.91758416160399,23.869807190391132,Sell,Sell,High,High,ttm(Mar 2026),ttm(Mar 2026),Mar 2026,False,False,Sell
HCG,Healthcare,NotCyclical,16502.499389648438,0.03525995143699326,0.15389087840441457,1.3025525525525525,2.632768361581921,14.599149106119768,14.511100614076522,709.7849199848789,0.15776540791051552,-0.011530416813092859,0.18064747703512563,0.7652091296643255,True,True,56.10838936817549,-121464.0,-2574286.0,80866463.03894043,0.22999999999999998,1.165,709.7849199848789,11.428571428571429,24.285714285714285,17.857142857142858,55.348837209302324,55.51075268817204,False,13.649375638105708,71.33248108462958,Neutral,49.98196231513863,66.50785619174435,90.47589880159788,54.285714285714285,81.5126050420168,14.09028727770178,25.333333333333336,38.58599190254507,100.0,44.80456799951069,100.0,AMBER,Mid,10000000.0,GREEN,32.798093117163305,38.08388279958408,Sell,Sell,High,High,ttm(Mar 2026),ttm(Mar 2026),Mar 2026,False,False,Sell
GODREJCP,Fast Moving Consumer Goods,NotCyclical,108212.18301983832,0.09508504621462577,0.1811532240642843,0.3495414294750158,9.212209302325581,4.45925416553159,7.738095238095233,58.1153819325206,-0.03787344028936157,-0.13863338536519032,-0.16206959577663516,-0.23305368478512267,True,False,51.79341025055278,-4654083.0,-2535251.0,1151273495.593872,0.17833333333333368,0.16500000000000137,58.1153819325206,16.27906976744186,38.63636363636363,27.457716701902747,23.72093023255814,32.93010752688172,False,47.424899866488644,16.38948464991202,Neutral,28.96139971568546,58.78482023968043,8.718242343541945,49.57983193277311,48.57142857142857,14.36388508891929,12.666666666666668,32.77513428269307,100.0,30.871545718283304,100.0,GREEN,Large,50000000.0,GREEN,32.77513428269307,30.871545718283304,Sell,Sell,High,High,ttm(Mar 2026),ttm(Mar 2026),Mar 2026,False,False,Sell
NEOGEN,Chemicals,Cyclical,6176.201575043005,0.12357366156762029,0.1372522549833204,1.7095588235294117,1.8266666666666667,7.909840357170417,11.068211068211076,213.1680351096189,0.5533992668756444,0.7825384437577672,0.4628612448973266,0.43256339238558406,True,True,76.78696487623789,3003855.0,14411820.0,113917518.81524658,0.8433333333333337,2.25,213.1680351096189,38.63636363636363,25.0,31.818181818181817,34.10852713178294,43.68279569892473,False,7.332129113327575,85.59083583846484,Extended,93.66204425311693,26.70386151797603,87.9555259653795,77.64705882352942,88.57142857142857,49.658002735978116,48.93333333333334,38.37687115092077,100.0,58.047397111516894,100.0,AMBER,Small,2500000.0,GREEN,32.62034047828266,49.340287544789355,Sell,Hold,High,High,ttm(Mar 2026),ttm(Mar 2026),Mar 2026,False,False,Sell
TATAPOWER,Power,NotCyclical,164535.19447892523,0.1318817991498303,0.11506512562133465,1.9291831357048748,2.5244435990108425,4.244851731472532,-4.659509155607145,32.120954523297755,-0.12491529282709324,0.02981877598806637,-0.04387871552984368,-0.11946046059677351,False,False,38.834904072576,-53694622.0,4314563.0,2176440618.950943,-0.17166666666666686,1.0350000000000001,32.120954523297755,66.66666666666666,61.904761904761905,64.28571428571428,23.25581395348837,7.39247311827957,False,55.67787352834082,21.04896588623826,Neutral,13.624446100678908,35.61571238348868,2.060452729693742,17.394957983193276,79.15966386554622,31.600547195622436,2.4,39.53840094672045,100.0,32.26643615277673,100.0,AMBER,Large,50000000.0,GREEN,32.60764080471238,26.426470729860217,Sell,Sell,High,High,ttm(Mar 2026),ttm(Mar 2026),Mar 2026,False,False,Sell
STLTECH,Telecommunication,NotCyclical,26361.390115489132,-0.0011392934391157572,0.11991961797528866,0.8562610229276896,2.5401785714285716,-11.839885340823496,18.918918918918926,474.8683996367872,0.9929682503944601,4.826605900853185,4.261444054789271,2.8745345752668268,True,True,46.41548692319258,19379684.0,336686372.0,1299213352.0447693,-1.1249999999999998,-1.3599999999999999,474.8683996367872,27.27272727272727,46.15384615384615,36.71328671328671,2.1705426356589146,67.74193548387096,True,13.728561158467702,98.06539578093408,Neutral,98.45417780340725,93.40532623169109,96.33475366178429,2.689075630252101,4.033613445378151,93.57045143638851,76.0,38.31404215081381,100.0,58.729615521186275,100.0,AMBER,Mid,10000000.0,GREEN,32.56693582819174,49.92017319300833,Sell,Hold,High,High,ttm(Mar 2026),ttm(Mar 2026),Mar 2026,False,False,Sell
AGL,Services,NotCyclical,,,,,,,,,,,,,,,,,,3537749.037525177,,,,,,,,,False,,,Neutral,,32.419973368841546,58.78482023968043,,,,,32.419973368841546,14.285714285714285,58.78482023968043,14.285714285714285,GREEN,,,GREEN,32.419973368841546,58.78482023968043,Sell,Hold,Low,Low,annual,annual,,False,True,Sell
ABREL,Realty,Cyclical,18128.67934982498,0.24865436676084787,0.07312436306683007,1.5228316671169955,-5.75,-52.64240531244803,-66.5936482151501,-157.6406899984781,0.03956916545256206,-0.05977240164932096,-0.3364314041400567,-0.3426759270154248,True,False,63.689989443904516,940011.0,1156357.0,263549154.25183105,,,,94.11764705882352,58.82352941176471,76.47058823529412,1.0852713178294573,1.0752688172043012,False,68.00164925783398,9.920373380725367,Neutral,38.00093569613243,5.798402130492676,68.91424766977363,,,24.076607387140903,36.93333333333334,35.350275558939195,85.71428571428571,49.749895877435286,85.71428571428571,RED,Mid,10000000.0,GREEN,32.350275558939195,37.0,Sell,Sell,High,High,ttm(Mar 2026),ttm(Mar 2026),Mar 2026,False,False,Sell
FACT,Chemicals,Cyclical,54177.65703201294,0.2819954359064259,0.168774907641688,1.3165572574762947,0.3861788617886179,-2.900649990626547,30.369458128078808,1966.7442144349557,-0.05089498480131771,-0.02574733702002885,-0.07613031597913045,-0.23780432930494722,False,False,40.14774990409903,14633416.0,74920118.0,137510620.84622192,,,1966.7442144349557,97.72727272727273,45.45454545454545,71.5909090909091,6.511627906976744,84.40860215053763,True,18.903386333292875,21.096187095420625,Neutral,15.34818797255306,26.70386151797603,87.9555259653795,,,75.10259917920656,72.0,33.303800865840216,85.71428571428571,50.85654809239309,85.71428571428571,RED,Large,50000000.0,GREEN,32.303800865840216,39.0,Sell,Sell,High,High,ttm(Dec 2025),ttm(Dec 2025),Dec 2025,False,False,Sell
WHIRLPOOL,Consumer Durables,NotCyclical,9902.569883276525,0.07178814489054787,0.11212808688879619,0.017063205960105743,10.688888888888888,6.409093981299896,1.4393939393939403,33.553539533071564,-0.1604364778704691,-0.040202615755716486,-0.4316235710576002,-0.6091873107366435,False,False,38.12920975715367,-136182.0,-4169239.0,182601949.1906128,0.2783333333333333,0.43500000000000005,33.553539533071564,21.951219512195124,19.51219512195122,20.731707317073173,30.077519379844965,14.112903225806454,False,66.8618764413157,2.396007791491599,Neutral,7.682471978214172,25.229560585885487,54.25752330226364,57.22689075630252,62.857142857142854,12.175102599179207,24.8,32.07913439172488,100.0,31.181114748309266,100.0,GREEN,Small,2500000.0,GREEN,32.07913439172488,31.181114748309266,Sell,Sell,High,High,ttm(Mar 2026),ttm(Mar 2026),Mar 2026,False,False,Sell
GAIL,Oil Gas & Consumable Fuels,Cyclical,112914.59418079282,0.13619575431948902,0.14675267558031824,0.27884647778189536,11.939834024896266,-0.9401527620775063,-0.214232357542532,14.892455048904354,0.08883963244604964,0.07141618052429499,-0.020928022657226597,-0.19815691023988558,True,True,49.929426782696915,33976282.0,-54750174.0,1321593068.5231476,-0.2700000000000002,-0.21499999999999897,14.892455048904354,37.5,31.25,34.375,10.387596899224807,11.827956989247312,False,56.891006190071614,42.73251262670053,Neutral,63.630586733495015,45.74513981358189,57.59600532623169,13.109243697478993,20.672268907563023,3.556771545827633,83.46666666666667,33.00097348732035,100.0,47.59152166878247,100.0,GREEN,Large,50000000.0,GREEN,32.00097348732035,46.59152166878247,Sell,Hold,High,High,ttm(Mar 2026),ttm(Mar 2026),Mar 2026,False,False,Sell
IFCI,Financial Services,NotCyclical,47752.61392166365,0.027520925226393995,,0.3938953488372093,,,10.117145899893497,109.77612395784746,0.21590347182847092,0.2753598992025583,0.2112977861186236,0.13889750644741716,True,True,45.024506757349386,941405903.0,2511549026.0,2660397141.041128,-1.1050000000000002,-0.20500000000000007,109.77612395784746,7.563025210084033,,7.563025210084033,,40.86021505376344,False,17.785974519698584,67.7369068771769,Neutral,85.08487714795652,47.73288948069241,28.957922769640476,3.0252100840336134,21.428571428571427,99.04240766073872,99.06666666666666,31.902118643639707,85.71428571428571,41.06008171905466,100.0,N/A-financial-sector,Large,50000000.0,GREEN,31.902118643639707,41.06008171905466,Sell,Hold,High,High,ttm(Mar 2026),ttm(Mar 2026),Mar 2026,False,False,Sell
CYIENT,Information Technology,NotCyclical,10333.640612827838,0.1292198153796077,0.20370048361993814,0.07585357268567405,14.737704918032787,6.5047630137841095,-1.2499999999999956,22.313084112149536,-0.09340223504365042,-0.26851063829787236,-0.3148736140249885,-0.5057398146316521,False,False,47.97304668620581,-1405379.0,-6813126.0,278841248.4882202,-0.011666666666666714,-0.10499999999999865,22.313084112149536,17.142857142857142,40.0,28.57142857142857,30.23255813953488,10.21505376344086,False,77.82287494437027,8.233612928688144,Neutral,8.713806442490528,13.445272969374168,39.410652463382156,28.57142857142857,26.218487394957986,9.986320109439124,19.466666666666665,32.716815021695965,100.0,29.12910067476486,100.0,GREEN,Small,2500000.0,GREEN,31.716815021695965,28.12910067476486,Sell,Sell,High,High,ttm(Mar 2026),ttm(Mar 2026),Mar 2026,False,False,Sell
RENUKA,Fast Moving Consumer Goods,NotCyclical,4798.838904596144,,0.10796272886517919,-2.6798655211057154,0.025815217391304348,0.5587734995608384,-15.20982224665567,-6.059140031055738,-0.19240411899832688,-0.10091738372933456,-0.3073140663382167,-0.5342012564614934,False,False,44.90385134009465,-5556812.0,132237184.0,143831841.99191475,0.10499999999999998,-0.5800000000000001,,,6.8181818181818175,6.8181818181818175,12.868217054263567,3.0913978494623655,True,98.93190921228305,4.756623220565406,Neutral,5.161466717842387,58.78482023968043,8.718242343541945,42.52100840336134,10.92436974789916,83.44733242134062,11.333333333333332,38.523472954173954,100.0,21.26777188171502,100.0,RED,Small,2500000.0,GREEN,31.523472954173954,14.26777188171502,Sell,Sell,High,High,ttm(Mar 2026),ttm(Mar 2026),Mar 2026,False,False,Sell
SJVN,Power,NotCyclical,27590.246600753693,0.0663933559990976,0.06493535366993153,2.266872673642812,2.536979969183359,15.509634304070175,47.41126668837512,42.97546199494345,-0.0900233827354282,-0.10427143473145495,-0.2704367783504499,-0.4922670432897154,False,False,37.904266027505145,-10835530.0,219682225.0,181218512.3921585,5.551115123125783e-17,0.4200000000000003,42.97546199494345,19.047619047619047,14.285714285714285,16.666666666666664,59.06976744186046,92.33870967741935,True,34.68402314196706,7.257954757238823,Neutral,15.279414667090755,35.61571238348868,2.060452729693742,29.915966386554622,62.35294117647059,90.01367989056087,8.4,36.969126839941744,100.0,34.48622857913171,100.0,AMBER,Mid,10000000.0,GREEN,31.42375781395048,29.313294292261954,Sell,Sell,High,High,ttm(Mar 2026),ttm(Mar 2026),Mar 2026,False,False,Sell
RELAXO,Consumer Durables,NotCyclical,9115.326237148709,0.0862851959853815,0.16855875479948795,0.1056210335448776,17.0,-0.979743697663582,-3.1193976335604168,50.9236102634006,0.186454374477536,-0.06894361284428951,-0.2888656665885355,-0.553585812170091,True,True,45.506595861824046,56881302.0,58801017.0,57597645.68196106,0.26833333333333315,0.4949999999999999,50.9236102634006,26.82926829268293,41.46341463414634,34.146341463414636,10.232558139534884,8.46774193548387,False,43.55261560869037,12.458540097189726,Neutral,62.03416426205607,25.229560585885487,54.25752330226364,56.470588235294116,65.3781512605042,70.58823529411765,88.0,32.31480376497376,100.0,44.846854368188566,100.0,GREEN,Small,2500000.0,GREEN,31.31480376497376,43.846854368188566,Sell,Hold,High,High,ttm(Mar 2026),ttm(Mar 2026),Mar 2026,False,False,Sell
VOLTAS,Consumer Durables,NotCyclical,44748.5043163031,0.06340959005576091,0.08232599197890492,0.15558343789209536,5.931034482758621,14.45937209434125,-7.57801855576461,120.94190355757593,-0.041574340224836415,-0.05646874510891109,0.006364467922827632,-0.050519338168729666,True,True,64.13470532923975,9058674.0,5079065.0,1229661601.8568726,-0.05999999999999991,-0.02999999999999936,120.94190355757593,17.073170731707318,14.634146341463413,15.853658536585366,54.88372093023256,5.779569892473118,True,28.17673564753004,55.099508938611706,Neutral,28.622301824799603,25.229560585885487,54.25752330226364,23.697478991596636,30.42016806722689,34.06292749658002,66.4,33.981986229568285,100.0,26.865865834532247,100.0,GREEN,Large,50000000.0,GREEN,30.981986229568285,23.865865834532247,Sell,Sell,High,High,ttm(Mar 2026),ttm(Mar 2026),Mar 2026,False,False,Sell
ACI,Chemicals,Cyclical,6658.2855154129975,0.26276044990606795,0.26648715449324334,0.2408268733850129,9.192307692307692,-9.13696526741371,3.842459173871271,63.70649935197942,-0.07973561180733724,0.07010184628277294,-0.17285879041751573,-0.2578676664183345,True,False,60.38137984739297,3862747.0,3472119.0,69522935.84286499,-0.843333333333334,-1.2100000000000004,63.70649935197942,93.18181818181817,79.54545454545455,86.36363636363636,2.7906976744186047,20.698924731182796,False,31.544019476949657,13.98186249061373,Neutral,28.591491644890333,26.70386151797603,87.9555259653795,4.53781512605042,5.546218487394958,30.095759233926128,52.666666666666664,30.904452428458242,100.0,44.99399521545444,100.0,GREEN,Small,2500000.0,GREEN,30.904452428458242,44.99399521545444,Sell,Hold,High,High,ttm(Mar 2026),ttm(Mar 2026),Mar 2026,False,False,Sell
ADANIENT,Metals & Mining,Cyclical,433682.4841408195,0.07908937656912565,0.084176618225202,1.3175246521513482,2.3244725037381624,-7.6446860482450525,2.6303961427666556,43.62402965592123,0.4140691850377083,0.46064806249444823,0.23219175408044723,0.013094749432749797,True,True,58.75618771287515,37979559.0,78384528.0,5399021970.981689,-0.3566666666666669,-1.3650000000000002,43.62402965592123,25.0,12.5,18.75,3.255813953488372,16.666666666666664,False,22.422717469446443,58.72681636709735,Neutral,93.56882567315692,94.9462050599201,6.26444740346205,11.092436974789916,3.865546218487395,75.9233926128591,85.06666666666666,36.081694589411974,100.0,37.24005642945207,100.0,AMBER,Large,50000000.0,GREEN,30.669440401000177,31.654047965034255,Sell,Sell,High,High,ttm(Mar 2026),ttm(Mar 2026),Mar 2026,False,False,Sell
NFL,Chemicals,Cyclical,3590.426734871212,0.060498341808351425,0.12631729411172044,1.3952833509327702,3.3493975903614457,-10.076456786388333,8.684011113917656,16.976851004141352,-0.03892021118756617,-0.11766128591825109,-0.23465594979159843,-0.49615296438788803,False,False,42.671578605639006,18294697.0,89954527.0,72227339.94241333,-0.61,-1.325,16.976851004141352,6.8181818181818175,15.909090909090908,11.363636363636363,2.4806201550387597,35.61827956989247,True,78.3495641247153,8.026094205195665,Neutral,13.769879176473136,26.70386151797603,87.9555259653795,5.88235294117647,4.53781512605042,77.83857729138167,75.2,30.403544504708275,100.0,42.96456578128825,100.0,GREEN,Small,2500000.0,GREEN,30.403544504708275,42.96456578128825,Sell,Hold,High,High,ttm(Mar 2026),ttm(Mar 2026),Mar 2026,False,False,Sell
NCC,Construction,Cyclical,9480.631559577574,0.09465364854194025,0.18250558584960253,0.43931884610496885,2.4644295302013424,10.215593182492078,-6.2027027027027,13.10697617641715,-0.12228247076610665,-0.05985188171714584,-0.35843321343182244,-0.5741080250236076,False,False,34.81503797260838,9508156.0,-10217634.0,286525328.4659195,2.3449999999999998,1.1949999999999994,13.10697617641715,17.391304347826086,52.17391304347826,34.78260869565217,41.24031007751938,6.586021505376344,True,69.27184964568141,6.377008125150907,Pulled back,11.363906830758484,8.461517976031956,26.57070572569907,93.27731092436974,81.68067226890756,8.618331053351573,67.33333333333333,39.265491763887965,100.0,35.83303066449661,100.0,AMBER,Small,2500000.0,GREEN,30.375667999304767,27.45807606482212,Sell,Sell,High,High,ttm(Mar 2026),ttm(Mar 2026),Mar 2026,False,False,Sell
BAJAJHFL,Financial Services,NotCyclical,72021.89154112378,0.1208441862315418,,4.604359987568263,,,16.56916005014626,28.133551383251472,-0.03529538786775421,-0.08341292932547917,-0.28495734670137485,,True,False,46.88632933117958,86829177.0,-509493733.0,329569859.2828102,,,28.133551383251472,36.97478991596639,,36.97478991596639,,62.76881720430107,False,41.31440791111312,4.9685542408272845,Neutral,27.384645303796642,47.73288948069241,28.957922769640476,,,1.094391244870041,92.26666666666667,30.247604962341384,71.42857142857143,42.42508228744883,85.71428571428571,N/A-financial-sector,Large,50000000.0,GREEN,30.247604962341384,42.42508228744883,Sell,Hold,High,High,ttm(Mar 2026),ttm(Mar 2026),Mar 2026,False,False,Sell
PAYTM,Financial Services,NotCyclical,86959.16510687933,-0.06320879261883017,-0.06558918071151049,0.012105328840633969,27.77777777777778,1.8310972180126672,22.550225502255028,133.96653303011195,0.1719981092686722,0.06203183638767884,0.43100451101225246,1.8815496093963255,True,True,74.44711044951381,-3659173.0,-114374361.0,2363041512.39917,9.913333333333332,-5.024999999999999,133.96653303011195,2.5210084033613445,3.125,2.8230042016806722,15.348837209302326,75.13440860215054,True,15.541626122966216,90.7166737055058,Extended,67.30808968966754,47.73288948069241,28.957922769640476,99.07563025210084,1.0924369747899159,1.094391244870041,14.000000000000002,30.10268003771362,100.0,36.0008516176482,100.0,N/A-financial-sector,Large,50000000.0,GREEN,30.10268003771362,36.0008516176482,Sell,Sell,High,High,ttm(Jun 2026),ttm(Jun 2026),Jun 2026,False,False,Sell
RTNPOWER,Power,NotCyclical,4596.800079345703,0.6994521418381208,0.07878881436414541,0.8001293661060802,0.8785249457700651,-2.539982505160332,-8.863844045080715,88.4000015258789,-0.07045216195254733,-0.007856307073287994,-0.45161292230997896,-0.45998780089238744,False,False,39.498102294001754,97415144.0,117548622.0,117494394.63801098,-1.0016666666666667,0.05999999999999975,88.4000015258789,97.61904761904762,23.809523809523807,60.714285714285715,7.131782945736434,5.241935483870968,False,36.870271473075206,3.798274752404429,Neutral,22.20574532615538,35.61571238348868,2.060452729693742,3.613445378151261,39.831932773109244,81.94254445964432,93.46666666666667,32.673764805584895,100.0,31.57236528896722,100.0,RED,Small,2500000.0,GREEN,29.673764805584895,28.57236528896722,Sell,Sell,High,High,ttm(Mar 2026),ttm(Mar 2026),Mar 2026,False,False,Sell
HCC,Construction,Cyclical,6047.1430581713485,0.10138412775510078,0.29322832035422197,0.4790785143394452,1.2046908315565032,-21.7000173659593,-29.17558886509636,36.428572639586434,0.19282749667130972,0.16793899279759894,-0.2116111205171739,-0.5289408828424442,False,True,40.79369796655417,470169496.0,901654017.0,843938385.2896166,-1.7483333333333337,-4.819999999999999,36.428572639586434,21.73913043478261,100.0,60.869565217391305,1.0852713178294573,1.0752688172043012,False,42.98705966930267,27.24599778762304,Neutral,40.102272715421876,8.461517976031956,26.57070572569907,1.0924369747899159,1.0924369747899159,99.04240766073872,99.06666666666666,32.654997298642726,100.0,35.75640476114052,100.0,RED,Small,2500000.0,GREEN,29.654997298642726,32.75640476114052,Sell,Sell,High,High,ttm(Mar 2026),ttm(Mar 2026),Mar 2026,False,False,Sell
GSFC,Chemicals,Cyclical,6387.1207314079975,0.05768084162490039,0.07374708919650913,0.0022010271460014674,56.42857142857143,-1.2559219851605574,14.799664359135733,9.484902128374316,-0.06610701166914024,-0.07617788152295402,-0.18503382086507514,-0.3523190744047926,False,False,44.148226086239596,-4317012.0,4601538.0,88979032.31030273,-1.123333333333333,0.17500000000000093,9.484902128374316,4.545454545454546,4.545454545454546,4.545454545454546,9.612403100775193,56.451612903225815,True,89.81622555564282,11.819766827515762,Neutral,11.896288502487153,26.70386151797603,87.9555259653795,2.857142857142857,49.57983193277311,32.55813953488372,13.333333333333334,29.428528394758438,100.0,47.165718914733546,100.0,GREEN,Small,2500000.0,GREEN,29.428528394758438,47.165718914733546,Sell,Hold,High,High,ttm(Mar 2026),ttm(Mar 2026),Mar 2026,False,False,Sell
BDL,Capital Goods,Cyclical,46240.28077661835,0.1459074487433377,0.17183147809494148,0.0,74.33333333333333,-0.6334401782916665,-26.99551569506726,110.09590661099608,-0.07811359044083799,-0.16762158825774331,-0.31713457947256585,-0.24976513591512428,False,False,39.214230450111444,-6941108.0,-4655276.0,1436736412.2227783,-0.4316666666666664,-0.5149999999999997,110.09590661099608,48.598130841121495,43.51851851851852,46.058324679820004,10.852713178294573,1.0752688172043012,True,33.735647530040055,8.063495796554653,Neutral,9.552386478798379,85.89161118508655,77.5027962716378,8.403361344537815,11.596638655462185,11.49110807113543,10.266666666666667,31.99650902396695,100.0,29.14256070443498,100.0,GREEN,Large,50000000.0,GREEN,28.99650902396695,26.14256070443498,Sell,Sell,High,High,ttm(Mar 2026),ttm(Mar 2026),Mar 2026,False,False,Sell
WESTLIFE,Consumer Services,NotCyclical,7312.850052838165,0.09670589481868891,0.17400014833837674,2.9159935379644586,2.3241379310344827,4.852872816680609,5.3933847141939495,227.42787874661957,0.034893855778774796,-0.0539000244140625,-0.39710537183637784,-0.44523944362829804,True,False,44.7865892214495,-232739.0,10891664.0,25663803.18511963,0.22166666666666698,0.17000000000000082,227.42787874661957,58.69565217391305,50.0,54.34782608695652,24.8062015503876,25.134408602150536,False,12.490567132988913,6.152899502564421,Neutral,44.14839421795166,7.985885486018644,14.776830892143808,53.529411764705884,49.07563025210084,44.45964432284541,24.133333333333333,29.9756336686982,100.0,33.761070401286496,100.0,RED,Small,2500000.0,GREEN,28.9756336686982,32.761070401286496,Sell,Sell,High,High,ttm(Mar 2026),ttm(Mar 2026),Mar 2026,False,False,Sell
ABLBL,Consumer Services,NotCyclical,11656.0928944179,0.08401960468673607,0.296975482165164,2.1358811040339702,3.6923076923076925,,7.242304253416787,67.68085128026651,-0.08879979713227149,-0.1939352918560805,-0.39886613980991636,,False,False,44.38540651508709,1951730.0,-39310167.0,72139676.9044075,,,67.68085128026651,47.82608695652174,86.95652173913044,67.3913043478261,,31.048387096774192,False,34.940790619376564,5.813236503151549,Neutral,7.888995580375348,7.985885486018644,14.776830892143808,,,4.377564979480164,43.86666666666667,34.05468582454282,71.42857142857143,32.19221491039353,85.71428571428571,AMBER,Small,2500000.0,GREEN,28.946482950861398,27.3633826738345,Sell,Sell,High,High,ttm(Mar 2026),ttm(Mar 2026),Mar 2026,False,False,Sell
UPL,Chemicals,Cyclical,60991.52527659268,0.09349159938972858,0.14523722950450974,0.6795019598801014,2.669214936783299,-1.0926020954660665,11.15423376289213,27.461604896267552,-0.046904816390752835,-0.19083332379802886,-0.04128372045187334,0.11503615466121975,True,False,59.945487118812245,-11182518.0,-4721776.0,1042467546.1904602,-0.3766666666666663,-1.1199999999999992,27.461604896267552,13.636363636363635,29.545454545454547,21.59090909090909,9.922480620155039,44.354838709677416,False,89.98664886515354,27.405165522448172,Neutral,20.338784621452106,26.70386151797603,87.9555259653795,10.588235294117647,6.5546218487394965,11.354309165526676,8.133333333333333,33.45805279459694,100.0,46.21509685463634,100.0,AMBER,Large,50000000.0,GREEN,28.439344875407397,39.28283232644089,Sell,Sell,High,High,ttm(Mar 2026),ttm(Mar 2026),Mar 2026,False,False,Sell
IRB,Construction,Cyclical,24407.1433203561,0.09419293507848679,0.10917381123242785,0.9559883526659984,2.268945868945869,6.107008324105223,0.45973991856036456,28.30985969221088,-0.08424579069543325,-0.013456648104481439,-0.1493712902703479,-0.39381780024578183,False,False,36.96815973645275,-33722190.0,540914814.0,220025056.32657146,-0.0433333333333333,-0.41500000000000226,28.30985969221088,13.043478260869565,26.08695652173913,19.565217391304348,28.837209302325583,12.5,False,52.67773698264352,19.14123696578677,Neutral,17.069367601233953,8.461517976031956,26.57070572569907,25.3781512605042,14.117647058823529,96.58002735978111,3.4666666666666663,33.26675832597528,100.0,24.1486066999321,100.0,AMBER,Mid,10000000.0,GREEN,28.27674457707899,20.526315694942284,Sell,Sell,High,High,ttm(Mar 2026),ttm(Mar 2026),Mar 2026,False,False,Sell
LXCHEM,Chemicals,Cyclical,4722.321863774653,0.11236030302764385,0.16996018043039673,0.27355163727959697,7.818181818181818,0.592360693992533,-4.623115577889447,59.56794659019762,0.20751521756491575,0.12926882490995562,-0.11063361045111786,-0.3773640530561526,True,True,65.31396082852964,55241774.0,65169365.0,85261727.28535461,-0.2833333333333333,-0.08499999999999996,59.56794659019762,22.727272727272727,47.72727272727273,35.22727272727273,13.023255813953488,7.526881720430108,False,27.311709730621224,34.503553892104,Neutral,71.17971502825814,26.70386151797603,87.9555259653795,12.436974789915967,27.39495798319328,72.2298221614227,87.86666666666667,29.197234764426554,100.0,48.915752204727895,100.0,GREEN,Small,2500000.0,GREEN,28.197234764426554,47.915752204727895,Sell,Hold,High,High,ttm(Mar 2026),ttm(Mar 2026),Mar 2026,False,False,Sell
UBL,Fast Moving Consumer Goods,NotCyclical,35640.07806564399,0.09198815480301374,0.15605046449056426,0.29124281291463955,11.194444444444445,7.202168219307259,3.6455412226584327,86.35083539232554,-0.11397227513298791,-0.12061546101875942,-0.3083273249320463,-0.35455931996464773,True,False,51.16090075254567,1000314.0,-4208535.0,169050629.64233398,0.34166666666666695,0.9150000000000005,86.35083539232554,13.953488372093023,29.545454545454547,21.749471458773783,31.937984496124034,20.29569892473118,False,20.678159114112937,6.303452589333525,Neutral,13.187613628449137,58.78482023968043,8.718242343541945,60.84033613445378,76.63865546218489,12.038303693570452,37.2,28.173511819189994,100.0,23.07738107118441,100.0,GREEN,Mid,10000000.0,GREEN,28.173511819189994,23.07738107118441,Sell,Sell,High,High,ttm(Mar 2026),ttm(Mar 2026),Mar 2026,False,False,Sell
ELECTCAST,Capital Goods,Cyclical,4648.026725798275,0.06223821401091738,0.0996852418218944,0.2635043889264011,2.4930555555555554,-6.654348722863013,-19.15038929108045,28.759541402336293,-0.038412482296903416,0.07153013084650373,-0.37991440721474234,-0.5833111127949966,False,False,43.760788214184686,-23352559.0,9139745.0,174866047.75151825,-0.39499999999999985,-0.11999999999999972,28.759541402336293,13.084112149532709,5.555555555555555,9.319833852544132,3.7209302325581395,2.4193548387096775,False,73.01100654531245,2.7628148945054036,Neutral,19.779079908740265,85.89161118508655,77.5027962716378,9.747899159663866,25.3781512605042,41.99726402188782,5.6000000000000005,34.27310430920757,100.0,34.97325634278494,100.0,AMBER,Small,2500000.0,GREEN,28.13213866282643,28.7272678913672,Sell,Sell,High,High,ttm(Mar 2026),ttm(Mar 2026),Mar 2026,False,False,Sell
PRSMJOHNSN,Construction Materials,Cyclical,2296.965447787581,0.03354233082142905,0.16356264413862281,1.0975130890052356,3.856353591160221,0.09048550383159437,6.347438752783963,76.56551492625269,-0.11354201104483419,-0.15226030122591128,-0.3048215481240909,-0.33576644101661846,False,False,31.0579645978154,-3643033.0,18710346.0,31928917.46592331,-0.15666666666666665,0.34999999999999987,76.56551492625269,25.0,68.75,46.875,11.937984496124031,27.688172043010752,False,42.53805073431242,8.566671720319617,Pulled back,7.977536873551793,11.058055925432758,11.85699067909454,18.487394957983195,58.991596638655466,54.172366621067034,14.533333333333335,28.093111175410726,100.0,27.778795481607528,100.0,GREEN,Small,2500000.0,GREEN,28.093111175410726,27.778795481607528,Sell,Sell,High,High,ttm(Mar 2026),ttm(Mar 2026),Mar 2026,False,False,Sell
EUREKAFORB,Consumer Durables,NotCyclical,9086.135316320322,0.025428892391397756,0.05212872648382223,0.006305718634485757,39.125,9.11915190559709,11.161263848994674,55.743161449817926,-0.0674358933576098,-0.17725518105257898,-0.18220673738688398,,True,False,53.807455614852564,-687166.0,5011669.0,69751668.22789001,,,55.743161449817926,12.195121951219512,7.317073170731707,9.75609756097561,36.89922480620155,44.623655913978496,False,46.475300400534046,16.57488172678888,Neutral,20.442018666157022,25.229560585885487,54.25752330226364,,,33.78932968536252,22.133333333333333,28.04871405053883,85.71428571428571,31.628938248172528,85.71428571428571,GREEN,Small,2500000.0,GREEN,28.04871405053883,31.628938248172528,Sell,Sell,High,High,ttm(Mar 2026),ttm(Mar 2026),Mar 2026,False,False,Sell
INDIACEM,Construction Materials,Cyclical,12283.848114716842,-0.0021952047594425202,0.03537214036252409,0.12890161991307783,3.98989898989899,-7.177880514526724,7.025089605734758,133.50671345755558,-0.044777896510166615,-0.1482551896705676,0.14803064526781595,0.436281610482006,True,False,61.28858031868814,2272959.0,59531024.0,57397036.22967529,0.2233333333333333,0.46999999999999886,133.50671345755558,6.25,6.25,6.25,3.4108527131782944,30.376344086021508,False,43.66822429906542,41.08339088882525,Neutral,29.848919745908965,11.058055925432758,11.85699067909454,53.78151260504202,64.36974789915966,71.13543091655266,45.2,27.918585935173443,100.0,29.895089868471494,100.0,GREEN,Mid,10000000.0,GREEN,27.918585935173443,29.895089868471494,Sell,Sell,High,High,ttm(Jun 2026),ttm(Jun 2026),Jun 2026,False,False,Sell
IRCON,Construction,Cyclical,12197.25733270389,0.11936754451111309,0.09900435702784534,0.8624792890495556,2.1885714285714286,-4.35695534086703,-15.697026022304827,20.603475224161976,-0.1390851314291458,-0.18982863585182497,-0.3084955118009648,-0.5892557119094148,False,False,41.61399124558089,-1784652.0,246311552.0,244972180.47149658,0.19000000000000003,-0.7450000000000002,20.603475224161976,30.434782608695656,17.391304347826086,23.91304347826087,4.961240310077519,2.956989247311828,False,68.58227636849132,9.712419071363195,Neutral,6.514929377857369,8.461517976031956,26.57070572569907,50.588235294117645,9.411764705882353,90.8344733242134,18.8,33.769450966899804,100.0,24.30027423486174,100.0,AMBER,Mid,10000000.0,GREEN,27.70403332186483,19.65523309963248,Sell,Sell,High,High,ttm(Mar 2026),ttm(Mar 2026),Mar 2026,False,False,Sell
RELIANCE,Oil Gas & Consumable Fuels,Cyclical,2079990.518717639,0.09511404405671212,0.11881459312107587,0.44573963253431853,6.6170873212372046,6.403933073685808,15.003363914059943,23.480622520571124,-0.044528101950614185,-0.10339006314404753,-0.12533616934725156,-0.18031361506666077,False,False,46.81679281609994,-145591004.0,-323915174.0,20214891013.828735,0.021666666666666796,0.020000000000002238,23.480622520571124,25.0,12.5,18.75,29.92248062015504,56.98924731182796,False,35.1583930088603,14.37808442110736,Neutral,12.639889345840984,45.74513981358189,57.59600532623169,32.436974789915965,35.46218487394958,1.094391244870041,1.0666666666666667,27.28087777860496,100.0,32.42283171378758,100.0,GREEN,Large,50000000.0,GREEN,27.28087777860496,32.42283171378758,Sell,Sell,High,High,ttm(Jun 2026),ttm(Jun 2026),Jun 2026,False,False,Sell
KITEX,Textiles,Cyclical,-6571.93349202474,0.09561613762435134,0.12104554066603321,1.1640776699029127,0.6222222222222222,6.191611859813517,-32.138460129628314,522.9655298693425,-0.09315953910137564,-0.022998081322476938,-0.46736606380167,1.1111092584889066,False,False,42.02153893365318,5735858.0,61203898.0,88260086.63124084,,,522.9655298693425,27.27272727272727,25.0,26.136363636363633,29.30232558139535,1.0752688172043012,True,39.4336893635959,17.402441101546604,Neutral,10.720068328856904,35.958189081225036,92.14993342210386,,,71.54582763337893,60.0,34.182576307449644,85.71428571428571,34.3682992054837,85.71428571428571,RED,Small,2500000.0,GREEN,27.182576307449644,27.3682992054837,Sell,Sell,High,High,ttm(Mar 2026),ttm(Mar 2026),Mar 2026,False,False,Sell
AARTIPHARM,Healthcare,NotCyclical,6515.049521144833,0.11661446800303274,0.17580744232599232,0.3549905838041431,7.851063829787234,-2.207766664168098,-13.995271867612292,34.876034244728366,0.06100717076176454,-0.0598658843708213,-0.22253445068835231,0.15320367494399978,True,False,59.124869914806304,307900.0,-600779.0,112343697.559906,-1.2050000000000005,-1.2050000000000005,34.876034244728366,30.0,34.285714285714285,32.14285714285714,7.596899224806202,3.6290322580645165,False,54.05060282396732,15.355756005948058,Neutral,31.94635494905145,66.50785619174435,90.47589880159788,2.3529411764705883,5.966386554621849,16.963064295485637,31.733333333333334,28.036933548061107,100.0,34.77245321292325,100.0,GREEN,Small,2500000.0,GREEN,27.036933548061107,33.77245321292325,Sell,Sell,High,High,ttm(Mar 2026),ttm(Mar 2026),Mar 2026,False,False,Sell
ALOKINDS,Textiles,Cyclical,6209.920227050781,,0.010035332314519757,-1.2127096204766108,0.04552845528455285,-18.99448404640971,3.8514442916093516,-8.694444762335882,-0.08879180012207588,-0.2110900725868149,-0.3977874022885247,-0.5523775200171027,False,False,44.883756680185236,-16867343.0,-23781997.0,74798405.82992077,0.008333333333333331,0.03500000000000006,,,8.333333333333332,8.333333333333332,1.0852713178294573,20.833333333333336,True,82.3319982198487,5.969662640589817,Neutral,7.133846554203699,35.958189081225036,92.14993342210386,31.092436974789916,36.63865546218487,6.155950752393981,6.4,28.026369839542426,100.0,39.43361795262488,100.0,RED,Small,2500000.0,GREEN,27.026369839542426,38.43361795262488,Sell,Sell,High,High,ttm(Jun 2026),ttm(Jun 2026),Jun 2026,False,False,Sell
ABFRL,Consumer Services,NotCyclical,7657.924568128285,-0.10242658363678443,0.07525295385543213,1.0597602739726026,1.2732558139534884,-13.001029371018069,11.176070700203944,-9.211930974124927,-0.09416484391893198,-0.19967266026437125,-0.23643459375036924,-0.8179053520397959,False,False,44.00379644761874,21512059.0,14909275.0,216013979.81975174,-0.2766666666666664,-0.8999999999999995,,10.869565217391305,23.91304347826087,17.391304347826086,1.0852713178294573,44.75806451612903,True,89.24943402797933,10.898674224137592,Neutral,7.320393302098029,7.985885486018644,14.776830892143808,12.773109243697478,8.403361344537815,50.752393980848154,78.13333333333333,27.431013023756204,100.0,33.52878631531493,100.0,RED,Small,2500000.0,GREEN,26.431013023756204,32.52878631531493,Sell,Sell,High,High,ttm(Mar 2026),ttm(Mar 2026),Mar 2026,False,False,Sell
HEMIPROP,Services,NotCyclical,3843.512941018129,-0.022469769424124784,-0.02218073198283166,0.20046082949308755,-1.125,-20.62994740159002,9.890109890109876,-349.4102673652844,0.05146603283041351,-0.002123559543916853,0.01701618543043648,-0.33312123561395757,False,False,44.37186578849646,-40436.0,29857527.0,60062252.62426758,-0.22999999999999998,-0.3350000000000001,,16.666666666666664,12.0,14.333333333333332,1.0852713178294573,39.91935483870967,True,66.90921228304407,22.101390784008743,Neutral,23.632898891235826,32.419973368841546,58.78482023968043,15.042016806722689,16.30252100840336,61.01231190150479,25.866666666666667,27.162801621699206,100.0,35.11372315494281,100.0,RED,Small,2500000.0,GREEN,26.162801621699206,34.11372315494281,Sell,Sell,High,High,ttm(Mar 2026),ttm(Mar 2026),Mar 2026,False,False,Sell
ICICIPRULI,Financial Services,NotCyclical,73780.95670103274,0.09381449119953421,-0.012078646976000782,0.19037488078644266,23.52173913043478,7.869207622462593,-10.485044576627999,45.88367954044325,-0.08475371999321113,-0.25069207860858966,-0.22715919911541838,-0.1965228621909728,True,False,53.58155919194704,-4251662.0,7678930.0,677472403.3622894,0.13166666666666638,0.27000000000000046,45.88367954044325,23.52941176470588,8.333333333333332,15.931372549019606,33.95348837209302,5.10752688172043,True,27.89753569731393,11.555635252871724,Neutral,10.33422240954726,47.73288948069241,28.957922769640476,44.537815126050425,55.46218487394958,39.67168262653899,13.466666666666665,28.90475745619735,100.0,19.082472116699254,100.0,N/A-financial-sector,Large,50000000.0,GREEN,25.90475745619735,16.082472116699254,Sell,Sell,High,High,ttm(Mar 2026),ttm(Mar 2026),Mar 2026,False,False,Sell
SBFC,Financial Services,NotCyclical,10191.604038454452,0.09342306690699853,,1.6501567398119121,,,28.26300294406281,29.356250762939453,-0.02318806041382626,-0.07847753392588241,-0.21072084447182016,0.12556917651444532,True,False,57.673080018417316,16622278.0,-13700532.0,83423167.82691574,,,29.356250762939453,22.689075630252102,,22.689075630252102,,82.79569892473118,False,31.711896563839503,16.37709005445572,Neutral,29.02552946372301,47.73288948069241,28.957922769640476,,,7.387140902872777,73.46666666666667,25.529043489755598,71.42857142857143,41.11155460985208,85.71428571428571,N/A-financial-sector,Small,2500000.0,GREEN,25.529043489755598,41.11155460985208,Sell,Hold,High,High,ttm(Mar 2025),ttm(Mar 2025),Mar 2025,False,False,Sell
RAYMONDLSL,Textiles,Cyclical,4413.997213318354,0.09415399402947672,0.06058136007558462,0.22685761726857617,2.7338709677419355,,11.512305699481873,95.95646115909467,-0.08721423029168485,-0.25090920017037444,-0.4267426718715801,,False,False,35.42786137489122,-123940.0,1733128.0,105134230.75,,,95.95646115909467,18.181818181818183,16.666666666666664,17.424242424242422,,46.236559139784944,False,50.5028927458834,5.184925093632958,Neutral,9.046102751399767,35.958189081225036,92.14993342210386,,,25.581395348837212,25.2,29.37646605960765,71.42857142857143,39.87295200929808,85.71428571428571,AMBER,Small,2500000.0,GREEN,24.969996150666503,33.89200920790337,Sell,Sell,High,High,ttm(Mar 2026),ttm(Mar 2026),Mar 2026,False,False,Sell
BAJAJELEC,Consumer Durables,NotCyclical,3883.977057761128,0.05604709187458452,0.14461898611388796,0.09974905897114178,2.4642857142857144,-3.007669325007889,-7.56006628003314,-42.62690277874167,-0.15464958163615228,-0.2298521183145844,-0.4948979825969989,-0.6917448004972963,True,False,55.68903156730813,-453301.0,-23523629.0,55442377.07589722,-0.0216666666666665,-0.5300000000000002,,14.634146341463413,26.82926829268293,20.731707317073173,6.2015503875969,5.913978494623656,False,96.12999150382328,0.8132687056826406,Neutral,4.790446436765122,25.229560585885487,54.25752330226364,27.73109243697479,11.260504201680673,6.292749658002736,23.333333333333332,28.79537054120907,100.0,29.52197640639398,100.0,AMBER,Small,2500000.0,GREEN,23.47606496002771,24.093679945434882,Sell,Sell,High,High,ttm(Mar 2026),ttm(Mar 2026),Mar 2026,False,False,Sell
INOXGREEN,Services,NotCyclical,7694.302182665059,0.018648984329855272,0.02987439260570194,0.051552431165787935,2.5555555555555554,3.4246836315814377,24.56896551724137,70.29151494212697,0.18346171438593006,0.018281916047707014,0.25735977223210593,0.13684655209279262,True,False,47.102562253233735,8062898.0,82211023.0,265461290.9093628,-1.3566666666666667,-1.95,70.29151494212697,25.0,20.0,22.5,19.224806201550386,78.36021505376344,True,27.386515353805073,36.763161022485015,Neutral,66.37521386014672,32.419973368841546,58.78482023968043,1.0924369747899159,2.3529411764705883,76.60738714090287,64.53333333333333,27.52268574269841,100.0,47.909212541269135,100.0,AMBER,Small,2500000.0,GREEN,23.39428288129365,40.72283066007876,Sell,Hold,High,High,ttm(Mar 2026),ttm(Mar 2026),Mar 2026,False,False,Sell
AFCONS,Construction,Cyclical,10473.011471932394,0.1141062799983198,0.20911024767448724,0.6655045871559633,1.8412462908011868,-1.851482794040582,-4.781638508128783,41.66423268561816,-0.14627578726316925,-0.2093088121776081,-0.324413513251107,,False,False,28.76791139769449,28210250.0,67432393.0,163272098.3244629,,,41.66423268561816,26.08695652173913,69.56521739130434,47.826086956521735,8.527131782945736,7.123655913978495,False,34.21074252849954,12.521372740595995,Pulled back,6.541566348153256,8.461517976031956,26.57070572569907,,,73.46101231190151,81.73333333333333,28.45263025775512,85.71428571428571,26.196696291978522,85.71428571428571,AMBER,Small,2500000.0,GREEN,23.18473571909185,21.267191848181742,Sell,Sell,High,High,ttm(Mar 2026),ttm(Mar 2026),Mar 2026,False,False,Sell
NETWORK18,Media Entertainment & Publication,NotCyclical,4745.504966889968,-0.09706637232970844,-0.011554370865744928,0.6685644570963807,0.2146341463414634,-30.147767771355838,-48.52871381110584,-131.78260637366253,-0.15547506320982174,-0.2545499365546229,-0.44699874646030413,-0.6427392648011518,False,False,39.25168932376749,89509369.0,34003269.0,119447942.3926115,0.06999999999999997,-0.2600000000000002,,12.5,12.5,12.5,1.0852713178294573,1.0752688172043012,True,79.76635514018692,2.879353862394645,Neutral,6.7081644009565835,30.089747003994674,42.34007989347536,37.81512605042017,19.15966386554622,63.611491108071135,92.53333333333333,28.98879040356256,100.0,27.690891585939347,100.0,RED,Small,2500000.0,GREEN,21.98879040356256,20.690891585939347,Sell,Sell,High,High,ttm(Jun 2026),ttm(Jun 2026),Jun 2026,False,False,Sell
HEXT,Information Technology,NotCyclical,,,,,,,11.275534823870025,24.58424507658643,0.17276014947425788,-0.2160449713298913,-0.3377153616778057,,True,False,62.58310063150057,22277748.0,13082820.0,246131677.76605225,,,24.58424507658643,,,,,45.16129032258064,False,,8.851324237560192,Neutral,51.95650475166476,13.445272969374168,39.410652463382156,,,47.332421340629274,78.66666666666666,21.322549787948706,42.857142857142854,49.732514833776804,57.14285714285714,GREEN,,,GREEN,21.322549787948706,49.732514833776804,Sell,Hold,Med,Med,ttm(Mar 2026),ttm(Mar 2026),Mar 2026,False,True,Sell
DBL,Construction,Cyclical,7120.784689194397,0.08922325205135277,0.12971311514098507,1.1774784009371797,1.2587312900926586,-5.4534920536216,-20.615003976318814,5.092916015259612,-0.10645512887633346,-0.08369794301317279,-0.18835877554679636,-0.24948889260569362,False,False,34.00266648626885,-6684.0,12254292.0,44475299.09039307,-0.8549999999999996,-0.9899999999999995,5.092916015259612,8.695652173913043,30.434782608695656,19.56521739130435,4.186046511627907,2.28494623655914,True,70.16997021669918,19.049744790526088,Pulled back,13.574612578426253,8.461517976031956,26.57070572569907,4.369747899159663,7.394957983193278,46.6484268125855,26.266666666666666,26.606654595473447,100.0,25.80546715599668,100.0,RED,Small,2500000.0,GREEN,19.606654595473447,18.80546715599668,Sell,Sell,High,High,ttm(Mar 2026),ttm(Mar 2026),Mar 2026,False,False,Sell
TARC,Realty,Cyclical,3457.1229787973257,-0.05517937591774642,-0.020932800733204766,1.7843691148775895,-4.981132075471698,-3.654997743899502,879.0442267735235,181.9538409893329,-0.12715869636113353,-0.33010481677310366,-0.39587273810105594,-0.4913556060988169,False,False,33.51045457573892,54863144.0,81759277.0,42899982.71173859,-0.39333333333333337,0.43999999999999995,181.9538409893329,17.647058823529413,17.647058823529413,17.647058823529413,5.5813953488372094,99.05913978494624,True,36.44859813084112,5.574512603248937,Pulled back,4.184902254844409,5.798402130492676,68.91424766977363,9.915966386554622,63.193277310924366,76.47058823529412,87.6,20.32612920277492,100.0,44.7302198032468,100.0,RED,Small,2500000.0,GREEN,19.32612920277492,39.0,Sell,Sell,High,High,ttm(Mar 2026),ttm(Mar 2026),Mar 2026,False,False,Sell
VIPIND,Consumer Durables,NotCyclical,4218.96192206711,-0.24119691428621132,0.06919237950633922,2.5536332179930796,-3.442857142857143,-3.72319678252212,-14.738292011019283,-12.482135864103878,-0.07420105313474279,-0.2042073775581832,-0.3383466571215368,-0.38360142769687333,False,False,42.3335026545503,26329621.0,57105664.0,85069094.8894043,-1.2550000000000001,-3.7300000000000004,,2.4390243902439024,12.195121951219512,7.317073170731708,5.426356589147287,3.225806451612903,False,71.24438645466682,6.697102365434669,Neutral,9.860416672214347,25.229560585885487,54.25752330226364,1.0924369747899159,1.0924369747899159,69.76744186046511,81.06666666666666,24.38777123021653,100.0,25.746942585650864,100.0,RED,Small,2500000.0,GREEN,17.38777123021653,18.746942585650864,Sell,Sell,High,High,ttm(Mar 2026),ttm(Mar 2026),Mar 2026,False,False,Sell
RVNL,Construction,Cyclical,46951.04635329473,0.1551935471154279,0.07894405867609777,0.4905314599877825,1.8305489260143197,0.21319928088829876,2.454449631079658,53.90476045154389,-0.23598689246634008,-0.3122018912634317,-0.4018132488648145,-0.5950053051770623,False,False,35.89787752987287,-126596493.0,-97271766.0,1586352839.4638367,-0.17000000000000004,0.05500000000000005,53.90476045154389,65.21739130434783,8.695652173913043,36.95652173913044,12.4031007751938,15.86021505376344,False,20.604864456957102,4.3564594107440655,Neutral,2.4904054837276886,8.461517976031956,26.57070572569907,17.81512605042017,39.2436974789916,2.188782489740082,1.0666666666666667,16.69760517819014,100.0,19.35110676168615,100.0,AMBER,Large,50000000.0,GREEN,14.19296440146162,16.448440747433228,Sell,Sell,High,High,ttm(Mar 2026),ttm(Mar 2026),Mar 2026,False,False,Sell
BLUESTONE,Consumer Durables,NotCyclical,8110.927998650935,-0.11877036628690432,0.06833844802068588,0.9438888888888889,1.8285714285714285,,40.02078947780801,163.1266879264235,0.160498585248382,0.2674345805382854,,,True,True,66.80677453194986,4105276.0,-5678748.0,144215330.06704712,,,163.1266879264235,4.878048780487805,9.75609756097561,7.317073170731707,,89.91935483870968,False,12.358599344580654,,Neutral,74.01146346821422,25.229560585885487,54.25752330226364,,,10.6703146374829,54.13333333333333,12.123724715553685,57.14285714285714,49.185580974070234,85.71428571428571,AMBER,Small,2500000.0,GREEN,10.305166008220631,41.8077438279597,Sell,Hold,Med,High,ttm(Jun 2026),ttm(Jun 2026),Jun 2026,False,False,Sell
