symbol,sector,cyclicality_tag,market_cap_approx,roe,roce,debt_equity,interest_coverage,revenue_cagr_3y,revenue_growth_1y,pe_current,ret_3m,ret_6m,ret_12m,ret_24m,above_50sma,above_200sma,rsi14,obv_slope_short,obv_slope_long,turnover_median_60d,ownership_flow_long,ownership_flow_short,pe_for_ranking,roe_pct,roce_pct,quality_score,growth_3y_score,growth_1y_score,growth_divergence_flag,value_score,stage_3y_score,stage_timing_tag,stage_1y_score,sector_macro_3y_score,sector_macro_1y_score,ownership_3y_score,ownership_1y_score,accumulation_3y_score,accumulation_1y_score,composite_3y,coverage_3y,composite_1y,coverage_1y,bs_flag,mcap_tercile,min_turnover,liquidity_flag,final_score_3y,final_score_1y,recommendation_3y,recommendation_1y,coverage_flag_3y,coverage_flag_1y,ttm_growth,ttm_eps_src,latest_qtr,stale_flag,zero_cov_flag,recommendation_overall,growth_artifact_flag,rev_growth_1y_m2m,rev_cagr_3y_m2m,growth_source_v3,history_class,listing_return_pctile,listing_window_months,pillars_observed,imputation_applied,quality_score_v3,growth_3y_score_v3,value_score_v3,stage_3y_score_v3,sector_macro_3y_score_v3,ownership_3y_score_v3,accumulation_3y_score_v3,redflag_count_v3,penalty_v3,boost_v3,bs_flag_v3,final_score_3y_v3,final_score_1y_v3,base_score_v3,revenue_rescue,expected_rev_growth_pct,fwd_growth_input_pct,fwd_growth_points,conviction_points,forward_adjustment,analyst_call,ionic_score_v3,recommendation_v3,trim_eligible_v3,analyst_conversion,thin_history_flag,oi_driven_growth,oi_level_high,oi_spike,oi_pct_of_pbt,eff_margin,eff_other_income
SKFINDUS,Capital Goods,Cyclical,13351.818972415826,0.1476964769647696,0.263335584064821,0.0033875338753387,,,,0.0353045457489798,0.1475179459358715,0.0561195547113071,,,True,,50.26313486023309,680112.0,,54392417.60522461,,,0.0353045457489798,53.271028037383175,82.4074074074074,67.83921772239529,,,False,78.50801068090789,,Neutral,64.55225794254812,85.89161118508655,77.5027962716378,,,,34.66666666666667,76.83503207346024,42.85714285714285,69.28248096604457,71.42857142857143,GREEN,Mid,10000000.0,GREEN,79.83503207346024,72.28248096604457,Hold,Hold,Med,High,annual,ttm(Mar 2026),Mar 2026,False,False,Hold,,,,engine TTM (no FY pair),<1y,48.13333333333333,6.0,3,"stage_3y<-1y,accumulation_3y<-1y",67.83921772239529,,78.50801068090789,64.55225794254812,85.89161118508655,,34.66666666666667,0,-0.0,3,GREEN,67.74,68.04,67.86,,,11.0,0.0,0.0,0.0,Hold,67.86,Hold,,,<1y,,,,,,
NMDC,Metals & Mining,Cyclical,73954.66512884975,0.2428223837801559,0.2940461949982416,0.1880981739181492,76.52892561983471,21.987846401879363,34.15460553835856,9.9150945555489,-0.0542182183587601,0.0549918993567351,0.2722124514934785,0.0975676410510244,False,True,40.73389657181471,-37399451.0,474590646.0,1776042352.3953247,-0.4399999999999996,-0.3349999999999999,9.9150945555489,79.16666666666666,95.83333333333334,87.5,76.43410852713178,87.23118279569893,False,82.32977303070761,69.46140693698094,Neutral,24.276610342818525,94.9462050599201,6.26444740346205,8.235294117647058,16.470588235294116,95.7592339261286,3.0666666666666664,76.82714459683737,100.0,48.40470092621953,100.0,GREEN,Large,50000000.0,GREEN,79.82714459683737,51.40470092621953,Hold,Hold,High,High,ttm(Mar 2026),ttm(Mar 2026),Mar 2026,False,False,Hold,,34.15460553835856,21.987846401879363,March-to-March,full,,,7,,87.5,75.72674418604652,82.32977303070761,69.46140693698094,94.9462050599201,8.235294117647058,95.7592339261286,0,-0.0,3,GREEN,79.7,51.33,68.35,,,12.0,0.0,0.0,0.0,Hold,68.35,Hold,,,,,,,14.7,-1673.6,-103.0
SAATVIKGL,Capital Goods,Cyclical,5926.504725046067,0.4951638243102507,0.2689226773896289,0.6899338721528288,7.633802816901408,95.46442268389004,110.7970342910102,15.79187796604008,0.0056028578211613,0.1675005745428279,,,True,True,54.393309469235255,92669.0,-1493020.0,52569984.27697754,,,15.79187796604008,97.196261682243,85.18518518518519,91.19072343371408,99.06976744186046,99.05913978494624,True,61.00231202579048,,Neutral,49.11384365625108,85.89161118508655,77.5027962716378,,,16.27906976744186,28.8,76.43610763332518,71.42857142857143,69.40564132225538,85.71428571428571,GREEN,Small,2500000.0,GREEN,79.43610763332518,72.40564132225538,Hold,Hold,High,High,ttm(Mar 2026),ttm(Mar 2026),Mar 2026,False,False,Hold,,110.7506950880445,95.46442268389004,March-to-March,<1y,29.379310344827587,9.0,5,stage_3y<-1y,91.19072343371408,99.05523255813954,61.00231202579048,49.11384365625108,85.89161118508655,,16.27906976744186,0,-0.0,3,GREEN,73.78,70.85,72.61,,,20.0,10.0,0.0,10.0,Hold,82.61,Hold,,,<1y,,,,8.1,-136.6,4.0
UJJIVANSFB,Financial Services,NotCyclical,12738.000533160042,0.1808959327051317,,0.5481220657276995,,,9.080893925086553,18.38095315030309,0.1430064957497123,0.1368676604089418,0.3803113479778974,0.511115316000988,True,True,66.12101124432625,212263012.0,274840256.0,661731177.811552,1.158333333333333,-1.2799999999999998,18.38095315030309,76.47058823529412,,76.47058823529412,,37.096774193548384,False,73.51574456999577,83.15628528581489,Neutral,68.52343606565002,47.73288948069241,28.95792276964048,83.69747899159664,5.2100840336134455,91.51846785225716,96.93333333333334,75.79291190877323,85.71428571428571,57.17858543985962,100.0,N/A-financial-sector,Mid,10000000.0,GREEN,78.79291190877323,60.17858543985962,Hold,Hold,High,High,ttm(Mar 2026),ttm(Mar 2026),Mar 2026,False,False,Hold,,-122.60869565217392,,March-to-March,full,,,6,growth_3y<-1y,76.47058823529412,1.0767160161507403,73.51574456999577,83.15628528581489,47.73288948069241,83.69747899159664,91.51846785225716,1,-1.0,0,N/A-financial-sector,58.36,49.69,54.89,,,18.0,5.0,0.0,5.0,Hold,59.89,Hold,,,Y,,,,,,
MAHABANK,Financial Services,NotCyclical,61160.231908999,0.1935383787334854,,1.060466516177577,,,15.826539595054934,8.111224271813217,0.0683351591944445,0.2594784127417391,0.4643267132863988,0.3361194287095979,False,True,38.702535955848354,123646260.0,731471430.0,1166602414.8445473,0.3149999999999999,1.085,8.111224271813217,78.15126050420169,,78.15126050420169,,60.08064516129033,False,79.89771672965084,83.67885697700021,Neutral,32.38061876437843,47.73288948069241,28.95792276964048,58.82352941176471,80.16806722689076,97.40082079343364,95.06666666666666,75.56820071611462,85.71428571428571,60.2465828335268,100.0,N/A-financial-sector,Large,50000000.0,GREEN,78.56820071611462,63.2465828335268,Hold,Hold,High,High,ttm(Jun 2026),ttm(Jun 2026),Jun 2026,False,False,Hold,,82.07031250000001,48.337275637906686,March-to-March,full,,,7,,78.15126050420169,93.75,79.89771672965084,83.67885697700021,47.73288948069241,58.82352941176471,97.40082079343364,0,-0.0,3,N/A-financial-sector,82.57,69.97,77.53,,,13.0,0.0,0.0,0.0,Hold,77.53,Hold,,,,,,,,,
EMMVEE,Capital Goods,Cyclical,25307.85573649193,0.2028487358568484,0.1867040618919392,0.0974553329723876,11.187096774193549,101.41924683267592,84.0924092409241,19.249210015991338,0.3987901630556323,0.7226989954222913,,,True,,64.90736827803107,84536438.0,,965334988.593277,,,19.249210015991338,78.50467289719626,54.629629629629626,66.56715126341294,99.06976744186046,97.71505376344086,True,67.38206497552292,,Neutral,91.1156123785461,85.89161118508655,77.5027962716378,,,,92.13333333333334,78.85873884186076,57.14285714285714,81.17061096748769,85.71428571428571,GREEN,Mid,10000000.0,GREEN,77.85873884186076,80.17061096748769,Hold,Hold,Med,High,ttm(Jun 2026),ttm(Jun 2026),Jun 2026,False,False,Hold,,116.18150684931506,101.41924683267591,March-to-March,<1y,94.53333333333333,6.0,4,"stage_3y<-1y,accumulation_3y<-1y",66.56715126341294,99.05523255813954,67.38206497552292,91.1156123785461,85.89161118508655,,92.13333333333334,0,-0.0,3,GREEN,81.79,81.86,81.82,,,22.0,10.0,0.0,10.0,Hold,91.82,Hold,,,<1y,,,,4.0,173.2,29.0
NATIONALUM,Metals & Mining,Cyclical,65106.04311673512,0.1684311753023669,0.2499220945088769,0.0027773920288848,79.28,7.765539794311893,6.290581997974631,11.227431492145431,-0.1650869650010052,0.0091672588786397,0.9549297704358948,0.8845852729460875,False,True,46.31743249239637,-101290050.0,556590437.0,3336881094.184952,0.7266666666666662,0.9499999999999992,11.227431492145431,66.66666666666666,87.5,77.08333333333333,33.48837209302326,27.41935483870968,False,72.98295162781145,95.96206110427931,Neutral,10.968256750760364,94.9462050599201,6.26444740346205,75.46218487394958,77.64705882352942,96.85362517099864,1.0666666666666669,74.57712951182228,100.0,38.39692839732229,100.0,GREEN,Large,50000000.0,GREEN,77.57712951182228,41.39692839732229,Hold,Hold,High,High,ttm(Mar 2026),ttm(Mar 2026),Mar 2026,False,False,Hold,,6.284250655229928,7.765539794311893,March-to-March,full,,,7,,77.08333333333333,33.43023255813954,72.98295162781145,95.96206110427931,94.9462050599201,75.46218487394958,96.85362517099864,0,-0.0,3,GREEN,77.57,41.65,63.2,,,5.0,-5.0,0.0,-5.0,Hold,58.2,Hold,,,,,,,8.6,-51.8,309.0
SANDUMA,Metals & Mining,Cyclical,9687.844737947296,0.1704832081532901,0.2232213829089935,0.3070067609096497,5.702830188679245,33.76051970645844,62.26475279106858,14.72316829475273,-0.0678569556631316,-0.1272814792027697,0.259816496064259,0.0261326902492502,False,False,37.2432279621984,-6308176.0,169523811.0,229997708.719635,-0.0333333333333333,-0.07,14.72316829475273,70.83333333333334,79.16666666666666,75.0,87.90697674418605,95.02688172043013,True,85.59412550066756,32.81772035330649,Neutral,16.792343870446825,94.9462050599201,6.26444740346205,26.05042016806723,28.067226890756302,87.55129958960327,10.533333333333331,73.87725910217358,100.0,47.8711662173754,100.0,GREEN,Small,2500000.0,GREEN,76.87725910217358,50.8711662173754,Hold,Hold,High,High,ttm(Mar 2026),ttm(Mar 2026),Mar 2026,False,False,Hold,,62.296650717703336,33.76051970645844,March-to-March,full,,,7,,75.0,87.79069767441861,85.59412550066756,32.81772035330649,94.9462050599201,26.05042016806723,87.55129958960327,0,-0.0,3,GREEN,76.86,50.83,66.45,,,12.0,0.0,0.0,0.0,Hold,66.45,Hold,,,,,,,5.1,-60.2,-38.0
BANCOINDIA,Automobile and Auto Components,Cyclical,9462.541742392788,0.1955650014504941,0.2458165642651523,0.3643916913946587,29.608695652173918,18.657939003056924,21.25739184562714,19.631829341063877,0.0580046392382358,0.0436629114869768,0.0334351749892893,1.0711125037782685,True,True,48.67501589471598,4041661.0,30922133.0,100343148.46121216,0.2933333333333333,0.0899999999999999,19.631829341063877,78.26086956521739,73.91304347826086,76.08695652173913,68.06201550387597,72.31182795698925,False,78.0358997181427,60.72392921397298,Neutral,51.67138729941729,100.0,53.26844207723036,57.98319327731093,42.6890756302521,61.83310533515732,53.6,73.78636123286802,100.0,62.62186050810626,100.0,GREEN,Small,2500000.0,GREEN,76.78636123286802,65.62186050810627,Hold,Hold,High,High,ttm(Mar 2026),ttm(Mar 2026),Mar 2026,False,False,Hold,,21.25739184562714,18.657939003056924,March-to-March,full,,,7,,76.08695652173913,67.15116279069767,78.0358997181427,60.72392921397298,100.0,57.98319327731093,61.83310533515732,0,-0.0,3,GREEN,76.62,65.73,72.27,,,15.0,5.0,0.0,5.0,Hold,77.27,Hold,,,,Y,,Y,18.6,-59.9,77.0
SUZLON,Capital Goods,Cyclical,70549.83427514334,0.8672025504482223,0.1480785050509902,0.0587489433643279,6.541125541125541,40.98305859156086,53.64554637281911,22.30472155394984,-0.0100952148437499,0.0673650171802406,-0.2116201052143533,-0.0585144836520529,False,True,34.29409366897889,394735946.0,762667917.0,4034030956.549282,0.2666666666666669,3.750000000000001,22.30472155394984,99.53271028037383,30.55555555555556,65.0441329179647,91.6279069767442,93.41397849462363,False,77.18958611481975,29.197696613676367,Pulled back,22.59638428389576,85.89161118508655,77.5027962716378,56.30252100840336,95.96638655462183,97.67441860465117,99.06666666666666,72.82050980384142,100.0,67.30438084887824,100.0,GREEN,Large,50000000.0,GREEN,75.82050980384142,70.30438084887824,Hold,Hold,High,High,ttm(Mar 2026),ttm(Mar 2026),Mar 2026,False,False,Hold,,53.64554637281911,40.98305859156086,March-to-March,full,,,7,,65.0441329179647,91.42441860465115,77.18958611481975,29.197696613676367,85.89161118508655,56.30252100840336,97.67441860465117,0,-0.0,3,GREEN,75.78,70.3,73.59,,,22.0,10.0,0.0,10.0,Hold,83.59,Hold,,,,,,,7.4,159.6,83.0
WAAREEENER,Capital Goods,Cyclical,85202.95605060019,0.2161438247584954,0.2541032546013632,0.2225377476104723,21.103571428571428,57.81970920194526,83.72334533370258,21.930110404680963,-0.1888166089791072,0.088576941856971,-0.0900396114133303,,False,False,38.3607843710826,-389665.0,18285004.0,2326572533.4698486,,,21.930110404680963,82.2429906542056,81.48148148148148,81.86223606784354,95.34883720930232,97.58064516129032,True,73.82296395193592,17.563338605868875,Neutral,11.261540610510789,85.89161118508655,77.5027962716378,,,53.48837209302325,23.73333333333333,72.32122152291323,85.71428571428571,60.25896776043247,85.71428571428571,GREEN,Large,50000000.0,GREEN,75.32122152291323,63.25896776043247,Hold,Hold,High,High,ttm(Mar 2026),ttm(Mar 2026),Mar 2026,False,False,Hold,,83.72334533370258,57.81970920194526,March-to-March,1-2y,,,6,,81.86223606784354,95.49418604651163,73.82296395193592,17.563338605868875,85.89161118508655,,53.48837209302325,0,-0.0,3,GREEN,73.34,62.46,68.99,,,18.0,5.0,0.0,5.0,Hold,73.99,Hold,,,Y,,,,8.2,908.1,15.0
PFC,Financial Services,NotCyclical,171937.74946146915,0.2563799125394744,,7.620769074446225,,,8.396086458470254,5.113390318556704,-0.1512107414128854,0.1054648715766695,-0.0337821188260831,-0.2106702244044422,False,True,35.016604235957274,-36712969.0,106409695.0,2424763002.889099,0.7283333333333332,-0.2049999999999983,5.113390318556704,88.23529411764706,,88.23529411764706,,34.946236559139784,False,77.07270711230794,38.23046279882829,Neutral,12.933784939122363,47.73288948069241,28.95792276964048,75.63025210084034,21.932773109243698,80.57455540355677,3.2,71.6938500125229,85.71428571428571,43.46142549036546,100.0,N/A-financial-sector,Large,50000000.0,GREEN,74.6938500125229,46.46142549036546,Hold,Hold,High,High,ttm(Mar 2026),ttm(Mar 2026),Mar 2026,False,False,Hold,,10.996554671916691,17.369727897832732,March-to-March,full,,,7,,88.23529411764706,63.662790697674424,77.07270711230794,38.23046279882829,47.73288948069241,75.63025210084034,80.57455540355677,0,-0.0,3,N/A-financial-sector,72.93,48.12,63.0,,,9.0,-5.0,0.0,-5.0,Hold,58.0,Hold,,,,,,,,,
SHRIPISTON,Automobile and Auto Components,Cyclical,18767.9846095058,0.1550398760140114,0.2173394771124871,0.6783867631851086,14.129032258064516,19.56052069321579,25.61284868977176,33.433194130447774,0.1232400397416335,0.3541847108299805,0.726343803004613,1.1374882501257453,True,True,61.97882681939309,1260771.0,9167489.0,169996128.42114258,,,33.433194130447774,60.86956521739131,60.86956521739131,60.86956521739131,71.47286821705427,80.10752688172043,False,60.57445014405172,93.95386427035108,Neutral,73.19656176250514,100.0,53.26844207723036,,,42.13406292749658,39.2,71.63457285175046,85.71428571428571,64.45224345282996,85.71428571428571,GREEN,Mid,10000000.0,GREEN,74.63457285175046,67.45224345282996,Hold,Hold,High,High,ttm(Mar 2026),ttm(Mar 2026),Mar 2026,False,False,Hold,,25.605633802816907,19.56052069321579,March-to-March,full,,,6,,60.86956521739131,70.63953488372093,60.57445014405172,93.95386427035108,100.0,,42.13406292749658,0,-0.0,3,GREEN,72.54,66.27,70.03,,,16.0,5.0,0.0,5.0,Hold,75.03,Hold,,,Y,,,,11.3,-33.4,-26.0
WEBELSOLAR,Capital Goods,Cyclical,4311.889764299365,0.5192531688934566,0.5753694461128507,0.2079365079365079,26.8125,,82.43478260869566,14.936842380609727,0.1216125177209406,0.1621621669872435,-0.230238631438854,0.759298679449889,False,True,44.359677259148086,8716886.0,308308445.0,255945800.0934868,-0.325,-1.6949999999999998,14.936842380609727,98.13084112149532,100.0,99.06542056074768,,97.4462365591398,False,73.05496759907518,42.02996339181778,Neutral,33.76046084551377,85.89161118508655,77.5027962716378,11.428571428571429,3.193277310924369,92.88645690834473,65.60000000000001,71.58686347671906,85.71428571428571,65.43049603186783,100.0,GREEN,Small,2500000.0,GREEN,74.58686347671906,68.43049603186783,Hold,Hold,High,High,annual,ttm(Mar 2026),Mar 2026,False,False,Hold,,82.43478260869566,,March-to-March,full,,,6,growth_3y<-1y,99.06542056074768,97.57738896366084,73.05496759907518,42.02996339181778,85.89161118508655,11.428571428571429,92.88645690834473,0,-0.0,3,GREEN,79.27,68.45,74.94,,,15.0,5.0,0.0,5.0,Hold,79.94,Hold,,,Y,,,,2.5,-32.6,7.0
TMCV,Capital Goods,Cyclical,151886.56901733842,0.2379456572954295,0.4151179900812033,0.4409455002355897,8.715102974828376,,,50.12758053377506,-0.0483417304117896,-0.0163693022865943,,,True,,49.34479551617313,41335824.0,,3008295055.770767,,,50.12758053377506,86.91588785046729,98.14814814814817,92.53201799930773,,,False,51.57703604806409,,Neutral,30.176631559493803,85.89161118508655,77.5027962716378,,,,86.13333333333333,74.55050259600183,42.85714285714285,59.876442324926266,71.42857142857143,GREEN,Large,50000000.0,GREEN,74.55050259600183,59.876442324926266,Hold,Hold,Med,High,annual,annual,Mar 2026,False,False,Hold,,,,engine TTM (no FY pair),<1y,32.4,6.0,3,"stage_3y<-1y,accumulation_3y<-1y",92.53201799930773,,51.57703604806409,30.176631559493803,85.89161118508655,,86.13333333333333,0,-0.0,0,GREEN,63.52,57.7,61.2,,,13.0,0.0,0.0,0.0,Hold,61.2,Hold,,,<1y,,,,,,
WAAREERTL,Capital Goods,Cyclical,10473.68800887463,0.2650785472026671,0.3875183150402313,0.1563169164882226,49.30769230769231,111.71705229396544,108.57858484658736,21.856209416275192,-0.0759877891454223,-0.0031300874003322,0.0187874477207892,,True,True,51.865977149425696,2014106.0,10333580.0,197075723.0,,,21.856209416275192,90.65420560747664,97.2222222222222,93.93821391484944,99.06976744186046,99.05913978494624,False,52.8994757237292,50.27339914912185,Neutral,26.88086260251775,85.89161118508655,77.5027962716378,,,43.63885088919289,44.266666666666666,74.06490997926713,85.71428571428571,63.19099746399954,85.71428571428571,GREEN,Small,2500000.0,GREEN,74.06490997926713,63.19099746399954,Hold,Hold,High,High,ttm(Mar 2026),ttm(Mar 2026),Mar 2026,False,False,Hold,,108.44806007509389,111.71705229396545,March-to-March,1-2y,,,6,,93.93821391484944,99.05523255813954,52.8994757237292,50.27339914912185,85.89161118508655,,43.63885088919289,0,-0.0,0,GREEN,71.9,62.14,67.99,,,22.0,10.0,0.0,10.0,Hold,77.99,Hold,,,Y,,,,3.1,-7.3,9.0
GOKULAGRO,Fast Moving Consumer Goods,NotCyclical,6247.653228711016,0.2180840401706864,0.278709517886056,0.4139142656359803,3.885057471264368,30.87781337477957,23.15089514066495,16.93130956290248,0.0287793864981971,0.3004907713345954,0.3673923823476201,1.4111925555368976,False,True,44.5303220171353,-2834246.0,48998647.0,96087314.70590971,-0.0316666666666666,0.0049999999999999,16.93130956290248,69.76744186046511,75.0,72.38372093023256,86.04651162790698,76.61290322580645,False,66.22607921673341,88.14373456785397,Neutral,32.791412242730914,58.78482023968043,8.718242343541945,26.38655462184874,34.03361344537815,67.9890560875513,15.733333333333333,70.2995416581107,100.0,50.14978944798134,100.0,GREEN,Small,2500000.0,GREEN,73.2995416581107,53.14978944798134,Hold,Hold,High,High,ttm(Mar 2026),ttm(Mar 2026),Mar 2026,False,False,Hold,,23.14971101222443,30.87781337477957,March-to-March,full,,,7,,72.38372093023256,85.90116279069767,66.22607921673341,88.14373456785397,58.78482023968043,26.38655462184874,67.9890560875513,0,-0.0,3,GREEN,73.27,53.17,65.23,,,13.0,0.0,0.0,0.0,Hold,65.23,Hold,,,,,,,8.2,25.8,6.0
J&KBANK,Financial Services,NotCyclical,19572.69201665853,0.1385389715391331,,0.2079393939393939,,,4.85607208356591,8.297385421453738,0.3543397204442782,0.7695140522444881,0.6681498690853909,0.7412273309166133,True,True,61.04726121700433,69348086.0,293166237.0,524678552.48737335,1.715,3.685000000000001,8.297385421453738,54.6218487394958,,54.6218487394958,,23.387096774193548,False,81.08974567716305,92.56052656280988,Neutral,94.16653191319396,47.73288948069241,28.95792276964048,89.74789915966387,95.63025210084034,92.47606019151848,90.53333333333332,73.22076044466156,85.71428571428571,64.58294866763408,100.0,N/A-financial-sector,Mid,10000000.0,GREEN,73.22076044466156,64.58294866763408,Hold,Hold,High,High,ttm(Mar 2026),ttm(Mar 2026),Mar 2026,False,False,Hold,,2.704081632653055,19.5545644136617,March-to-March,full,,,7,,54.6218487394958,70.49418604651163,81.08974567716305,92.56052656280988,47.73288948069241,89.74789915966387,92.47606019151848,1,-1.0,0,N/A-financial-sector,71.62,62.74,68.07,,,11.0,0.0,0.0,0.0,Hold,68.07,Hold,,,,,,,,,
WELCORP,Capital Goods,Cyclical,44612.91905151268,0.1470025845436589,0.1655968227575624,0.2572083879423329,10.547169811320757,19.78177642630552,19.97424524252396,27.52083673802909,0.5693043852568298,1.2810742471600514,0.8647629549957359,1.7754365122676106,True,True,74.41619528428532,21251058.0,55113638.0,1023687430.1986084,0.7183333333333332,1.125,27.52083673802909,51.4018691588785,39.81481481481482,45.60834198684665,71.78294573643412,70.83333333333334,False,77.71989319092123,94.8238334470814,Extended,94.27504713823812,85.89161118508655,77.5027962716378,75.12605042016807,81.00840336134453,69.35704514363886,78.0,73.16520308915213,100.0,76.475745236647,100.0,GREEN,Large,50000000.0,GREEN,73.16520308915213,76.475745236647,Hold,Hold,High,High,ttm(Mar 2026),ttm(Mar 2026),Mar 2026,False,False,Hold,,19.974245242523956,19.78177642630552,March-to-March,full,,,7,,45.60834198684665,70.93023255813954,77.71989319092123,94.8238334470814,85.89161118508655,75.12605042016807,69.35704514363886,0,-0.0,0,GREEN,73.01,76.53,74.42,,,16.0,5.0,0.0,5.0,Hold,79.42,Hold,,,,,,,22.3,215.6,-770.0
SONACOMS,Automobile and Auto Components,Cyclical,41774.40382472744,0.277423468634994,0.2683495308484486,0.073875981948855,47.0,18.77707517080836,25.49351381838692,66.28516240679559,0.1887717557795727,0.5044595685491715,0.5377686913834172,0.025287553354103,True,True,74.40007986631184,24929190.0,92031986.0,1018253855.859314,5.94,2.4399999999999995,66.28516240679559,93.47826086956522,78.26086956521739,85.86956521739131,68.21705426356588,79.83870967741935,False,30.40609701824655,77.05320779724887,Extended,82.85999201336881,100.0,53.26844207723036,99.07563025210084,90.08403361344538,78.24897400820794,80.26666666666667,72.54398145941964,100.0,68.60572175671467,100.0,GREEN,Large,50000000.0,GREEN,72.54398145941964,68.60572175671467,Hold,Hold,High,High,ttm(Mar 2026),ttm(Mar 2026),Mar 2026,False,False,Hold,,25.465313028764804,18.777075170808356,March-to-March,full,,,7,,85.86956521739131,67.29651162790698,30.40609701824655,77.05320779724887,100.0,99.07563025210084,78.24897400820794,0,-0.0,0,GREEN,72.38,68.6,70.87,,,24.0,10.0,0.0,10.0,Hold,80.87,Hold,,,,,,,8.6,-132.2,-44.0
UTLSOLAR,Capital Goods,Cyclical,11171.157919892372,0.2840119140190242,0.2095823242781283,0.4081632653061224,11.136363636363637,58.72018049406304,72.29072031148604,35.3242975698436,0.3928012805758212,0.6790134395717065,,,True,,59.54054979174182,4488559.0,,110963960.27998352,,,35.3242975698436,92.5233644859813,69.44444444444444,80.98390446521287,95.50387596899223,96.37096774193547,False,35.37415741313622,,Neutral,91.04356406844484,85.89161118508655,77.5027962716378,,,,55.333333333333336,72.14253394482766,57.14285714285714,74.5308059391871,85.71428571428571,GREEN,Small,2500000.0,GREEN,72.14253394482766,74.5308059391871,Hold,Hold,Med,High,annual,ttm(Mar 2026),Mar 2026,False,False,Hold,,72.29072031148604,58.720180494063044,March-to-March,<1y,94.26666666666667,6.0,4,"stage_3y<-1y,accumulation_3y<-1y",80.98390446521287,95.63953488372093,35.37415741313622,91.04356406844484,85.89161118508655,,55.333333333333336,0,-0.0,0,GREEN,71.1,72.57,71.69,,,18.0,5.0,0.0,5.0,Hold,76.69,Hold,,,<1y,,,,1.5,61.0,-3.0
ABB,Capital Goods,Cyclical,,,,,,,15.00219587176108,54.5729537366548,0.075560114499634,0.5503140950273084,0.3399779961888847,-0.0921016922145273,True,True,69.65252228939244,6771738.0,15319637.0,2135959470.0,0.9416666666666664,0.06,54.5729537366548,,,,,56.85483870967742,False,,63.9446237664412,Neutral,65.31411285042584,85.89161118508655,77.5027962716378,79.66386554621849,40.08403361344538,51.57318741450069,62.0,72.07856583768553,57.14285714285714,63.19736506864884,71.42857142857143,GREEN,,,GREEN,72.07856583768553,63.19736506864884,Hold,Hold,Med,High,ttm(Mar 2026),ttm(Mar 2026),Mar 2026,False,True,Hold,,15.00219587176108,,engine TTM (no FY pair),full,,,4,growth_3y<-1y,,57.335127860026915,,63.9446237664412,85.89161118508655,79.66386554621849,51.57318741450069,0,-0.0,0,GREEN,60.81,58.91,60.05,,,12.0,0.0,0.0,0.0,Hold,60.05,Hold,,,Y,,,,,,
BSE,Financial Services,NotCyclical,149479.61180884033,0.2453965698054728,0.304445010975731,0.0,58.625,73.53548921137967,59.537953795379536,60.04562489815872,0.0645426819355574,0.3046286269840281,0.5582252715039591,3.6711970736314017,False,True,37.684610168663966,-17255293.0,112780731.0,13507801633.018188,,,60.04562489815872,86.5546218487395,75.0,80.77731092436974,97.51937984496124,94.35483870967742,False,23.011133488719423,95.57851331866136,Neutral,32.76689251848714,47.73288948069241,28.95792276964048,,,80.98495212038304,6.266666666666667,71.93784812572716,85.71428571428571,51.13959947697079,85.71428571428571,N/A-financial-sector,Large,50000000.0,GREEN,71.93784812572716,51.13959947697079,Hold,Hold,High,High,ttm(Mar 2026),ttm(Mar 2026),Mar 2026,False,False,Hold,,50.49813200498132,73.53548921137967,March-to-March,full,,,6,,80.77731092436974,97.96511627906976,23.011133488719423,95.57851331866136,47.73288948069241,,80.98495212038304,1,-1.0,0,N/A-financial-sector,69.06,49.78,61.35,,,16.0,5.0,0.0,5.0,Hold,66.35,Hold,,,Y,,,,11.8,255.7,370.0
CANBK,Financial Services,NotCyclical,125976.69188213832,0.161951712470537,,1.3192982456140352,,,3.922632851433372,6.390863021618219,-0.0888807996045882,-0.1379215140182346,0.162018968228903,0.1725381212477474,False,False,46.24142992313452,57710830.0,272806604.0,3088468539.0961914,0.5016666666666666,-0.0249999999999994,6.390863021618219,68.90756302521008,,68.90756302521008,,21.102150537634408,False,91.90842026657012,33.17119809638782,Neutral,6.931045253783886,47.73288948069241,28.95792276964048,67.22689075630252,30.92436974789916,91.38166894664845,88.4,68.8435906044167,85.71428571428571,43.269632807078,100.0,N/A-financial-sector,Large,50000000.0,GREEN,71.8435906044167,46.269632807078,Hold,Hold,High,High,ttm(Mar 2026),ttm(Mar 2026),Mar 2026,False,False,Hold,,3.922632851433372,,engine TTM (no FY pair),full,,,6,growth_3y<-1y,68.90756302521008,23.283983849259755,91.90842026657012,33.17119809638782,47.73288948069241,67.22689075630252,91.38166894664845,0,-0.0,3,N/A-financial-sector,61.82,46.66,55.76,,,8.0,-5.0,0.0,-5.0,Hold,50.76,Hold,,,Y,,,,,,
QPOWER,Capital Goods,Cyclical,14070.478911360282,0.3501886829790215,0.2274781007314876,0.07380073800738,25.142857142857142,55.26604332796297,182.1428571428572,75.64773608258217,-0.0719122924924153,0.7781444251141278,0.5276477618336184,,True,True,49.69481998642998,523642.0,44696884.0,274868289.4699707,,,75.64773608258217,94.39252336448598,75.0,84.69626168224299,94.88372093023256,99.05913978494624,True,23.552514463729416,86.76775389985818,Neutral,46.06226403310303,85.89161118508655,77.5027962716378,,,66.34746922024624,33.2,71.44525107598194,85.71428571428571,60.12622252708898,85.71428571428571,GREEN,Mid,10000000.0,GREEN,71.44525107598194,60.12622252708898,Hold,Hold,High,High,ttm(Mar 2026),ttm(Mar 2026),Mar 2026,False,False,Hold,,181.00890207715133,55.26604332796297,March-to-March,1-2y,,,6,,84.69626168224299,95.05813953488372,23.552514463729416,86.76775389985818,85.89161118508655,,66.34746922024624,0,-0.0,0,GREEN,69.55,59.32,65.45,,,20.0,10.0,0.0,10.0,Hold,75.45,Hold,,,Y,,Y,,27.8,-6.7,6.0
ZYDUSLIFE,Healthcare,NotCyclical,118039.20393487035,0.1759677124943025,0.2352515769771686,0.4609029212156978,19.30523917995444,16.347945718824477,16.805782634885126,23.031936615051148,0.232140976416511,0.2811146983184804,0.1914233892087045,0.0105625999377589,True,True,63.17199126394839,4945142.0,28465892.0,1280038119.293335,0.4166666666666666,0.4649999999999998,23.031936615051148,68.57142857142857,77.14285714285715,72.85714285714286,62.01550387596899,63.03763440860215,False,82.28891855807743,59.51495156329264,Neutral,75.97356769676634,66.50785619174435,90.47589880159788,63.69747899159663,63.949579831932766,59.91792065663475,56.66666666666666,68.27111754130362,100.0,73.7314274640179,100.0,GREEN,Large,50000000.0,GREEN,71.27111754130362,76.7314274640179,Hold,Hold,High,High,ttm(Mar 2026),ttm(Mar 2026),Mar 2026,False,False,Hold,,16.805782634885126,16.347945718824477,March-to-March,full,,,7,,72.85714285714286,60.90116279069767,82.28891855807743,59.51495156329264,66.50785619174435,63.69747899159663,59.91792065663475,0,-0.0,3,GREEN,71.03,76.65,73.28,,,12.0,0.0,0.0,0.0,Hold,73.28,Hold,,,,,,,-0.1,230.8,-57.0
TRITURBINE,Capital Goods,Cyclical,19851.754932750355,0.2508558560532368,0.2955012042701611,0.0248962655601659,149.66666666666666,20.451910675517816,8.778054862842888,56.830155513808464,0.0859076691275988,0.2244552820746681,-0.0199692094550528,0.0076652184251082,False,True,44.42116810646371,13835865.0,140144540.0,479099411.3571167,1.785,-0.0849999999999999,56.830155513808464,88.78504672897196,91.66666666666666,90.22585669781932,72.71317829457364,35.88709677419355,False,44.13217623497998,45.83271389286267,Neutral,32.39280382427427,85.89161118508655,77.5027962716378,90.4201680672269,27.39495798319328,84.81532147742818,71.2,71.04457538527683,100.0,51.96724393067134,100.0,GREEN,Mid,10000000.0,GREEN,71.04457538527683,51.96724393067134,Hold,Hold,High,High,ttm(Mar 2026),ttm(Mar 2026),Mar 2026,False,False,Hold,,8.723828514456633,20.451910675517816,March-to-March,full,,,7,,90.22585669781932,71.80232558139535,44.13217623497998,45.83271389286267,85.89161118508655,90.4201680672269,84.81532147742818,0,-0.0,0,GREEN,70.88,52.14,63.39,,,15.0,5.0,0.0,5.0,Hold,68.39,Hold,,,,,,,12.9,-28.3,-20.0
UNIONBANK,Financial Services,NotCyclical,128848.76947009494,0.1383072505349123,,0.5825296513717503,,,-1.3336403407782638,6.239186849259184,-0.0820809905764116,0.045507437127827,0.2497482822687102,0.3838710276775807,True,True,54.03786026494004,1731217.0,284776073.0,2172269609.4847946,1.225,2.825,6.239186849259184,53.78151260504202,,53.78151260504202,,9.946236559139784,False,90.44975221198888,74.74125309325053,Neutral,26.386296618134093,47.73288948069241,28.95792276964048,84.70588235294117,92.2689075630252,92.20246238030096,42.13333333333333,72.01016358080297,85.71428571428571,45.22316932806135,100.0,N/A-financial-sector,Large,50000000.0,GREEN,71.01016358080297,44.22316932806135,Hold,Hold,High,High,ttm(Jun 2026),ttm(Jun 2026),Jun 2026,False,False,Hold,,31.975560081466405,,March-to-March,full,,,6,growth_3y<-1y,53.78151260504202,85.46433378196501,90.44975221198888,74.74125309325053,47.73288948069241,84.70588235294117,92.20246238030096,0,-0.0,0,N/A-financial-sector,74.97,58.82,68.51,,,9.0,-5.0,0.0,-5.0,Hold,63.51,Hold,,,Y,,,,,,
OSWALPUMPS,Capital Goods,Cyclical,4596.061799454711,0.4391730202590986,0.4188797241781808,0.1408199643493761,14.685714285714283,75.018109266521,44.30468204053111,12.22356861557104,-0.0273593007991508,-0.1153255983328744,-0.4147933284989122,,True,False,46.21502773897527,2717607.0,6114611.0,182395720.09069824,,,12.22356861557104,96.26168224299066,99.07407407407408,97.66787815853236,97.82945736434108,91.26344086021506,True,71.79442508710801,2.027312643176612,Neutral,29.03484643245168,85.89161118508655,77.5027962716378,,,36.25170998632011,46.93333333333333,71.9061423564932,85.71428571428571,67.18130722075247,85.71428571428571,GREEN,Small,2500000.0,GREEN,70.9061423564932,66.18130722075247,Hold,Hold,High,High,ttm(Mar 2026),ttm(Mar 2026),Mar 2026,False,False,Hold,,44.33566433566434,75.018109266521,March-to-March,1-2y,,,6,,97.66787815853236,99.05523255813954,71.79442508710801,2.027312643176612,85.89161118508655,,36.25170998632011,1,-1.0,0,GREEN,69.16,64.79,67.41,,,16.0,5.0,0.0,5.0,Hold,72.41,Hold,,,Y,,,,4.1,-92.2,18.0
BAJAJ-AUTO,Automobile and Auto Components,Cyclical,284189.487786478,0.2237887094055716,0.2178889125453249,0.5849042027194067,11.203592814371255,19.94330772245916,23.355688904577,26.86716596452905,0.0687440833436963,0.0965980494062517,0.2987353558677958,0.1272928215885331,True,True,58.89150715366123,-886189.0,5298377.0,3622581658.5,-0.0433333333333335,0.1299999999999999,26.86716596452905,86.95652173913044,63.04347826086957,75.0,71.93798449612403,77.15053763440861,False,65.98687138406765,71.01097729882369,Neutral,57.11640484018944,100.0,53.26844207723036,25.210084033613445,45.63025210084034,34.74692202462381,21.46666666666667,67.8760588008105,100.0,60.79322222719295,100.0,GREEN,Large,50000000.0,GREEN,70.8760588008105,63.79322222719295,Hold,Hold,High,High,ttm(Mar 2026),ttm(Mar 2026),Mar 2026,False,False,Hold,,23.355230904990677,19.94330772245916,March-to-March,full,,,7,,75.0,71.07558139534885,65.98687138406765,71.01097729882369,100.0,25.210084033613445,34.74692202462381,0,-0.0,3,GREEN,70.72,63.81,67.96,,,13.0,0.0,-6.0,-6.0,Sell,61.96,Hold,analyst view,Analyst Sell OVERRULED (score > 50),,,,,19.1,1310.4,1196.0
POLYCAB,Capital Goods,Cyclical,140602.99752084742,0.1967956493893072,0.2778937483919246,0.019651927720876,16.51440329218107,26.97862747858697,32.058773712737135,48.4388141295206,0.1293192197154058,0.2255093842867841,0.3807655422017482,0.4287412255260672,False,True,43.6807106475135,1638130.0,4403842.0,2943112953.0,0.9266666666666667,0.6850000000000005,48.4388141295206,76.63551401869158,87.96296296296296,82.29923849082726,81.70542635658916,85.75268817204301,False,48.210680907877176,78.37251331790198,Neutral,35.65256385588357,85.89161118508655,77.5027962716378,79.15966386554622,72.60504201680672,32.0109439124487,41.06666666666667,70.75985508814458,100.0,61.50609852885047,100.0,GREEN,Large,50000000.0,GREEN,70.75985508814458,61.50609852885047,Hold,Hold,High,High,ttm(Jun 2026),ttm(Jun 2026),Jun 2026,False,False,Hold,,28.900392716886824,26.97862747858697,March-to-March,full,,,7,,82.29923849082726,81.68604651162791,48.210680907877176,78.37251331790198,85.89161118508655,79.15966386554622,32.0109439124487,0,-0.0,0,GREEN,70.76,61.13,66.9,,,16.0,5.0,0.0,5.0,Hold,71.9,Hold,,,,,,,6.3,192.4,25.0
JAMNAAUTO,Automobile and Auto Components,Cyclical,5356.562234951138,0.1896428554570101,0.2912226888131208,0.010462074978204,30.46153846153846,3.956122399638162,15.06607929515418,23.148531740811205,0.0628023006154454,0.0038196112231636,0.4472077811026129,0.1066301569092682,True,True,54.22437752581845,34958226.0,152884373.0,198607473.3004456,-0.1716666666666668,-1.6500000000000008,23.148531740811205,71.73913043478261,89.13043478260869,80.43478260869566,22.170542635658915,57.52688172043011,False,83.28882955051179,76.38235776923874,Neutral,50.14978446964039,100.0,53.26844207723036,17.394957983193276,3.361344537815126,85.77291381668947,83.73333333333333,67.5528750057225,100.0,60.15398385543728,100.0,GREEN,Small,2500000.0,GREEN,70.5528750057225,63.15398385543728,Hold,Hold,High,High,ttm(Mar 2026),ttm(Mar 2026),Mar 2026,False,False,Hold,,15.066079295154179,3.9561223996381623,March-to-March,full,,,7,,80.43478260869566,22.52906976744186,83.28882955051179,76.38235776923874,100.0,17.394957983193276,85.77291381668947,0,-0.0,3,GREEN,70.62,63.16,67.64,,,12.0,0.0,0.0,0.0,Hold,67.64,Hold,,,,,,,-0.6,45.0,-5.0
BLS,Consumer Services,NotCyclical,10330.455635491608,0.28251183251056,0.2880890190124326,0.1749898497766951,35.608695652173914,25.519386842580683,36.69097538742023,14.268585131894485,-0.1863803878753862,-0.1938474769693862,-0.3758382778517773,-0.3491940556130292,False,False,36.85866874013479,-11229839.0,286531933.0,279030125.93266296,1.0616666666666663,0.0549999999999999,14.268585131894485,89.13043478260869,82.6086956521739,85.8695652173913,80.15503875968992,88.5752688172043,False,76.29593080629245,7.8461197600706365,Neutral,3.520896411010676,7.985885486018644,14.776830892143808,82.52100840336134,38.90756302521009,92.33926128590971,8.0,67.51321059878916,100.0,50.413977322093,100.0,GREEN,Small,2500000.0,GREEN,70.51321059878916,53.413977322093,Hold,Hold,High,High,ttm(Mar 2026),ttm(Mar 2026),Mar 2026,False,False,Hold,,36.7077063383493,25.519386842580683,March-to-March,full,,,7,,85.8695652173913,80.08720930232558,76.29593080629245,7.8461197600706365,7.985885486018644,82.52100840336134,92.33926128590971,0,-0.0,3,GREEN,70.5,53.34,63.63,,,18.0,5.0,0.0,5.0,Hold,68.63,Hold,,,,,,,11.9,-68.2,15.0
MCX,Financial Services,NotCyclical,71816.27728839526,0.231478127667886,0.2679696661448461,0.001755617977528,88.0,64.83422863389193,107.0143884892086,53.91612409038682,-0.0152495876908931,0.2278674225904928,0.7558729185976358,2.5850621168311854,False,True,47.864735070517405,-31814110.0,28967038.0,8740641654.940063,1.1483333333333334,1.0449999999999982,53.91612409038682,84.03361344537815,66.66666666666666,75.35014005602241,96.74418604651164,99.05913978494624,True,25.350410717114343,97.30616570008722,Neutral,24.278723921782053,47.73288948069241,28.95792276964048,83.19327731092437,79.49579831932773,60.32831737346102,4.0,70.49062570033028,100.0,51.53237935888942,100.0,N/A-financial-sector,Large,50000000.0,GREEN,70.49062570033028,51.53237935888942,Hold,Hold,High,High,ttm(Mar 2026),ttm(Mar 2026),Mar 2026,False,False,Hold,,106.8283917340521,64.83422863389193,March-to-March,full,,,7,,75.35014005602241,97.09302325581395,25.350410717114343,97.30616570008722,47.73288948069241,83.19327731092437,60.32831737346102,0,-0.0,0,N/A-financial-sector,70.57,51.53,62.95,,,18.0,5.0,0.0,5.0,Hold,67.95,Hold,,,,,,,7.5,266.6,29.0
TIPSMUSIC,Media Entertainment & Publication,NotCyclical,8625.622364260114,0.7253963764993177,0.8989914756258099,0.0192307692307692,3.0,26.21629070246163,20.578778135048225,39.74941181686689,0.1741705055260654,0.3377734116348396,0.0612369959657661,0.5050023565749258,True,True,51.49022711709084,2717975.0,26134301.0,131531642.5,,,39.74941181686689,93.75,100.0,96.875,80.62015503875969,71.7741935483871,False,44.847574543836224,76.38105104750996,Neutral,77.8287550660687,30.089747003994677,42.34007989347536,,,59.097127222982216,47.06666666666667,70.25056104378226,85.71428571428571,68.92670929623358,85.71428571428571,GREEN,Small,2500000.0,GREEN,70.25056104378226,68.92670929623358,Hold,Hold,High,High,ttm(Mar 2026),ttm(Mar 2026),Mar 2026,False,False,Hold,,20.900321543408353,26.21629070246163,March-to-March,full,,,6,,96.875,80.6686046511628,44.847574543836224,76.38105104750996,30.089747003994677,,59.097127222982216,0,-0.0,0,GREEN,68.44,67.55,68.08,,,15.0,5.0,0.0,5.0,Hold,73.08,Hold,,,Y,,,,6.5,25.7,0.0
KIRLPNU,Capital Goods,Cyclical,11210.657174799486,0.1979404691636521,0.2765612959643974,0.0024019215372297,120.0,59.42704177292087,28.192252510760408,44.125254787731365,0.3837853000684781,0.686189263817395,0.2292918783743676,0.3822517850745517,True,True,46.70814014540067,2867352.0,6799539.0,226524271.28015137,2.263333333333333,1.5499999999999994,44.125254787731365,77.57009345794393,87.03703703703704,82.30356524749048,95.81395348837208,82.66129032258065,True,33.9350027679182,71.71717062271745,Neutral,91.9847415410155,85.89161118508655,77.5027962716378,92.77310924369748,85.21008403361344,38.30369357045144,48.13333333333333,71.23226531192518,100.0,73.24298906837593,100.0,GREEN,Small,2500000.0,GREEN,70.23226531192518,72.24298906837593,Hold,Hold,High,High,ttm(Mar 2026),ttm(Mar 2026),Mar 2026,False,False,Hold,,8.96341463414634,59.427041772920866,March-to-March,full,,,7,,82.30356524749048,95.93023255813954,33.9350027679182,71.71717062271745,85.89161118508655,92.77310924369748,38.30369357045144,1,-1.0,0,GREEN,70.25,65.98,68.55,,,13.0,0.0,0.0,0.0,Hold,68.55,Hold,,,,,,,4.1,39.6,-4.0
SBIN,Financial Services,NotCyclical,990358.7651624748,0.1598015268202619,,1.3039113886041829,,,4.982670478278495,11.328133045939524,-0.0524101616443725,0.0207471983219686,0.2981974188775487,0.2506472465438052,True,True,52.3808564771134,80975786.0,217904124.0,12577840408.246763,0.0749999999999998,-0.0049999999999998,11.328133045939524,68.0672268907563,,68.0672268907563,,23.655913978494624,False,73.91437170464575,75.74663746977063,Neutral,30.613337676439254,47.73288948069241,28.95792276964048,38.31932773109244,32.857142857142854,89.60328317373461,92.0,66.92966848249277,85.71428571428571,46.47214769692896,100.0,N/A-financial-sector,Large,50000000.0,GREEN,69.92966848249277,49.47214769692896,Hold,Hold,High,High,ttm(Mar 2026),ttm(Mar 2026),Mar 2026,False,False,Hold,,4.982670478278495,,engine TTM (no FY pair),full,,,6,growth_3y<-1y,68.0672268907563,25.437415881561236,73.91437170464575,75.74663746977063,47.73288948069241,38.31932773109244,89.60328317373461,0,-0.0,3,N/A-financial-sector,60.8,49.79,56.4,,,11.0,0.0,0.0,0.0,Hold,56.4,Hold,,,Y,,,,,,
HEROMOTOCO,Automobile and Auto Components,Cyclical,98588.12378031782,0.2161820016866305,0.2785810680309802,0.0360464578224052,90.5,11.54811279148773,15.85133418043203,17.066202090592334,-0.0727875059157595,-0.1292232797324934,0.201548833212473,-0.0486365417656652,False,False,47.96074218068397,-3577036.0,3760214.0,2599173347.5,0.413333333333334,0.5350000000000001,17.066202090592334,84.78260869565217,84.78260869565217,84.78260869565217,46.2015503875969,60.3494623655914,False,82.79261237205162,30.063276394315395,Neutral,8.140036893042714,100.0,53.26844207723036,63.36134453781512,66.80672268907563,30.91655266757866,14.8,66.74703562224317,100.0,52.61018370107707,100.0,GREEN,Large,50000000.0,GREEN,69.74703562224317,55.61018370107707,Hold,Hold,High,High,ttm(Mar 2026),ttm(Mar 2026),Mar 2026,False,False,Hold,,15.85416513940816,11.54811279148773,March-to-March,full,,,7,,84.78260869565217,45.49418604651162,82.79261237205162,30.063276394315395,100.0,63.36134453781512,30.91655266757866,0,-0.0,3,GREEN,69.62,55.58,64.01,,,9.0,-5.0,0.0,-5.0,Hold,59.01,Hold,,,,,,,17.6,352.2,270.0
SHYAMMETL,Capital Goods,Cyclical,28767.08398539384,0.1630567196416464,0.233504891034408,0.0872168706066128,12.151041666666666,13.59046605445593,22.79282668673188,25.857355864811133,0.221889513141499,0.279906494096982,0.2284573483575904,0.4758069256535797,True,True,70.11405765923934,4515709.0,11903096.0,543566403.6487427,0.3616666666666666,1.1999999999999995,25.857355864811133,64.48598130841121,77.77777777777779,71.1318795430945,52.71317829457365,75.80645161290323,False,68.4968847352025,72.8991134682468,Extended,78.61002280550463,85.89161118508655,77.5027962716378,61.68067226890757,81.84873949579831,46.10123119015048,55.60000000000001,66.68853438668825,100.0,74.18052649797518,100.0,GREEN,Mid,10000000.0,GREEN,69.68853438668825,77.18052649797518,Hold,Hold,High,High,ttm(Jun 2026),ttm(Jun 2026),Jun 2026,False,False,Hold,,22.55251684502577,13.59046605445593,March-to-March,full,,,7,,71.1318795430945,51.889534883720934,68.4968847352025,72.8991134682468,85.89161118508655,61.68067226890757,46.10123119015048,0,-0.0,3,GREEN,69.54,77.19,72.6,,,15.0,5.0,0.0,5.0,Hold,77.6,Hold,,,,,,,14.0,46.2,-27.0
EMCURE,Healthcare,NotCyclical,34789.595037997016,0.1881730644755961,0.2580721942085757,0.3147474747474747,12.95138888888889,15.41970655881284,16.565349544072937,36.970876767265686,0.1041896227671379,0.1625822130499354,0.3925591525972411,,True,True,51.446424352143374,1524178.0,8053834.0,266461313.5,,,36.970876767265686,75.71428571428571,84.28571428571429,80.0,58.91472868217055,62.634408602150536,False,60.13861619414121,82.85468723796747,Neutral,53.27006804991868,66.50785619174435,90.47589880159788,,,40.21887824897401,40.66666666666666,66.48727927293876,85.71428571428571,65.58061955700009,85.71428571428571,GREEN,Mid,10000000.0,GREEN,69.48727927293876,68.58061955700009,Hold,Hold,High,High,ttm(Mar 2026),ttm(Mar 2026),Mar 2026,False,False,Hold,,16.565349544072937,15.419706558812841,March-to-March,1-2y,,,6,,80.0,57.99418604651163,60.13861619414121,82.85468723796747,66.50785619174435,,40.21887824897401,0,-0.0,3,GREEN,67.8,67.28,67.59,,,15.0,5.0,0.0,5.0,Hold,72.59,Hold,,,Y,,,,-1.5,152.7,-81.0
JAINREC,Metals & Mining,Cyclical,11838.316361882837,0.3590529845835625,0.1847127395068375,0.8174247277386291,5.8125,46.03783556492687,48.43677088194121,33.74754300520322,-0.1801694361038872,-0.1698683515132361,,,False,,43.8886299674029,17279460.0,60521953.0,800693104.952301,,,33.74754300520322,95.83333333333334,58.333333333333336,77.08333333333334,93.33333333333331,92.47311827956987,False,24.74966622162884,,Neutral,5.205581447704155,94.9462050599201,6.26444740346205,,,71.27222982216142,74.13333333333333,69.45148987430859,71.42857142857143,37.38984522454948,85.71428571428571,GREEN,Small,2500000.0,GREEN,69.45148987430859,37.38984522454948,Hold,Sell,High,High,ttm(Mar 2026),ttm(Mar 2026),Mar 2026,False,False,Sell,,33.918046589952276,46.037835564926866,March-to-March,<1y,14.000000000000002,6.0,5,stage_3y<-1y,77.08333333333334,93.1686046511628,24.74966622162884,5.205581447704155,94.9462050599201,,71.27222982216142,0,-0.0,0,GREEN,59.96,37.57,51.0,,,8.0,-5.0,-6.0,-11.0,Sell,40.0,Hold,score 40-50 (trim if weight >2.5%) + analyst view,Analyst Sell -> Trim,<1y,,,,5.1,55.8,-12.0
KALYANKJIL,Consumer Durables,NotCyclical,56415.13509487887,0.1559397694337395,0.1658681247443083,0.9695672848311936,5.752886836027714,36.44428379565146,42.66554903604358,41.78898895916954,0.309221498409431,0.1032394028028249,-0.0583192614770143,0.1072717093650608,True,True,81.77075096352907,635584887.0,484328589.0,1967535137.8388977,4.438333333333333,-0.4299999999999997,41.78898895916954,58.53658536585365,39.02439024390244,48.78048780487805,89.92248062015504,90.59139784946235,False,77.413217623498,52.56777657888974,Extended,76.50422571665523,25.229560585885487,54.25752330226364,97.3109243697479,13.865546218487395,96.16963064295486,99.06666666666666,69.44150662490696,100.0,67.58773562448177,100.0,GREEN,Large,50000000.0,GREEN,69.44150662490696,67.58773562448177,Hold,Hold,High,High,ttm(Mar 2026),ttm(Mar 2026),Mar 2026,False,False,Hold,,42.71511279696547,36.44428379565146,March-to-March,full,,,7,,48.78048780487805,89.68023255813954,77.413217623498,52.56777657888974,25.229560585885487,97.3109243697479,96.16963064295486,0,-0.0,0,GREEN,69.39,67.56,68.66,,,17.0,5.0,0.0,5.0,Hold,73.66,Hold,,,,,,,9.3,229.0,27.0
ANGELONE,Financial Services,NotCyclical,30481.789933389693,0.2851063722449897,0.2727600144628977,1.2996077149395229,4.155251141552512,19.617430932558456,9.08725371934056,29.52380844735174,0.0490035842568081,0.3947064413502459,0.2699642650843132,0.486972065818489,False,True,47.97051711285729,-15531349.0,158792202.0,2076063129.1181183,1.3233333333333333,0.4450000000000003,29.52380844735174,91.5966386554622,70.83333333333334,81.21498599439776,71.62790697674419,37.23118279569893,False,41.24719137712071,77.79668259735102,Neutral,31.885041952626118,47.73288948069241,28.95792276964048,85.88235294117646,63.52941176470588,86.73050615595075,6.933333333333333,69.38352815762981,100.0,44.67996162410829,100.0,N/A-financial-sector,Mid,10000000.0,GREEN,69.38352815762981,44.67996162410829,Hold,Hold,High,High,ttm(Jun 2026),ttm(Jun 2026),Jun 2026,False,False,Hold,,-1.9278488261118554,19.617430932558456,March-to-March,full,,,7,,81.21498599439776,70.78488372093024,41.24719137712071,77.79668259735102,47.73288948069241,85.88235294117646,86.73050615595075,2,-3.0,0,N/A-financial-sector,66.2,36.96,54.5,,,16.0,5.0,0.0,5.0,Hold,59.5,Hold,,,,,,,1.2,-124.8,7.0
MOTHERSON,Automobile and Auto Components,Cyclical,160369.91121886205,0.1121275796213378,0.1895377867017313,0.4678005807852802,7.4655172413793105,17.01715560545274,10.944634577654998,39.35616271136559,0.1681119720345369,0.2559496123087317,0.4362815468503667,0.0862771609790915,True,True,50.66415061220715,-28269048.0,447711630.0,2252520627.6459503,1.0016666666666667,0.3600000000000003,39.35616271136559,32.608695652173914,47.82608695652174,40.21739130434783,64.03100775193799,43.14516129032258,False,59.63655244029076,75.22652133173194,Neutral,76.81136271655707,100.0,53.26844207723036,81.00840336134453,59.66386554621849,95.48563611491107,4.8,69.24517759411422,100.0,54.97248935493713,100.0,GREEN,Large,50000000.0,GREEN,69.24517759411422,54.97248935493713,Hold,Hold,High,High,ttm(Mar 2026),ttm(Mar 2026),Mar 2026,False,False,Hold,,10.945514371431342,17.01715560545274,March-to-March,full,,,7,,40.21739130434783,63.08139534883721,59.63655244029076,75.22652133173194,100.0,81.00840336134453,95.48563611491107,0,-0.0,0,GREEN,69.07,55.09,63.48,,,12.0,0.0,0.0,0.0,Hold,63.48,Hold,,,,,,,4.6,186.3,-618.0
CIEINDIA,Automobile and Auto Components,Cyclical,15232.56218019596,,,,,,,,-0.0220432105251989,0.1754184586948508,0.0881725638964643,-0.1863717760978352,True,True,55.70122614495228,520868.0,9502752.0,118376180.86723328,0.6600000000000001,1.100000000000001,,,,,,,False,,48.00510484657266,Neutral,42.51876627439367,100.0,53.26844207723036,73.10924369747899,80.33613445378151,42.6812585499316,33.06666666666666,69.19754697292176,57.14285714285714,50.58052590159848,57.14285714285714,GREEN,Mid,10000000.0,GREEN,69.19754697292176,50.58052590159848,Hold,Hold,Med,Med,ttm(Mar 2026),ttm(Mar 2026),Mar 2026,True,False,Hold,,,,engine TTM (no FY pair),full,,,4,,,,,48.00510484657266,100.0,73.10924369747899,42.6812585499316,0,-0.0,0,GREEN,58.25,50.31,55.08,,,13.0,0.0,0.0,0.0,Hold,55.08,Hold,,,Y,,,,,,
ANANDRATHI,Financial Services,NotCyclical,34645.456935355905,0.3883310221859485,0.5231247306345389,0.083083083083083,36.625,30.87190406342706,22.769230769230763,74.24491601771689,0.1374109273966064,0.3220480220168489,0.8878840023120813,1.0516250431659857,True,True,65.72790159175486,7588983.0,23976225.0,713102962.296875,0.1766666666666667,0.1999999999999998,74.24491601771689,97.47899159663864,100.0,98.73949579831933,85.89147286821705,75.67204301075269,False,20.11315900875965,96.23404589839912,Neutral,73.14970754514042,47.73288948069241,28.95792276964048,49.2436974789916,51.59663865546219,57.72913816689466,63.2,69.15854561474497,100.0,62.89711271749742,100.0,N/A-financial-sector,Mid,10000000.0,GREEN,69.15854561474497,62.89711271749742,Hold,Hold,High,High,ttm(Jun 2026),ttm(Jun 2026),Jun 2026,False,False,Hold,,27.857142857142847,30.87190406342706,March-to-March,full,,,7,,98.73949579831933,85.75581395348837,20.11315900875965,96.23404589839912,47.73288948069241,49.2436974789916,57.72913816689466,0,-0.0,0,N/A-financial-sector,69.13,64.08,67.11,,,20.0,10.0,0.0,10.0,Hold,77.11,Hold,,,,,,,0.0,22.1,-1.0
ASHAPURMIN,Metals & Mining,Cyclical,6965.178365584839,0.3468907976428688,0.1049849187262789,0.8756822316555488,4.703389830508475,41.948696848784216,91.2710007304602,16.743217224963562,0.1726810125477373,-0.1752051725756521,0.4947203860895768,0.6351918764167181,True,True,58.669765682714825,8047749.0,32632106.0,326901457.875,-0.4200000000000001,0.5450000000000014,16.743217224963562,91.66666666666666,20.833333333333336,56.25,92.24806201550388,99.05913978494624,True,62.192923898531376,85.54423630881189,Neutral,58.53302343172852,94.9462050599201,6.26444740346205,8.907563025210084,67.56302521008404,62.517099863201096,64.4,69.15099090825352,100.0,57.23521433558893,100.0,GREEN,Small,2500000.0,GREEN,69.15099090825352,57.23521433558893,Hold,Hold,High,High,ttm(Mar 2026),ttm(Mar 2026),Mar 2026,False,False,Hold,,91.20116830960205,41.948696848784216,March-to-March,full,,,7,,56.25,92.00581395348837,62.192923898531376,85.54423630881189,94.9462050599201,8.907563025210084,62.517099863201096,0,-0.0,0,GREEN,69.11,57.24,64.36,,,16.0,5.0,0.0,5.0,Hold,69.36,Hold,,,,,Y,,31.5,-165.8,39.0
ARE&M,Automobile and Auto Components,Cyclical,16503.866181804253,0.1362079539655546,0.2395578359585881,0.0501296456352636,33.44444444444444,9.952920980044675,7.535419585863301,18.41949350647796,0.1779810678954998,0.0222260442974675,-0.0680986434976355,-0.4551149775897517,True,True,62.38648288878601,20019051.0,66418838.0,437630951.4241944,1.9949999999999997,-1.975,18.41949350647796,50.0,71.73913043478261,60.869565217391305,39.68992248062016,32.123655913978496,False,80.93422809359848,22.460917222478887,Neutral,67.11690726667695,100.0,53.26844207723036,91.42857142857144,1.092436974789916,72.64021887824897,76.66666666666667,65.83199469082656,100.0,56.94829106385133,100.0,GREEN,Mid,10000000.0,GREEN,68.83199469082656,59.94829106385133,Hold,Hold,High,High,ttm(Mar 2026),ttm(Mar 2026),Mar 2026,False,False,Hold,,7.535419585863301,9.952920980044677,March-to-March,full,,,7,,60.869565217391305,39.24418604651162,80.93422809359848,22.460917222478887,100.0,91.42857142857144,72.64021887824897,0,-0.0,3,GREEN,68.75,60.14,65.31,,,10.0,0.0,0.0,0.0,Hold,65.31,Hold,,,,,Y,Y,29.2,-239.2,131.0
LLOYDSME,Metals & Mining,Cyclical,107932.13302752293,0.1680379251410339,0.2773773341873656,1.49347559656838,12.166666666666666,72.17266387561526,154.61984823686953,27.274744784731467,0.1322827107932931,0.4927585855143244,0.2389023464238577,1.4508272217305422,True,True,60.10552252942141,4675956.0,20492990.0,842430163.75,0.045,0.0399999999999999,27.274744784731467,62.5,91.66666666666666,77.08333333333333,97.36434108527132,99.05913978494624,True,33.58169867515662,77.55160341177726,Neutral,80.86722552483563,94.9462050599201,6.26444740346205,35.378151260504204,37.3109243697479,55.12995896032832,56.00000000000001,68.64582956520546,100.0,57.23578864493321,100.0,GREEN,Large,50000000.0,GREEN,68.64582956520546,57.23578864493321,Hold,Hold,High,High,ttm(Mar 2026),ttm(Mar 2026),Mar 2026,False,False,Hold,,154.61984823686953,72.17266387561526,March-to-March,full,,,7,,77.08333333333333,97.81976744186046,33.58169867515662,77.55160341177726,94.9462050599201,35.378151260504204,55.12995896032832,0,-0.0,0,GREEN,68.73,57.24,64.13,,,20.0,10.0,0.0,10.0,Hold,74.13,Hold,,,,,,,2.8,1224.6,95.0
CANFINHOME,Financial Services,NotCyclical,12045.357205220404,0.1734469059194766,,6.39658919913058,,,8.192588858079164,10.660066294366604,0.0483271375464684,0.0208876410346716,0.1578052497697897,0.0571383156519245,True,True,56.05612924803339,2998240.0,6384176.0,148847193.73980713,2.3466666666666662,1.7250000000000003,10.660066294366604,73.10924369747899,,73.10924369747899,,34.543010752688176,False,65.53258002539971,62.4055520961802,Neutral,48.34094354902586,47.73288948069241,28.95792276964048,93.4453781512605,86.5546218487395,37.48290013679891,48.8,65.61574010691233,85.71428571428571,54.2618693109044,100.0,N/A-financial-sector,Mid,10000000.0,GREEN,68.61574010691233,57.2618693109044,Hold,Hold,High,High,ttm(Jun 2026),ttm(Jun 2026),Jun 2026,False,False,Hold,,21.009174311926614,16.4624995147824,March-to-March,full,,,7,,73.10924369747899,61.337209302325576,65.53258002539971,62.4055520961802,47.73288948069241,93.4453781512605,37.48290013679891,0,-0.0,3,N/A-financial-sector,67.67,64.13,66.26,,,13.0,0.0,0.0,0.0,Hold,66.26,Hold,,,,,,,,,
TRANSRAILL,Capital Goods,Cyclical,6785.748420964062,0.1711916357411371,0.2872021431149178,0.2972380534853134,3.7442922374429215,29.71814906431982,29.61567445365485,16.818787271701677,-0.1080293175783086,0.0404945778392258,-0.3223121460682211,,False,False,49.00984729867406,4924655.0,-10314039.0,302751314.49819946,,,16.818787271701677,71.96261682242991,89.81481481481481,80.88871581862236,84.8062015503876,83.87096774193549,False,77.46442411019571,4.958342423911858,Neutral,12.218062889180214,85.89161118508655,77.5027962716378,,,8.481532147742818,56.39999999999999,65.26479496501521,85.71428571428571,60.8014986698702,85.71428571428571,GREEN,Small,2500000.0,GREEN,68.26479496501521,63.8014986698702,Hold,Hold,High,High,ttm(Mar 2026),ttm(Mar 2026),Mar 2026,False,False,Hold,,29.61567445365485,29.71814906431982,March-to-March,1-2y,,,6,,80.88871581862236,84.73837209302324,77.46442411019571,4.958342423911858,85.89161118508655,,8.481532147742818,0,-0.0,3,GREEN,66.88,62.95,65.31,,,21.0,10.0,0.0,10.0,Hold,75.31,Hold,,,Y,,,,5.6,-185.8,-16.0
COALINDIA,Oil Gas & Consumable Fuels,Cyclical,263142.92587479856,0.4400337601477956,0.5451720057412788,0.1181508287014491,33.91611842105263,6.796467589689215,3.591627965798039,8.469084544263094,-0.0325976092733092,0.0095579002523928,0.2006687985359518,-0.0146796732036859,False,True,34.82313096542545,60019727.0,188272845.0,3380908640.1707764,0.528333333333333,1.4899999999999998,8.469084544263094,100.0,100.0,100.0,31.00775193798449,19.892473118279568,False,66.75446049277825,66.90379611912483,Pulled back,20.913765334830003,45.74513981358189,57.59600532623169,67.89915966386555,84.70588235294117,88.0984952120383,88.93333333333334,65.19141114722805,100.0,54.92609551764525,100.0,GREEN,Large,50000000.0,GREEN,68.19141114722805,57.92609551764525,Hold,Hold,High,High,ttm(Mar 2026),ttm(Mar 2026),Mar 2026,False,False,Hold,,17.45914388745127,6.796467589689215,March-to-March,full,,,7,,100.0,30.959302325581394,66.75446049277825,66.90379611912483,45.74513981358189,67.89915966386555,88.0984952120383,0,-0.0,3,GREEN,68.18,64.22,66.6,no fwd revenue data,,4.0,-15.0,0.0,-15.0,Hold,51.6,Hold,,,,,Y,,28.7,-14039.0,2102.0
EIEL,Utilities,NotCyclical,4092.157345586913,0.2816119133831967,0.2820269385966673,0.3422546634225466,7.694444444444445,50.22975965888028,8.223062381852554,21.74592498164849,0.0997381279943356,0.1980244495246177,-0.1770319574180135,,True,True,54.76694134469651,77287716.0,317187715.0,285146640.0801697,,,21.74592498164849,90.0,84.51127819548873,87.25563909774436,94.26356589147288,34.67741935483871,True,56.35662767748302,27.3876404494382,Neutral,64.58997253219701,16.108388814913447,96.33475366178428,,,93.16005471956224,91.86666666666666,69.08370801197536,85.71428571428571,67.26458397758108,85.71428571428571,GREEN,Small,2500000.0,GREEN,68.08370801197536,66.26458397758108,Hold,Hold,High,High,ttm(Mar 2026),ttm(Mar 2026),Mar 2026,False,False,Hold,,7.504690431519689,50.22975965888028,March-to-March,1-2y,,,6,,87.25563909774436,94.18604651162791,56.35662767748302,27.3876404494382,16.108388814913447,,93.16005471956224,1,-1.0,0,GREEN,66.35,64.63,65.66,,,19.0,5.0,0.0,5.0,Hold,70.66,Hold,,,Y,Y,,,13.6,-11.1,15.0
PREMIERENE,Capital Goods,Cyclical,49862.16511055403,0.1835671948379727,0.1846420877290271,0.8606918969120038,15.044303797468354,76.25124942140414,20.036821110770163,32.99160598279189,0.0896967561026047,0.4709014907451931,-0.0025089633095923,,True,True,60.654819841138185,13753102.0,46155031.0,1158929821.0621948,,,32.99160598279189,75.70093457943925,52.77777777777778,64.23935617860852,99.06976744186046,70.96774193548387,True,49.38344459279039,46.780571615577614,Neutral,68.60832753969571,85.89161118508655,77.5027962716378,,,67.16826265389876,71.06666666666666,68.98694592116894,85.71428571428571,66.0126386466581,85.71428571428571,GREEN,Large,50000000.0,GREEN,67.98694592116894,65.0126386466581,Hold,Hold,High,High,ttm(Mar 2026),ttm(Mar 2026),Mar 2026,False,False,Hold,,20.018407731247123,76.25124942140414,March-to-March,1-2y,,,6,,64.23935617860852,99.05523255813954,49.38344459279039,46.780571615577614,85.89161118508655,,67.16826265389876,1,-1.0,0,GREEN,66.28,63.78,65.28,,,22.0,10.0,0.0,10.0,Hold,75.28,Hold,,,Y,,,,10.5,239.5,73.0
NAM-INDIA,Financial Services,NotCyclical,73451.96078431373,0.2792796466061527,0.360036151018132,0.0160978750804893,287.1428571428572,24.587706865827386,21.425369789332137,47.95918367346938,0.1605902751611698,0.3050866498615097,0.4612399759493266,0.8043640412518953,True,True,47.77855778284262,3331833.0,21093082.0,980836457.5062256,0.6849999999999999,2.635,47.95918367346938,89.91596638655463,85.41666666666666,87.66631652661064,79.37984496124031,72.71505376344086,False,28.36505170736123,88.43766505431783,Neutral,77.85960978645404,47.73288948069241,28.95792276964048,73.94957983193278,91.09243697478992,55.95075239398085,50.13333333333333,67.88815358554803,100.0,65.17086147084792,100.0,N/A-financial-sector,Large,50000000.0,GREEN,67.88815358554803,65.17086147084792,Hold,Hold,High,High,ttm(Mar 2026),ttm(Mar 2026),Mar 2026,False,False,Hold,,16.123907863383646,24.587706865827386,March-to-March,full,,,7,,87.66631652661064,78.92441860465115,28.36505170736123,88.43766505431783,47.73288948069241,73.94957983193278,55.95075239398085,0,-0.0,0,N/A-financial-sector,67.79,63.08,65.91,,,19.0,5.0,0.0,5.0,Hold,70.91,Hold,,,,,,,0.5,2.2,6.0
KTKBANK,Financial Services,NotCyclical,10346.913848718466,0.1171653573921903,,0.4029794313369631,,,-1.065128148230332,7.890106368415597,0.113485528684095,0.4675429010200631,0.4774252507314245,0.3047985268244546,True,True,54.53304786413486,-2828843.0,155963043.0,484918704.181488,2.8366666666666664,5.395,7.890106368415597,36.134453781512605,,36.134453781512605,,10.618279569892474,False,91.27267936195628,83.90636825864685,Neutral,73.56726454324676,47.73288948069241,28.95792276964048,94.9579831932773,97.6470588235294,85.90971272229822,15.866666666666667,68.8264906689645,85.71428571428571,52.09140562780394,100.0,N/A-financial-sector,Small,2500000.0,GREEN,67.8264906689645,51.09140562780394,Hold,Hold,High,High,ttm(Mar 2026),ttm(Mar 2026),Mar 2026,False,False,Hold,,-44.201312910284464,-21.837284128366274,March-to-March,full,,,7,,36.134453781512605,1.0901162790697674,91.27267936195628,83.90636825864685,47.73288948069241,94.9579831932773,85.90971272229822,2,-3.0,0,N/A-financial-sector,50.92,47.37,49.5,,,13.0,0.0,0.0,0.0,Hold,49.5,Hold,score 40-50 (trim if weight >2.5%),,,,,,,,
FIEMIND,Automobile and Auto Components,Cyclical,6093.016295953044,0.1585733731273136,0.2747746879466987,0.0543209876543209,132.0,15.0739165329576,16.226259289843114,23.800844906066573,0.0270162403146523,0.0246487116459637,0.2260608967466422,0.7757874206276856,True,True,58.00437957527601,198110.0,1295179.0,85194149.07312012,-1.2049999999999998,-0.48,23.800844906066573,65.21739130434783,82.6086956521739,73.91304347826087,57.674418604651166,62.23118279569893,False,74.68847352024923,76.22751497786847,Neutral,45.14400648691685,100.0,53.26844207723036,2.5210084033613445,12.941176470588236,24.623803009575923,30.266666666666666,64.71441940858931,100.0,55.15714138739902,100.0,GREEN,Small,2500000.0,GREEN,67.71441940858931,58.15714138739902,Hold,Hold,High,High,ttm(Mar 2026),ttm(Mar 2026),Mar 2026,False,False,Hold,,16.219562525794462,15.073916532957599,March-to-March,full,,,7,,73.91304347826087,56.68604651162791,74.68847352024923,76.22751497786847,100.0,2.5210084033613445,24.623803009575923,0,-0.0,3,GREEN,67.54,58.07,63.75,,,16.0,5.0,0.0,5.0,Hold,68.75,Hold,,,,,,,6.2,21.8,1.0
NETWEB,Information Technology,NotCyclical,24527.392537603737,0.2963723496289939,0.3405103609774055,0.3900414937759336,21.923076923076923,69.94075407851076,90.07832898172325,118.67108341087678,0.138767693445615,0.315062693343263,1.212907233518897,0.6060249515915221,False,True,43.99309665303979,12400753.0,77955006.0,5766060484.629395,,,118.67108341087678,91.42857142857144,85.71428571428571,88.57142857142857,97.2093023255814,97.98387096774194,True,11.990802551550214,94.22500828237568,Neutral,37.50809774210343,13.445272969374168,39.41065246338216,,,75.78659370725033,70.0,67.64128848046214,85.71428571428571,57.4415552855096,85.71428571428571,GREEN,Mid,10000000.0,GREEN,67.64128848046214,57.4415552855096,Hold,Hold,High,High,ttm(Mar 2026),ttm(Mar 2026),Mar 2026,False,False,Hold,,90.07832898172323,69.94075407851076,March-to-March,full,,,6,,88.57142857142857,97.67441860465115,11.990802551550214,94.22500828237568,13.445272969374168,,75.78659370725033,0,-0.0,0,GREEN,66.16,57.04,62.51,,,26.0,15.0,0.0,15.0,Hold,77.51,Hold,,,Y,,,,6.9,-19.1,10.0
INOXINDIA,Capital Goods,Cyclical,18111.76368528082,0.3572917223124302,0.3197184471058382,0.072515666965085,38.11111111111112,17.995813862247644,21.5926493108729,70.20063443907294,0.3516539309266941,0.7871640424208111,0.5970554698340347,0.3871982062504611,True,True,59.38523862157834,7924981.0,11485019.0,446439805.2520752,,,70.20063443907294,95.32710280373831,94.44444444444444,94.88577362409136,66.2015503875969,73.52150537634408,False,32.30084557187361,84.18848896158444,Neutral,90.2995713759374,85.89161118508655,77.5027962716378,,,45.280437756497946,63.866666666666674,67.61403863079057,85.71428571428571,72.80419302797533,85.71428571428571,GREEN,Mid,10000000.0,GREEN,67.61403863079057,72.80419302797533,Hold,Hold,High,High,ttm(Mar 2026),ttm(Mar 2026),Mar 2026,False,False,Hold,,21.516079632465534,17.995813862247644,March-to-March,full,,,6,,94.88577362409136,65.26162790697676,32.30084557187361,84.18848896158444,85.89161118508655,,45.280437756497946,0,-0.0,0,GREEN,65.86,70.97,67.91,,,21.0,10.0,0.0,10.0,Hold,77.91,Hold,,,Y,,,,12.3,-3.3,-6.0
ATLANTAELE,Capital Goods,Cyclical,13441.006097560976,0.2683782457412023,0.3739982684787575,0.0548977395048439,6.035087719298246,28.44282527655737,48.87459807073955,65.78749058025622,0.2691721029085514,1.1689440993788818,,,False,,47.610689210566754,1093725.0,6259025.0,164310801.31414795,,,65.78749058025622,91.58878504672896,96.29629629629628,93.94254067151265,82.7906976744186,92.74193548387096,True,31.25389408099688,,Neutral,44.75837552338777,85.89161118508655,77.5027962716378,,,36.93570451436389,38.0,67.53795264093444,71.42857142857143,62.08317833284589,85.71428571428571,GREEN,Mid,10000000.0,GREEN,67.53795264093444,62.08317833284589,Hold,Hold,High,High,ttm(Mar 2026),ttm(Mar 2026),Mar 2026,False,False,Hold,,48.87459807073955,28.44282527655737,March-to-March,<1y,96.41379310344827,9.0,5,stage_3y<-1y,93.94254067151265,82.70348837209302,31.25389408099688,44.75837552338777,85.89161118508655,,36.93570451436389,0,-0.0,0,GREEN,63.21,61.08,62.36,,,24.0,10.0,0.0,10.0,Hold,72.36,Hold,,,<1y,,,,5.1,55.2,8.0
TDPOWERSYS,Capital Goods,Cyclical,17629.377890382137,0.1325720682262077,0.1843237509748682,0.0167910447761194,165.0,28.63342371007529,45.22691705790298,73.71484470804039,0.0935286979537144,0.6398952358565253,1.3157614095862464,1.8136633522615813,False,True,44.55104265553572,-3033611.0,74111386.0,1240914124.3631592,4.871666666666667,12.99,73.71484470804039,41.1214953271028,51.85185185185185,46.48667358947732,83.4108527131783,91.66666666666666,True,26.524254561637733,97.80186063289943,Neutral,36.308387797938494,85.89161118508655,77.5027962716378,97.81512605042016,99.07563025210084,74.6922024623803,15.2,67.49143457581022,100.0,54.18158689770667,100.0,GREEN,Mid,10000000.0,GREEN,67.49143457581022,54.18158689770667,Hold,Hold,High,High,ttm(Mar 2026),ttm(Mar 2026),Mar 2026,False,False,Hold,,45.113369820172,28.63342371007529,March-to-March,full,,,7,,46.48667358947732,83.28488372093024,26.524254561637733,97.80186063289943,85.89161118508655,97.81512605042016,74.6922024623803,0,-0.0,0,GREEN,67.47,54.18,62.15,,,20.0,10.0,0.0,10.0,Hold,72.15,Hold,,,,,,,6.4,-11.0,-3.0
BELRISE,Automobile and Auto Components,Cyclical,20566.715379940568,0.133097772334152,0.1843303815230035,0.291044776119403,4.974137931034483,13.046986497535729,14.702689663490531,41.38172108639953,0.0392925163116171,0.3140044914137725,0.9437387779721428,,True,True,49.222689993824325,49163020.0,323096071.0,739381738.7115021,,,41.38172108639953,45.65217391304348,43.47826086956522,44.56521739130434,50.85271317829457,56.048387096774185,False,52.64493008221488,96.46784604350944,Neutral,60.34439766728424,100.0,53.26844207723036,,,93.43365253077975,87.2,67.34230389832577,85.71428571428571,55.92831251788793,85.71428571428571,GREEN,Mid,10000000.0,GREEN,67.34230389832577,55.92831251788793,Hold,Hold,High,High,ttm(Mar 2026),ttm(Mar 2026),Mar 2026,False,False,Hold,,14.69062839223254,13.046986497535729,March-to-March,1-2y,,,6,,44.56521739130434,50.145348837209305,52.64493008221488,96.46784604350944,100.0,,93.43365253077975,0,-0.0,0,GREEN,65.65,55.46,61.58,,,12.0,0.0,0.0,0.0,Hold,61.58,Hold,,,Y,,,,15.8,-17.0,43.0
LUPIN,Healthcare,NotCyclical,114789.34847835403,0.150536772966079,0.2089358816238453,0.2947255880256593,18.80184331797235,18.87764535236389,23.12400915976749,21.42306374228924,0.0737750901491924,0.1475447452960072,0.3279422398398697,0.4205872953875653,True,True,66.62834678620857,959234.0,9617206.0,2029281518.2961423,0.4283333333333334,0.9449999999999994,21.42306374228924,50.0,62.85714285714285,56.42857142857143,68.83720930232559,76.34408602150538,False,86.15674232309748,76.93160798436939,Neutral,46.090529953617015,66.50785619174435,90.47589880159788,64.45378151260505,77.47899159663866,42.95485636114911,37.06666666666666,67.31638387380461,100.0,66.85326624556724,100.0,GREEN,Large,50000000.0,GREEN,67.31638387380461,66.85326624556724,Hold,Hold,High,High,ttm(Mar 2026),ttm(Mar 2026),Mar 2026,False,False,Hold,,23.119605425400746,18.877645352363892,March-to-March,full,,,7,,56.42857142857143,67.87790697674419,86.15674232309748,76.93160798436939,66.50785619174435,64.45378151260505,42.95485636114911,0,-0.0,0,GREEN,67.11,66.9,67.02,,,10.0,0.0,0.0,0.0,Hold,67.02,Hold,,,,,,,7.6,1661.7,321.0
KARURVYSYA,Financial Services,NotCyclical,29396.091054300185,0.1573502650844654,,0.1859228806351006,,,16.00240939664692,10.709506827341,0.107006347211954,0.14860274893321,0.3696490627008579,0.857096685744057,True,True,55.57509047063609,25931242.0,133723942.0,656899159.7521362,-0.9483333333333336,-1.5,10.709506827341,66.38655462184873,,66.38655462184873,,61.29032258064516,False,78.30408023706406,84.78903135684818,Neutral,64.18335413016321,47.73288948069241,28.95792276964048,4.033613445378151,3.697478991596639,83.85772913816689,80.80000000000001,64.17697314019198,85.71428571428571,58.45769755452336,100.0,N/A-financial-sector,Mid,10000000.0,GREEN,67.17697314019198,61.45769755452336,Hold,Hold,High,High,ttm(Jun 2026),ttm(Jun 2026),Jun 2026,False,False,Hold,,55.77142857142856,52.54156948525981,March-to-March,full,,,7,,66.38655462184873,94.62209302325581,78.30408023706406,84.78903135684818,47.73288948069241,4.033613445378151,83.85772913816689,0,-0.0,3,N/A-financial-sector,73.87,67.34,71.26,,,14.0,0.0,0.0,0.0,Hold,71.26,Hold,,,,,,,,,
APARINDS,Capital Goods,Cyclical,57062.97027260392,0.1693512178168825,0.3306228559080005,0.1772668273688114,4.292906178489703,16.900169087741702,23.24830481110753,58.40631552978907,0.1860232111547131,0.8564987257400509,0.6478235321505779,0.634307845024159,True,True,47.52112710301642,660485.0,5133446.0,1640088319.5,0.9866666666666668,2.145000000000002,58.40631552978907,69.1588785046729,95.37037037037037,82.26462443752163,63.72093023255814,77.01612903225806,False,39.3415220293725,88.02466335284414,Neutral,82.6970936389047,85.89161118508655,77.5027962716378,80.50420168067227,88.40336134453781,34.19972640218879,34.4,67.1082608984716,100.0,70.81421345571212,100.0,GREEN,Large,50000000.0,GREEN,67.1082608984716,70.81421345571212,Hold,Hold,High,High,ttm(Mar 2026),ttm(Mar 2026),Mar 2026,False,False,Hold,,23.25493783972876,16.900169087741702,March-to-March,full,,,7,,82.26462443752163,62.7906976744186,39.3415220293725,88.02466335284414,85.89161118508655,80.50420168067227,34.19972640218879,0,-0.0,0,GREEN,66.94,70.83,68.5,,,14.0,0.0,0.0,0.0,Hold,68.5,Hold,,,,,,,2.4,-73.9,-67.0
GPIL,Capital Goods,Cyclical,16547.551978623676,0.2289375006329967,0.2923504400127178,0.0762609743501463,21.603448275862068,-2.158225719627316,0.0744047619047671,20.59832584907819,-0.1796367141786881,-0.0503472904936571,0.3240596465515997,0.1412816293166516,False,False,34.082673185295775,-23254431.0,71602480.0,398675053.75,0.6866666666666666,0.865,20.59832584907819,85.04672897196261,90.74074074074076,87.89373485635167,7.906976744186046,12.365591397849462,False,85.84779706275033,34.93468473846419,Pulled back,7.82466918940693,85.89161118508655,77.5027962716378,74.11764705882354,75.46218487394958,74.14500683994528,5.733333333333333,64.09134198829192,100.0,50.94939658301307,100.0,GREEN,Mid,10000000.0,GREEN,67.09134198829192,53.94939658301307,Hold,Hold,High,High,ttm(Mar 2026),ttm(Mar 2026),Mar 2026,False,False,Hold,,0.20484171322159295,-2.158225719627316,March-to-March,full,,,7,,87.89373485635167,8.720930232558139,85.84779706275033,34.93468473846419,85.89161118508655,74.11764705882354,74.14500683994528,0,-0.0,3,GREEN,67.24,54.16,62.01,,,7.0,-5.0,0.0,-5.0,Hold,57.01,Hold,,,,,,,7.5,56.6,-27.0
CRAFTSMAN,Automobile and Auto Components,Cyclical,21712.12723658052,0.1268057384311015,0.2337542842485284,1.109987745098039,4.006472491909385,36.35184713032184,41.81019332161687,56.53848543206808,0.1847751308466052,0.1956575191716352,0.5226289388613625,0.5997238417613979,True,True,47.87926358712852,22177.0,5027437.0,400416551.0,1.9316666666666669,2.3100000000000005,56.53848543206808,41.30434782608695,69.56521739130434,55.43478260869565,89.76744186046511,90.32258064516128,False,26.04525332021643,87.1107253569008,Neutral,78.68429586350936,100.0,53.26844207723036,91.26050420168067,89.41176470588236,33.926128590971274,26.93333333333333,66.98672630995145,100.0,61.26141856911745,100.0,GREEN,Mid,10000000.0,GREEN,66.98672630995145,61.26141856911745,Hold,Hold,High,High,ttm(Mar 2026),ttm(Mar 2026),Mar 2026,False,False,Hold,,41.810193321616865,36.35184713032184,March-to-March,full,,,7,,55.43478260869565,89.53488372093024,26.04525332021643,87.1107253569008,100.0,91.26050420168067,33.926128590971274,0,-0.0,0,GREEN,66.94,61.22,64.66,,,22.0,10.0,0.0,10.0,Hold,74.66,Hold,,,,,,,9.4,56.7,50.0
IKS,Information Technology,NotCyclical,32006.432661101444,0.319645978619703,0.3157829158492943,0.4782122905027933,15.457142857142856,45.77803173352124,19.89489489489489,44.31969436660026,0.3028459429268144,0.1189046395663526,0.1789419908814931,,True,True,61.0366437102012,3757661.0,15269038.0,264790945.54693604,,,44.31969436660026,97.14285714285714,74.28571428571429,85.71428571428572,93.02325581395348,70.43010752688173,True,41.8565494733719,79.67897271268058,Neutral,78.88152081416507,13.445272969374168,39.41065246338216,,,51.29958960328317,52.26666666666666,67.90363695875122,85.71428571428571,66.0341700520172,85.71428571428571,GREEN,Mid,10000000.0,GREEN,66.90363695875122,65.0341700520172,Hold,Hold,High,High,ttm(Mar 2026),ttm(Mar 2026),Mar 2026,False,False,Hold,,19.89489489489489,45.77803173352124,March-to-March,1-2y,,,6,,85.71428571428572,92.87790697674419,41.8565494733719,79.67897271268058,13.445272969374168,,51.29958960328317,1,-1.0,0,GREEN,65.26,63.84,64.69,,,17.0,5.0,0.0,5.0,Hold,69.69,Hold,,,Y,,,,1.9,157.6,-22.0
HBLENGINE,Capital Goods,Cyclical,20524.428233451585,0.1353067378771798,0.2032636705263336,0.0302483069977426,74.2,34.12252117893348,67.83536585365854,25.21428529908057,-0.0439773478816456,-0.1215493908903955,0.2174168123268292,0.2456249908978971,False,False,36.59593470326765,15620241.0,27726791.0,865483740.646698,,,25.21428529908057,42.99065420560748,62.03703703703704,52.51384562132226,88.37209302325581,95.56451612903226,True,69.15442812639074,34.0661825190819,Neutral,13.886835101101807,85.89161118508655,77.5027962716378,,,59.64432284541724,72.8,66.77605731692466,85.71428571428571,57.87347806172865,85.71428571428571,GREEN,Mid,10000000.0,GREEN,66.77605731692466,57.87347806172865,Hold,Hold,High,High,ttm(Mar 2026),ttm(Mar 2026),Mar 2026,False,False,Hold,,67.92069140823588,34.12252117893348,March-to-March,full,,,6,,52.51384562132226,88.22674418604652,69.15442812639074,34.0661825190819,85.89161118508655,,59.64432284541724,0,-0.0,0,GREEN,65.24,57.24,62.04,,,20.0,10.0,0.0,10.0,Hold,72.04,Hold,,,Y,,,,2.6,453.1,-10.0
AIIL,Financial Services,NotCyclical,44081.13003934593,0.5234643470678035,,0.2265073329712113,,,-34.56705506054375,21.029948377744333,0.1139336000301447,-0.2219643578094748,-0.0115459686284016,1.2668656110791163,True,False,52.73210895153815,25104368.0,29044079.0,123445946.34004211,,,21.029948377744333,100.0,,100.0,,1.0752688172043012,False,61.791428118847726,31.079419646843576,Neutral,46.37839608372589,47.73288948069241,28.95792276964048,,,60.46511627906976,80.4,67.64400373642503,71.42857142857143,51.03541248916284,85.71428571428571,N/A-financial-sector,Large,50000000.0,GREEN,66.64400373642503,50.03541248916284,Hold,Hold,High,High,ttm(Jun 2026),ttm(Jun 2026),Jun 2026,False,False,Hold,Y,-48.0840543881335,,March-to-March,full,,,5,growth_3y<-1y,100.0,1.0767160161507403,61.791428118847726,31.079419646843576,47.73288948069241,,60.46511627906976,1,-1.0,0,N/A-financial-sector,50.41,49.95,50.23,,,13.0,0.0,0.0,0.0,Hold,50.23,Hold,,,Y,,,,,,
AJANTPHARM,Healthcare,NotCyclical,43139.57467537269,0.2195821283901994,0.3013579708412776,0.0574331787055445,93.75,13.363146117639246,17.3407917383821,40.84703713271176,0.2414338576245775,0.2649936064583715,0.3474048963113225,0.5544132664248438,True,True,66.62024496507276,1128753.0,5828462.0,301089892.60461426,0.7766666666666667,0.0350000000000001,40.84703713271176,88.57142857142857,94.28571428571428,91.42857142857142,52.4031007751938,64.78494623655914,False,52.61361815754339,80.10026514497237,Neutral,76.6121539072486,66.50785619174435,90.47589880159788,76.47058823529412,36.89075630252101,35.841313269493845,38.4,66.5740990934118,100.0,69.89530257026078,100.0,GREEN,Large,50000000.0,GREEN,66.5740990934118,69.89530257026078,Hold,Hold,High,High,ttm(Mar 2026),ttm(Mar 2026),Mar 2026,False,False,Hold,,17.319277108433727,13.363146117639246,March-to-March,full,,,7,,91.42857142857142,51.59883720930233,52.61361815754339,80.10026514497237,66.50785619174435,76.47058823529412,35.841313269493845,0,-0.0,0,GREEN,66.4,69.81,67.76,,,16.0,5.0,0.0,5.0,Hold,72.76,Hold,,,,,,,4.9,11.2,-18.0
VIKRAMSOLR,Capital Goods,Cyclical,7056.729950775972,0.0641262025123059,0.2019305391499369,0.194453198865427,5.725,32.323738241319376,40.27453271028036,14.411982699964174,-0.1363414495085312,-0.150388029934213,,,False,False,50.196176714837726,-7763162.0,-41747791.0,383057429.8103943,,,14.411982699964174,14.018691588785046,61.11111111111112,37.56490134994808,86.9767441860465,90.05376344086021,False,84.45292910873034,,Neutral,4.748636296770195,85.89161118508655,77.5027962716378,,,4.1039671682626535,9.733333333333333,66.46298006162725,71.42857142857143,52.10810476383206,85.71428571428571,GREEN,Small,2500000.0,GREEN,66.46298006162725,52.10810476383206,Hold,Hold,High,High,ttm(Mar 2026),ttm(Mar 2026),Mar 2026,False,False,Hold,,40.64421669106881,32.323738241319376,March-to-March,<1y,1.3793103448275863,9.0,5,stage_3y<-1y,37.56490134994808,86.77325581395348,84.45292910873034,4.748636296770195,85.89161118508655,,4.1039671682626535,0,-0.0,0,GREEN,57.54,51.88,55.28,,,20.0,10.0,0.0,10.0,Hold,65.28,Hold,,,<1y,,,,8.0,225.4,16.0
SHRIRAMFIN,Financial Services,NotCyclical,192728.713301925,0.1527901571649314,,3.8030886859431416,,,15.01899777761846,19.22311924214792,-0.0143092729256693,0.0522391484469981,0.5510248326322944,0.885383004000877,True,True,52.76425936731052,69427277.0,229199007.0,5325023106.544922,0.3283333333333331,4.16,19.22311924214792,64.70588235294117,,64.70588235294117,,57.123655913978496,False,54.48767848656967,92.36946543631832,Neutral,40.21833990348934,47.73288948069241,28.95792276964048,59.83193277310925,96.63865546218489,90.2872777017784,90.66666666666666,66.35204164838261,85.71428571428571,55.994419722197215,100.0,N/A-financial-sector,Large,50000000.0,GREEN,66.35204164838261,55.994419722197215,Hold,Hold,High,High,ttm(Mar 2026),ttm(Mar 2026),Mar 2026,False,False,Hold,,6.206213828815099,16.595689336027817,March-to-March,full,,,7,,64.70588235294117,61.48255813953488,54.48767848656967,92.36946543631832,47.73288948069241,59.83193277310925,90.2872777017784,0,-0.0,0,N/A-financial-sector,65.28,50.87,59.52,,,15.0,5.0,0.0,5.0,Hold,64.52,Hold,,,,,,,,,
HINDZINC,Metals & Mining,Cyclical,220513.5176801361,0.5399026172341893,0.5719662723890339,0.3856997657872641,25.062429057888764,6.202103902701461,19.836868820232965,15.94227282245056,-0.0996331941066372,-0.1561696571218196,0.2508508736626034,-0.1807676478849438,False,False,36.58685253465283,-29521777.0,244769421.0,2264590992.607086,-0.0016666666666667,-0.005,15.94227282245056,100.0,100.0,100.0,29.457364341085277,70.16129032258065,False,62.61887645065215,29.397590530577407,Neutral,14.252425857645829,94.9462050599201,6.26444740346205,29.411764705882355,32.60504201680672,90.69767441860463,4.666666666666667,63.17534198510819,100.0,42.98479765585199,100.0,GREEN,Large,50000000.0,GREEN,66.17534198510819,45.98479765585199,Hold,Hold,High,High,ttm(Mar 2026),ttm(Mar 2026),Mar 2026,False,False,Hold,,19.836868820232965,6.202103902701461,March-to-March,full,,,7,,100.0,29.505813953488374,62.61887645065215,29.397590530577407,94.9462050599201,29.411764705882355,90.69767441860463,0,-0.0,3,GREEN,66.18,46.05,58.13,,,7.0,-5.0,0.0,-5.0,Hold,53.13,Hold,,,,,,,5.9,1191.2,242.0
FEDERALBNK,Financial Services,NotCyclical,83196.85918382806,0.1278802365047279,,0.8289338960617336,,,6.501927795303186,17.18947400544819,0.1095634426066853,0.3100681993802838,0.5844203431203818,0.7575662224343309,True,True,56.81071465917766,333842412.0,634837693.0,2046434950.5291443,0.8583333333333337,2.545,17.18947400544819,42.01680672268908,,42.01680672268908,,28.360215053763444,False,70.18861306600891,92.08775099374844,Neutral,69.98853367641466,47.73288948069241,28.95792276964048,77.81512605042018,90.58823529411764,96.99042407660738,99.06666666666666,66.00772286069376,85.71428571428571,55.80133648464834,100.0,N/A-financial-sector,Large,50000000.0,GREEN,66.00772286069376,55.80133648464834,Hold,Hold,High,High,ttm(Jun 2026),ttm(Jun 2026),Jun 2026,False,False,Hold,,-35.19467213114754,-14.288940629892977,March-to-March,full,,,7,,42.01680672268908,1.0901162790697674,70.18861306600891,92.08775099374844,47.73288948069241,77.81512605042018,96.99042407660738,2,-3.0,0,N/A-financial-sector,48.73,47.89,48.39,,,17.0,5.0,0.0,5.0,Hold,53.39,Hold,,,,,,,,,
MSUMI,Automobile and Auto Components,Cyclical,26396.277103018256,660.2935541595302,1.368919066007204,0.1078204534937529,40.76923076923077,17.54113856218926,23.14129385259092,41.78947448730469,0.0277169387118458,-0.1190676663038409,-0.0472427522555979,-0.1369986582043123,True,False,53.1382275972462,237329349.0,346227375.0,347082246.4857044,0.0549999999999997,-0.1100000000000012,41.78947448730469,100.0,98.91304347826086,99.45652173913044,64.96124031007751,76.47849462365592,False,45.40615557585553,16.472863406929097,Neutral,37.2583994624976,100.0,53.26844207723036,36.47058823529412,25.71428571428571,93.70725034199728,97.2,65.88616641715483,100.0,57.64018131070177,100.0,GREEN,Mid,10000000.0,GREEN,65.88616641715483,57.64018131070177,Hold,Hold,High,High,ttm(Mar 2026),ttm(Mar 2026),Mar 2026,False,False,Hold,,23.167721858568523,17.54113856218926,March-to-March,full,,,7,,99.45652173913044,64.09883720930233,45.40615557585553,16.472863406929097,100.0,36.47058823529412,93.70725034199728,0,-0.0,0,GREEN,65.73,57.69,62.52,,,15.0,5.0,0.0,5.0,Hold,67.52,Hold,,,,,,,0.5,-166.8,-9.0
CGPOWER,Capital Goods,Cyclical,144310.45230237994,0.347851435105501,0.2655249682972059,0.0148055207026348,65.64,21.2115477492943,25.30776992936428,119.57847110337627,0.1586653236938136,0.5886947858050142,0.3837287870401771,0.2047150260100452,True,True,50.37024249504192,-1737610.0,15105203.0,3065822003.433655,1.0099999999999996,1.004999999999999,119.57847110337627,93.45794392523364,83.33333333333334,88.3956386292835,74.72868217054264,79.70430107526882,False,19.16849132176235,75.04480346823425,Neutral,79.0923408298609,85.89161118508655,77.5027962716378,81.17647058823529,78.31932773109244,51.16279069767442,19.066666666666663,65.81686851239415,100.0,65.77749366422157,100.0,GREEN,Large,50000000.0,GREEN,65.81686851239415,65.77749366422157,Hold,Hold,High,High,ttm(Mar 2026),ttm(Mar 2026),Mar 2026,False,False,Hold,,25.320415783631045,21.2115477492943,March-to-March,full,,,7,,88.3956386292835,73.98255813953489,19.16849132176235,75.04480346823425,85.89161118508655,81.17647058823529,51.16279069767442,0,-0.0,0,GREEN,65.68,65.77,65.72,,,19.0,5.0,-6.0,-1.0,Sell,64.72,Hold,analyst view,Analyst Sell OVERRULED (score > 50),,,,,12.8,-12.0,46.0
APLAPOLLO,Capital Goods,Cyclical,49766.38587583661,0.2072375817785585,0.2655577017528533,0.0940154804606381,14.416,12.599934417303585,9.362010633156114,41.35902168897093,-0.1639068605579922,-0.0591538704914169,0.0569727590625752,0.1647951405948893,False,False,44.52495019931842,-4048673.0,8873786.0,1014467096.7087402,1.156666666666667,2.28,41.35902168897093,79.43925233644859,84.25925925925925,81.84925579785391,49.45736434108527,38.44086021505376,False,61.046728971962615,28.580685862479477,Neutral,6.818139900703078,85.89161118508655,77.5027962716378,83.52941176470588,88.90756302521008,41.31326949384405,13.6,62.73222119686191,100.0,50.26890076812756,100.0,GREEN,Large,50000000.0,GREEN,65.7322211968619,53.26890076812756,Hold,Hold,High,High,ttm(Mar 2026),ttm(Mar 2026),Mar 2026,False,False,Hold,,11.546640889318516,12.599934417303583,March-to-March,full,,,7,,81.84925579785391,48.69186046511628,61.046728971962615,28.580685862479477,85.89161118508655,83.52941176470588,41.31326949384405,0,-0.0,3,GREEN,65.59,54.52,61.16,,,14.0,0.0,0.0,0.0,Hold,61.16,Hold,,,,,,,7.2,464.6,16.0
PRUDENT,Financial Services,NotCyclical,11854.2119925444,0.2918740648040173,0.4235967600391542,0.0385050962627406,66.6,29.53323283773679,19.492293744333637,53.38739655428552,0.0405886450479195,0.1692866101766892,0.0637499138459529,0.4742141057062332,True,True,44.217046254835175,135541.0,286943.0,59161132.81103516,1.568,4.265000000000001,53.38739655428552,93.27731092436974,93.75,93.51365546218489,84.65116279069768,68.81720430107528,False,23.871670999929734,65.63734824941115,Neutral,56.38729445624283,47.73288948069241,28.95792276964048,88.57142857142857,96.97478991596638,19.425444596443228,29.46666666666667,65.46982985008493,100.0,59.35992442820438,100.0,N/A-financial-sector,Small,2500000.0,GREEN,65.46982985008493,59.35992442820438,Hold,Hold,High,High,ttm(Mar 2026),ttm(Mar 2026),Mar 2026,False,False,Hold,,18.358340688437778,29.53323283773679,March-to-March,full,,,7,,93.51365546218489,84.59302325581395,23.871670999929734,65.63734824941115,47.73288948069241,88.57142857142857,19.425444596443228,0,-0.0,0,N/A-financial-sector,65.46,58.96,62.86,,,18.0,5.0,0.0,5.0,Hold,67.86,Hold,,,,,,,0.0,-12.6,0.0
RRKABEL,Capital Goods,Cyclical,27176.44191068761,0.1604502906951523,0.1886239023371358,0.1308737864077669,10.207792207792208,20.193703284293065,27.63192438960358,55.2239812162589,0.6403210449144525,0.6040732072116366,0.8191125189021815,0.3449123070851143,True,True,60.4225684447245,8066522.0,25260604.0,1256442549.7939453,,,55.2239812162589,61.6822429906542,55.55555555555556,58.61889927310488,72.24806201550388,82.39247311827957,False,42.40876724521585,86.42320802618218,Neutral,95.82917172695612,85.89161118508655,77.5027962716378,,,58.686730506155946,64.66666666666666,65.4422451901004,85.71428571428571,72.20873898114095,85.71428571428571,GREEN,Mid,10000000.0,GREEN,65.4422451901004,72.20873898114095,Hold,Hold,High,High,ttm(Mar 2026),ttm(Mar 2026),Mar 2026,False,False,Hold,,27.6187975846679,20.193703284293065,March-to-March,full,,,6,,58.61889927310488,71.36627906976744,42.40876724521585,86.42320802618218,85.89161118508655,,58.686730506155946,0,-0.0,0,GREEN,63.89,70.39,66.49,,,19.0,5.0,0.0,5.0,Hold,71.49,Hold,,,Y,,,,6.5,164.5,-10.0
JAYNECOIND,Capital Goods,Cyclical,8929.008178391046,0.1675336126003558,0.179511415297105,0.7423442449841605,3.1173708920187795,4.237954484108863,22.186443406858803,15.833046103919022,-0.035137388323873,0.0727696543879827,1.4188798531817968,0.9431769659329164,False,True,52.478405841748994,1412157.0,207185144.0,421031545.2751312,0.0,0.0,15.833046103919022,67.28971962616822,47.22222222222222,57.255970924195225,22.945736434108525,74.59677419354838,True,82.55430004233287,95.85283514564306,Neutral,19.256127669793354,85.89161118508655,77.5027962716378,29.747899159663863,33.36134453781512,89.46648426812585,40.266666666666666,65.13450578259368,100.0,55.848860265098345,100.0,GREEN,Small,2500000.0,GREEN,65.13450578259368,55.848860265098345,Hold,Hold,High,High,ttm(Jun 2026),ttm(Jun 2026),Jun 2026,False,False,Hold,,19.7850184749748,4.237954484108863,March-to-March,full,,,7,,57.255970924195225,23.25581395348837,82.55430004233287,95.85283514564306,85.89161118508655,29.747899159663863,89.46648426812585,0,-0.0,0,GREEN,65.19,55.22,61.2,,,10.0,0.0,0.0,0.0,Hold,61.2,Hold,,,,,,,0.5,200.8,-10.0
TENNIND,Automobile and Auto Components,Cyclical,22539.90734087584,0.3971398596622707,0.579382101160343,0.0425709515859766,27.205882352941178,3.835537139811196,10.511247443762771,37.29278238061915,-0.0637690861606604,0.0432913032521038,,,False,,38.82497564874142,11866912.0,,289925285.118927,,,37.29278238061915,97.82608695652172,98.91304347826086,98.3695652173913,21.86046511627907,41.935483870967744,False,50.42547958681752,,Neutral,15.81472465734808,100.0,53.26844207723036,,,,69.33333333333334,65.11374108914414,57.14285714285714,48.92249925070941,85.71428571428571,GREEN,Mid,10000000.0,GREEN,65.11374108914414,48.92249925070941,Hold,Hold,Med,High,annual,ttm(Mar 2026),Mar 2026,False,False,Hold,,10.511247443762773,3.835537139811196,March-to-March,<1y,52.800000000000004,6.0,4,"stage_3y<-1y,accumulation_3y<-1y",98.3695652173913,22.238372093023255,50.42547958681752,15.81472465734808,100.0,,69.33333333333334,0,-0.0,0,GREEN,58.24,49.09,54.58,,,8.0,-5.0,0.0,-5.0,Hold,49.58,Hold,score 40-50 (trim if weight >2.5%),,<1y,,,,3.9,24.3,-9.0
DIXON,Consumer Durables,NotCyclical,100796.70343603396,0.2952061114595158,0.3405532687528594,0.2125293991875133,13.627737226277372,58.853948722551095,25.766192326496995,61.100113717727325,0.2939969672642939,0.2908880583733759,-0.0806121648829011,0.163119954324471,True,True,75.67920090107249,5262971.0,-2020787.0,6359424913.0,3.1216666666666666,3.65,61.100113717727325,90.2439024390244,92.6829268292683,91.46341463414636,95.65891472868216,80.3763440860215,True,33.140854472630174,52.93736189267874,Extended,82.96703925948626,25.229560585885487,54.25752330226364,96.1344537815126,95.46218487394958,15.731874145006842,58.13333333333334,66.05132144409819,100.0,72.74271548110599,100.0,GREEN,Large,50000000.0,GREEN,65.05132144409819,71.74271548110599,Hold,Hold,High,High,ttm(Mar 2026),ttm(Mar 2026),Mar 2026,False,False,Hold,,25.766855378281008,58.853948722551095,March-to-March,full,,,7,,91.46341463414636,95.78488372093024,33.140854472630174,52.93736189267874,25.229560585885487,96.1344537815126,15.731874145006842,1,-1.0,0,GREEN,65.08,71.71,67.73,,,22.0,10.0,0.0,10.0,Hold,77.73,Hold,,,,,Y,Y,35.4,-38.4,237.0
CRIZAC,Consumer Services,NotCyclical,3303.891459212136,0.3812474317437962,0.4551925258260518,0.0034188034188034,,30.117444770610334,22.70588235294117,15.086262370831667,-0.1738978070896375,-0.2464535785212448,-0.4158538004537283,,False,False,32.610927504531304,-1401573.0,-2026799.0,46184138.45336151,,,15.086262370831667,100.0,100.0,100.0,85.27131782945736,75.53763440860214,False,67.31700237998491,4.887469169635517,Pulled back,3.819100486261845,7.985885486018644,14.776830892143808,,,15.595075239398083,19.6,61.95682161805641,85.71428571428571,50.92536856991524,85.71428571428571,GREEN,Small,2500000.0,GREEN,64.95682161805641,53.92536856991524,Hold,Hold,High,High,ttm(Mar 2026),ttm(Mar 2026),Mar 2026,False,False,Hold,,22.73262661955242,30.117444770610334,March-to-March,1-2y,,,6,,100.0,85.17441860465115,67.31700237998491,4.887469169635517,7.985885486018644,,15.595075239398083,0,-0.0,3,GREEN,63.86,53.97,59.9,,,15.0,5.0,0.0,5.0,Hold,64.9,Hold,,,Y,,,,10.1,24.6,-6.0
SYRMA,Capital Goods,Cyclical,29894.988376654463,0.1219060663856073,0.1494655018875768,0.13971358714635,11.354166666666666,33.00735527095367,27.25112226036441,85.26347451581213,0.4780713764465558,1.0191435050571678,1.102639459794594,1.8915572662851816,True,True,61.43280735007943,25527563.0,99356682.0,1303643184.916748,2.0575,3.2900000000000005,85.26347451581213,32.71028037383177,31.48148148148148,32.09588092765662,87.44186046511628,81.72043010752688,False,22.718068535825545,97.95178567038069,Neutral,94.4448145030873,85.89161118508655,77.5027962716378,92.10084033613444,94.11764705882352,80.1641586867305,80.66666666666666,64.76883601477083,100.0,66.88066454897475,100.0,GREEN,Mid,10000000.0,GREEN,64.76883601477083,66.88066454897475,Hold,Hold,High,High,ttm(Mar 2026),ttm(Mar 2026),Mar 2026,False,False,Hold,,27.25112226036441,33.00735527095367,March-to-March,full,,,7,,32.09588092765662,87.20930232558139,22.718068535825545,97.95178567038069,85.89161118508655,92.10084033613444,80.1641586867305,0,-0.0,0,GREEN,64.73,66.86,65.58,,,24.0,10.0,0.0,10.0,Hold,75.58,Hold,,,,,,,7.4,134.0,-14.0
CAPLIPOINT,Healthcare,NotCyclical,20584.103840682787,0.208210598012653,0.2280886542579782,0.0013943112102621,761.0,14.2368510073003,12.906556530717594,31.667852062588903,0.5115431929464125,0.4843029613043623,0.3123063015135137,0.8456073725362936,True,True,67.54753809267399,3708485.0,4844501.0,238680040.975708,-0.0033333333333333,0.1499999999999999,31.667852062588903,85.71428571428571,75.71428571428571,80.71428571428571,54.26356589147287,52.1505376344086,False,61.713657425587066,80.40423126521596,Neutral,91.8339785850988,66.50785619174435,90.47589880159788,29.2436974789916,47.22689075630252,33.378932968536255,52.0,61.74314845403831,100.0,72.04931145125445,100.0,GREEN,Mid,10000000.0,GREEN,64.7431484540383,75.04931145125445,Hold,Hold,High,High,ttm(Mar 2026),ttm(Mar 2026),Mar 2026,False,False,Hold,,12.906556530717594,14.236851007300299,March-to-March,full,,,7,,80.71428571428571,53.34302325581395,61.713657425587066,80.40423126521596,66.50785619174435,29.2436974789916,33.378932968536255,0,-0.0,3,GREEN,64.54,75.09,68.76,,,13.0,0.0,0.0,0.0,Hold,68.76,Hold,,,,,,,14.4,26.0,24.0
CRAMC,Financial Services,NotCyclical,5147.706750321061,0.2910371372760706,0.3836429415361518,0.0241610738255033,141.5,30.77355752456232,12.376237623762387,25.233856619220887,-0.0610684291823061,-0.0733001270649145,,,True,,57.34829191747451,1874226.0,-21363132.0,77543583.22198486,,,25.233856619220887,92.43697478991596,89.58333333333334,91.01015406162466,85.5813953488372,50.26881720430107,True,44.18245379804653,,Neutral,22.1790367403003,47.73288948069241,28.95792276964048,,,6.429548563611491,43.06666666666666,65.65426004114684,71.42857142857143,47.66238289612302,85.71428571428571,N/A-financial-sector,Small,2500000.0,GREEN,64.65426004114684,46.66238289612302,Hold,Hold,High,High,annual,ttm(Mar 2026),Mar 2026,False,False,Hold,,12.376237623762387,30.77355752456232,March-to-March,<1y,25.333333333333336,6.0,5,stage_3y<-1y,91.01015406162466,85.46511627906976,44.18245379804653,22.1790367403003,47.73288948069241,,6.429548563611491,1,-1.0,0,N/A-financial-sector,58.44,46.91,53.83,,,14.0,0.0,0.0,0.0,Hold,53.83,Hold,,,<1y,,,,0.4,-13.7,1.0
BANKINDIA,Financial Services,NotCyclical,65264.53131079252,0.0973731278109368,,1.3186820516240911,,,6.03719077803333,6.330830469569553,-0.0020092038130142,0.0030632417503853,0.2920043871569748,0.2680388705375345,True,True,50.98112185812039,14828924.0,283725962.0,1384891610.311119,1.4516666666666664,4.225,6.330830469569553,26.89075630252101,,26.89075630252101,,26.881720430107524,False,90.84010318843204,75.60789432270043,Neutral,39.23191536239733,47.73288948069241,28.95792276964048,87.73109243697479,96.80672268907564,91.92886456908344,72.39999999999999,64.61413902193765,85.71428571428571,48.05561973818536,100.0,N/A-financial-sector,Large,50000000.0,GREEN,64.61413902193765,48.05561973818536,Hold,Hold,High,High,ttm(Mar 2026),ttm(Mar 2026),Mar 2026,False,False,Hold,,17.475967463643084,,March-to-March,full,,,6,growth_3y<-1y,26.89075630252101,65.00672947510094,90.84010318843204,75.60789432270043,47.73288948069241,87.73109243697479,91.92886456908344,0,-0.0,0,N/A-financial-sector,64.7,54.92,60.79,,,12.0,0.0,0.0,0.0,Hold,60.79,Hold,,,Y,,,,,,
MARKSANS,Healthcare,NotCyclical,12543.05884636405,0.1496472401621352,0.1872560319847745,0.1134634469070459,25.041666666666668,16.799973000464853,12.466641250476563,29.832070000380888,0.5565292006999205,0.586574481484728,0.0855309584682852,0.4655563353120342,True,True,62.92780418160398,35426654.0,67270095.0,424391565.3866653,2.5266666666666664,1.2600000000000002,29.832070000380888,48.57142857142857,40.0,44.285714285714285,63.25581395348837,50.80645161290322,False,71.98696300950287,62.88026643227104,Neutral,94.43491911235604,66.50785619174435,90.47589880159788,94.28571428571428,82.52100840336134,73.32421340629274,84.13333333333334,64.31383442021676,100.0,71.55808868908198,100.0,GREEN,Mid,10000000.0,GREEN,64.31383442021676,71.55808868908198,Hold,Hold,High,High,ttm(Mar 2026),ttm(Mar 2026),Mar 2026,False,False,Hold,,12.50476553564621,16.799973000464853,March-to-March,full,,,7,,44.285714285714285,62.354651162790695,71.98696300950287,62.88026643227104,66.50785619174435,94.28571428571428,73.32421340629274,0,-0.0,0,GREEN,64.12,71.64,67.13,,,16.0,5.0,0.0,5.0,Hold,72.13,Hold,,,,,,,14.8,5.8,13.0
AVALON,Capital Goods,Cyclical,11804.893453972278,0.2570457799944518,0.1654562913791897,0.2954230235783633,11.533333333333331,19.26158346509477,45.99271402550092,104.46808366347148,0.6413779696473518,0.9853981801884252,1.0655565008307772,2.297453625292523,True,True,57.02663675720799,3241710.0,21049254.0,543348985.2932739,12.755,12.755,104.46808366347148,89.7196261682243,38.88888888888889,64.30425752855659,70.23255813953489,91.93548387096774,True,13.621413917743984,98.3765732765776,Neutral,97.72432045126332,85.89161118508655,77.5027962716378,99.07563025210084,99.07563025210084,55.81395348837209,49.73333333333333,64.28906110384298,100.0,70.72863383890474,100.0,GREEN,Small,2500000.0,GREEN,64.28906110384298,70.72863383890474,Hold,Hold,High,High,ttm(Mar 2026),ttm(Mar 2026),Mar 2026,False,False,Hold,,45.992714025500916,19.261583465094766,March-to-March,full,,,7,,64.30425752855659,69.3313953488372,13.621413917743984,98.3765732765776,85.89161118508655,99.07563025210084,55.81395348837209,0,-0.0,0,GREEN,64.13,70.71,66.76,,,22.0,10.0,0.0,10.0,Hold,76.76,Hold,,,,,,,18.8,5.1,12.0
FIVESTAR,Financial Services,NotCyclical,16312.266615140445,0.1547605377119681,,1.1109605744479067,,,13.031260976466452,14.8149641246187,0.1708170076527102,0.0893227227757655,-0.269756041873488,-0.30626361112248,True,True,66.839244028553,22972364.0,98060098.0,443486716.4456024,15.193333333333332,22.855,14.8149641246187,65.54621848739495,,65.54621848739495,,52.284946236559136,False,63.24367449281969,15.61601308821576,Neutral,68.99339423809971,47.73288948069241,28.95792276964048,99.07563025210084,99.07563025210084,79.75376196990423,78.93333333333334,61.24400106930236,85.71428571428571,62.91062902029496,100.0,N/A-financial-sector,Mid,10000000.0,GREEN,64.24400106930236,65.91062902029495,Hold,Hold,High,High,ttm(Mar 2026),ttm(Mar 2026),Mar 2026,False,False,Hold,,2.009702009702008,21.831933057492357,March-to-March,full,,,7,,65.54621848739495,75.5813953488372,63.24367449281969,15.61601308821576,47.73288948069241,99.07563025210084,79.75376196990423,1,-1.0,0,N/A-financial-sector,63.4,55.48,60.23,,,16.0,5.0,0.0,5.0,Hold,65.23,Hold,,,,,,,,,
INDGN,Healthcare,NotCyclical,12305.76305675793,0.1922894953318071,0.2265493389877377,0.0458744823192099,32.578947368421055,15.03127614496873,23.63508277562523,30.61414093511272,0.0589637558694948,9.79023510363497e-05,-0.0939799607284044,-0.0744500425106607,False,True,49.85060760202581,1880903.0,963147.0,94875247.76257324,,,30.61414093511272,80.0,72.85714285714285,76.42857142857142,57.20930232558139,77.68817204301075,False,76.5061258148119,35.82907628023989,Neutral,18.4096184260259,66.50785619174435,90.47589880159788,,,22.845417236662108,43.2,61.198087268002006,85.71428571428571,62.05743562576319,85.71428571428571,GREEN,Mid,10000000.0,GREEN,64.19808726800201,65.05743562576319,Hold,Hold,High,High,ttm(Mar 2026),ttm(Mar 2026),Mar 2026,False,False,Hold,,23.63508277562523,15.03127614496873,March-to-March,full,,,6,,76.42857142857142,56.25,76.5061258148119,35.82907628023989,66.50785619174435,,22.845417236662108,0,-0.0,3,GREEN,62.98,64.11,63.43,,,16.0,5.0,0.0,5.0,Hold,68.43,Hold,,,Y,,,,9.9,-58.5,-42.0
BANKBARODA,Financial Services,NotCyclical,129843.17512373056,0.1409669943907566,,1.0266957659357685,,,4.564955035621132,6.467830243598796,-0.0878224443836797,-0.1508000257589684,0.0795612198918673,0.0107295442906438,False,False,38.15786509143347,-21191119.0,114314317.0,3057204898.798508,0.6516666666666667,0.2300000000000013,6.467830243598796,57.14285714285714,,57.14285714285714,,22.446236559139784,False,91.62080514131836,28.099639339622225,Neutral,7.766031672674835,47.73288948069241,28.95792276964048,72.77310924369748,53.27731092436975,81.1217510259918,6.0,64.18056713195811,85.71428571428571,39.0905379237242,100.0,N/A-financial-sector,Large,50000000.0,GREEN,64.18056713195811,39.0905379237242,Hold,Sell,High,High,ttm(Mar 2026),ttm(Mar 2026),Mar 2026,False,False,Sell,,5.642633228840133,-9.735866450069286,March-to-March,full,,,7,,57.14285714285714,3.1976744186046515,91.62080514131836,28.099639339622225,47.73288948069241,72.77310924369748,81.1217510259918,0,-0.0,0,N/A-financial-sector,50.76,39.94,46.44,,,9.0,-5.0,0.0,-5.0,Hold,41.44,Hold,score 40-50 (trim if weight >2.5%),,,,,,,,
DATAPATTNS,Capital Goods,Cyclical,23160.519363217583,0.1470682854866738,0.2078547261325021,0.0028801843317972,31.166666666666668,26.866758493294228,30.508474576271198,85.4631710819837,0.1946013916493996,0.5984564546956397,0.4582950329630284,0.2427218214363062,False,True,40.31182055513148,7787238.0,40028774.0,3929034364.855957,1.205,0.0,85.4631710819837,52.33644859813084,68.51851851851852,60.42748355832468,81.08527131782945,84.81182795698925,False,20.898976412995104,78.58296361800555,Neutral,42.04659572226463,85.89161118508655,77.5027962716378,84.36974789915966,33.36134453781512,65.11627906976744,63.33333333333333,64.11844176101526,100.0,52.63151373711046,100.0,GREEN,Mid,10000000.0,GREEN,64.11844176101526,52.63151373711046,Hold,Hold,High,High,ttm(Mar 2026),ttm(Mar 2026),Mar 2026,False,False,Hold,,30.649717514124287,26.866758493294228,March-to-March,full,,,7,,60.42748355832468,81.1046511627907,20.898976412995104,78.58296361800555,85.89161118508655,84.36974789915966,65.11627906976744,0,-0.0,0,GREEN,64.12,52.59,59.51,,,18.0,5.0,0.0,5.0,Hold,64.51,Hold,,,,,,,6.9,14.7,-21.0
CAMS,Financial Services,NotCyclical,18464.541066487636,0.3804256865031135,0.5036164803644547,0.048448145344436,97.57142857142856,15.96964083374708,6.610407876230662,39.07908301695825,0.0076652349810368,0.0671505864201384,-0.0572447387057263,0.0327222832973874,False,True,41.655340672088464,6554030.0,23568704.0,872762309.0673218,1.8333333333333337,3.3950000000000005,39.07908301695825,96.63865546218489,97.91666666666666,97.27766106442576,60.93023255813953,28.49462365591398,False,36.18027288417076,43.3134984908858,Neutral,23.517110560890327,47.73288948069241,28.95792276964048,90.58823529411764,94.45378151260503,57.45554035567716,61.73333333333333,64.10079161894387,100.0,48.63790764311303,100.0,N/A-financial-sector,Mid,10000000.0,GREEN,64.10079161894387,48.63790764311303,Hold,Hold,High,High,ttm(Mar 2026),ttm(Mar 2026),Mar 2026,False,False,Hold,,6.610407876230662,15.969640833747079,March-to-March,full,,,7,,97.27766106442576,59.883720930232556,36.18027288417076,43.3134984908858,47.73288948069241,90.58823529411764,57.45554035567716,0,-0.0,0,N/A-financial-sector,63.87,48.94,57.9,,,13.0,0.0,0.0,0.0,Hold,57.9,Hold,,,,,,,8.1,-12.1,-2.0
NEULANDLAB,Healthcare,NotCyclical,24057.537626449543,0.1908605110733741,0.2606608391048898,0.1605333333333333,24.166666666666668,19.314907007563043,36.96682464454977,66.09446598519563,0.233456124194185,0.3088789613290521,0.5256100108368151,1.440161596166914,True,True,57.99675660716574,458725.0,928089.0,626127297.5,0.8283333333333333,1.66,66.09446598519563,78.57142857142857,85.71428571428571,82.14285714285714,70.54263565891473,88.84408602150538,True,25.92967093379408,93.02009128757776,Neutral,77.80501917496417,66.50785619174435,90.47589880159788,77.31092436974791,86.21848739495799,22.43502051983584,32.666666666666664,64.05027968965605,100.0,72.12614129376837,100.0,GREEN,Mid,10000000.0,GREEN,64.05027968965605,72.12614129376837,Hold,Hold,High,High,ttm(Mar 2026),ttm(Mar 2026),Mar 2026,False,False,Hold,,36.96682464454977,19.314907007563043,March-to-March,full,,,7,,82.14285714285714,69.62209302325581,25.92967093379408,93.02009128757776,66.50785619174435,77.31092436974791,22.43502051983584,0,-0.0,0,GREEN,63.85,72.03,67.12,,,20.0,10.0,0.0,10.0,Hold,77.12,Hold,,,,,,,5.1,126.6,-65.0
GRAVITA,Metals & Mining,Cyclical,13475.272798129385,0.2242836820395831,0.1955710618472777,0.300163132137031,17.4,15.045236767281224,10.289555325749731,35.64192480031171,0.1098640942148196,0.1255690737789383,0.0522229547236865,0.3243031007515622,True,True,62.09288560896445,3183967.0,8901774.0,302928399.809021,1.508333333333333,3.54,35.64192480031171,75.0,66.66666666666666,70.83333333333333,57.36434108527132,41.39784946236559,False,48.64886515353805,51.28762865758132,Neutral,68.74626699465912,94.9462050599201,6.26444740346205,88.0672268907563,95.04201680672269,41.4500683994528,49.6,63.98088311701469,100.0,52.54042697838001,100.0,GREEN,Mid,10000000.0,GREEN,63.98088311701469,52.54042697838001,Hold,Hold,High,High,ttm(Mar 2026),ttm(Mar 2026),Mar 2026,False,False,Hold,,10.235202894804862,15.045236767281223,March-to-March,full,,,7,,70.83333333333333,56.395348837209305,48.64886515353805,51.28762865758132,94.9462050599201,88.0672268907563,41.4500683994528,0,-0.0,0,GREEN,63.81,52.6,59.33,,,20.0,10.0,0.0,10.0,Hold,69.33,Hold,,,,,,,17.2,73.4,-34.0
EICHERMOT,Automobile and Auto Components,Cyclical,203486.6582114792,0.1923735648067734,0.2199431336897693,0.0204780876494023,80.34722222222223,17.466038536149764,24.048754636989923,36.89327630793714,0.024230291315753,0.0019584008643975,0.3389207002744714,0.5980723528247314,True,True,52.668515219645535,-2236551.0,1020172.0,3361972580.0,0.0333333333333338,-0.2249999999999987,36.89327630793714,76.08695652173914,65.21739130434783,70.65217391304348,64.8062015503876,78.09139784946237,False,51.07068684171488,81.13398327133349,Neutral,42.55537070025767,100.0,53.26844207723036,33.4453781512605,20.33613445378151,23.25581395348837,17.333333333333336,63.71397896263026,100.0,51.75732767006453,100.0,GREEN,Large,50000000.0,GREEN,63.71397896263026,51.75732767006453,Hold,Hold,High,High,ttm(Mar 2026),ttm(Mar 2026),Mar 2026,False,False,Hold,,24.048754636989923,17.466038536149764,March-to-March,full,,,7,,70.65217391304348,63.95348837209303,51.07068684171488,81.13398327133349,100.0,33.4453781512605,23.25581395348837,0,-0.0,0,GREEN,63.56,51.75,58.84,,,14.0,0.0,0.0,0.0,Hold,58.84,Hold,,,,,Y,,31.4,-73.8,235.0
IIFLCAPS,Financial Services,NotCyclical,10552.3083550287,0.2351688031749302,0.268315546254012,0.5941272430668841,4.038095238095238,21.148789825607505,0.582120582120571,18.657996341808765,0.0849557325711485,-0.0805466719231915,0.0313370544397348,0.6823764114972395,False,True,44.67885226547453,-667482.0,22443327.0,154074911.2286682,,,18.657996341808765,84.87394957983193,68.75,76.81197478991596,74.57364341085271,13.03763440860215,True,49.02343475511208,64.3042485170858,Neutral,24.524952239017285,47.73288948069241,28.95792276964048,,,56.49794801641587,22.4,64.60048048290491,85.71428571428571,37.75098856965737,85.71428571428571,N/A-financial-sector,Small,2500000.0,GREEN,63.60048048290491,36.75098856965737,Hold,Sell,High,High,ttm(Mar 2026),ttm(Mar 2026),Mar 2026,False,False,Sell,,-3.9682539682539653,21.148789825607505,March-to-March,full,,,6,,76.81197478991596,73.83720930232558,49.02343475511208,64.3042485170858,47.73288948069241,,56.49794801641587,2,-3.0,0,N/A-financial-sector,60.12,35.08,50.11,,,12.0,0.0,0.0,0.0,Hold,50.11,Hold,,,Y,,,,24.2,-222.8,135.0
KPITTECH,Information Technology,NotCyclical,15105.80363218246,0.2454703918912502,0.3458199976268289,0.2366563117763343,16.486486486486488,24.252096704797243,10.49298185552894,23.71397744455645,-0.2492511475257243,-0.5291358380430254,-0.562187621953572,-0.6685539554471183,False,False,24.70214210947668,-23441643.0,-58358110.0,1224247652.560852,1.6049999999999998,1.1099999999999994,23.71397744455645,77.14285714285715,88.57142857142857,82.85714285714286,78.91472868217055,41.80107526881721,False,79.16629580180982,1.3270531668355228,Pulled back,3.811267270533813,13.445272969374168,39.41065246338216,88.90756302521008,80.50420168067227,3.4199726402188784,5.466666666666667,60.29964531062815,100.0,47.85909073051574,100.0,GREEN,Mid,10000000.0,GREEN,63.29964531062815,50.85909073051574,Hold,Hold,High,High,ttm(Mar 2026),ttm(Mar 2026),Mar 2026,False,False,Hold,,10.492981855528939,24.252096704797243,March-to-March,full,,,7,,82.85714285714286,78.34302325581395,79.16629580180982,1.3270531668355228,13.445272969374168,88.90756302521008,3.4199726402188784,0,-0.0,3,GREEN,63.17,50.97,58.29,,,13.0,0.0,0.0,0.0,Hold,58.29,Hold,,,,,,,3.0,-139.1,-144.0
REDINGTON,Services,NotCyclical,18599.811533940927,0.1767678908285365,0.1933993594689025,0.2797244094488189,4.922431865828092,14.502341438087306,19.961946564117028,14.485834527991374,0.2403344411544627,0.0333774032626976,-0.0588268766881256,0.3761604717545654,True,True,59.34270372996007,147090621.0,407267160.0,652977793.3746109,3.016666666666666,-1.7700000000000014,14.485834527991374,70.83333333333334,68.0,69.41666666666667,55.19379844961241,70.6989247311828,False,57.76101468624833,51.619765959716766,Neutral,73.13068689196126,32.419973368841546,58.78482023968043,95.63025210084034,2.857142857142857,94.8016415868673,95.86666666666666,63.29227751056237,100.0,63.4650284415,100.0,GREEN,Mid,10000000.0,GREEN,63.29227751056237,63.4650284415,Hold,Hold,High,High,ttm(Mar 2026),ttm(Mar 2026),Mar 2026,False,False,Hold,,19.960939859464034,14.502341438087306,March-to-March,full,,,7,,69.41666666666667,54.360465116279066,57.76101468624833,51.619765959716766,32.419973368841546,95.63025210084034,94.8016415868673,0,-0.0,0,GREEN,63.11,63.53,63.28,,,16.0,5.0,0.0,5.0,Hold,68.28,Hold,,,,,,,1.9,-236.0,-821.0
LUMAXTECH,Automobile and Auto Components,Cyclical,12017.827138292329,0.1780613756456328,0.2051890213137476,1.0165152766308836,6.276190476190476,38.15099651331679,33.9015672257355,35.65249326525079,-0.1874234128462922,-0.0346082109897211,0.2912975751871556,1.5638558657278765,False,False,38.54461770044234,129213.0,12389159.0,228409259.0756836,0.0149999999999998,-0.3600000000000003,35.65249326525079,69.56521739130434,58.69565217391305,64.13043478260869,90.3875968992248,86.96236559139786,False,47.40496100063242,40.87612914197933,Neutral,7.292760452177989,100.0,53.26844207723036,31.93277310924369,15.630252100840336,46.785225718194255,29.2,63.29019064718783,100.0,43.14356805142789,100.0,GREEN,Mid,10000000.0,GREEN,63.29019064718783,43.14356805142789,Hold,Hold,High,High,ttm(Mar 2026),ttm(Mar 2026),Mar 2026,False,False,Hold,,33.9015672257355,38.15099651331679,March-to-March,full,,,7,,64.13043478260869,90.26162790697676,47.40496100063242,40.87612914197933,100.0,31.93277310924369,46.785225718194255,0,-0.0,0,GREEN,63.27,43.07,55.19,,,18.0,5.0,0.0,5.0,Hold,60.19,Hold,,,,,,,7.9,36.4,-19.0
RHIM,Capital Goods,Cyclical,8385.09696129199,0.0775287561362713,0.2058907622589832,0.1258073574838528,11.945945945945946,13.82388390044158,9.360544217687083,-21.893203554287183,0.0099527247094963,-0.0884796653414741,-0.1561809844665465,-0.3467397129855888,True,False,56.54313824556656,74465442.0,83879166.0,84720847.43077087,1.241666666666667,3.54,,16.822429906542055,65.74074074074075,41.2815853236414,53.7984496124031,38.30645161290322,False,89.60972353381746,11.982946769769908,Neutral,34.529813159570324,85.89161118508655,77.5027962716378,85.04201680672269,95.04201680672269,77.1545827633379,91.46666666666668,63.22137554254625,100.0,61.03246988217165,100.0,GREEN,Small,2500000.0,GREEN,63.22137554254625,61.03246988217165,Hold,Hold,High,High,ttm(Mar 2026),ttm(Mar 2026),Mar 2026,False,False,Hold,,9.417528579205236,13.82388390044158,March-to-March,full,,,7,,41.2815853236414,52.90697674418605,89.60972353381746,11.982946769769908,85.89161118508655,85.04201680672269,77.1545827633379,0,-0.0,0,GREEN,63.06,61.19,62.31,,,10.0,0.0,0.0,0.0,Hold,62.31,Hold,,,,,,,,-85.4,-552.0
LICI,Financial Services,NotCyclical,554417.6397769579,0.4945466494548318,0.4569185635125532,0.0,,7.611313253053642,9.991808703449223,9.652058749019352,0.0833818994791668,0.0786276443895299,-0.0144791591042804,-0.0980544969935807,True,True,60.78873937591503,62764949.0,67046691.0,1269648314.5676422,-0.048,-0.02,9.652058749019352,99.15966386554622,95.83333333333334,97.49649859943978,33.02325581395349,40.18817204301075,False,73.87058450815776,42.74894657175738,Neutral,56.622503472876815,47.73288948069241,28.95792276964048,25.04201680672269,31.09243697478992,73.05061559507524,89.33333333333333,60.082191104776,100.0,60.74010815101272,100.0,N/A-financial-sector,Large,50000000.0,GREEN,63.082191104776,63.74010815101272,Hold,Hold,High,High,ttm(Mar 2026),ttm(Mar 2026),Mar 2026,False,False,Hold,,9.865725810982395,7.611313253053642,March-to-March,full,,,7,,97.49649859943978,32.848837209302324,73.87058450815776,42.74894657175738,47.73288948069241,25.04201680672269,73.05061559507524,0,-0.0,3,N/A-financial-sector,63.04,63.92,63.39,,,15.0,5.0,0.0,5.0,Hold,68.39,Hold,,,,,,,10.1,-9773.3,1926.0
CORONA,Healthcare,NotCyclical,12619.969670749711,0.2223413041605365,0.3020859385142065,0.2208835341365461,42.0,16.6456288186096,17.307692307692314,68.23859558307171,0.2820056925955938,0.4826881546822981,,,True,,70.44465900070314,1119188.0,,44130726.1126709,,,68.23859558307171,91.42857142857144,95.71428571428572,93.57142857142858,62.63565891472869,64.51612903225806,False,21.79219351291919,,Extended,81.94927431902201,66.50785619174435,90.47589880159788,,,,38.13333333333333,62.79107697534906,57.14285714285714,69.11475461376354,85.71428571428571,GREEN,Mid,10000000.0,GREEN,62.79107697534906,69.11475461376354,Hold,Hold,Med,High,annual,ttm(Mar 2026),Mar 2026,False,False,Hold,,17.307692307692314,16.6456288186096,March-to-March,<1y,88.8,6.0,4,"stage_3y<-1y,accumulation_3y<-1y",93.57142857142858,61.77325581395349,21.79219351291919,81.94927431902201,66.50785619174435,,38.13333333333333,0,-0.0,0,GREEN,61.58,67.53,63.96,,,17.0,5.0,0.0,5.0,Hold,68.96,Hold,,,<1y,,,,-3.8,11.3,-15.0
GABRIEL,Automobile and Auto Components,Cyclical,19574.15314503205,0.1899846108675413,0.2908239331782728,0.1081871345029239,31.285714285714285,,14.837598425196852,77.63097671821612,0.3392935932303114,0.4310308483194955,0.2637987543008557,1.7728120096140478,True,True,70.32470786068791,5024153.0,11805893.0,330272795.0430298,0.71,0.3850000000000002,77.63097671821612,73.91304347826086,86.95652173913044,80.43478260869566,,56.72043010752689,False,13.701075117700794,80.8215901611709,Extended,89.37864032504233,100.0,53.26844207723036,74.78991596638656,60.67226890756302,45.96443228454172,56.93333333333334,62.75893229678174,85.71428571428571,59.47920664227303,100.0,GREEN,Mid,10000000.0,GREEN,62.75893229678174,59.47920664227303,Hold,Hold,High,High,ttm(Mar 2026),ttm(Mar 2026),Mar 2026,False,False,Hold,,14.86586266305685,,March-to-March,full,,,6,growth_3y<-1y,80.43478260869566,57.065948855989234,13.701075117700794,80.8215901611709,100.0,74.78991596638656,45.96443228454172,0,-0.0,0,GREEN,61.73,59.53,60.85,,,16.0,5.0,0.0,5.0,Hold,65.85,Hold,,,Y,,,,3.9,-10.0,-13.0
HINDALCO,Metals & Mining,Cyclical,215572.85008450487,0.1022088889380112,0.149119281256724,0.7260420403710565,10.022988505747126,7.19685771317724,15.282436602710314,16.095637379076656,-0.0501803531789514,0.02990964782283,0.4477622980160061,0.4012399996576508,False,True,41.972063290533086,-32066339.0,156128126.0,5363211010.443817,0.7866666666666671,0.2550000000000025,16.095637379076656,37.5,29.166666666666668,33.333333333333336,31.782945736434108,58.602150537634415,False,67.55212077641984,80.54413804333787,Neutral,24.919460337613355,94.9462050599201,6.26444740346205,76.9747899159664,55.12605042016807,86.04651162790698,3.733333333333334,62.6760928918652,100.0,37.2856034553165,100.0,GREEN,Large,50000000.0,GREEN,62.6760928918652,37.2856034553165,Hold,Sell,High,High,ttm(Mar 2026),ttm(Mar 2026),Mar 2026,False,False,Sell,,15.282436602710314,7.19685771317724,March-to-March,full,,,7,,33.333333333333336,31.686046511627907,67.55212077641984,80.54413804333787,94.9462050599201,76.9747899159664,86.04651162790698,0,-0.0,0,GREEN,62.66,37.26,52.5,,,10.0,0.0,0.0,0.0,Hold,52.5,Hold,,,,,,,-22.0,-1785.6,-5906.0
ADANIPOWER,Power,NotCyclical,421791.22597634257,0.318400912451968,0.1908150594207143,0.8418929115912346,5.882387882387882,11.840584344718842,-3.4926961194242323,32.51801911775056,0.0783747714467737,0.5104617097846103,0.7929464830095805,0.5512499561450535,False,True,43.61509282728949,-104863707.0,858512713.0,7424100785.176575,0.2333333333333335,3.280000000000001,32.51801911775056,90.47619047619048,90.47619047619048,90.47619047619048,47.44186046511628,8.333333333333332,True,46.90799854351256,90.7771201344218,Neutral,39.50198278076312,35.61571238348868,2.060452729693742,54.45378151260504,93.94957983193277,97.94801641586868,1.0666666666666669,65.61775182838598,100.0,43.07716151716799,100.0,GREEN,Large,50000000.0,GREEN,62.61775182838598,40.07716151716799,Hold,Hold,High,High,ttm(Mar 2026),ttm(Mar 2026),Mar 2026,False,False,Hold,,-3.490916854972159,11.840584344718842,March-to-March,full,,,7,,90.47619047619048,46.80232558139535,46.90799854351256,90.7771201344218,35.61571238348868,54.45378151260504,97.94801641586868,2,-3.0,0,GREEN,62.48,40.37,53.63,,,12.0,0.0,-6.0,-6.0,Sell,47.63,Hold,score 40-50 (trim if weight >2.5%) + analyst view,Analyst Sell -> Trim,,,,,23.4,-864.3,1035.0
KSB,Capital Goods,Cyclical,,,,,,,4.607046070460696,61.40551281680817,-0.0655228325616311,0.2503199925851147,0.0430347717765544,-0.0507452011497735,True,True,50.66955277885068,1693338.0,22115994.0,119816701.2381897,0.1616666666666666,0.2500000000000002,61.40551281680817,,,,,22.58064516129032,False,,49.92596425688105,Neutral,40.66240980148002,85.89161118508655,77.5027962716378,47.73109243697479,54.78991596638656,56.36114911080712,41.73333333333333,62.373561685884056,57.14285714285714,47.44862092891864,71.42857142857143,GREEN,,,GREEN,62.373561685884056,47.44862092891864,Hold,Hold,Med,High,ttm(Mar 2026),ttm(Mar 2026),Mar 2026,False,True,Hold,,4.607046070460696,,engine TTM (no FY pair),full,,,4,growth_3y<-1y,,24.62987886944818,,49.92596425688105,85.89161118508655,47.73109243697479,56.36114911080712,0,-0.0,0,GREEN,50.75,48.58,49.88,,,13.0,0.0,0.0,0.0,Hold,49.88,Hold,score 40-50 (trim if weight >2.5%),,Y,,,,,,
USHAMART,Capital Goods,Cyclical,15246.337475474164,0.1656458480312622,0.1581487169550351,0.0693519079345851,35.25,4.140741542275417,6.246401842256755,32.71746239372139,0.1235261089275687,0.1590592977888403,0.361184814796085,0.2490969832588521,True,True,53.05445137845618,8979615.0,30131390.0,214946311.9666443,1.1916666666666669,2.135,32.71746239372139,66.35514018691589,36.11111111111111,51.2331256490135,22.79069767441861,27.284946236559136,False,74.53604806408545,74.0943746246218,Neutral,66.38503105263057,85.89161118508655,77.5027962716378,84.03361344537815,88.23529411764706,61.2859097127223,66.0,62.358906799644274,100.0,63.84605758166156,100.0,GREEN,Mid,10000000.0,GREEN,62.358906799644274,63.84605758166156,Hold,Hold,High,High,ttm(Mar 2026),ttm(Mar 2026),Mar 2026,False,False,Hold,,6.246401842256755,4.140741542275417,March-to-March,full,,,7,,51.2331256490135,23.11046511627907,74.53604806408545,74.0943746246218,85.89161118508655,84.03361344537815,61.2859097127223,0,-0.0,0,GREEN,62.42,64.1,63.09,,,10.0,0.0,0.0,0.0,Hold,63.09,Hold,,,,,,,7.5,70.7,-11.0
JSLL,Consumer Services,NotCyclical,7189.814822413339,0.3525720007251056,0.4425876325808071,0.2719486081370449,26.846153846153847,75.96990265124597,70.78891257995737,32.40470715167811,-0.1444428516469962,-0.1936114438572787,0.0443445555615464,-0.4710301642022039,False,False,47.03982583955676,-1228028.0,3025006.0,330480782.4855652,0.4475,0.895,32.40470715167811,95.65217391304348,97.82608695652172,96.7391304347826,97.984496124031,96.10215053763442,False,38.06785859406745,24.72509548870399,Neutral,4.278626111696497,7.985885486018644,14.776830892143808,65.71428571428571,76.30252100840336,29.13816689466484,20.0,62.342632957577,100.0,51.48341633893197,100.0,GREEN,Small,2500000.0,GREEN,62.342632957577,51.48341633893197,Hold,Hold,High,High,annual,ttm(Mar 2026),Mar 2026,False,False,Hold,,70.78891257995737,75.96990265124597,March-to-March,full,,,7,,96.7391304347826,99.05523255813954,38.06785859406745,24.72509548870399,7.985885486018644,65.71428571428571,29.13816689466484,0,-0.0,0,GREEN,62.58,51.46,58.13,,,28.0,15.0,0.0,15.0,Hold,73.13,Hold,,,,,,,2.7,108.2,1.0
NUVAMA,Financial Services,NotCyclical,33576.77960116498,0.2214699866906723,0.1573239173994945,2.8012618296529967,2.498464687819857,27.715940566952057,11.42925890279114,32.11130477241848,0.3516482544314558,0.3126245741654962,0.2856618659540395,1.0604358465521977,True,True,55.79611341002312,7876754.0,11361295.0,719176038.7022705,,,32.11130477241848,83.19327731092437,56.25,69.72163865546219,82.63565891472868,45.96774193548387,True,35.66690546745254,82.67187004091669,Neutral,89.83838682245039,47.73288948069241,28.95792276964048,,,44.87004103967168,63.73333333333333,63.313553711071386,85.71428571428571,58.98138794370438,85.71428571428571,N/A-financial-sector,Mid,10000000.0,GREEN,62.313553711071386,57.98138794370438,Hold,Hold,High,High,ttm(Mar 2026),ttm(Mar 2026),Mar 2026,False,False,Hold,,11.268620855358002,27.715940566952057,March-to-March,full,,,6,,69.72163865546219,82.55813953488372,35.66690546745254,82.67187004091669,47.73288948069241,,44.87004103967168,1,-1.0,0,N/A-financial-sector,61.1,57.25,59.56,,,15.0,5.0,0.0,5.0,Hold,64.56,Hold,,,Y,,,,2.4,-29.2,19.0
SKYGOLD,Consumer Durables,NotCyclical,9872.37927122513,0.1968631045895618,0.1618290864963297,0.7247706422018348,5.493670886075949,76.03403419620913,77.423900789177,34.77374369871683,0.5126367246829435,0.8859264815288432,0.9641843616139514,2.2200410532128827,True,True,70.4276320689262,18629434.0,47047115.0,489158381.4941712,0.03,0.0849999999999999,34.77374369871683,73.17073170731707,36.58536585365854,54.8780487804878,99.06976744186046,97.04301075268818,False,35.71276853987135,97.955272807121,Extended,95.05533977413718,25.229560585885487,54.25752330226364,33.10924369747899,41.84873949579832,67.57865937072503,75.33333333333333,62.27746353784245,100.0,68.55423570778706,100.0,GREEN,Small,2500000.0,GREEN,62.27746353784245,68.55423570778706,Hold,Hold,High,High,ttm(Mar 2026),ttm(Mar 2026),Mar 2026,False,False,Hold,,77.423900789177,76.03403419620913,March-to-March,full,,,7,,54.8780487804878,99.05523255813954,35.71276853987135,97.955272807121,25.229560585885487,33.10924369747899,67.57865937072503,0,-0.0,0,GREEN,62.27,68.58,64.8,,,28.0,15.0,0.0,15.0,Hold,79.8,Hold,,,,,,,9.5,84.5,3.0
CHOICEIN,Financial Services,NotCyclical,19649.006570056616,0.1585086986256601,0.1728679094228996,0.5430622009569378,4.49438202247191,41.73567577986279,22.96703296703297,79.46797789024016,0.112858704705627,-0.0047504923969453,0.1496579299511944,1.0610705583394946,True,True,63.28004494798468,19716592.0,33049373.0,516487731.9744568,1.3833333333333335,0.1800000000000001,79.46797789024016,67.22689075630252,58.333333333333336,62.780112044817926,91.93798449612405,76.0752688172043,True,17.350613826565503,75.06672921369683,Neutral,56.017082741197854,47.73288948069241,28.95792276964048,87.05882352941177,50.16806722689076,62.927496580027366,76.26666666666667,63.211686959055406,100.0,52.29394713448321,100.0,N/A-financial-sector,Mid,10000000.0,GREEN,62.211686959055406,51.29394713448321,Hold,Hold,High,High,ttm(Mar 2026),ttm(Mar 2026),Mar 2026,False,False,Hold,,21.498371335504896,41.73567577986279,March-to-March,full,,,7,,62.780112044817926,91.71511627906976,17.350613826565503,75.06672921369683,47.73288948069241,87.05882352941177,62.927496580027366,1,-1.0,0,N/A-financial-sector,62.16,50.8,57.62,,,18.0,5.0,0.0,5.0,Hold,62.62,Hold,,,,,,,7.9,41.6,24.0
SHAKTIPUMP,Capital Goods,Cyclical,6802.323909918543,0.1549067289264739,0.2278936469804965,0.2961876832844575,7.152542372881356,40.73070479777472,7.151370679380209,26.090564248458985,-0.0083799318966918,-0.2367180172490137,-0.4008304224329168,-0.2286330894502118,True,False,45.216700320664536,28843418.0,161552349.0,389373505.66897583,0.0566666666666666,0.255,26.090564248458985,57.943925233644855,75.92592592592592,66.93492557978539,91.31782945736434,30.64516129032258,True,55.33198736526752,6.551354722442423,Neutral,26.64975853936212,85.89161118508655,77.5027962716378,36.63865546218487,54.95798319327732,87.00410396716826,82.13333333333334,63.17400869496844,100.0,51.47398453625376,100.0,GREEN,Small,2500000.0,GREEN,62.17400869496844,50.47398453625376,Hold,Hold,High,High,ttm(Mar 2026),ttm(Mar 2026),Mar 2026,False,False,Hold,,7.233704292527832,40.73070479777472,March-to-March,full,,,7,,66.93492557978539,91.13372093023256,55.33198736526752,6.551354722442423,85.89161118508655,36.63865546218487,87.00410396716826,1,-1.0,0,GREEN,62.14,50.72,57.57,,,13.0,0.0,0.0,0.0,Hold,57.57,Hold,,,,,,,6.7,-224.6,7.0
DCBBANK,Financial Services,NotCyclical,6001.884576585185,0.1069580052929353,,0.931293037490436,,,14.45131375579598,8.113626256734328,-0.0286712680534447,0.0189366753897635,0.3172544297116328,0.4226264805650557,True,True,51.22056309955576,5129259.0,53010441.0,176163971.38713837,0.7016666666666665,-0.2099999999999999,8.113626256734328,30.252100840336134,,30.252100840336134,,54.97311827956989,False,90.4751774295552,78.9648801928955,Neutral,35.29759474605912,47.73288948069241,28.95792276964048,74.45378151260505,21.008403361344534,69.08344733242134,57.2,62.119395035649,85.71428571428571,45.96357940387689,100.0,N/A-financial-sector,Small,2500000.0,GREEN,62.119395035649,45.96357940387689,Hold,Hold,High,High,ttm(Mar 2026),ttm(Mar 2026),Mar 2026,False,False,Hold,,26.66666666666666,-8.229250845207481,March-to-March,full,,,7,,30.252100840336134,3.9244186046511627,90.4751774295552,78.9648801928955,47.73288948069241,74.45378151260505,69.08344733242134,0,-0.0,0,N/A-financial-sector,49.32,50.65,49.85,,,14.0,0.0,0.0,0.0,Hold,49.85,Hold,score 40-50 (trim if weight >2.5%),,,,,,,,
NLCINDIA,Power,NotCyclical,44619.61992158664,0.1317653646780181,0.1174414779060234,1.295795586527294,4.572831423895254,2.660813221704728,14.456806282722525,11.838583157757135,-0.0119927511854326,0.1943723030042712,0.3507964360102875,0.1538505587019047,False,True,40.3414824446598,-62344016.0,120755596.0,1381475760.189819,0.5616666666666666,1.285,11.838583157757135,61.90476190476191,66.66666666666666,64.28571428571428,17.364341085271317,55.107526881720425,False,89.38948901565725,76.69869920577432,Neutral,31.86426445394672,35.61571238348868,2.060452729693742,68.82352941176471,82.85714285714286,82.21614227086184,2.1333333333333333,59.1096574031692,100.0,50.72662751541271,100.0,GREEN,Large,50000000.0,GREEN,62.1096574031692,53.72662751541271,Hold,Hold,High,High,ttm(Mar 2026),ttm(Mar 2026),Mar 2026,False,False,Hold,,14.149588826523951,2.6608132217047276,March-to-March,full,,,7,,64.28571428571428,17.732558139534884,89.38948901565725,76.69869920577432,35.61571238348868,68.82352941176471,82.21614227086184,0,-0.0,3,GREEN,62.19,53.67,58.78,,,9.0,-5.0,0.0,-5.0,Hold,53.78,Hold,,,,Y,Y,,48.7,169.3,121.0
HAL,Capital Goods,Cyclical,296540.8585438829,0.2316886017390645,0.2866369810725512,0.0002680246582685,1628.3333333333333,7.1104615311553765,6.804170297924528,32.52971243351064,0.0205546794078719,0.0040961459206785,-0.0781743868850208,-0.1941177232789223,True,True,53.080491186170185,-5500087.0,-7422829.0,3634604780.6748047,0.1633333333333335,-0.3249999999999993,32.52971243351064,85.98130841121495,88.88888888888889,87.43509865005191,31.472868217054263,29.435483870967744,False,76.58371161548732,35.76494247149361,Neutral,42.70226834170044,85.89161118508655,77.5027962716378,48.23529411764706,17.142857142857142,9.849521203830369,11.733333333333333,58.93177030471745,100.0,55.519873803450736,100.0,GREEN,Large,50000000.0,GREEN,61.93177030471745,58.519873803450736,Hold,Hold,High,High,ttm(Mar 2026),ttm(Mar 2026),Mar 2026,False,False,Hold,,6.804170297924528,7.1104615311553765,March-to-March,full,,,7,,87.43509865005191,31.3953488372093,76.58371161548732,35.76494247149361,85.89161118508655,48.23529411764706,9.849521203830369,0,-0.0,3,GREEN,61.92,58.73,60.64,,,12.0,0.0,-6.0,-6.0,Sell,54.64,Hold,analyst view,Analyst Sell OVERRULED (score > 50),,Y,Y,,30.8,-505.6,1135.0
SARDAEN,Metals & Mining,Cyclical,17460.21148701091,0.1499281575662519,0.1708880027869138,0.3571234735413839,7.323770491803279,10.545559292759688,22.5716131811329,15.74410413616854,-0.1538791451691705,0.0235135183321053,0.0940798824837789,1.0129665693239334,False,False,39.40205311032832,-3025543.0,17296221.0,163712618.332489,0.4466666666666666,0.205,15.74410413616854,50.0,37.5,43.75,42.32558139534884,75.26881720430107,False,91.1268357810414,31.860404067629105,Neutral,13.087572466744946,94.9462050599201,6.26444740346205,65.3781512605042,51.76470588235295,52.94117647058824,15.333333333333332,61.86528509277824,100.0,43.02790532082764,100.0,GREEN,Mid,10000000.0,GREEN,61.86528509277824,43.02790532082764,Hold,Hold,High,High,ttm(Mar 2026),ttm(Mar 2026),Mar 2026,False,False,Hold,,22.55007538229592,10.545559292759688,March-to-March,full,,,7,,43.75,41.86046511627907,91.1268357810414,31.860404067629105,94.9462050599201,65.3781512605042,52.94117647058824,0,-0.0,0,GREEN,61.78,43.1,54.31,,,12.0,0.0,0.0,0.0,Hold,54.31,Hold,,,,,,,17.0,271.1,75.0
ALIVUS,Healthcare,NotCyclical,14275.981435757094,0.1904729914115807,0.2645528514846798,0.0171017101710171,159.4,5.700076361001649,6.867671691792299,25.301020986436374,0.0899301740243347,0.3114402563717153,0.1448770263256813,0.2883726557381434,True,True,64.9592154482552,82699.0,50739.0,84836228.99914551,,,25.301020986436374,77.14285714285715,87.14285714285714,82.14285714285714,27.596899224806204,29.56989247311828,False,78.4013979423545,63.25959630448066,Neutral,54.7131551374906,66.50785619174435,90.47589880159788,,,18.741450068399452,28.53333333333333,58.81319259138478,85.71428571428571,62.43150911907189,85.71428571428571,GREEN,Mid,10000000.0,GREEN,61.81319259138478,65.43150911907189,Hold,Hold,High,High,ttm(Mar 2026),ttm(Mar 2026),Mar 2026,False,False,Hold,,6.912442396313367,5.700076361001649,March-to-March,full,,,6,,82.14285714285714,27.761627906976745,78.4013979423545,63.25959630448066,66.50785619174435,,18.741450068399452,0,-0.0,3,GREEN,61.06,64.71,62.52,,,10.0,0.0,0.0,0.0,Hold,62.52,Hold,,,Y,,,,4.7,65.7,2.0
NATCOPHARM,Healthcare,NotCyclical,17298.88405693902,0.1962961972810751,0.2226335758207827,0.0774319488124932,38.810810810810814,14.63563875413245,-7.945823927765239,12.199495103624129,-0.1216763153310007,0.1101640446098781,0.0104134320431135,-0.1831178146461887,False,True,54.16774739367757,-7813761.0,86173889.0,588569120.3545837,-0.2099999999999996,-0.2300000000000004,12.199495103624129,82.85714285714286,68.57142857142857,75.71428571428572,55.50387596899225,5.64516129032258,True,94.4031257362758,41.12486352832304,Neutral,11.573522600225356,66.50785619174435,90.47589880159788,15.966386554621849,19.915966386554626,77.56497948016415,9.6,64.7693162536953,100.0,45.19387981292845,100.0,GREEN,Mid,10000000.0,GREEN,61.769316253695294,42.19387981292845,Hold,Hold,High,High,ttm(Mar 2026),ttm(Mar 2026),Mar 2026,False,False,Hold,,-7.945823927765239,14.63563875413245,March-to-March,full,,,7,,75.71428571428572,54.65116279069767,94.4031257362758,41.12486352832304,66.50785619174435,15.966386554621849,77.56497948016415,2,-3.0,0,GREEN,61.58,42.44,53.92,,,8.0,-5.0,0.0,-5.0,Hold,48.92,Hold,score 40-50 (trim if weight >2.5%),,,,,Y,20.0,-585.5,-56.0
ANTHEM,Healthcare,NotCyclical,42627.93237443667,0.1983830918825307,0.2501018275290825,0.0177514792899408,119.14285714285714,26.19045560819417,15.121951219512187,72.00664252438627,0.0507163077790429,0.2084948148859418,,,False,True,48.42048799209851,5775838.0,5697854.0,253380056.60299683,,,72.00664252438627,84.28571428571429,81.42857142857143,82.85714285714286,80.46511627906978,57.66129032258065,False,21.10547396528705,,Neutral,23.070627257128177,66.50785619174435,90.47589880159788,,,35.56771545827633,60.13333333333334,61.73697255776121,71.42857142857143,51.91741852103208,85.71428571428571,GREEN,Large,50000000.0,GREEN,61.73697255776121,51.91741852103208,Hold,Hold,High,High,ttm(Mar 2026),ttm(Mar 2026),Mar 2026,False,False,Hold,,15.121951219512187,26.190455608194174,March-to-March,<1y,50.06896551724138,9.0,5,stage_3y<-1y,82.85714285714286,80.52325581395348,21.10547396528705,23.070627257128177,66.50785619174435,,35.56771545827633,0,-0.0,0,GREEN,56.44,51.78,54.58,,,20.0,10.0,0.0,10.0,Hold,64.58,Hold,,,<1y,,,,15.9,60.4,46.0
RECLTD,Financial Services,NotCyclical,92060.01775449916,0.1976258614813892,,6.051743598184682,,,5.567087125445736,5.6441718776802645,-0.0864907369943048,-0.0261942573503647,-0.0811858538290817,-0.3736052281743471,True,False,43.81987187280427,-8772360.0,14258091.0,1759503817.06279,0.1266666666666666,0.5350000000000001,5.6441718776802645,78.99159663865547,,78.99159663865547,,25.537634408602152,False,76.73632640130343,14.918426674601449,Neutral,21.212686825575403,47.73288948069241,28.95792276964048,43.8655462184874,66.80672268907563,49.247606019151846,8.933333333333334,58.72474436896136,85.71428571428571,45.738483735436986,100.0,N/A-financial-sector,Large,50000000.0,GREEN,61.72474436896136,48.738483735436986,Hold,Hold,High,High,ttm(Mar 2026),ttm(Mar 2026),Mar 2026,False,False,Hold,,3.4007169886476785,14.335779275762883,March-to-March,full,,,7,,78.99159663865547,53.633720930232556,76.73632640130343,14.918426674601449,47.73288948069241,43.8655462184874,49.247606019151846,0,-0.0,3,N/A-financial-sector,60.6,47.99,55.56,,,8.0,-5.0,0.0,-5.0,Hold,50.56,Hold,,,,,,,,,
TBOTEK,Consumer Services,NotCyclical,15763.4841796875,0.2886414726142717,0.2921651056963716,0.4874274661508704,8.409090909090908,35.96681398095962,54.11629245826137,64.63316921235827,0.1330578750669513,-0.0538922464933586,0.0968082109943779,-0.2011870008295442,True,True,53.48272938708162,5230052.0,14918713.0,106064336.89489746,,,64.63316921235827,91.30434782608695,84.78260869565217,88.04347826086956,89.30232558139535,93.5483870967742,True,25.93991989319092,60.73549276334702,Neutral,58.36090580525319,7.985885486018644,14.776830892143808,,,50.88919288645691,57.86666666666667,61.57853465638215,85.71428571428571,60.4990769527962,85.71428571428571,GREEN,Mid,10000000.0,GREEN,61.57853465638215,60.4990769527962,Hold,Hold,High,High,ttm(Mar 2026),ttm(Mar 2026),Mar 2026,False,False,Hold,,54.11629245826137,35.96681398095962,March-to-March,full,,,6,,88.04347826086956,89.09883720930233,25.93991989319092,60.73549276334702,7.985885486018644,,50.88919288645691,0,-0.0,0,GREEN,60.49,59.68,60.17,,,20.0,10.0,0.0,10.0,Hold,70.17,Hold,,,Y,,,Y,18.4,-69.2,-21.0
SOUTHBANK,Financial Services,NotCyclical,11886.30199844031,0.1234780885198365,,0.3443226654975888,,,6.880879399640638,7.866551020736298,0.15525574782337,0.1215714855582559,0.533543043272104,0.7487294073159008,True,True,50.81779702916605,163622589.0,890250581.0,636878400.0086346,-0.3833333333333336,-0.3149999999999999,7.866551020736298,39.49579831932773,,39.49579831932773,,29.70430107526882,False,87.7928993043356,90.73147191443556,Neutral,70.70242599038,47.73288948069241,28.95792276964048,10.420168067226893,17.310924369747898,99.04240766073872,96.26666666666668,61.5697246038276,85.71428571428571,52.54297652827537,100.0,N/A-financial-sector,Small,2500000.0,GREEN,61.5697246038276,52.54297652827537,Hold,Hold,High,High,ttm(Jun 2026),ttm(Jun 2026),Jun 2026,False,False,Hold,,-213.04347826086953,,March-to-March,full,,,6,growth_3y<-1y,39.49579831932773,1.0767160161507403,87.7928993043356,90.73147191443556,47.73288948069241,10.420168067226893,99.04240766073872,1,-1.0,0,N/A-financial-sector,47.26,46.39,46.91,,,13.0,0.0,0.0,0.0,Hold,46.91,Hold,score 40-50 (trim if weight >2.5%),,Y,,,,,,
HDFCAMC,Financial Services,NotCyclical,111483.84740592445,0.2799652930749839,0.3739573323566867,0.0,291.46153846153845,23.042411061781465,15.253318883771328,37.81717702618624,-0.0394062396442204,0.069765315495432,0.0395292016058039,0.3027099164054796,False,False,44.53986267178318,-2174268.0,-2094769.0,2345433646.769409,2.890000000000001,5.825000000000001,37.81717702618624,90.7563025210084,87.5,89.12815126050421,78.44961240310077,58.46774193548387,False,35.21599420696522,30.312116612470344,Neutral,18.789356248891472,47.73288948069241,28.95792276964048,95.2941176470588,99.07563025210084,15.45827633378933,17.866666666666667,61.54069405142437,100.0,49.41940855640422,100.0,N/A-financial-sector,Large,50000000.0,GREEN,61.54069405142437,49.41940855640422,Hold,Hold,High,High,ttm(Jun 2026),ttm(Jun 2026),Jun 2026,False,False,Hold,,13.947173537398182,23.042411061781465,March-to-March,full,,,7,,89.12815126050421,77.61627906976744,35.21599420696522,30.312116612470344,47.73288948069241,95.2941176470588,15.45827633378933,0,-0.0,0,N/A-financial-sector,61.36,48.66,56.28,,,12.0,0.0,0.0,0.0,Hold,56.28,Hold,,,,,,,0.2,-22.5,-3.0
GODFRYPHLP,Fast Moving Consumer Goods,NotCyclical,33090.36947080374,0.2133497878762769,0.2165434096088218,0.0376690276883451,132.08333333333334,21.513622348235927,13.921568627450975,21.684383663698384,-0.007577860792339,-0.0423831651292033,-0.2340220700249473,0.5475382242248039,False,False,42.50151836631733,-2209354.0,19903690.0,724563423.9030762,-0.05,-0.0950000000000005,21.684383663698384,67.44186046511628,61.36363636363637,64.40274841437632,75.1937984496124,53.89784946236559,False,70.62514725516375,22.38721994977996,Neutral,21.56466297818308,58.78482023968043,8.718242343541945,24.705882352941178,26.722689075630253,54.58276333789329,17.733333333333334,58.41117279499395,100.0,42.18151959827232,100.0,GREEN,Mid,10000000.0,GREEN,61.41117279499395,45.18151959827232,Hold,Hold,High,High,ttm(Mar 2026),ttm(Mar 2026),Mar 2026,False,False,Hold,,13.90126537159151,21.513622348235927,March-to-March,full,,,7,,64.40274841437632,74.4186046511628,70.62514725516375,22.38721994977996,58.78482023968043,24.705882352941178,54.58276333789329,0,-0.0,3,GREEN,61.24,45.22,54.83,,,11.0,0.0,0.0,0.0,Hold,54.83,Hold,,,,,Y,,25.2,244.4,140.0
APOLLO,Capital Goods,Cyclical,13490.126375608805,0.0585762393377076,0.1169319171391218,0.4135567402894136,4.638297872340425,44.76071587685595,60.85409252669039,122.58461350661058,0.3771647209676083,0.600642843174098,1.217491396559983,2.7250470436325367,True,True,47.86947479822293,246853874.0,742478042.0,5973858988.71579,1.403333333333333,3.1950000000000003,122.58461350661058,11.214953271028037,11.11111111111111,11.163032191069574,92.71317829457364,94.6236559139785,True,15.04450378282154,98.3765732765776,Neutral,90.948766805892,85.89161118508655,77.5027962716378,87.56302521008404,93.4453781512605,97.5376196990424,97.33333333333334,61.37075988574068,100.0,64.23904040908646,100.0,GREEN,Mid,10000000.0,GREEN,61.37075988574068,64.23904040908646,Hold,Hold,High,High,ttm(Mar 2026),ttm(Mar 2026),Mar 2026,False,False,Hold,,60.85409252669039,44.76071587685595,March-to-March,full,,,7,,11.163032191069574,92.58720930232558,15.04450378282154,98.3765732765776,85.89161118508655,87.56302521008404,97.5376196990424,0,-0.0,0,GREEN,61.35,64.2,62.49,,,22.0,10.0,0.0,10.0,Hold,72.49,Hold,,,,,,,3.9,10.5,3.0
INDUSTOWER,Telecommunication,NotCyclical,107029.8820675916,0.2014271316647228,0.3059870266970069,0.532891086112092,11.477448453608249,4.612184628542271,7.87132328530642,14.979689582588048,-0.0003696251872754,-0.0519981311459953,0.003090999057532,0.0515878001205039,False,False,52.37060569245241,-35117492.0,94094482.0,2467873455.0190125,-0.51,-0.4950000000000003,14.979689582588048,81.81818181818183,84.61538461538461,83.21678321678323,24.186046511627907,33.33333333333333,False,86.29394748553628,27.759877623850134,Neutral,16.31336678118211,93.40532623169108,96.33475366178428,6.5546218487394965,12.26890756302521,78.52257181942545,3.333333333333333,58.32548853123112,100.0,51.11529694305146,100.0,GREEN,Large,50000000.0,GREEN,61.32548853123112,54.11529694305146,Hold,Hold,High,High,ttm(Mar 2026),ttm(Mar 2026),Mar 2026,False,False,Hold,,7.867742256747334,4.612184628542271,March-to-March,full,,,7,,83.21678321678323,24.418604651162788,86.29394748553628,27.759877623850134,93.40532623169108,6.5546218487394965,78.52257181942545,0,-0.0,3,GREEN,61.38,54.32,58.55,,,11.0,0.0,0.0,0.0,Hold,58.55,Hold,,,,,,,5.0,-4461.7,-287.0
LOTUSDEV,Realty,Cyclical,7073.053516505921,0.3621276243221566,0.1575471734182746,0.0685504971219257,140.5,65.70917115499554,39.81818181818182,28.693089058728724,-0.0282902026767999,-0.0702101266781979,,,False,False,45.40707591364588,3461225.0,13948518.0,58943653.28977203,,,28.693089058728724,100.0,100.0,100.0,96.89922480620154,89.78494623655914,True,42.99065420560747,,Neutral,14.24752770275306,5.798402130492676,68.91424766977363,,,48.700410396716826,50.53333333333333,62.25026199784832,71.42857142857143,56.20703229855965,85.71428571428571,GREEN,Small,2500000.0,GREEN,61.25026199784832,55.20703229855965,Hold,Hold,High,High,ttm(Mar 2026),ttm(Mar 2026),Mar 2026,False,False,Hold,,40.32846715328466,65.70917115499554,March-to-March,<1y,15.448275862068966,9.0,5,stage_3y<-1y,100.0,97.23837209302324,42.99065420560747,14.24752770275306,5.798402130492676,,48.700410396716826,1,-1.0,0,GREEN,54.45,54.63,54.52,,,20.0,10.0,0.0,10.0,Hold,64.52,Hold,,,<1y,Y,,Y,15.3,-124.5,30.0
IIFL,Financial Services,NotCyclical,26387.21269243658,0.1353759275354736,,4.969540229885057,,,31.0057780824601,14.514972500279946,0.2098132812499999,-0.1039196257885842,0.0991747582348501,0.1166850219569413,True,True,65.03928102586573,27148291.0,73748069.0,1016908871.3970948,2.318333333333333,1.739999999999999,14.514972500279946,49.57983193277311,,49.57983193277311,,85.34946236559139,False,61.304015109577,60.58217783819634,Neutral,62.514804679782586,47.73288948069241,28.95792276964048,92.94117647058825,86.72268907563026,74.55540355677155,81.46666666666667,61.18874595720545,85.71428571428571,63.16663875095986,100.0,N/A-financial-sector,Mid,10000000.0,GREEN,61.18874595720545,63.16663875095986,Hold,Hold,High,High,ttm(Mar 2026),ttm(Mar 2026),Mar 2026,False,False,Hold,,76.7253044654939,4.896952927248921,March-to-March,full,,,7,,49.57983193277311,25.1453488372093,61.304015109577,60.58217783819634,47.73288948069241,92.94117647058825,74.55540355677155,0,-0.0,0,N/A-financial-sector,53.26,65.25,58.05,,,18.0,5.0,0.0,5.0,Hold,63.05,Hold,,,,,,,,,
ABCAPITAL,Financial Services,NotCyclical,107476.74649742304,0.1475513110375946,,5.215489193585871,,,12.11874846021188,27.776234343782573,0.1700819820416206,0.1392333055542338,0.4833920731089918,0.730827631247527,True,True,56.38014901010239,17551065.0,35807302.0,1251390806.8890076,0.6683333333333336,1.7650000000000006,27.776234343782573,61.34453781512605,,61.34453781512605,,48.655913978494624,False,42.785861374488015,89.19253769257362,Neutral,72.43048831294752,47.73288948069241,28.95792276964048,73.44537815126051,86.89075630252101,64.29548563611492,74.4,61.11738567799345,85.71428571428571,57.774908841761125,100.0,N/A-financial-sector,Large,50000000.0,GREEN,61.11738567799345,57.774908841761125,Hold,Hold,High,High,ttm(Mar 2026),ttm(Mar 2026),Mar 2026,False,False,Hold,,10.718183802663184,-2.4807302525268304,March-to-March,full,,,7,,61.34453781512605,7.994186046511628,42.785861374488015,89.19253769257362,47.73288948069241,73.44537815126051,64.29548563611492,0,-0.0,0,N/A-financial-sector,49.43,56.84,52.39,,,16.0,5.0,0.0,5.0,Hold,57.39,Hold,,,,,,,,,
CUMMINSIND,Capital Goods,Cyclical,155027.04225352113,0.2085866997371812,0.2052504015545607,0.0043657817109144,216.25,16.037331913715256,16.860744875372923,65.63380281690142,0.0753226179304942,0.4121946072081828,0.5989222884560734,0.4340229111022611,True,True,50.523823680082224,-768191.0,3588704.0,2197824603.75,0.4566666666666664,0.4099999999999992,65.63380281690142,80.37383177570094,63.888888888888886,72.13136033229492,61.395348837209305,63.17204301075269,False,30.37303070761015,85.40850524884824,Neutral,65.28491921929336,85.89161118508655,77.5027962716378,66.05042016806722,61.34453781512605,30.23255813953488,21.73333333333333,61.050132761171625,100.0,58.77641001044181,100.0,GREEN,Large,50000000.0,GREEN,61.050132761171625,58.77641001044181,Hold,Hold,High,High,ttm(Mar 2026),ttm(Mar 2026),Mar 2026,False,False,Hold,,16.860744875372923,16.037331913715256,March-to-March,full,,,7,,72.13136033229492,60.31976744186046,30.37303070761015,85.40850524884824,85.89161118508655,66.05042016806722,30.23255813953488,0,-0.0,0,GREEN,60.86,58.73,60.01,,,14.0,0.0,-6.0,-6.0,Sell,54.01,Hold,analyst view,Analyst Sell OVERRULED (score > 50),,,,,22.7,164.3,-12.0
KEI,Capital Goods,Cyclical,48499.10481940253,0.1698653052513253,0.2369341733531798,0.0379594898724681,19.203125,19.340193073065848,20.655299917830728,52.82027266104694,0.0399335939114011,0.178785805567359,0.4067240866332491,0.1050192117648458,False,True,41.872581634625696,205967.0,290271.0,1610181259.3859863,0.0683333333333339,0.1449999999999995,52.82027266104694,70.09345794392523,78.70370370370371,74.39858082381447,70.69767441860465,71.90860215053763,False,43.40961281708945,73.01495019916682,Neutral,28.16432913812473,85.89161118508655,77.5027962716378,37.64705882352941,46.72268907563025,19.562243502051984,30.666666666666664,60.97317899931817,100.0,53.16186690765202,100.0,GREEN,Large,50000000.0,GREEN,60.97317899931817,53.16186690765202,Hold,Hold,High,High,ttm(Mar 2026),ttm(Mar 2026),Mar 2026,False,False,Hold,,20.66557107641742,19.340193073065848,March-to-March,full,,,7,,74.39858082381447,69.76744186046511,43.40961281708945,73.01495019916682,85.89161118508655,37.64705882352941,19.562243502051984,0,-0.0,0,GREEN,60.81,53.21,57.77,,,20.0,10.0,0.0,10.0,Hold,67.77,Hold,,,,,,,12.9,33.2,87.0
SONATSOFTW,Information Technology,NotCyclical,8636.956521739132,0.2647552085959091,0.3119595582936736,0.3795275590551181,14.568627450980392,12.83455745986819,5.355912178792943,18.61413043478261,0.1297002732109646,-0.1193551289553767,-0.2675450071673838,-0.4994942286970286,True,True,61.76625943549155,89929599.0,146098104.0,203450499.6415863,0.6766666666666667,2.0,18.61413043478261,82.85714285714286,71.42857142857143,77.14285714285714,49.92248062015504,24.865591397849464,False,65.59190031152649,25.250109696355675,Neutral,49.62337405645085,13.445272969374168,39.41065246338216,73.61344537815127,87.89915966386555,85.0889192886457,92.8,57.95225519633408,100.0,57.048133935664985,100.0,GREEN,Small,2500000.0,GREEN,60.95225519633408,60.048133935664985,Hold,Hold,High,High,ttm(Mar 2026),ttm(Mar 2026),Mar 2026,False,False,Hold,,5.355912178792943,12.83455745986819,March-to-March,full,,,7,,77.14285714285714,49.27325581395349,65.59190031152649,25.250109696355675,13.445272969374168,73.61344537815127,85.0889192886457,0,-0.0,3,GREEN,60.81,60.34,60.62,,,11.0,0.0,0.0,0.0,Hold,60.62,Hold,,,,,,,6.4,16.0,-31.0
SPARC,Healthcare,NotCyclical,8126.804121617637,-0.7902864271923269,-1.983805489188033,0.4177877428998505,47.02941176470589,98.84268845207906,2509.722222222222,5.234064722011331,0.7332179719601535,0.8435773698633706,0.5717961761286037,0.0242934954597129,True,True,56.688619597327104,157102506.0,248588954.0,514427127.5232849,0.1966666666666666,0.0249999999999999,5.234064722011331,2.142857142857143,1.4285714285714286,1.7857142857142856,99.06976744186046,99.05913978494624,True,67.65566209491442,78.84018120069598,Neutral,98.0422491513784,66.50785619174435,90.47589880159788,50.92436974789916,35.63025210084034,91.10807113543092,96.0,60.91404825748713,100.0,69.14732315182238,100.0,GREEN,Small,2500000.0,GREEN,60.91404825748713,69.14732315182238,Hold,Hold,High,High,ttm(Mar 2026),ttm(Mar 2026),Mar 2026,False,False,Hold,Y,,98.84268845207906,March-to-March,full,,,7,,1.7857142857142856,99.05523255813954,67.65566209491442,78.84018120069598,66.50785619174435,50.92436974789916,91.10807113543092,0,-0.0,0,GREEN,60.91,60.32,60.67,no fwd revenue data,,-3.0,-15.0,0.0,-15.0,Hold,45.67,Hold,score 40-50 (trim if weight >2.5%),,,,,,-0.1,10028.4,-4.0
LALPATHLAB,Healthcare,NotCyclical,29328.80767001846,0.1925306738391529,0.2785417146492573,0.0793144679155041,34.04347826086956,11.060168718522556,12.266450040617393,57.50746601964404,0.2243657643881293,0.2253463020327106,0.1948960736891463,0.2128154676826981,True,True,63.326180596967966,8219385.0,17672442.0,420701832.54455566,0.4883333333333333,0.8750000000000004,57.50746601964404,81.42857142857143,91.42857142857144,86.42857142857143,44.65116279069768,49.32795698924731,False,41.796512997722445,66.15623200474222,Neutral,73.37473718286972,66.50785619174435,90.47589880159788,66.72268907563024,75.63025210084034,53.3515731874145,64.8,60.76126003169348,100.0,68.10686149743172,100.0,GREEN,Mid,10000000.0,GREEN,60.76126003169348,68.10686149743172,Hold,Hold,High,High,ttm(Mar 2026),ttm(Mar 2026),Mar 2026,False,False,Hold,,12.271434376269807,11.060168718522556,March-to-March,full,,,7,,86.42857142857143,44.0406976744186,41.796512997722445,66.15623200474222,66.50785619174435,66.72268907563024,53.3515731874145,0,-0.0,0,GREEN,60.63,68.17,63.64,,,14.0,0.0,0.0,0.0,Hold,63.64,Hold,,,,,,,10.5,-0.7,-21.0
SCHNEIDER,Capital Goods,Cyclical,31789.472485983195,0.8743937972795156,0.2060568014322773,0.7070967741935484,7.274509803921568,17.612519791335934,9.63215775502464,149.24634969945163,0.2196535171253593,1.1093800458316774,0.5527209465513458,0.5077273282137784,True,True,46.6909078127263,3624661.0,20147588.0,437282755.82458496,0.1883333333333332,0.6849999999999999,149.24634969945163,99.53271028037383,66.66666666666666,83.09968847352025,65.11627906976744,39.516129032258064,False,13.467957276368493,85.58296598946083,Neutral,86.96582985364802,85.89161118508655,77.5027962716378,49.91596638655462,72.43697478991596,54.85636114911081,51.33333333333333,60.68287253719537,100.0,61.358997551516495,100.0,GREEN,Mid,10000000.0,GREEN,60.68287253719537,61.358997551516495,Hold,Hold,High,High,ttm(Mar 2026),ttm(Mar 2026),Mar 2026,False,False,Hold,,9.63215775502464,17.612519791335934,March-to-March,full,,,7,,83.09968847352025,64.24418604651163,13.467957276368493,85.58296598946083,85.89161118508655,49.91596638655462,54.85636114911081,0,-0.0,0,GREEN,60.53,61.48,60.91,,,16.0,5.0,0.0,5.0,Hold,65.91,Hold,,,,,,,1.4,-48.9,-38.0
RAILTEL,Telecommunication,NotCyclical,9677.73825545572,0.137904358193823,0.2517257806081359,0.0282935455349248,159.0,29.77254094516721,23.008340523439745,27.97034177877375,-0.0750276176226387,-0.109643175983316,-0.2595823259267722,-0.4255519982861908,False,False,41.828240957846326,1883353.0,139130153.0,217875560.42323303,0.0966666666666666,-0.085,27.97034177877375,54.54545454545454,61.53846153846154,58.04195804195804,84.96124031007753,76.20967741935483,False,48.68624833110815,8.82115932094454,Neutral,10.181278468317933,93.40532623169108,96.33475366178428,41.26050420168067,27.058823529411764,84.67852257181943,43.333333333333336,60.669181987519785,100.0,49.80540319596221,100.0,GREEN,Small,2500000.0,GREEN,60.669181987519785,49.80540319596221,Hold,Hold,High,High,ttm(Mar 2026),ttm(Mar 2026),Mar 2026,False,False,Hold,,22.972972972972983,29.772540945167215,March-to-March,full,,,7,,58.04195804195804,84.88372093023256,48.68624833110815,8.82115932094454,93.40532623169108,41.26050420168067,84.67852257181943,0,-0.0,0,GREEN,60.65,49.85,56.33,,,19.0,5.0,0.0,5.0,Hold,61.33,Hold,,,,,,,5.5,-21.9,-26.0
THANGAMAYL,Consumer Durables,NotCyclical,19840.056567085023,0.2029303697915037,0.1810303776682705,0.644774011299435,8.308823529411764,39.17074523983559,73.18958502847843,56.36379706558246,0.5423872294110534,0.7020765050396602,2.3372016224148937,2.743227380618508,True,True,58.877584591791,3536083.0,12745681.0,698789616.079834,-0.1766666666666665,0.0099999999999998,56.36379706558246,80.48780487804879,48.78048780487805,64.63414634146342,90.69767441860463,96.7741935483871,True,39.978152688433056,99.34744706298537,Neutral,96.3122415408209,25.229560585885487,54.25752330226364,17.142857142857142,34.78991596638655,46.92202462380301,51.06666666666667,60.51090825696702,100.0,69.55301680201909,100.0,GREEN,Mid,10000000.0,GREEN,60.51090825696702,69.55301680201909,Hold,Hold,High,High,ttm(Mar 2026),ttm(Mar 2026),Mar 2026,False,False,Hold,,73.06047648136835,39.17074523983559,March-to-March,full,,,7,,64.63414634146342,90.55232558139535,39.978152688433056,99.34744706298537,25.229560585885487,17.142857142857142,46.92202462380301,0,-0.0,0,GREEN,60.48,69.55,64.11,,,16.0,5.0,0.0,5.0,Hold,69.11,Hold,,,,,,,2.6,186.0,6.0
PRICOLLTD,Automobile and Auto Components,Cyclical,7620.252523616869,0.0349080996308026,0.1946270049282197,0.3019920318725099,15.633333333333333,27.296991020346816,50.074294205052006,30.359571807238524,0.0617724102844416,-0.0213799422869087,0.374530484163502,0.2623041453515289,True,True,63.12267758415324,5278685.0,46312684.0,221400003.60113525,-0.5666666666666665,-0.3399999999999998,30.359571807238524,10.869565217391305,52.17391304347826,31.52173913043478,82.01550387596899,93.01075268817203,True,50.74024625426495,77.95090770416847,Neutral,46.60995446380689,100.0,53.26844207723036,6.050420168067227,16.134453781512605,67.30506155950752,58.266666666666666,60.37520711893519,100.0,50.98862508244015,100.0,GREEN,Small,2500000.0,GREEN,60.37520711893519,50.98862508244015,Hold,Hold,High,High,ttm(Mar 2026),ttm(Mar 2026),Mar 2026,False,False,Hold,,50.111441307578005,27.296991020346816,March-to-March,full,,,7,,31.52173913043478,81.97674418604652,50.74024625426495,77.95090770416847,100.0,6.050420168067227,67.30506155950752,0,-0.0,0,GREEN,60.37,50.95,56.6,,,16.0,5.0,0.0,5.0,Hold,61.6,Hold,,,,,,,3.6,-0.8,-5.0
IMFA,Metals & Mining,Cyclical,7359.677273041113,0.1213489451216633,0.1947925437672527,0.3524650478292862,16.333333333333332,1.8345970972546863,10.257410296411852,17.316887701273206,-0.111096573871981,0.1156808750339404,0.8313385249241338,0.9311280426321196,False,True,46.46744146519319,-1075531.0,7593958.0,193942999.25610352,0.2466666666666667,0.5750000000000002,17.316887701273206,45.83333333333333,62.5,54.16666666666666,15.503875968992247,41.263440860215056,False,72.72585669781931,92.75158768930142,Neutral,18.73658918681401,94.9462050599201,6.26444740346205,54.95798319327732,68.15126050420169,39.39808481532148,20.53333333333333,60.33385208468631,100.0,39.1559883227412,100.0,GREEN,Small,2500000.0,GREEN,60.33385208468631,39.1559883227412,Hold,Sell,High,High,ttm(Mar 2026),ttm(Mar 2026),Mar 2026,False,False,Sell,,10.175438596491237,1.8345970972546866,March-to-March,full,,,7,,54.16666666666666,15.988372093023257,72.72585669781931,92.75158768930142,94.9462050599201,54.95798319327732,39.39808481532148,0,-0.0,0,GREEN,60.42,39.22,51.94,,,11.0,0.0,0.0,0.0,Hold,51.94,Hold,,,,,,,11.7,3.0,-1.0
INDHOTEL,Consumer Services,NotCyclical,112265.58588997262,0.1568368183877129,0.1837534975100798,0.2173613239350291,14.461538461538462,18.586233268780905,16.25869930405568,49.96243252780268,0.1140372062238435,0.0833997270002107,-0.0006697737653985,0.2105601501796079,True,True,56.09373681967708,10599628.0,20798734.0,1470081991.4158936,0.1266666666666663,-0.2049999999999983,49.96243252780268,73.91304347826086,60.86956521739131,67.3913043478261,67.59689922480621,62.36559139784946,False,60.11810619287255,63.617189418445065,Neutral,62.93458767068929,7.985885486018644,14.776830892143808,43.69747899159664,21.932773109243698,55.677154582763336,68.0,57.29614294980983,100.0,54.904079679693325,100.0,GREEN,Large,50000000.0,GREEN,60.29614294980983,57.904079679693325,Hold,Hold,High,High,ttm(Mar 2026),ttm(Mar 2026),Mar 2026,False,False,Hold,,16.24475104979004,18.586233268780905,March-to-March,full,,,7,,67.3913043478261,66.71511627906976,60.11810619287255,63.617189418445065,7.985885486018644,43.69747899159664,55.677154582763336,0,-0.0,3,GREEN,60.1,57.8,59.18,,,13.0,0.0,0.0,0.0,Hold,59.18,Hold,,,,,,Y,19.0,-22.8,22.0
CCL,Fast Moving Consumer Goods,NotCyclical,15961.789111546484,0.1654769383690567,0.1617322564695901,0.5646055437100214,5.682170542635659,29.108304665799768,43.574879227053145,41.1386317307899,0.1012984598276942,0.2398594908771707,0.3581691580195583,1.0580221225320647,True,True,55.823098487754685,9059739.0,30746813.0,228072763.5,0.2500000000000003,0.1650000000000009,41.1386317307899,48.837209302325576,31.818181818181817,40.327695560253694,84.18604651162791,90.86021505376344,False,43.02128327966701,86.29934266778766,Neutral,69.90657904011343,58.78482023968043,8.718242343541945,55.46218487394958,48.40336134453781,61.69630642954856,66.53333333333333,60.25099386980378,100.0,55.136961602117744,100.0,GREEN,Mid,10000000.0,GREEN,60.25099386980378,55.136961602117744,Hold,Hold,High,High,ttm(Mar 2026),ttm(Mar 2026),Mar 2026,False,False,Hold,,43.49645846748229,29.108304665799768,March-to-March,full,,,7,,40.327695560253694,84.01162790697676,43.02128327966701,86.29934266778766,58.78482023968043,55.46218487394958,61.69630642954856,0,-0.0,0,GREEN,60.21,55.11,58.17,,,15.0,5.0,0.0,5.0,Hold,63.17,Hold,,,,,,,1.7,-63.4,0.0
SHAREINDIA,Financial Services,NotCyclical,3754.498063888859,0.2091258819516675,0.2666505018419718,0.2637571157495256,4.351145038167939,10.551035062783608,1.5193370165745843,11.580121992728936,0.1855056608659961,0.1492080858553637,0.0061530826951474,-0.4339702918330478,True,True,69.84694290512198,143806589.0,159728154.0,54055162.66981506,0.0866666666666666,0.1299999999999999,11.580121992728936,81.5126050420168,64.58333333333334,73.04796918767508,42.48062015503877,14.24731182795699,False,67.94559412550066,36.59527002929876,Neutral,74.30107246798184,47.73288948069241,28.95792276964048,39.83193277310925,45.88235294117647,86.8673050615595,95.6,57.23267440085368,100.0,56.04013174236103,100.0,N/A-financial-sector,Small,2500000.0,GREEN,60.23267440085368,59.04013174236103,Hold,Hold,High,High,ttm(Mar 2026),ttm(Mar 2026),Mar 2026,False,False,Hold,,1.449275362318847,10.551035062783608,March-to-March,full,,,7,,73.04796918767508,42.00581395348838,67.94559412550066,36.59527002929876,47.73288948069241,39.83193277310925,86.8673050615595,0,-0.0,3,N/A-financial-sector,60.13,59.29,59.79,,,13.0,0.0,0.0,0.0,Hold,59.79,Hold,,,,,,,4.3,45.5,-2.0
BALUFORGE,Capital Goods,Cyclical,5433.778715424285,0.1691328619840108,0.1826357569096958,0.0953575909661229,18.75,50.15274959638181,19.913419913419904,20.058269834155084,-0.0501963158290531,-0.0371167294244216,-0.3276241891100987,0.1410504180363356,False,False,44.59801888503406,2296009.0,3747866.0,248986722.92355347,,,20.058269834155084,68.22429906542055,49.07407407407408,58.649186569747314,94.10852713178296,70.56451612903226,True,57.592725259695854,13.266847881284624,Neutral,14.49138858768707,85.89161118508655,77.5027962716378,,,30.64295485636115,45.46666666666667,61.16389502306235,85.71428571428571,51.2872284510996,85.71428571428571,GREEN,Small,2500000.0,GREEN,60.16389502306235,50.2872284510996,Hold,Hold,High,High,ttm(Mar 2026),ttm(Mar 2026),Mar 2026,False,False,Hold,,19.8051948051948,50.15274959638181,March-to-March,full,,,6,,58.649186569747314,94.04069767441861,57.592725259695854,13.266847881284624,85.89161118508655,,30.64295485636115,1,-1.0,0,GREEN,59.15,50.16,55.55,,,16.0,5.0,0.0,5.0,Hold,60.55,Hold,,,Y,,,,10.8,-0.7,16.0
GESHIP,Services,NotCyclical,19667.596292516548,0.1998267504354919,0.1894246948504575,0.0640806461121264,23.147058823529413,-1.6740302563280407,1.615933859451335,6.683163631315199,-0.0258103267207776,0.2628596415358553,0.4282959704489293,0.0842387745389179,False,True,40.70330275905269,-2976198.0,56110309.0,852938410.779541,0.1516666666666667,0.1150000000000002,6.683163631315199,75.0,64.0,69.5,8.837209302325581,14.381720430107528,False,98.13084112149532,80.6598807337904,Neutral,25.232233826658835,32.419973368841546,58.78482023968043,46.21848739495798,44.87394957983194,69.63064295485636,15.466666666666669,57.1132372342282,100.0,48.12763756307487,100.0,GREEN,Mid,10000000.0,GREEN,60.1132372342282,51.12763756307487,Hold,Hold,High,High,ttm(Mar 2026),ttm(Mar 2026),Mar 2026,False,False,Hold,,1.6156302836746184,-1.6740302563280407,March-to-March,full,,,7,,69.5,9.593023255813954,98.13084112149532,80.6598807337904,32.419973368841546,46.21848739495798,69.63064295485636,0,-0.0,3,GREEN,60.28,51.4,56.73,no fwd revenue data,,4.0,-15.0,0.0,-15.0,Hold,41.73,Hold,score 40-50 (trim if weight >2.5%),,,,Y,,29.8,427.7,69.0
ACE,Capital Goods,Cyclical,11948.809669131324,0.1814984402554857,0.2373800882892355,0.0039781203381402,22.90909090909091,14.940574679424357,5.208012326656397,27.36368626518624,0.1096125429794994,0.1322691616959628,-0.1591364221511632,-0.3104719935319986,True,True,57.52651466397515,1684560.0,9064818.0,236460041.63046265,0.5700000000000002,1.2900000000000005,27.36368626518624,73.83177570093457,79.62962962962963,76.73070266528211,56.89922480620155,24.596774193548388,False,54.56559966133708,24.651244793224635,Neutral,63.20925329550725,85.89161118508655,77.5027962716378,69.41176470588235,83.02521008403362,41.72366621067031,41.6,60.08008993522997,100.0,60.84599569699679,100.0,GREEN,Small,2500000.0,GREEN,60.08008993522997,60.84599569699679,Hold,Hold,High,High,ttm(Jun 2026),ttm(Jun 2026),Jun 2026,False,False,Hold,,-1.4126840997895962,14.940574679424357,March-to-March,full,,,7,,76.73070266528211,55.9593023255814,54.56559966133708,24.651244793224635,85.89161118508655,69.41176470588235,41.72366621067031,2,-3.0,0,GREEN,56.91,56.04,56.56,,,12.0,0.0,0.0,0.0,Hold,56.56,Hold,,,,Y,,,19.7,5.1,10.0
ASKAUTOLTD,Automobile and Auto Components,Cyclical,9552.05570291777,0.2056691989979185,0.2707690032199342,0.5179252479023646,11.0625,17.794006929673078,15.96778672590946,32.16180371352785,0.1066742726754135,0.041442961750211,-0.1032451253827682,0.2307757122283615,True,True,64.16767152849565,1542751.0,-5865250.0,55365512.88046265,,,32.16180371352785,80.43478260869566,80.43478260869566,80.43478260869566,65.73643410852713,61.02150537634409,False,41.80611185284083,39.30036684980484,Neutral,58.92212173603933,100.0,53.26844207723036,,,10.39671682626539,40.8,60.04163062227967,85.71428571428571,57.01228425973002,85.71428571428571,GREEN,Small,2500000.0,GREEN,60.04163062227967,57.01228425973002,Hold,Hold,High,High,ttm(Mar 2026),ttm(Mar 2026),Mar 2026,False,False,Hold,,15.96778672590946,17.794006929673078,March-to-March,full,,,6,,80.43478260869566,64.82558139534885,41.80611185284083,39.30036684980484,100.0,,10.39671682626539,0,-0.0,0,GREEN,58.97,56.41,57.95,,,17.0,5.0,0.0,5.0,Hold,62.95,Hold,,,Y,,,,5.6,30.0,4.0
PARKHOSPS,Healthcare,NotCyclical,13315.1173365156,0.2096482442016146,0.2271082683737378,0.1800197823936696,7.52542372881356,10.18834414973211,20.444763271162117,49.33786181723525,0.3102485003848236,0.9293587539783076,,,True,,54.86506832988648,5258050.0,,183605427.79776,,,49.33786181723525,87.14285714285714,74.28571428571429,80.71428571428572,40.93023255813954,71.63978494623656,False,53.64584151417577,,Neutral,87.51286718892057,66.50785619174435,90.47589880159788,,,,57.99999999999999,60.01513250956256,57.14285714285714,75.86360710862228,85.71428571428571,GREEN,Mid,10000000.0,GREEN,60.01513250956256,75.86360710862228,Hold,Hold,Med,High,annual,ttm(Mar 2026),Mar 2026,False,False,Hold,,20.444763271162113,10.18834414973211,March-to-March,<1y,97.6,6.0,4,"stage_3y<-1y,accumulation_3y<-1y",80.71428571428572,40.55232558139535,53.64584151417577,87.51286718892057,66.50785619174435,,57.99999999999999,0,-0.0,0,GREEN,61.89,73.88,66.69,,,20.0,10.0,0.0,10.0,Hold,76.69,Hold,,,<1y,,,,9.0,-7.7,2.0
SUPRIYA,Healthcare,NotCyclical,6842.77886441343,0.1594476902213012,0.2246050962246209,0.0041736227045075,147.0,21.556019591361487,18.794835007173603,32.74056872925087,0.3723781741506951,0.1458978709065723,0.2284751539359037,1.0721636631371123,False,True,43.17715326241779,5904213.0,11387136.0,230345735.45825195,-0.3900000000000001,-0.3950000000000004,32.74056872925087,55.71428571428572,71.42857142857143,63.57142857142857,75.50387596899225,67.47311827956989,False,54.23210745640653,77.42751758449133,Neutral,41.44597794449374,66.50785619174435,90.47589880159788,10.084033613445378,14.453781512605044,45.00683994528043,60.66666666666667,60.0049048391436,100.0,56.57542956167012,100.0,GREEN,Small,2500000.0,GREEN,60.0049048391436,56.57542956167012,Hold,Hold,High,High,ttm(Mar 2026),ttm(Mar 2026),Mar 2026,False,False,Hold,,18.965517241379317,21.556019591361487,March-to-March,full,,,7,,63.57142857142857,74.70930232558139,54.23210745640653,77.42751758449133,66.50785619174435,10.084033613445378,45.00683994528043,0,-0.0,0,GREEN,59.83,56.54,58.52,,,18.0,5.0,0.0,5.0,Hold,63.52,Hold,,,,,,,4.0,-16.5,1.0
ABSLAMC,Financial Services,NotCyclical,32695.42287311283,0.2434999834611752,0.3259876691543507,0.0158376639445681,263.2,15.081024687681532,9.43620178041542,33.523837002840914,0.0613106097382063,0.3788441537269729,0.3777197193327937,0.7933717765100465,True,True,49.40731664780751,5457723.0,25033172.0,348521065.8782959,-0.0283333333333334,-0.0250000000000001,33.523837002840914,85.71428571428571,81.25,83.48214285714286,57.82945736434109,38.70967741935484,False,40.55390927741053,84.82150741274485,Neutral,63.96560442337352,47.73288948069241,28.95792276964048,26.89075630252101,30.58823529411765,58.27633378932968,58.8,59.9316777862693,100.0,52.60249390829248,100.0,N/A-financial-sector,Mid,10000000.0,GREEN,59.9316777862693,52.60249390829248,Hold,Hold,High,High,ttm(Mar 2026),ttm(Mar 2026),Mar 2026,False,False,Hold,,3.733602421796167,15.081024687681532,March-to-March,full,,,7,,83.48214285714286,56.83139534883721,40.55390927741053,84.82150741274485,47.73288948069241,26.89075630252101,58.27633378932968,0,-0.0,0,N/A-financial-sector,59.71,49.78,55.74,,,13.0,0.0,0.0,0.0,Hold,55.74,Hold,,,,,,,0.1,-19.1,-3.0
JSWSTEEL,Metals & Mining,Cyclical,341280.6048652202,0.160556544914633,0.1727576480094386,0.9925739358140184,3.237090749285872,3.7743643656640735,12.222235369287926,12.047360631475089,-0.0364744463868678,0.0423676752005053,0.183969728046726,0.3213007076949232,False,True,43.05723153844295,4995638.0,18285034.0,1683204146.25,2.685,0.0749999999999984,12.047360631475089,58.333333333333336,45.83333333333333,52.08333333333333,21.3953488372093,49.193548387096776,False,62.29793570915067,62.41345619325168,Neutral,26.70538795726681,94.9462050599201,6.26444740346205,94.78991596638654,41.51260504201681,53.62517099863201,56.8,59.91191885806368,100.0,39.58798432325816,100.0,GREEN,Large,50000000.0,GREEN,59.91191885806368,39.58798432325816,Hold,Sell,High,High,ttm(Jun 2026),ttm(Jun 2026),Jun 2026,False,False,Sell,,9.859972515756056,3.7743643656640735,March-to-March,full,,,7,,52.08333333333333,21.802325581395348,62.29793570915067,62.41345619325168,94.9462050599201,94.78991596638654,53.62517099863201,0,-0.0,0,GREEN,59.99,38.45,51.37,,,11.0,0.0,-6.0,-6.0,Sell,45.37,Hold,score 40-50 (trim if weight >2.5%) + analyst view,Analyst Sell -> Trim,,Y,Y,Y,63.2,4498.3,18416.0
CEATLTD,Automobile and Auto Components,Cyclical,15468.424131121965,0.0972278152606805,0.1952431771779671,0.6484344034879113,5.701949860724234,11.48386941919024,21.48914899974548,26.26792028024041,0.0079486750773116,-0.0058409697125185,0.03819777925814,0.477120096247027,True,True,61.92596514005157,1737896.0,2673041.0,469825219.0388184,0.4466666666666669,0.0600000000000005,26.26792028024041,23.91304347826087,54.34782608695652,39.130434782608695,45.89147286821705,72.98387096774194,False,73.70810203077788,57.31940538217623,Neutral,36.46851459710595,100.0,53.26844207723036,65.54621848739495,40.33613445378151,28.18057455540356,42.266666666666666,59.81457907777098,100.0,52.31616051619503,100.0,GREEN,Mid,10000000.0,GREEN,59.81457907777098,52.31616051619503,Hold,Hold,High,High,ttm(Jun 2026),ttm(Jun 2026),Jun 2026,False,False,Hold,,18.610985020426686,11.48386941919024,March-to-March,full,,,7,,39.130434782608695,45.20348837209303,73.70810203077788,57.31940538217623,100.0,65.54621848739495,28.18057455540356,0,-0.0,0,GREEN,59.69,51.46,56.4,,,11.0,0.0,0.0,0.0,Hold,56.4,Hold,,,,,,,-3.2,297.5,-39.0
ITC,Fast Moving Consumer Goods,NotCyclical,355625.58620737074,0.337639308992643,0.3596636510385907,0.0330864606175955,321.2470588235294,3.604688236770959,4.707725395961382,16.909806664861723,-0.0591461669194285,-0.1246656202647268,-0.2970862810688554,-0.2904536574218911,False,False,38.95998213056748,-114610953.0,-634166878.0,4178945102.380905,5.086666666666666,-0.0749999999999992,16.909806664861723,88.37209302325581,88.63636363636364,88.50422832980973,20.46511627906977,22.983870967741936,False,92.92612372051624,8.798336403810351,Neutral,13.266964749906217,58.78482023968043,8.718242343541945,97.98319327731092,27.899159663865547,1.094391244870041,1.0666666666666669,56.74948988748248,100.0,42.11675460885061,100.0,GREEN,Large,50000000.0,GREEN,59.74948988748248,45.11675460885061,Hold,Hold,High,High,ttm(Mar 2026),ttm(Mar 2026),Mar 2026,False,False,Hold,,4.706397780226501,3.6046882367709587,March-to-March,full,,,7,,88.50422832980973,20.930232558139537,92.92612372051624,8.798336403810351,58.78482023968043,97.98319327731092,1.094391244870041,0,-0.0,3,GREEN,59.85,45.44,54.09,,,6.0,-5.0,0.0,-5.0,Hold,49.09,Hold,score 40-50 (trim if weight >2.5%),,,,,,9.0,258.2,-15280.0
ACUTAAS,Healthcare,NotCyclical,29322.74919289388,0.1374510332665111,0.2021817825488792,0.0217654171704957,160.0,29.46880445961841,32.96921549155909,82.36727301374682,0.4866221933119423,1.1290322253142475,2.1293168219982674,4.064579731685949,True,True,62.26186159581475,4927179.0,23502575.0,1126446238.2128906,,,82.36727301374682,38.57142857142858,60.0,49.28571428571429,84.49612403100775,86.4247311827957,False,16.04531532239064,99.34744706298537,Neutral,94.78195155559848,66.50785619174435,90.47589880159788,,,57.3187414500684,56.53333333333334,59.68400426456832,85.71428571428571,67.46396975152341,85.71428571428571,GREEN,Mid,10000000.0,GREEN,59.68400426456832,67.46396975152341,Hold,Hold,High,High,ttm(Mar 2026),ttm(Mar 2026),Mar 2026,False,False,Hold,,32.96921549155909,29.468804459618415,March-to-March,full,,,6,,49.28571428571429,84.44767441860465,16.04531532239064,99.34744706298537,66.50785619174435,,57.3187414500684,0,-0.0,0,GREEN,58.8,65.97,61.67,,,22.0,10.0,0.0,10.0,Hold,71.67,Hold,,,Y,,,,8.7,171.5,25.0
HYUNDAI,Automobile and Auto Components,Cyclical,164544.50261780107,0.2859060074487715,0.4386161130846315,0.0548588558581064,81.11320754716981,5.473600153654923,2.2704936986934987,30.296229802513466,0.0737009544008484,-0.1220082874863951,-0.0280409665545737,,True,False,59.3893405093916,27605469.0,13031929.0,1331991597.455078,,,30.296229802513466,95.65217391304348,95.65217391304348,95.65217391304348,26.51162790697674,15.591397849462366,False,59.38473520249221,17.1871264642601,Neutral,44.60551039350529,100.0,53.26844207723036,,,47.19562243502052,81.6,59.66855350619765,85.71428571428571,54.52768800219833,85.71428571428571,GREEN,Large,50000000.0,GREEN,59.66855350619765,54.52768800219833,Hold,Hold,High,High,ttm(Mar 2026),ttm(Mar 2026),Mar 2026,False,False,Hold,,2.269015651872297,5.473600153654923,March-to-March,1-2y,,,6,,95.65217391304348,26.744186046511626,59.38473520249221,17.1871264642601,100.0,,47.19562243502052,0,-0.0,0,GREEN,58.84,54.41,57.07,,,9.0,-5.0,0.0,-5.0,Hold,52.07,Hold,,,Y,,,,13.1,-519.3,41.0
SIEMENS,Capital Goods,Cyclical,,,,0.0221820809248554,,,13.370491383176365,83.73626597198374,-0.0138581564690617,0.2270531527581674,0.1460082672457012,-0.2070360372195573,True,True,56.094132510250695,1956606.0,11765752.0,1271521423.7687988,0.0966666666666666,0.0449999999999999,83.73626597198374,,,,,53.09139784946236,False,,52.067763162162784,Neutral,47.94455500294319,85.89161118508655,77.5027962716378,41.26050420168067,37.73109243697479,45.82763337893297,44.0,59.65723998566872,57.14285714285714,54.56481148962855,71.42857142857143,GREEN,,,GREEN,59.65723998566872,54.56481148962855,Hold,Hold,Med,High,ttm(Mar 2026),ttm(Mar 2026),Mar 2026,False,True,Hold,,13.370491383176365,,engine TTM (no FY pair),full,,,4,growth_3y<-1y,,53.1628532974428,,52.067763162162784,85.89161118508655,41.26050420168067,45.82763337893297,0,-0.0,0,GREEN,54.72,53.07,54.06,,,12.0,0.0,0.0,0.0,Hold,54.06,Hold,,,Y,,,,,,
CPPLUS,Capital Goods,Cyclical,44763.12419974392,0.2504119070737008,0.211665739697362,0.136387852956846,18.866666666666667,22.69957240220097,35.6362467866324,120.67322959669735,0.6712111524311255,1.6766219135693663,,,True,True,68.75449188468755,3941891.0,14898116.0,746671130.0319824,,,120.67322959669735,87.85046728971963,71.29629629629629,79.57338179300797,77.82945736434108,87.90322580645162,False,12.935113484646196,,Neutral,96.90709049407091,85.89161118508655,77.5027962716378,,,50.6155950752394,53.06666666666666,59.649313989911136,71.42857142857143,69.79986856671687,85.71428571428571,GREEN,Large,50000000.0,GREEN,59.649313989911136,69.79986856671687,Hold,Hold,High,High,ttm(Mar 2026),ttm(Mar 2026),Mar 2026,False,False,Hold,,35.6362467866324,22.699572402200975,March-to-March,<1y,99.3103448275862,9.0,5,stage_3y<-1y,79.57338179300797,77.03488372093024,12.935113484646196,96.90709049407091,85.89161118508655,,50.6155950752394,0,-0.0,0,GREEN,63.11,68.14,65.12,,,8.0,-5.0,0.0,-5.0,Hold,60.12,Hold,,,<1y,,,,2.6,229.6,-246.0
BBTC,Fast Moving Consumer Goods,NotCyclical,20867.561358666568,0.2444575514015811,0.3545786506170992,0.2257881283726214,24.869565217391305,5.535274155154091,6.782161984916391,8.349895857458172,-0.0156860631803739,-0.1735014197795229,-0.2302368635225171,-0.2444305387160492,False,False,39.57076513091734,130034.0,6870687.0,47242543.42138672,0.1833333333333332,0.2149999999999997,8.349895857458172,81.3953488372093,86.36363636363636,83.87949260042282,27.131782945736436,29.03225806451613,False,94.16751747427944,13.88754677819415,Neutral,17.36144200542678,58.78482023968043,8.718242343541945,49.747899159663866,52.10084033613446,38.44049247606019,29.33333333333333,56.582242981156725,100.0,46.81658505417314,100.0,GREEN,Mid,10000000.0,GREEN,59.582242981156725,49.81658505417314,Hold,Hold,High,High,ttm(Mar 2026),ttm(Mar 2026),Mar 2026,False,False,Hold,,6.7821619849163906,5.535274155154091,March-to-March,full,,,7,,83.87949260042282,27.325581395348834,94.16751747427944,13.88754677819415,58.78482023968043,49.747899159663866,38.44049247606019,0,-0.0,3,GREEN,59.62,50.11,55.82,,,8.0,-5.0,0.0,-5.0,Hold,50.82,Hold,,,,,,,12.2,83.3,3.0
NH,Healthcare,NotCyclical,41604.48603134117,0.2386650156719659,0.2389350484509818,1.2909411505400044,6.602459016393443,20.39159975707254,44.0087543315703,51.61846902151509,0.1303189112429053,0.0779255715745137,0.0162393257749495,0.6477092565140243,True,True,61.67302183819059,1063269.0,9609486.0,511509502.668457,-1.0833333333333333,-1.0099999999999998,51.61846902151509,94.28571428571428,78.57142857142857,86.42857142857142,72.40310077519379,91.12903225806453,True,41.809879839786376,58.79167053233403,Neutral,51.54756479583665,66.50785619174435,90.47589880159788,3.193277310924369,7.0588235294117645,42.81805745554036,37.6,59.49866234051578,100.0,63.76722980581713,100.0,GREEN,Large,50000000.0,GREEN,59.49866234051578,63.76722980581713,Hold,Hold,High,High,ttm(Mar 2026),ttm(Mar 2026),Mar 2026,False,False,Hold,,44.0087543315703,20.39159975707254,March-to-March,full,,,7,,86.42857142857142,71.51162790697676,41.809879839786376,58.79167053233403,66.50785619174435,3.193277310924369,42.81805745554036,0,-0.0,0,GREEN,59.3,63.74,61.08,,,18.0,5.0,0.0,5.0,Hold,66.08,Hold,,,,,,,4.7,-258.2,-35.0
LODHA,Realty,Cyclical,117775.6706362282,0.139170672977194,0.1049928511905184,0.424976380657906,7.47040971168437,20.75745989119355,21.02474780463024,34.31692326204304,0.3754013103444098,0.0965189397016526,-0.1557865478090021,-0.2309563382824889,True,True,71.33871580162528,64318319.0,94325472.0,2049071573.5203855,1.2766666666666664,0.6799999999999995,34.31692326204304,88.23529411764706,70.58823529411765,79.41176470588235,73.48837209302326,72.17741935483872,False,58.68268802848242,40.40360437758648,Extended,81.68835064205967,5.798402130492676,68.91424766977363,85.21008403361344,72.10084033613445,78.6593707250342,89.73333333333333,59.46725515439162,100.0,73.25841416872814,100.0,GREEN,Large,50000000.0,GREEN,59.46725515439162,73.25841416872814,Hold,Hold,High,High,ttm(Mar 2026),ttm(Mar 2026),Mar 2026,False,False,Hold,,21.015965166908558,20.75745989119355,March-to-March,full,,,7,,79.41176470588235,72.67441860465115,58.68268802848242,40.40360437758648,5.798402130492676,85.21008403361344,78.6593707250342,0,-0.0,0,GREEN,59.32,73.35,64.93,,,15.0,5.0,0.0,5.0,Hold,69.93,Hold,,,,,,,10.3,95.7,62.0
YATHARTH,Healthcare,NotCyclical,8026.4284574068515,0.1670540189964614,0.1929461831182373,0.148314606741573,41.71428571428572,36.17366443669863,36.09534619750284,47.007657975545335,0.1553613281249999,0.343075967783587,0.4086885045786372,0.9688394174803172,True,True,57.17076403584695,-2355104.0,-12696134.0,245748499.1092224,,,47.007657975545335,61.42857142857143,47.14285714285714,54.285714285714285,89.45736434108527,88.17204301075269,False,31.77342517295788,87.00029806495377,Neutral,64.47290794696303,66.50785619174435,90.47589880159788,,,7.660738714090288,16.8,59.40016474001604,85.71428571428571,61.83708606507796,85.71428571428571,GREEN,Small,2500000.0,GREEN,59.40016474001604,61.83708606507796,Hold,Hold,High,High,ttm(Mar 2026),ttm(Mar 2026),Mar 2026,False,False,Hold,,40.34883720930233,36.17366443669863,March-to-March,full,,,6,,54.285714285714285,89.24418604651163,31.77342517295788,87.00029806495377,66.50785619174435,,7.660738714090288,0,-0.0,0,GREEN,58.51,61.11,59.55,,,21.0,10.0,0.0,10.0,Hold,69.55,Hold,,,Y,,,,11.6,-23.8,10.0
SENCO,Consumer Durables,NotCyclical,5983.941814033085,0.1527659043438506,0.1364514919523319,1.073587907716786,4.75,27.397905422213874,33.21744627054362,10.419042189281642,0.1294808192404084,0.0881418498868629,0.0720959129282996,-0.306205090774275,True,True,61.61172847796719,17337661.0,72838762.0,204228336.75,,,10.419042189281642,53.65853658536586,21.951219512195124,37.804878048780495,82.32558139534883,86.69354838709677,False,72.35677873528341,54.07410132899252,Neutral,63.704951813449895,25.229560585885487,54.25752330226364,,,74.4186046511628,74.26666666666667,59.34425274896612,85.71428571428571,63.80288038072486,85.71428571428571,GREEN,Small,2500000.0,GREEN,59.34425274896612,63.80288038072486,Hold,Hold,High,High,ttm(Mar 2026),ttm(Mar 2026),Mar 2026,False,False,Hold,,33.21744627054362,27.397905422213874,March-to-March,full,,,6,,37.804878048780495,82.26744186046511,72.35677873528341,54.07410132899252,25.229560585885487,,74.4186046511628,0,-0.0,0,GREEN,58.49,62.62,60.14,,,19.0,5.0,0.0,5.0,Hold,65.14,Hold,,,Y,,,,10.5,461.4,25.0
ENDURANCE,Automobile and Auto Components,Cyclical,38883.417085427136,0.1469526419129579,0.2535070368026336,0.1939774886712469,34.49122807017544,18.354454185840492,26.252054320560504,40.843925509902455,0.1719180210995634,0.0678954895496815,0.0577096881020069,0.0379481679533928,True,True,63.40723324625998,1339571.0,1852509.0,293512482.57421875,0.0216666666666669,0.0099999999999997,40.843925509902455,58.69565217391305,76.08695652173914,67.3913043478261,66.82170542635659,80.91397849462365,False,47.19144043910399,50.14473996566144,Neutral,68.809276675374,100.0,53.26844207723036,32.60504201680672,34.53781512605042,25.99179206566348,39.86666666666667,59.09971019420978,100.0,59.5226489592367,100.0,GREEN,Large,50000000.0,GREEN,59.09971019420978,59.5226489592367,Hold,Hold,High,High,ttm(Mar 2026),ttm(Mar 2026),Mar 2026,False,False,Hold,,26.252054320560504,18.354454185840495,March-to-March,full,,,7,,67.3913043478261,65.98837209302324,47.19144043910399,50.14473996566144,100.0,32.60504201680672,25.99179206566348,0,-0.0,0,GREEN,58.95,59.52,59.18,,,14.0,0.0,0.0,0.0,Hold,59.18,Hold,,,,,,,8.1,7.8,-26.0
AVL,Consumer Services,NotCyclical,8203.5744278207,0.2450043220801954,0.2067861620642818,0.8316400580551524,5.846153846153846,26.435296947971462,18.230088495575213,69.96140989999655,0.2391134896402322,0.3156748991363329,0.7724859994217004,,True,True,57.55081528065875,3658550.0,7794664.0,103772973.66482544,,,69.96140989999655,84.78260869565217,76.08695652173914,80.43478260869566,80.93023255813954,66.66666666666666,False,15.760724444186453,97.47191011235957,Neutral,85.76858996951867,7.985885486018644,14.776830892143808,,,39.945280437756495,51.46666666666667,59.09653165260002,85.71428571428571,58.40204894693527,85.71428571428571,GREEN,Small,2500000.0,GREEN,59.09653165260002,58.40204894693527,Hold,Hold,High,High,ttm(Mar 2026),ttm(Mar 2026),Mar 2026,False,False,Hold,,18.230088495575213,26.435296947971466,March-to-March,1-2y,,,6,,80.43478260869566,80.95930232558139,15.760724444186453,97.47191011235957,7.985885486018644,,39.945280437756495,0,-0.0,0,GREEN,58.28,57.62,58.02,,,20.0,10.0,0.0,10.0,Hold,68.02,Hold,,,Y,,,,5.1,-17.9,4.0
NYKAA,Consumer Services,NotCyclical,94670.57320731028,0.0610289617905818,0.1839371075522806,0.8609179415855355,6.427350427350428,24.89675248284311,26.062893081761,470.7971102949501,0.2279343076656514,0.2759230098817737,0.4954196588530024,0.8357255525468923,True,True,67.47643173283498,111182822.0,346964204.0,1590579183.2489624,2.5083333333333333,2.015,470.7971102949501,43.47826086956522,63.04347826086957,53.26086956521739,79.53488372093022,80.64516129032258,False,13.536253466160009,92.12437149471305,Neutral,82.3180573098083,7.985885486018644,14.776830892143808,94.11764705882352,88.0672268907563,93.84404924760602,94.26666666666668,59.01472277577616,100.0,59.118810868220535,100.0,GREEN,Large,50000000.0,GREEN,59.01472277577616,59.118810868220535,Hold,Hold,High,High,ttm(Mar 2026),ttm(Mar 2026),Mar 2026,False,False,Hold,,26.062893081760997,24.89675248284311,March-to-March,full,,,7,,53.26086956521739,79.21511627906976,13.536253466160009,92.12437149471305,7.985885486018644,94.11764705882352,93.84404924760602,0,-0.0,0,GREEN,58.94,59.11,59.01,,,22.0,10.0,0.0,10.0,Hold,69.01,Hold,,,,,,,4.5,153.2,-12.0
PNGJL,Consumer Durables,NotCyclical,8078.493211758847,0.2354150250311815,0.1880966710537331,0.8848700967906266,6.695652173913044,33.75304094298659,39.60743533082023,19.710168525769088,-0.111931947416397,-0.0073401023012121,0.0128510430518617,,True,False,64.12163300890208,4766240.0,5933741.0,135818633.81567383,,,19.710168525769088,82.92682926829268,51.21951219512195,67.07317073170731,87.59689922480621,89.65053763440861,False,57.615608690375055,31.17607924305145,Neutral,18.59542477499055,25.229560585885487,54.25752330226364,,,36.11491108071135,56.266666666666666,58.96503155817562,85.71428571428571,55.60663608533489,85.71428571428571,GREEN,Small,2500000.0,GREEN,58.96503155817562,55.60663608533489,Hold,Hold,High,High,ttm(Mar 2026),ttm(Mar 2026),Mar 2026,False,False,Hold,,41.56340627471658,33.75304094298659,March-to-March,1-2y,,,6,,67.07317073170731,87.5,57.615608690375055,31.17607924305145,25.229560585885487,,36.11491108071135,0,-0.0,0,GREEN,58.14,55.2,56.96,,,20.0,10.0,0.0,10.0,Hold,66.96,Hold,,,Y,,,Y,15.4,138.9,51.0
ZENTEC,Capital Goods,Cyclical,18408.436522526103,0.1462617197734585,0.1799206576710074,0.0100582318687136,24.5,46.458564952032624,-29.363449691991782,84.44236936938579,0.100796854255742,0.4636039630001769,-0.024782255485625,0.3098084436551716,True,True,50.99408010924384,12741088.0,35287348.0,1064640131.6411132,0.7833333333333333,1.775,84.44236936938579,49.53271028037384,48.14814814814815,48.84042921426099,93.48837209302326,1.0752688172043012,True,27.784824210057856,53.31782537879091,Neutral,70.86725865574229,85.89161118508655,77.5027962716378,76.80672268907564,87.05882352941177,63.88508891928865,70.39999999999999,61.90037408635024,100.0,52.16060968750928,100.0,GREEN,Mid,10000000.0,GREEN,58.90037408635024,49.16060968750928,Hold,Hold,High,High,ttm(Mar 2026),ttm(Mar 2026),Mar 2026,False,False,Hold,,-29.363449691991782,46.458564952032624,March-to-March,full,,,7,,48.84042921426099,93.31395348837209,27.784824210057856,53.31782537879091,85.89161118508655,76.80672268907564,63.88508891928865,2,-3.0,0,GREEN,58.87,49.16,54.99,,,23.0,10.0,0.0,10.0,Hold,64.99,Hold,,,,,Y,Y,29.0,-24.8,28.0
ICICIBANK,Financial Services,NotCyclical,1085257.3289009875,0.1730207549420043,,0.6972883602097443,,,3.95640098517005,18.098519029758485,0.0457159727416496,-0.0130828453918754,0.0050937731285927,0.1671155317290455,True,True,65.6099927201297,180261054.0,-53855407.0,18525704097.789307,0.1883333333333337,0.1950000000000038,18.098519029758485,72.26890756302521,,72.26890756302521,,21.236559139784948,False,66.34427824670182,53.44487259701162,Neutral,44.66563066370787,47.73288948069241,28.95792276964048,50.25210084033613,51.42857142857142,3.693570451436389,96.53333333333332,55.84216612125754,85.71428571428571,50.56817653987402,100.0,N/A-financial-sector,Large,50000000.0,GREEN,58.84216612125754,53.56817653987402,Hold,Hold,High,High,ttm(Jun 2026),ttm(Jun 2026),Jun 2026,False,False,Hold,,3.95640098517005,,engine TTM (no FY pair),full,,,6,growth_3y<-1y,72.26890756302521,23.553162853297444,66.34427824670182,53.44487259701162,47.73288948069241,50.25210084033613,3.693570451436389,0,-0.0,3,N/A-financial-sector,51.74,53.99,52.64,,,12.0,0.0,0.0,0.0,Hold,52.64,Hold,,,Y,,,,,,
JBCHEPHARM,Healthcare,NotCyclical,38657.99073702396,0.1792791073405446,0.2659270793320445,0.0009617696561673,184.5,9.619721834441886,5.89737043655858,53.32964140676887,0.2148989422330214,0.3030759558458453,0.5197575252368658,0.4188139060775009,True,True,61.08436660881171,249629.0,6195679.0,516075364.7486572,0.4199999999999996,0.4650000000000007,53.32964140676887,72.85714285714285,88.57142857142857,80.71428571428571,38.604651162790695,26.20967741935484,False,42.509479305741,86.03530282485791,Neutral,73.34602343301555,66.50785619174435,90.47589880159788,63.86554621848739,64.2016806722689,36.52530779753762,31.066666666666663,58.828529396591286,100.0,60.3663749550009,100.0,GREEN,Large,50000000.0,GREEN,58.828529396591286,60.3663749550009,Hold,Hold,High,High,ttm(Mar 2026),ttm(Mar 2026),Mar 2026,False,False,Hold,,5.870342011230223,9.619721834441886,March-to-March,full,,,7,,80.71428571428571,38.22674418604651,42.509479305741,86.03530282485791,66.50785619174435,63.86554621848739,36.52530779753762,0,-0.0,0,GREEN,58.75,60.66,59.51,,,11.0,0.0,0.0,0.0,Hold,59.51,Hold,,,,,,,3.5,14.4,-5.0
RAIN,Chemicals,Cyclical,,,,,,,14.39374353671148,23.843749931880403,0.6046267114994357,0.5199203407825232,0.4726647257784546,0.3230988106285544,True,True,64.93547235990309,107615883.0,247096181.0,830048545.9637146,0.1450000000000002,-1.77,23.843749931880403,,,,,54.704301075268816,False,,84.78971060945524,Neutral,94.2101564677134,26.70386151797603,87.9555259653795,45.54621848739496,3.0252100840336134,90.97127222982216,93.86666666666666,58.81434262302928,57.14285714285714,73.54817014523222,71.42857142857143,GREEN,,,GREEN,58.81434262302928,73.54817014523222,Hold,Hold,Med,High,ttm(Mar 2026),ttm(Mar 2026),Mar 2026,False,True,Hold,,14.39374353671148,,engine TTM (no FY pair),full,,,4,growth_3y<-1y,,55.316285329744275,,84.78971060945524,26.70386151797603,45.54621848739496,90.97127222982216,0,-0.0,0,GREEN,54.75,65.86,59.19,,,9.0,-5.0,0.0,-5.0,Hold,54.19,Hold,,,Y,,,,,,
IRCTC,Consumer Services,NotCyclical,39974.78137186009,0.3580519070471417,0.4341023375987898,0.0187978649338593,92.55555555555556,13.773939302582704,11.526946107784442,28.69689976443653,-0.1155343540343514,-0.202321919898151,-0.3447119468060797,-0.5085739264794242,False,False,41.09728969869296,-5289462.0,-61038896.0,454167601.95062256,1.0,0.5249999999999995,28.69689976443653,97.82608695652172,95.65217391304348,96.7391304347826,53.333333333333336,46.37096774193548,False,70.53969395090891,7.878971928121991,Neutral,5.975295184720077,7.985885486018644,14.776830892143808,80.75630252100841,66.21848739495798,3.146374829001368,11.866666666666667,55.7856720635429,100.0,46.90414162385391,100.0,GREEN,Large,50000000.0,GREEN,58.7856720635429,49.90414162385391,Hold,Hold,High,High,ttm(Mar 2026),ttm(Mar 2026),Mar 2026,False,False,Hold,,11.55080213903743,13.773939302582704,March-to-March,full,,,7,,96.7391304347826,52.470930232558146,70.53969395090891,7.878971928121991,7.985885486018644,80.75630252100841,3.146374829001368,0,-0.0,3,GREEN,58.6,50.11,55.2,,,8.5,-5.0,0.0,-5.0,Hold,50.2,Hold,,,,,,,14.8,-64.2,1.0
CCAVENUE,Financial Services,NotCyclical,6431.000196933746,0.0535820118476219,0.0691024473268371,0.0906026127265065,18.473684210526315,60.52684806777444,103.25569747057348,20.27907038843909,0.1799729938528009,0.1339402083412522,0.0518697596084989,-0.4145094179661086,True,True,62.48318193612492,358798112.0,476162147.0,176584942.7474556,,,20.27907038843909,10.92436974789916,33.33333333333333,22.12885154061625,96.12403100775194,99.05913978494624,True,58.50671070198862,42.44344095228909,Neutral,73.55315104422039,47.73288948069241,28.95792276964048,,,95.89603283173734,99.06666666666666,58.68632064500903,85.71428571428571,61.36101113531529,85.71428571428571,N/A-financial-sector,Small,2500000.0,GREEN,58.68632064500903,61.36101113531529,Hold,Hold,High,High,ttm(Mar 2026),ttm(Mar 2026),Mar 2026,False,False,Hold,,103.25569747057348,60.52684806777444,March-to-March,full,,,6,,22.12885154061625,96.22093023255815,58.50671070198862,42.44344095228909,47.73288948069241,,95.89603283173734,0,-0.0,0,N/A-financial-sector,57.93,60.45,58.94,,,22.0,10.0,0.0,10.0,Hold,68.94,Hold,,,Y,,,,25.2,-291.3,15.0
FINCABLES,Capital Goods,Cyclical,16033.254767516606,0.1323223108189902,0.11904911795805,0.0031219191587249,310.0,12.151120113130908,18.85692799398384,22.46035147878268,0.1071787158791033,0.3755989152509784,0.1048899642222851,-0.349517821854045,False,True,44.85380435566547,5652825.0,21178615.0,419901951.27948,0.3766666666666666,-0.2300000000000004,22.46035147878268,40.18691588785047,12.037037037037036,26.111976462443756,48.21705426356589,67.60752688172043,False,83.94637294170005,46.01336631237125,Neutral,35.746762421576314,85.89161118508655,77.5027962716378,62.01680672268908,19.915966386554626,56.0875512995896,59.333333333333336,58.6229100808446,100.0,54.6101556893374,100.0,GREEN,Mid,10000000.0,GREEN,58.6229100808446,54.6101556893374,Hold,Hold,High,High,ttm(Mar 2026),ttm(Mar 2026),Mar 2026,False,False,Hold,,18.838127467569098,12.151120113130908,March-to-March,full,,,7,,26.111976462443756,47.52906976744186,83.94637294170005,46.01336631237125,85.89161118508655,62.01680672268908,56.0875512995896,0,-0.0,0,GREEN,58.5,54.55,56.92,,,11.0,0.0,0.0,0.0,Hold,56.92,Hold,,,,,Y,,39.8,-25.3,-58.0
BHARTIARTL,Telecommunication,NotCyclical,1483703.3337483143,0.2048493572463491,0.2736546675247234,1.310988413828267,5.405427974947808,14.882291893724496,21.960990611848487,41.7873461367281,0.0410054028727024,-0.0518525700922618,0.0083074607158493,0.3578130422753087,True,False,56.99425548594044,-23049141.0,-76927978.0,11893401387.267578,0.4500000000000004,0.4050000000000011,41.7873461367281,90.9090909090909,69.23076923076923,80.06993006993007,56.43410852713179,74.32795698924731,False,53.27992879394748,32.72902496461364,Neutral,38.343309494141,93.40532623169108,96.33475366178428,65.88235294117646,61.1764705882353,2.8727770177838576,5.866666666666666,58.58788100805174,100.0,61.72034264522368,100.0,GREEN,Large,50000000.0,GREEN,58.58788100805174,61.72034264522368,Hold,Hold,High,High,ttm(Mar 2026),ttm(Mar 2026),Mar 2026,False,False,Hold,,21.96028557389369,14.882291893724497,March-to-March,full,,,7,,80.06993006993007,55.52325581395349,53.27992879394748,32.72902496461364,93.40532623169108,65.88235294117646,2.8727770177838576,0,-0.0,0,GREEN,58.39,61.84,59.77,,,17.0,5.0,0.0,5.0,Hold,64.77,Hold,,,,,,,6.5,12774.6,-17737.0
TMB,Financial Services,NotCyclical,12632.35468213567,0.1368840208493369,,0.069238377843719,,,9.960309960309964,9.441221735527408,0.2212177689622914,0.4127479291394398,0.8587388675628784,0.757746112053651,True,True,58.79242408210859,4452953.0,26702539.0,175659418.87097168,-5.715,0.1849999999999999,9.441221735527408,52.10084033613446,,52.10084033613446,,40.053763440860216,False,78.96007685043473,94.14627726407254,Neutral,86.91690084247786,47.73288948069241,28.95792276964048,1.092436974789916,50.42016806722689,59.37072503419972,55.2,58.58466024764941,85.71428571428571,59.71232152309845,100.0,N/A-financial-sector,Mid,10000000.0,GREEN,58.58466024764941,59.71232152309845,Hold,Hold,High,High,ttm(Mar 2026),ttm(Mar 2026),Mar 2026,False,False,Hold,,26.017262638717643,7.704173083855292,March-to-March,full,,,7,,52.10084033613446,33.28488372093023,78.96007685043473,94.14627726407254,47.73288948069241,1.092436974789916,59.37072503419972,0,-0.0,0,N/A-financial-sector,53.02,66.99,58.61,,,15.0,5.0,0.0,5.0,Hold,63.61,Hold,,,,,,,,,
THYROCARE,Healthcare,NotCyclical,8392.7490234375,0.1739436078938984,0.3031403479323912,0.0871794871794871,65.75,16.30042589077312,20.815138282387192,51.4390243902439,0.3602767458630747,0.1396834797451536,0.5081854559929606,1.626109968148195,True,True,50.5306743882122,3454298.0,23451559.0,172099804.27581787,-0.4616666666666666,-0.825,51.4390243902439,64.28571428571429,97.14285714285714,80.71428571428572,61.86046511627907,72.04301075268818,False,27.855423392806568,91.49968869330218,Neutral,80.73816886790804,66.50785619174435,90.47589880159788,7.394957983193278,8.907563025210084,57.18194254445964,50.4,58.478338686136695,100.0,64.51505671385863,100.0,GREEN,Small,2500000.0,GREEN,58.478338686136695,64.51505671385863,Hold,Hold,High,High,ttm(Mar 2026),ttm(Mar 2026),Mar 2026,False,False,Hold,,20.669577874818046,16.30042589077312,March-to-March,full,,,7,,80.71428571428572,60.75581395348837,27.855423392806568,91.49968869330218,66.50785619174435,7.394957983193278,57.18194254445964,0,-0.0,0,GREEN,58.24,64.58,60.77,,,15.0,5.0,0.0,5.0,Hold,65.77,Hold,,,,,,,5.6,33.7,-3.0
HINDCOPPER,Metals & Mining,Cyclical,46854.49006411904,0.0640888254720158,0.2022732862140332,0.0332037092431947,292.4,22.43676633325589,48.57556735876387,50.98421116879112,-0.1298059156512965,-0.1007015252712398,0.8565707537116369,0.4288771050060995,False,True,37.7057695109886,-7295995.0,878281733.0,1958414818.888977,-0.2133333333333337,-1.240000000000001,50.98421116879112,12.5,70.83333333333334,41.66666666666667,77.51937984496125,92.60752688172045,True,16.45630070863716,89.59684483600897,Neutral,11.851645271123362,94.9462050599201,6.26444740346205,15.798319327731091,5.378151260504202,99.04240766073872,10.0,58.298642961971616,100.0,26.70204278187912,100.0,GREEN,Large,50000000.0,GREEN,58.298642961971616,26.70204278187912,Hold,Sell,High,High,ttm(Mar 2026),ttm(Mar 2026),Mar 2026,False,False,Sell,,48.62385321100917,22.436766333255886,March-to-March,full,,,7,,41.66666666666667,76.74418604651163,16.45630070863716,89.59684483600897,94.9462050599201,15.798319327731091,99.04240766073872,0,-0.0,0,GREEN,58.16,26.66,45.56,,,12.0,0.0,-6.0,-6.0,Sell,39.56,Sell,,,,,,,-1.9,365.2,-101.0
INFY,Information Technology,NotCyclical,439491.09132910974,0.3035475313941607,0.3971860594878608,0.0988239348640847,101.6346153846154,6.772202424210705,9.607951408061854,15.083612380352044,-0.1575327387589034,-0.3084286877171002,-0.2960364812133009,-0.3070067106163163,False,False,50.25339136802383,-39627120.0,-143233998.0,12524951870.612366,3.065,0.0549999999999961,15.083612380352044,94.28571428571428,97.14285714285714,95.71428571428572,30.85271317829457,39.38172043010753,False,84.93931302342517,11.584665131318772,Neutral,3.2005867891235438,13.445272969374168,39.41065246338216,95.7983193277311,38.31932773109244,1.094391244870041,2.933333333333333,55.28474672850118,100.0,47.148233664506186,100.0,GREEN,Large,50000000.0,GREEN,58.28474672850118,50.148233664506186,Hold,Hold,High,High,ttm(Mar 2026),ttm(Mar 2026),Mar 2026,False,False,Hold,,9.607951408061854,6.772202424210705,March-to-March,full,,,7,,95.71428571428572,30.813953488372093,84.93931302342517,11.584665131318772,13.445272969374168,95.7983193277311,1.094391244870041,0,-0.0,3,GREEN,58.28,50.28,55.08,,,7.0,-5.0,0.0,-5.0,Hold,50.08,Hold,,,,,,,7.6,-725.8,-567.0
TANLA,Information Technology,NotCyclical,7800.070168966426,0.2514438434040331,0.3289471534754553,0.0213022508038585,103.71428571428572,9.608540693437329,9.709461137323071,15.3723540055649,0.2325924275807556,0.1944799197905711,-0.0495451601553748,-0.346853495239624,True,True,66.89701693548011,5050610.0,44790730.0,215215764.47790527,-0.1,0.7949999999999999,15.3723540055649,80.0,80.0,80.0,38.44961240310077,39.6505376344086,False,82.29372496662215,46.59576912988129,Neutral,78.66585386200754,13.445272969374168,39.41065246338216,20.840336134453786,74.11764705882354,66.484268125855,57.06666666666666,55.201766096374,100.0,66.71515602612607,100.0,GREEN,Small,2500000.0,GREEN,58.201766096374,69.71515602612607,Hold,Hold,High,High,ttm(Mar 2026),ttm(Mar 2026),Mar 2026,False,False,Hold,,9.68222442899702,9.608540693437329,March-to-March,full,,,7,,80.0,38.08139534883721,82.29372496662215,46.59576912988129,13.445272969374168,20.840336134453786,66.484268125855,0,-0.0,3,GREEN,58.12,69.89,62.83,,,11.0,0.0,0.0,0.0,Hold,62.83,Hold,,,,,,,5.8,-33.0,-3.0
VOLTAMP,Capital Goods,Cyclical,9496.074209044227,0.162557092914843,0.175407352393063,0.0005580357142857,355.0,15.85958676881216,11.317829457364349,31.134669537849923,-0.0881924905404094,0.3124781788981217,-0.0154435441999364,-0.2510221486422899,False,True,41.81707066149177,100595.0,1077477.0,430535900.75,2.191666666666667,5.639999999999999,31.134669537849923,62.61682242990653,46.2962962962963,54.45655936310142,60.15503875968993,45.295698924731184,False,50.20222084730861,39.44389414870398,Neutral,20.023451664009556,85.89161118508655,77.5027962716378,92.60504201680672,97.81512605042016,23.803009575923397,29.06666666666667,58.16934145138031,100.0,49.98835734147649,100.0,GREEN,Small,2500000.0,GREEN,58.16934145138031,49.98835734147649,Hold,Hold,High,High,ttm(Mar 2026),ttm(Mar 2026),Mar 2026,False,False,Hold,,11.375387797311266,15.85958676881216,March-to-March,full,,,7,,54.45655936310142,59.15697674418605,50.20222084730861,39.44389414870398,85.89161118508655,92.60504201680672,23.803009575923397,0,-0.0,0,GREEN,57.99,50.17,54.86,,,12.0,0.0,0.0,0.0,Hold,54.86,Hold,,,,,,,16.5,-52.6,-18.0
ESCORTS,Capital Goods,Cyclical,32944.76992800846,0.1385640293206977,0.154978204055254,0.0130930251353754,74.8,11.039266685133931,12.651308082780163,13.76074789172021,-0.1018934181024241,-0.1959536712995366,-0.0930694205341234,-0.2645097107832347,True,False,55.076866419839206,68338.0,1590899.0,315760396.9941406,2.011666666666667,1.6350000000000002,13.76074789172021,44.85981308411215,34.25925925925926,39.55953617168571,44.49612403100775,51.747311827956985,False,89.6328437917223,15.79969396778648,Neutral,11.289932405635126,85.89161118508655,77.5027962716378,91.76470588235294,86.05042016806723,25.170998632010942,28.000000000000004,58.14620829476565,100.0,53.20726383463708,100.0,GREEN,Mid,10000000.0,GREEN,58.14620829476565,53.20726383463708,Hold,Hold,High,High,ttm(Mar 2026),ttm(Mar 2026),Mar 2026,False,False,Hold,,12.651308082780165,11.039266685133931,March-to-March,full,,,7,,39.55953617168571,43.895348837209305,89.6328437917223,15.79969396778648,85.89161118508655,91.76470588235294,25.170998632010942,0,-0.0,0,GREEN,58.04,53.24,56.12,,,8.0,-5.0,0.0,-5.0,Hold,51.12,Hold,,,,Y,Y,Y,57.0,184.7,1017.0
NESTLEIND,Fast Moving Consumer Goods,NotCyclical,274425.70247933886,0.7392476245879387,0.9281184335546472,0.0860965677719604,33.29746835443038,,14.617364617364624,78.47298787210585,0.1118958131630221,0.0905175485305198,0.1966428401451694,0.1213515939863851,True,True,50.45592453162807,-15238722.0,8139615.0,2511011711.556824,0.1350000000000001,0.0849999999999999,78.47298787210585,96.51162790697676,97.72727272727272,97.11945031712474,,55.64516129032258,False,16.637739207832666,67.74637451447923,Neutral,67.15440754683719,58.78482023968043,8.718242343541945,44.70588235294118,41.68067226890757,40.49247606019152,7.066666666666667,58.125550186016085,85.71428571428571,51.22317037417309,100.0,GREEN,Large,50000000.0,GREEN,58.125550186016085,51.22317037417309,Hold,Hold,High,High,ttm(Mar 2026),ttm(Mar 2026),Mar 2026,False,False,Hold,,14.617364617364625,,March-to-March,full,,,6,growth_3y<-1y,97.11945031712474,55.989232839838486,16.637739207832666,67.74637451447923,58.78482023968043,44.70588235294118,40.49247606019152,0,-0.0,0,GREEN,57.66,51.29,55.11,,,12.0,0.0,0.0,0.0,Hold,55.11,Hold,,,Y,,,,3.5,-179.9,-85.0
FORCEMOT,Automobile and Auto Components,Cyclical,24390.256103528904,0.0970634252928222,0.176673588208435,0.0,494.3333333333333,21.665537014111116,12.21657787139141,20.12397368277962,-0.1559863169897377,-0.0791241602388653,0.1293986158830502,1.2244954739099758,False,False,50.69501219067881,95160.0,2800345.0,1882677195.0,0.1033333333333333,0.7450000000000002,20.12397368277962,21.73913043478261,39.130434782608695,30.43478260869565,75.81395348837209,49.05913978494624,False,69.0805284238634,36.12771742863926,Neutral,5.647165447598785,100.0,53.26844207723036,42.35294117647059,73.10924369747899,28.72777017783858,28.933333333333334,58.076995878029656,100.0,41.42812613788946,100.0,GREEN,Mid,10000000.0,GREEN,58.076995878029656,41.42812613788946,Hold,Hold,High,High,ttm(Mar 2026),ttm(Mar 2026),Mar 2026,False,False,Hold,,12.20267591674926,21.665537014111113,March-to-March,full,,,7,,30.43478260869565,75.0,69.0805284238634,36.12771742863926,100.0,42.35294117647059,28.72777017783858,0,-0.0,0,GREEN,57.93,41.48,51.35,,,9.0,-5.0,0.0,-5.0,Hold,46.35,Hold,score 40-50 (trim if weight >2.5%),,,,,,21.2,249.9,-124.0
CHOLAHLDNG,Financial Services,NotCyclical,65966.81690707536,0.3691158562058448,,13.61459816228808,,,17.953207547169804,12.026766983969983,-0.0280955195613724,-0.1410679220962887,-0.24680966039724,0.0854226649514364,False,False,39.94961089904779,-1743719.0,1532141.0,223284303.088562,0.3883333333333333,0.5400000000000009,12.026766983969983,94.9579831932773,,94.9579831932773,,65.99462365591397,False,55.07003688533864,14.269034134121164,Neutral,13.852605484934523,47.73288948069241,28.95792276964048,63.02521008403361,67.39495798319328,24.897400820793436,18.933333333333334,58.05456096802163,85.71428571428571,51.44198903795891,100.0,N/A-financial-sector,Large,50000000.0,GREEN,58.05456096802163,51.44198903795891,Hold,Hold,High,High,ttm(Mar 2026),ttm(Mar 2026),Mar 2026,False,False,Hold,,11.22337944971241,23.700829747164033,March-to-March,full,,,7,,94.9579831932773,78.19767441860465,55.07003688533864,14.269034134121164,47.73288948069241,63.02521008403361,24.897400820793436,0,-0.0,0,N/A-financial-sector,62.49,47.75,56.59,,,14.0,0.0,0.0,0.0,Hold,56.59,Hold,,,,,,,,,
ENGINERSIN,Construction,Cyclical,13030.41629450108,0.1707873186722374,0.1804887621105776,0.005403687221869,348.0,5.659629107834308,27.169689119170997,18.814784777445293,-0.0431711024276642,0.2034163727589246,-0.0545034287565563,-0.1173660923934166,False,True,43.54401851392277,20709083.0,276446520.0,764164808.8162003,0.8783333333333331,0.6449999999999996,18.814784777445293,78.26086956521739,47.82608695652174,63.04347826086956,27.44186046511628,81.58602150537635,True,78.8584779706275,54.74615220479648,Neutral,26.474583655854097,8.461517976031956,26.57070572569907,78.31932773109244,71.26050420168067,91.65526675786596,77.2,54.98295296215687,100.0,55.39729411134493,100.0,GREEN,Mid,10000000.0,GREEN,57.98295296215687,58.39729411134493,Hold,Hold,High,High,ttm(Mar 2026),ttm(Mar 2026),Mar 2026,False,False,Hold,,27.20207253886011,5.6596291078343075,March-to-March,full,,,7,,63.04347826086956,27.61627906976744,78.8584779706275,54.74615220479648,8.461517976031956,78.31932773109244,91.65526675786596,0,-0.0,3,GREEN,58.01,58.37,58.16,,,13.0,0.0,0.0,0.0,Hold,58.16,Hold,,,,,Y,,27.1,42.2,82.0
NAVA,Power,NotCyclical,22076.88175119085,0.172958925275608,0.19527484578941,0.2545454545454545,143.08333333333334,6.7439605939922265,7.759919638372681,21.255847866391917,-0.1586668099310748,0.0513482920258328,0.0156754415598494,0.6259740085187813,False,False,41.72314770912128,1916344.0,29708765.0,183683497.9954224,0.2683333333333334,-0.1200000000000002,21.255847866391917,80.95238095238095,95.23809523809524,88.09523809523809,30.54263565891473,33.064516129032256,False,61.67111704494882,33.371031846302635,Neutral,11.748320149722792,35.61571238348868,2.060452729693742,56.63865546218487,25.04201680672269,60.87551299589603,43.73333333333333,54.92583332383238,100.0,39.67587831441989,100.0,GREEN,Mid,10000000.0,GREEN,57.92583332383238,42.67587831441989,Hold,Hold,High,High,ttm(Mar 2026),ttm(Mar 2026),Mar 2026,False,False,Hold,,7.705823293172687,6.7439605939922265,March-to-March,full,,,7,,88.09523809523809,30.523255813953487,61.67111704494882,33.371031846302635,35.61571238348868,56.63865546218487,60.87551299589603,0,-0.0,3,GREEN,57.92,42.88,51.9,,,7.0,-5.0,0.0,-5.0,Hold,46.9,Hold,score 40-50 (trim if weight >2.5%),,,,,,12.4,-259.4,36.0
ERIS,Healthcare,NotCyclical,21567.155988826307,0.1552859761909839,0.1678149734379501,0.6044068665129387,5.803108808290156,22.914151075358237,8.157621845834772,32.98027973441309,0.0352037992479579,-0.0082270243564462,-0.1356358566801254,0.4608384677851636,True,True,63.69776897854452,808565.0,3253973.0,86219031.08178711,0.6516666666666664,1.42,32.98027973441309,54.285714285714285,30.0,42.14285714285714,78.13953488372093,34.274193548387096,False,63.646234194612425,42.624075141701326,Neutral,31.23053609119093,66.50785619174435,90.47589880159788,72.60504201680672,84.2016806722689,29.68536251709986,35.46666666666667,57.92351507803071,100.0,50.00473512325505,100.0,GREEN,Mid,10000000.0,GREEN,57.92351507803071,50.00473512325505,Hold,Hold,High,High,ttm(Mar 2026),ttm(Mar 2026),Mar 2026,False,False,Hold,,8.120248790601249,22.914151075358234,March-to-March,full,,,7,,42.14285714285714,77.32558139534885,63.646234194612425,42.624075141701326,66.50785619174435,72.60504201680672,29.68536251709986,0,-0.0,0,GREEN,57.74,50.21,54.73,,,11.0,0.0,0.0,0.0,Hold,54.73,Hold,,,,,,,-1.4,19.3,-27.0
KPIL,Construction,Cyclical,22348.49055548607,0.1233181884204849,0.2048810051958291,0.4556327160493827,3.5093795093795093,18.38118074477164,21.630220469618223,21.67295970425115,0.0718281080238891,0.1872543057797171,0.1096353836128201,0.0920828815917247,True,True,47.00422170615698,1762901.0,2805792.0,194998132.64996335,1.6833333333333342,3.2600000000000025,21.67295970425115,43.47826086956522,65.21739130434783,54.34782608695652,66.97674418604652,73.65591397849462,False,76.17323097463284,71.07920758721762,Neutral,70.19136526899783,8.461517976031956,26.57070572569907,89.2436974789916,93.61344537815124,28.86456908344733,42.4,57.89001688070907,100.0,63.09975370526683,100.0,GREEN,Mid,10000000.0,GREEN,57.89001688070907,63.09975370526683,Hold,Hold,High,High,ttm(Mar 2026),ttm(Mar 2026),Mar 2026,False,False,Hold,,21.630220469618223,18.38118074477164,March-to-March,full,,,7,,54.34782608695652,66.13372093023256,76.17323097463284,71.07920758721762,8.461517976031956,89.2436974789916,28.86456908344733,0,-0.0,0,GREEN,57.74,63.17,59.91,,,16.0,5.0,0.0,5.0,Hold,64.91,Hold,,,,,,,10.3,-38.3,79.0
BEL,Capital Goods,Cyclical,297688.8102532584,0.2187448705778177,0.303462910733338,0.002709688177422,1149.857142857143,15.90083571585692,16.154816996213704,49.107358999217816,-0.1102611365652153,-0.0117643563922216,0.0011765830772574,0.2348094776281806,False,False,43.88384232434582,-29862476.0,32071435.0,4543657695.939087,-0.3499999999999996,-0.2699999999999996,49.107358999217816,84.11214953271028,92.5925925925926,88.35237106265143,60.310077519379846,62.096774193548384,False,46.777303070761015,27.37851750191229,Neutral,10.559631640581292,85.89161118508655,77.5027962716378,11.260504201680671,18.487394957983195,62.243502051983576,4.533333333333333,57.885647598076986,100.0,46.590985179819455,100.0,GREEN,Large,50000000.0,GREEN,57.885647598076986,46.590985179819455,Hold,Hold,High,High,ttm(Mar 2026),ttm(Mar 2026),Mar 2026,False,False,Hold,,16.159703815894645,15.900835715856921,March-to-March,full,,,7,,88.35237106265143,59.30232558139535,46.777303070761015,27.37851750191229,85.89161118508655,11.260504201680671,62.243502051983576,0,-0.0,0,GREEN,57.7,46.49,53.22,,,17.0,5.0,0.0,5.0,Hold,58.22,Hold,,,,,,,7.0,107.2,-176.0
MUTHOOTFIN,Financial Services,NotCyclical,120473.23149414248,0.2001695893560255,,3.879529772553029,,,54.390304229532525,11.358329280674235,-0.1515348496020581,-0.2304628945256693,0.1442223374439906,0.7139711889483729,False,False,42.59681115238512,-7934242.0,-7773094.0,2210539750.5043945,0.1599999999999998,0.3650000000000002,11.358329280674235,79.83193277310924,,79.83193277310924,,93.68279569892472,False,62.10133285058044,35.97349213679925,Neutral,2.9491343117587334,47.73288948069241,28.95792276964048,47.22689075630252,59.83193277310925,9.439124487004104,9.466666666666669,54.86945995674024,85.71428571428571,51.09074406033711,100.0,N/A-financial-sector,Large,50000000.0,GREEN,57.86945995674024,54.09074406033711,Hold,Hold,High,High,ttm(Mar 2026),ttm(Mar 2026),Mar 2026,False,False,Hold,,97.85478547854784,42.944902865276276,March-to-March,full,,,7,,79.83193277310924,92.15116279069767,62.10133285058044,35.97349213679925,47.73288948069241,47.22689075630252,9.439124487004104,0,-0.0,3,N/A-financial-sector,66.07,55.06,61.67,,,12.0,0.0,0.0,0.0,Hold,61.67,Hold,,,,,,,,,
CHALET,Consumer Services,NotCyclical,19090.555257078584,0.1224758126298502,0.137371881342484,0.6403461330448891,6.594444444444444,34.91395996951112,61.23399301513388,29.56765046480268,0.1072381107390874,-0.0029159380136863,0.017266073426438,0.0334035481129175,True,True,68.8271997915505,2970456.0,1963487.0,78628629.89819336,0.2000000000000002,-0.1149999999999997,29.56765046480268,67.3913043478261,41.30434782608695,54.34782608695652,89.14728682170544,94.89247311827955,True,64.45193591455273,60.703058309157285,Neutral,55.20327035900921,7.985885486018644,14.776830892143808,51.26050420168067,25.54621848739496,26.67578659370725,48.66666666666667,57.85732597879152,100.0,56.51827625717337,100.0,GREEN,Mid,10000000.0,GREEN,57.85732597879152,56.51827625717337,Hold,Hold,High,High,ttm(Mar 2026),ttm(Mar 2026),Mar 2026,False,False,Hold,,61.23399301513388,34.91395996951112,March-to-March,full,,,7,,54.34782608695652,88.95348837209302,64.45193591455273,60.703058309157285,7.985885486018644,51.26050420168067,26.67578659370725,0,-0.0,0,GREEN,57.81,56.47,57.28,,,13.0,0.0,0.0,0.0,Hold,57.28,Hold,,,,,,,5.1,0.3,6.0
DOMS,Fast Moving Consumer Goods,NotCyclical,14273.45140307804,0.2279257583534764,0.3129185082897701,0.1155737704918032,36.63636363636363,24.27078170052141,21.589127025614214,59.47271417949183,-0.0567426097310788,-0.0863877689813371,-0.0589418357798093,0.0041310647199053,True,False,46.60301986296261,7843961.0,17044528.0,105072243.14111328,,,59.47271417949183,74.4186046511628,81.81818181818183,78.11839323467231,79.06976744186046,73.38709677419355,False,28.521558155972667,24.1546202128762,Neutral,27.76192023592596,58.78482023968043,8.718242343541945,,,52.53077975376197,63.6,57.85336722477758,85.71428571428571,46.89116277277259,85.71428571428571,GREEN,Mid,10000000.0,GREEN,57.85336722477758,46.89116277277259,Hold,Hold,High,High,ttm(Mar 2026),ttm(Mar 2026),Mar 2026,False,False,Hold,,21.589127025614218,24.270781700521415,March-to-March,full,,,6,,78.11839323467231,78.48837209302324,28.521558155972667,24.1546202128762,58.78482023968043,,52.53077975376197,0,-0.0,0,GREEN,57.02,47.25,53.11,,,16.0,5.0,0.0,5.0,Hold,58.11,Hold,,,Y,,,,5.9,-21.3,-3.0
GRSE,Capital Goods,Cyclical,29681.70372987345,0.1825672742014089,0.1230662687600792,0.0140845070422535,49.6875,39.83122939640808,37.94326241134751,39.6753453113036,-0.0288627328100633,0.0606639136365745,-0.0687477024557189,0.0099674632230299,False,True,40.07639955509411,3707913.0,46325865.0,2030507604.008789,-0.4883333333333333,-0.6450000000000002,39.6753453113036,74.76635514018692,12.962962962962962,43.86465905157494,90.85271317829458,89.11290322580645,False,50.11904761904762,41.37012572583567,Neutral,20.616169568300112,85.89161118508655,77.5027962716378,6.722689075630252,10.420168067226893,67.44186046511628,51.866666666666674,57.76375850840493,100.0,48.914752645018,100.0,GREEN,Mid,10000000.0,GREEN,57.76375850840493,48.914752645018,Hold,Hold,High,High,ttm(Mar 2026),ttm(Mar 2026),Mar 2026,False,False,Hold,,37.94326241134751,39.831229396408084,March-to-March,full,,,7,,43.86465905157494,90.69767441860465,50.11904761904762,41.37012572583567,85.89161118508655,6.722689075630252,67.44186046511628,0,-0.0,0,GREEN,57.74,48.84,54.18,,,13.0,0.0,0.0,0.0,Hold,54.18,Hold,,,,,Y,,27.3,212.9,-61.0
GVT&D,Capital Goods,Cyclical,117338.49741353864,0.1017514796735779,0.2077274791649611,0.0089219330855018,112.26666666666668,30.803882214148118,44.56091311437223,95.16504250895268,0.0831227250439849,0.6782354375457624,0.9685796368703896,1.71226858870401,False,True,44.84987533398112,-6267517.0,233922.0,3747131149.25,,,95.16504250895268,23.36448598130841,67.5925925925926,45.47853928695051,85.73643410852712,91.39784946236558,False,18.402937249666223,95.83929740703992,Neutral,34.96342516501459,85.89161118508655,77.5027962716378,,,19.15184678522572,10.8,57.73736377053939,85.71428571428571,47.8162195058765,85.71428571428571,GREEN,Large,50000000.0,GREEN,57.73736377053939,47.8162195058765,Hold,Hold,High,High,ttm(Mar 2026),ttm(Mar 2026),Mar 2026,False,False,Hold,,44.594594594594604,30.803882214148114,March-to-March,full,,,6,,45.47853928695051,85.61046511627907,18.402937249666223,95.83929740703992,85.89161118508655,,19.15184678522572,0,-0.0,0,GREEN,57.02,47.99,53.41,,,18.0,5.0,0.0,5.0,Hold,58.41,Hold,,,Y,,,,1.6,482.4,-35.0
POWERINDIA,Capital Goods,Cyclical,149539.593015386,0.1200122586764467,0.1920463440863874,0.0166151468315301,96.3076923076923,22.165025099832825,27.611589663273307,151.3626928977529,0.1315567549333782,0.9610078335087104,0.8069319534682702,1.440110868150355,False,True,49.75881669596761,158298.0,5263397.0,4539124012.5,1.0216666666666665,-0.1749999999999998,151.3626928977529,31.77570093457944,57.407407407407405,44.59155417099342,76.5891472868217,82.25806451612904,False,12.334579439252336,93.34911877540014,Neutral,38.949118330403245,85.89161118508655,77.5027962716378,81.34453781512605,22.521008403361343,34.61012311901504,29.86666666666667,57.7193260164924,100.0,45.14576651801615,100.0,GREEN,Large,50000000.0,GREEN,57.7193260164924,45.14576651801615,Hold,Hold,High,High,ttm(Mar 2026),ttm(Mar 2026),Mar 2026,False,False,Hold,,27.611589663273307,22.165025099832825,March-to-March,full,,,7,,44.59155417099342,75.87209302325581,12.334579439252336,93.34911877540014,85.89161118508655,81.34453781512605,34.61012311901504,0,-0.0,0,GREEN,57.59,45.1,52.6,,,18.0,5.0,0.0,5.0,Hold,57.6,Hold,,,,,,,14.1,479.9,129.0
JSFB,Financial Services,NotCyclical,5235.566440125595,0.1375261998143637,,1.2400180464696593,,,18.26761744966443,13.7981705629895,0.2982913898079808,0.2339159654786311,0.0139553957794411,-0.2589890655610154,True,True,62.93508216485461,8378423.0,14537906.0,278916055.34150696,,,13.7981705629895,52.94117647058824,,52.94117647058824,,66.8010752688172,False,81.3175110673881,42.7023338286112,Neutral,85.68463687075054,47.73288948069241,28.95792276964048,,,50.20519835841313,65.2,57.7148626426779,71.42857142857143,66.57245307990655,85.71428571428571,N/A-financial-sector,Small,2500000.0,GREEN,57.7148626426779,66.57245307990655,Hold,Hold,High,High,ttm(Jun 2026),ttm(Jun 2026),Jun 2026,False,False,Hold,,18.26761744966443,,engine TTM (no FY pair),full,,,5,growth_3y<-1y,52.94117647058824,66.21803499327052,81.3175110673881,42.7023338286112,47.73288948069241,,50.20519835841313,0,-0.0,0,N/A-financial-sector,58.89,65.14,61.39,,,18.0,5.0,0.0,5.0,Hold,66.39,Hold,,,Y,,,,,,
CDSL,Financial Services,NotCyclical,29412.351054078827,0.261405717579379,0.3117575545841354,0.0010204081632653,,27.30266668779695,5.920444033302497,64.61291800274851,0.0293366049328056,-0.00662020160042,-0.1579319265847784,0.2430104158508887,True,True,61.59688233191992,36463450.0,6571590.0,1984521250.25,,,64.61291800274851,89.07563025210085,79.16666666666666,84.12114845938376,82.17054263565892,26.344086021505376,True,23.63183431567293,39.159716900026666,Neutral,42.93397567865374,47.73288948069241,28.95792276964048,,,38.03009575923393,84.39999999999999,58.59895634651464,85.71428571428571,45.41981857870909,85.71428571428571,N/A-financial-sector,Mid,10000000.0,GREEN,57.59895634651464,44.41981857870909,Hold,Hold,High,High,ttm(Mar 2026),ttm(Mar 2026),Mar 2026,False,False,Hold,,5.822550831792972,27.30266668779695,March-to-March,full,,,6,,84.12114845938376,82.12209302325581,23.63183431567293,39.159716900026666,47.73288948069241,,38.03009575923393,1,-1.0,0,N/A-financial-sector,56.81,44.99,52.08,,,12.0,0.0,0.0,0.0,Hold,52.08,Hold,,,Y,,,,15.3,-79.4,-26.0
REDTAPE,Consumer Durables,NotCyclical,7335.818593693876,0.2550387762464191,0.2592193329602286,0.7045009784735812,5.102941176470588,18.114514979964568,19.45679012345678,30.439081301634342,0.0910514419593311,0.0254802406237384,-0.0349359936065895,-0.8186686935644936,False,True,44.13243630391289,677881.0,14457648.0,50181786.79772949,,,30.439081301634342,87.8048780487805,78.04878048780488,82.92682926829269,66.35658914728683,68.68279569892472,False,46.66646437674475,35.99968939244157,Neutral,28.955862060665623,25.229560585885487,54.25752330226364,,,49.93160054719562,34.53333333333333,57.46894314461361,85.71428571428571,54.28312781622826,85.71428571428571,GREEN,Small,2500000.0,GREEN,57.46894314461361,54.28312781622826,Hold,Hold,High,High,ttm(Mar 2026),ttm(Mar 2026),Mar 2026,False,False,Hold,,19.693221177634832,18.114514979964568,March-to-March,full,,,6,,82.92682926829269,65.40697674418605,46.66646437674475,35.99968939244157,25.229560585885487,,49.93160054719562,0,-0.0,0,GREEN,56.59,54.05,55.57,,,16.0,5.0,0.0,5.0,Hold,60.57,Hold,,,Y,Y,Y,Y,41.0,-58.8,101.0
AADHARHFC,Financial Services,NotCyclical,22440.763951447567,0.1510953194668041,,2.4856119878000267,,,18.178893178893183,20.38598623147392,0.0715846952198504,0.0653770677655647,0.1400265625209018,0.1925660647631368,True,True,50.23958157187938,9007395.0,14456808.0,161021620.80169678,,,20.38598623147392,63.86554621848739,,63.86554621848739,,66.53225806451613,False,52.6915562213032,64.76176436490913,Neutral,55.10882421195808,47.73288948069241,28.95792276964048,,,49.79480164158687,66.13333333333333,57.35781741277673,71.42857142857143,56.20432279196903,85.71428571428571,N/A-financial-sector,Mid,10000000.0,GREEN,57.35781741277673,56.20432279196903,Hold,Hold,High,High,ttm(Mar 2026),ttm(Mar 2026),Mar 2026,False,False,Hold,,21.017514595496255,25.3333481432962,March-to-March,full,,,6,,63.86554621848739,79.79651162790698,52.6915562213032,64.76176436490913,47.73288948069241,,49.79480164158687,0,-0.0,0,N/A-financial-sector,61.63,56.86,59.72,,,19.0,5.0,0.0,5.0,Hold,64.72,Hold,,,Y,,,,,,
GLAND,Healthcare,NotCyclical,41663.090612783184,0.0905488323872498,0.1406421758321173,0.0274210678767983,49.39393939393939,21.057072216242023,14.491721559551362,40.56125565015635,0.4094505387017517,0.4852612462382559,0.3843953067970973,0.4019874121273197,True,True,65.61534960988305,7069574.0,18355200.0,1117286699.9533691,0.6966666666666663,-0.1000000000000005,40.56125565015635,18.571428571428573,17.142857142857142,17.857142857142858,74.10852713178294,55.376344086021504,False,62.04726301735648,79.93898615005763,Neutral,89.86319117359697,66.50785619174435,90.47589880159788,74.28571428571429,26.47058823529412,53.89876880984952,62.53333333333333,57.356137493524855,100.0,59.15335772471132,100.0,GREEN,Large,50000000.0,GREEN,57.356137493524855,59.15335772471132,Hold,Hold,High,High,ttm(Mar 2026),ttm(Mar 2026),Mar 2026,False,False,Hold,,14.51210826210827,21.057072216242023,March-to-March,full,,,7,,17.857142857142858,73.40116279069767,62.04726301735648,79.93898615005763,66.50785619174435,74.28571428571429,53.89876880984952,0,-0.0,0,GREEN,57.2,59.22,58.01,,,13.0,0.0,0.0,0.0,Hold,58.01,Hold,,,,,,,19.9,176.8,78.0
SAIL,Metals & Mining,Cyclical,67554.9579522309,0.0771447726233709,0.1413022874922426,0.5289946318510172,5.560704355885079,1.9907804861935885,8.129470428087714,20.052696676815252,-0.0525736869786459,0.1074039724280198,0.2333865586686543,0.0670288551808131,False,True,35.27216995156466,-175343581.0,964364176.0,3294623194.676628,0.5799999999999998,0.6049999999999993,20.052696676815252,20.833333333333336,25.0,22.916666666666668,15.813953488372093,34.13978494623656,False,72.9731950292698,62.1656166298873,Neutral,26.983894115954644,94.9462050599201,6.26444740346205,70.08403361344537,69.24369747899159,99.04240766073872,1.0666666666666669,57.27918092609811,100.0,34.92408558540342,100.0,GREEN,Large,50000000.0,GREEN,57.27918092609811,34.92408558540342,Hold,Sell,High,High,ttm(Mar 2026),ttm(Mar 2026),Mar 2026,False,False,Sell,,8.130446237765776,1.9907804861935885,March-to-March,full,,,7,,22.916666666666668,16.27906976744186,72.9731950292698,62.1656166298873,94.9462050599201,70.08403361344537,99.04240766073872,0,-0.0,0,GREEN,57.36,35.12,48.47,,,7.0,-5.0,-6.0,-11.0,Sell,37.47,Sell,,,,,,,14.4,440.9,-355.0
ASTERDM,Healthcare,NotCyclical,46297.28832779644,0.5078358441498041,0.1015909498601468,0.4851398601398601,7.024390243902439,15.748568648424111,12.203963267278883,108.42456282856308,0.1951434519292678,0.3454138447291779,0.3462127665257635,1.4349028002182096,True,True,59.34800684301584,8020371.0,25206684.0,403243715.7695313,4.698333333333333,0.1499999999999981,108.42456282856308,100.0,11.428571428571429,55.71428571428572,59.68992248062015,48.924731182795696,False,14.269158878504673,83.95373732721094,Neutral,71.30557490255288,66.50785619174435,90.47589880159788,97.6470588235294,47.05882352941176,58.5499316005472,64.26666666666667,57.20736524356461,100.0,55.005901630627456,100.0,GREEN,Large,50000000.0,GREEN,57.20736524356461,55.005901630627456,Hold,Hold,High,High,ttm(Mar 2026),ttm(Mar 2026),Mar 2026,False,False,Hold,,12.203963267278883,15.748568648424111,March-to-March,full,,,7,,55.71428571428572,58.720930232558146,14.269158878504673,83.95373732721094,66.50785619174435,97.6470588235294,58.5499316005472,0,-0.0,0,GREEN,56.99,55.11,56.24,,,16.0,5.0,0.0,5.0,Hold,61.24,Hold,,,,,,,16.3,18.0,-5076.0
VIJAYA,Healthcare,NotCyclical,14536.734086853065,0.1751292574473106,0.2399551300363104,0.4420062695924764,10.212121212121213,21.042320176103967,19.53010279001468,83.92751039809865,0.3802032111624316,0.4353216492653515,0.4026509657165591,0.798139173348902,True,True,61.72790577804965,4631778.0,13222168.0,269631204.76831055,-0.3133333333333334,0.0699999999999994,83.92751039809865,65.71428571428571,80.0,72.85714285714286,73.95348837209302,69.22043010752688,False,21.386358281630407,85.36283593906552,Neutral,88.24630175396341,66.50785619174435,90.47589880159788,11.76470588235294,41.00840336134453,47.46922024623803,55.86666666666667,57.10843494936181,100.0,66.0473557611011,100.0,GREEN,Mid,10000000.0,GREEN,57.10843494936181,66.0473557611011,Hold,Hold,High,High,ttm(Mar 2026),ttm(Mar 2026),Mar 2026,False,False,Hold,,19.53010279001468,21.042320176103967,March-to-March,full,,,7,,72.85714285714286,73.25581395348837,21.386358281630407,85.36283593906552,66.50785619174435,11.76470588235294,47.46922024623803,0,-0.0,0,GREEN,56.95,65.99,60.57,,,18.0,5.0,0.0,5.0,Hold,65.57,Hold,,,,,,,9.0,10.7,4.0
ELGIEQUIP,Capital Goods,Cyclical,18429.476013408483,0.1654297053986023,0.1924455299512214,0.2387992831541218,23.16,9.118118729686952,12.532042153232693,42.859246542810425,0.053718566397612,0.3212175362512353,0.0596506609267877,-0.2100495917207252,False,True,47.47068764326247,-306199.0,24337215.0,170430146.87149048,0.2433333333333336,-0.1499999999999999,42.859246542810425,65.42056074766354,58.333333333333336,61.87694704049844,36.74418604651163,51.075268817204304,False,57.693591455273705,47.030743109954784,Neutral,30.68864552138804,85.89161118508655,77.5027962716378,54.6218487394958,23.865546218487395,58.13953488372093,24.0,57.10310207762827,100.0,49.65005862265456,100.0,GREEN,Mid,10000000.0,GREEN,57.10310207762827,49.65005862265456,Hold,Hold,High,High,ttm(Mar 2026),ttm(Mar 2026),Mar 2026,False,False,Hold,,12.564102564102564,9.118118729686952,March-to-March,full,,,7,,61.87694704049844,36.48255813953488,57.693591455273705,47.030743109954784,85.89161118508655,54.6218487394958,58.13953488372093,0,-0.0,0,GREEN,57.06,49.7,54.11,,,11.0,0.0,0.0,0.0,Hold,54.11,Hold,,,,,,,19.1,-16.5,47.0
OBEROIRLTY,Realty,Cyclical,67662.8230508685,0.1172214615343479,0.1261203296982757,0.157627496931146,13.937759336099584,12.743742547859526,29.86239474224688,25.735618793858887,0.0893852573189002,0.1257382997995564,0.0147902824210484,0.0524483672535693,True,True,57.8048989616184,9953763.0,5678243.0,649462071.0449829,0.0149999999999993,-0.2200000000000006,25.735618793858887,76.47058823529412,94.11764705882352,85.29411764705881,49.6124031007752,84.00537634408603,True,73.92078326657766,64.88216565874366,Neutral,57.75545781625647,5.798402130492676,68.91424766977363,31.76470588235294,20.504201680672267,35.43091655266758,67.86666666666666,54.09747125153481,100.0,67.66813695026246,100.0,GREEN,Large,50000000.0,GREEN,57.09747125153481,70.66813695026246,Hold,Hold,High,High,ttm(Jun 2026),ttm(Jun 2026),Jun 2026,False,False,Hold,,13.677639046538026,12.743742547859526,March-to-March,full,,,7,,85.29411764705881,48.837209302325576,73.92078326657766,64.88216565874366,5.798402130492676,31.76470588235294,35.43091655266758,0,-0.0,3,GREEN,56.96,66.41,60.74,,,18.0,5.0,0.0,5.0,Hold,65.74,Hold,,,,,,,8.8,-168.4,92.0
KPIGREEN,Power,NotCyclical,8582.12404089057,0.2305662834396904,0.1659736253752955,1.7129202373104813,5.263736263736264,61.16769949132375,55.389048991354464,16.860754500767328,-0.0764952505350881,-0.0915096927859047,-0.2180426638606518,-0.333273470450841,False,False,52.214945782545485,-2153679.0,109109164.0,257900115.1707306,1.035,2.965,16.860754500767328,85.71428571428571,80.95238095238095,83.33333333333333,96.27906976744184,93.81720430107528,False,47.12616822429906,11.07898933090972,Neutral,16.45787050111053,35.61571238348868,2.060452729693742,81.84873949579831,92.77310924369748,80.84815321477427,18.0,67.08911404859553,100.0,52.59442577843227,100.0,AMBER,Small,2500000.0,GREEN,57.0257469413062,44.70526191166743,Hold,Hold,High,High,ttm(Mar 2026),ttm(Mar 2026),Mar 2026,False,False,Hold,,55.389048991354464,61.167699491323745,March-to-March,full,,,7,,83.33333333333333,96.36627906976744,47.12616822429906,11.07898933090972,35.61571238348868,81.84873949579831,80.84815321477427,0,-0.0,0,GREEN,67.11,52.59,61.3,,,18.0,5.0,0.0,5.0,Hold,66.3,Hold,,,,,,,6.9,81.6,31.0
GROWW,Financial Services,NotCyclical,129020.51768934872,0.1031666239235344,0.2871527480200667,0.0302527973476999,59.65217391304348,59.62706853727829,37.73981603153744,52.19289324610366,0.0485951698008093,0.2639989938146991,,,True,,53.79271712275769,189393347.0,,5662702488.991005,,,52.19289324610366,28.57142857142857,72.91666666666666,50.74404761904761,95.968992248062,88.97849462365592,True,26.038559887759952,,Neutral,59.90943352188401,47.73288948069241,28.95792276964048,,,,96.8,58.01001400001903,57.14285714285714,56.117618344144,85.71428571428571,N/A-financial-sector,Large,50000000.0,GREEN,57.01001400001903,55.117618344144,Hold,Hold,Med,High,ttm(Jun 2026),ttm(Jun 2026),Jun 2026,False,False,Hold,,14.380694410243787,59.627068537278284,March-to-March,<1y,77.86666666666666,6.0,4,"stage_3y<-1y,accumulation_3y<-1y",50.74404761904761,96.07558139534885,26.038559887759952,59.90943352188401,47.73288948069241,,96.8,1,-1.0,0,N/A-financial-sector,59.62,48.54,55.19,,,28.0,15.0,0.0,15.0,Hold,70.19,Hold,,,<1y,,,,6.1,-149.8,171.0
CREDITACC,Financial Services,NotCyclical,23963.489513923763,0.1393441186827892,,3.014664626370824,,,5.319888734353273,30.76970519831112,0.1924548710803972,0.1601614279773762,0.1443551286536069,0.1500405119767376,True,True,54.87906669271597,3990786.0,45734041.0,367905919.7294922,1.3433333333333335,2.6500000000000004,30.76970519831112,56.30252100840336,,56.30252100840336,,24.731182795698924,False,39.29336676544335,64.14285896725495,Neutral,77.69097303688083,47.73288948069241,28.95792276964048,86.05042016806723,91.34453781512605,66.75786593707251,53.333333333333336,56.99900958905742,85.71428571428571,52.46455557231318,100.0,N/A-financial-sector,Mid,10000000.0,GREEN,56.99900958905742,52.46455557231318,Hold,Hold,High,High,ttm(Mar 2026),ttm(Mar 2026),Mar 2026,False,False,Hold,,42.503259452412,0.030515717487666905,March-to-March,full,,,7,,56.30252100840336,12.063953488372094,39.29336676544335,64.14285896725495,47.73288948069241,86.05042016806723,66.75786593707251,0,-0.0,0,N/A-financial-sector,47.11,64.27,53.98,,,17.0,5.0,0.0,5.0,Hold,58.98,Hold,,,,,,,,,
STYL,Financial Services,NotCyclical,6474.983241054872,0.3017072357787052,0.3262405015350576,0.0589060308555399,18.09523809523809,,-1.3013698630137016,26.54943637050535,0.6250355192447219,0.4491126304195365,,,True,,86.54546327514106,3916336.0,2699646.0,39430136.38937378,,,26.54943637050535,94.11764705882352,83.33333333333334,88.72549019607843,,10.080645161290322,False,36.60187267233504,,Extended,92.256564783597,47.73288948069241,28.95792276964048,,,28.454172366621066,52.93333333333333,57.87498908398336,57.14285714285714,56.064898875451306,85.71428571428571,N/A-financial-sector,Small,2500000.0,GREEN,56.87498908398336,55.064898875451306,Hold,Hold,Med,High,ttm(Mar 2026),ttm(Mar 2026),Mar 2026,False,False,Hold,,-1.5037593984962405,,March-to-March,<1y,42.62068965517241,9.0,4,"stage_3y<-1y,growth_3y<-1y",88.72549019607843,11.574697173620457,36.60187267233504,92.256564783597,47.73288948069241,,28.454172366621066,1,-1.0,0,N/A-financial-sector,49.76,54.85,51.8,,,15.0,5.0,0.0,5.0,Hold,56.8,Hold,,,<1y,,,,4.3,24.4,5.0
MAZDOCK,Capital Goods,Cyclical,95056.70714988922,0.2176298682988949,0.1528475976555189,0.0458226550486929,31.47222222222222,18.444838092044137,13.768369489153256,34.50175407405209,-0.0991530242580521,-0.0454354255837401,-0.2515370100854111,-0.1400018423670076,False,False,38.96989167425405,-2214868.0,39354866.0,1988858204.8391116,0.1749999999999999,0.2449999999999999,34.50175407405209,83.17757009345794,32.407407407407405,57.79248875043268,67.28682170542636,53.62903225806451,False,53.749265687583446,11.822652407842114,Neutral,10.9061854357492,85.89161118508655,77.5027962716378,49.07563025210084,54.6218487394958,64.97948016415869,17.599999999999998,56.86033066712208,100.0,46.07905322903198,100.0,GREEN,Large,50000000.0,GREEN,56.86033066712208,46.07905322903198,Hold,Hold,High,High,ttm(Mar 2026),ttm(Mar 2026),Mar 2026,False,False,Hold,,13.768369489153255,18.444838092044137,March-to-March,full,,,7,,57.79248875043268,66.42441860465115,53.749265687583446,11.822652407842114,85.89161118508655,49.07563025210084,64.97948016415869,0,-0.0,0,GREEN,56.71,46.13,52.47,,,10.0,0.0,-6.0,-6.0,Sell,46.47,Hold,score 40-50 (trim if weight >2.5%) + analyst view,Analyst Sell -> Trim,,,Y,,35.2,-84.5,18.0
ENRIN,Capital Goods,Cyclical,,,,0.0448877805486284,,,78.97971727105102,92.56047971807897,0.0850433835041399,0.4185651998408957,0.0736922137677704,,False,True,45.28286428822877,651043.0,-15612999.0,1564709447.189819,,,92.56047971807897,,,,,97.17741935483872,False,,56.0713701319952,Neutral,34.06893579339935,85.89161118508655,77.5027962716378,,,7.113543091655266,34.13333333333333,56.83080420318813,42.85714285714285,60.82796164444402,57.14285714285714,GREEN,,,GREEN,56.83080420318813,60.82796164444402,Hold,Hold,Med,Med,ttm(Mar 2026),ttm(Mar 2026),Mar 2026,False,True,Hold,,78.97971727105102,,engine TTM (no FY pair),1-2y,,,3,growth_3y<-1y,,97.30820995962316,,56.0713701319952,85.89161118508655,,7.113543091655266,0,-0.0,0,GREEN,60.84,56.41,59.07,,,18.0,5.0,0.0,5.0,Hold,64.07,Hold,,,Y,,,,,,
TIMKEN,Capital Goods,Cyclical,23636.041343860477,0.1509181064923955,0.2126534545749168,0.0051475634866163,158.0,,8.789490147012824,47.57117046723576,-0.1031430571126963,0.0584905989407851,-0.0538583377927301,-0.2673988582393357,False,False,27.877709997162,-459927.0,1282587.0,144083040.7093506,1.7466666666666668,5.0,47.57117046723576,54.20560747663551,72.22222222222221,63.21391484942886,,36.02150537634409,False,52.35870048954161,17.70011416240173,Pulled back,15.317784555839356,85.89161118508655,77.5027962716378,90.08403361344538,97.3109243697479,24.48700410396717,23.200000000000003,56.81609072515697,85.71428571428571,48.86270157106444,100.0,GREEN,Mid,10000000.0,GREEN,56.81609072515697,48.86270157106444,Hold,Hold,High,High,annual,ttm(Mar 2026),Mar 2026,False,False,Hold,,8.789490147012824,,March-to-March,full,,,6,growth_3y<-1y,63.21391484942886,37.41588156123822,52.35870048954161,17.70011416240173,85.89161118508655,90.08403361344538,24.48700410396717,0,-0.0,0,GREEN,53.32,49.06,51.62,,,12.0,0.0,0.0,0.0,Hold,51.62,Hold,,,Y,,,,5.4,-32.7,-21.0
CUPID,Fast Moving Consumer Goods,NotCyclical,28752.299423217773,0.1642578021280591,0.1701693612906658,0.1244444444444444,39.0,33.93649184364733,95.62841530054644,266.2249946594238,1.0202997479303586,1.4265694869929555,7.984981078191073,11.12870172010049,True,True,65.39807263400573,757340673.0,2046167735.0,2967474014.4996037,-0.02,-0.16,266.2249946594238,44.18604651162791,34.090909090909086,39.13847780126849,88.06201550387597,99.05913978494624,True,9.384669755752768,99.34744706298537,Neutral,97.8379705143772,58.78482023968043,8.718242343541945,27.899159663865547,22.857142857142858,99.04240766073872,99.06666666666666,56.71790384228659,100.0,57.01214774245292,100.0,GREEN,Mid,10000000.0,GREEN,56.71790384228659,57.01214774245292,Hold,Hold,High,High,ttm(Mar 2026),ttm(Mar 2026),Mar 2026,False,False,Hold,,95.62841530054644,33.93649184364733,March-to-March,full,,,7,,39.13847780126849,87.93604651162791,9.384669755752768,99.34744706298537,58.78482023968043,27.899159663865547,99.04240766073872,0,-0.0,0,GREEN,56.69,57.01,56.82,,,28.0,15.0,0.0,15.0,Hold,71.82,Hold,,,,,,Y,23.9,34.8,15.0
EPL,Capital Goods,Cyclical,7614.84529850314,0.1315659756598126,0.2411005517476792,0.3365990202939118,8.391304347826088,8.841511299634774,13.08167141500476,19.311111512988685,-0.0068151057099351,0.1383727339188052,0.0272181500294337,0.0716997796063916,True,True,53.27802561173076,7578810.0,17424400.0,121647781.6246643,-0.4250000000000001,-1.1950000000000012,19.311111512988685,39.25233644859813,80.55555555555556,59.90394600207684,35.65891472868217,52.553763440860216,False,76.82894265524764,52.59192632875229,Neutral,46.18568950231898,85.89161118508655,77.5027962716378,8.571428571428571,6.218487394957983,53.077975376197,63.06666666666667,56.68891621602535,100.0,57.47740363545681,100.0,GREEN,Small,2500000.0,GREEN,56.68891621602535,57.47740363545681,Hold,Hold,High,High,ttm(Mar 2026),ttm(Mar 2026),Mar 2026,False,False,Hold,,13.054830287206265,8.841511299634774,March-to-March,full,,,7,,59.90394600207684,35.46511627906977,76.82894265524764,52.59192632875229,85.89161118508655,8.571428571428571,53.077975376197,0,-0.0,0,GREEN,56.65,57.49,56.99,,,11.0,0.0,0.0,0.0,Hold,56.99,Hold,,,,,,,3.1,18.7,-26.0
JKTYRE,Automobile and Auto Components,Cyclical,12112.749237468655,0.1021304222591176,0.1631294101024116,0.805477643953143,4.7453271028037385,3.690508812158377,11.106574111882406,15.17515392585884,0.0027443609296335,-0.1666005513016697,0.1681522045010435,-0.0611103095221405,True,False,59.4839458152702,22015274.0,69404852.0,393887638.994751,0.3599999999999999,1.8049999999999995,15.17515392585884,30.434782608695656,19.565217391304348,25.0,20.930232558139537,43.95161290322581,False,92.43236596163304,29.13581384660288,Neutral,26.373827640695204,100.0,53.26844207723036,61.51260504201681,87.22689075630252,73.73461012311901,78.53333333333333,56.60943963763144,100.0,52.97286263245647,100.0,GREEN,Mid,10000000.0,GREEN,56.60943963763144,52.97286263245647,Hold,Hold,High,High,ttm(Mar 2026),ttm(Mar 2026),Mar 2026,False,False,Hold,,11.120941945143947,3.6905088121583773,March-to-March,full,,,7,,25.0,21.36627906976744,92.43236596163304,29.13581384660288,100.0,61.51260504201681,73.73461012311901,0,-0.0,0,GREEN,56.69,53.08,55.24,,,11.0,0.0,0.0,0.0,Hold,55.24,Hold,,,,,,,-8.4,254.2,-136.0
JINDALSAW,Capital Goods,Cyclical,16290.817260742188,0.0880042862192385,0.1413258331275614,0.3730714172101161,3.5951612903225807,0.0503440259569831,-8.575719649561952,26.227983149996945,0.1263202438458293,0.6748364436529077,0.203860924165137,-0.0413988488878552,True,True,57.76664741793508,37370379.0,477728693.0,413441509.52848816,1.1550000000000002,1.6200000000000008,26.227983149996945,18.69158878504673,21.296296296296298,19.99394254067151,11.627906976744184,5.376344086021505,False,83.68713840676457,59.1114234799258,Neutral,74.83365271852395,85.89161118508655,77.5027962716378,83.36134453781513,85.88235294117646,96.0328317373461,84.66666666666667,57.56957590944965,100.0,60.91684204955754,100.0,GREEN,Mid,10000000.0,GREEN,56.56957590944965,59.91684204955754,Hold,Hold,High,High,ttm(Jun 2026),ttm(Jun 2026),Jun 2026,False,False,Hold,,-14.086129915022328,0.050344025956983174,March-to-March,full,,,7,,19.99394254067151,12.354651162790697,83.68713840676457,59.1114234799258,85.89161118508655,83.36134453781513,96.0328317373461,1,-1.0,0,GREEN,56.7,59.86,57.96,,,9.0,-5.0,0.0,-5.0,Hold,52.96,Hold,,,,,,,9.0,-729.9,-33.0
LICHSGFIN,Financial Services,NotCyclical,30077.422204770784,0.1356650563790894,,6.699147939848898,,,2.6291447274797264,5.36660777385159,0.0187255218266921,0.0493235060150174,-0.0798339254661485,-0.279147255119989,False,True,48.70871682547669,7073205.0,14105765.0,665369722.4755859,0.5766666666666668,0.4400000000000013,5.36660777385159,50.42016806722689,,50.42016806722689,,16.532258064516128,False,78.86385098830962,33.2739473208608,Neutral,23.29607046621266,47.73288948069241,28.95792276964048,69.91596638655462,63.36134453781512,48.97400820793434,62.66666666666667,56.35715861966614,85.71428571428571,41.91956315076346,100.0,N/A-financial-sector,Mid,10000000.0,GREEN,56.35715861966614,41.91956315076346,Hold,Hold,High,High,ttm(Mar 2026),ttm(Mar 2026),Mar 2026,False,False,Hold,,3.455692572411806,25.870103981533752,March-to-March,full,,,7,,50.42016806722689,80.23255813953489,78.86385098830962,33.2739473208608,47.73288948069241,69.91596638655462,48.97400820793434,1,-1.0,0,N/A-financial-sector,60.61,41.84,53.1,,,10.0,0.0,0.0,0.0,Hold,53.1,Hold,,,,,,,,,
ABBOTINDIA,Healthcare,NotCyclical,59220.74508139488,0.3203743632991279,0.378670485998646,0.0360284876413908,75.68,9.009911688840177,8.096723868954747,38.15717415115006,0.0908023483365949,-0.0078319686721253,-0.1790191638370387,0.0266681584037742,True,True,69.07941897975255,64395.0,49039.0,242867085.0,0.2133333333333334,0.1100000000000003,38.15717415115006,95.71428571428572,98.57142857142858,97.14285714285715,36.27906976744186,33.87096774193548,False,57.64806408544726,29.857259237226938,Neutral,40.5928405746382,66.50785619174435,90.47589880159788,52.60504201680673,44.6218487394958,18.6046511627907,27.73333333333333,56.19373547496268,100.0,58.022724070531694,100.0,GREEN,Large,50000000.0,GREEN,56.19373547496268,58.022724070531694,Hold,Hold,High,High,ttm(Mar 2026),ttm(Mar 2026),Mar 2026,False,False,Hold,,8.113590263691695,9.009911688840177,March-to-March,full,,,7,,97.14285714285715,36.04651162790697,57.64806408544726,29.857259237226938,66.50785619174435,52.60504201680673,18.6046511627907,0,-0.0,0,GREEN,56.14,58.27,56.99,,,12.0,0.0,0.0,0.0,Hold,56.99,Hold,,,,,,,13.9,59.5,13.0
CSBBANK,Financial Services,NotCyclical,6339.538144464363,0.1452880108965044,,1.4614913176710929,,,25.2432582707812,10.015068158711472,-0.0636526805635777,-0.2953253247364458,-0.1191566559205572,-0.0063876220236547,True,False,57.2552353957629,-1263801.0,9115712.0,137944012.34474182,0.2683333333333335,0.8300000000000001,10.015068158711472,60.50420168067227,,60.50420168067227,,79.43548387096774,False,71.28227109830652,18.02223950170684,Neutral,13.45960042736586,47.73288948069241,28.95792276964048,56.80672268907563,75.12605042016807,41.86046511627907,19.866666666666667,53.18797927438332,85.71428571428571,50.483845761732354,100.0,N/A-financial-sector,Small,2500000.0,GREEN,56.18797927438332,53.483845761732354,Hold,Hold,High,High,ttm(Mar 2026),ttm(Mar 2026),Mar 2026,False,False,Hold,,25.2432582707812,,engine TTM (no FY pair),full,,,6,growth_3y<-1y,60.50420168067227,79.54239569313593,71.28227109830652,18.02223950170684,47.73288948069241,56.80672268907563,41.86046511627907,0,-0.0,3,N/A-financial-sector,61.99,53.5,58.59,,,16.0,5.0,0.0,5.0,Hold,63.59,Hold,,,Y,,,,,,
INDIANB,Financial Services,NotCyclical,110468.05830147809,0.1390416482498685,,0.5847731844133778,,,9.526894633714678,8.638710614414315,-0.0979574506546355,0.0239878535411977,0.3259954287395177,0.6311039471567297,False,False,48.48702935987605,-44948216.0,-39183403.0,1876421612.837921,1.3666666666666665,3.18,8.638710614414315,55.46218487394958,,55.46218487394958,,39.11290322580645,False,78.39288542915979,40.92454524701456,Neutral,11.342114327556931,47.73288948069241,28.95792276964048,86.5546218487395,93.27731092436974,4.514363885088919,2.8000000000000003,56.17403462292917,85.71428571428571,43.51724204930927,100.0,N/A-financial-sector,Large,50000000.0,GREEN,56.17403462292917,43.51724204930927,Hold,Hold,High,High,ttm(Jun 2026),ttm(Jun 2026),Jun 2026,False,False,Hold,,15.940685820203893,,March-to-March,full,,,6,growth_3y<-1y,55.46218487394958,60.296096904441455,78.39288542915979,40.92454524701456,47.73288948069241,86.5546218487395,4.514363885088919,0,-0.0,0,N/A-financial-sector,57.08,47.33,53.18,,,12.0,0.0,0.0,0.0,Hold,53.18,Hold,,,Y,,,,,,
CMSINFO,Services,NotCyclical,4407.721207236312,0.1642668227886508,0.2883371844400185,0.0908343608713522,31.36842105263158,9.102742867969129,2.59900990099009,14.53904588413859,-0.1566530001544598,-0.1911873114077183,-0.4793983371753314,-0.4610590335099027,False,False,38.74475317496545,-4475711.0,-10123961.0,128891195.35302734,4.5183333333333335,11.025000000000002,14.53904588413859,62.5,88.0,75.25,36.58914728682171,16.263440860215052,False,83.51802403204272,3.387608630141857,Neutral,4.74090929788807,32.419973368841546,58.78482023968043,97.47899159663864,99.07563025210084,8.755129958960328,12.933333333333334,53.154310921794114,100.0,46.717259651679385,100.0,GREEN,Small,2500000.0,GREEN,56.154310921794114,49.717259651679385,Hold,Hold,High,High,ttm(Mar 2026),ttm(Mar 2026),Mar 2026,False,False,Hold,,2.5567010309278437,9.102742867969127,March-to-March,full,,,7,,75.25,36.337209302325576,83.51802403204272,3.387608630141857,32.419973368841546,97.47899159663864,8.755129958960328,0,-0.0,3,GREEN,56.1,50.04,53.67,,,12.0,0.0,0.0,0.0,Hold,53.67,Hold,,,,,,,8.9,-47.0,-15.0
BANDHANBNK,Financial Services,NotCyclical,34532.90496826172,0.0938251697424089,,0.5663208742477035,,,-1.1845642170486117,28.213157653808597,0.2222539310323232,0.4955709386310789,0.2322955980964798,0.0663596189882982,True,True,57.3426124942253,126250819.0,370133393.0,1971335900.297203,1.893333333333333,2.53,28.213157653808597,24.369747899159663,,24.369747899159663,,10.483870967741936,False,64.34221238073529,66.82706548684492,Neutral,88.53736409493008,47.73288948069241,28.95792276964048,90.92436974789916,90.4201680672269,94.11764705882352,95.2,57.11049044124504,85.71428571428571,52.35468154782406,100.0,N/A-financial-sector,Mid,10000000.0,GREEN,56.11049044124504,51.35468154782406,Hold,Hold,High,High,ttm(Mar 2026),ttm(Mar 2026),Mar 2026,False,False,Hold,,-206.8376068376068,,March-to-March,full,,,6,growth_3y<-1y,24.369747899159663,1.0767160161507403,64.34221238073529,66.82706548684492,47.73288948069241,90.92436974789916,94.11764705882352,1,-1.0,0,N/A-financial-sector,43.78,49.66,46.13,,,18.0,5.0,0.0,5.0,Hold,51.13,Hold,,,Y,,,,,,
MARICO,Fast Moving Consumer Goods,NotCyclical,112140.12569913817,0.3969242455761455,0.4590090697487754,0.1323040380047506,43.9245283018868,11.708808881168608,25.667066752839077,61.80780379866992,0.1033915631875932,0.1101778839202614,0.1682078213860394,0.3288926459921621,True,True,52.2413431367164,-10241035.0,-1934270.0,1269068439.2922974,0.2566666666666668,0.2250000000000005,61.80780379866992,90.69767441860463,90.9090909090909,90.80338266384776,46.821705426356594,80.24193548387096,False,30.540720961281707,71.18094425718704,Neutral,65.89438420484687,58.78482023968043,8.718242343541945,55.79831932773109,53.109243697479,16.00547195622435,8.666666666666668,56.1057071653697,100.0,57.37949430106897,100.0,GREEN,Large,50000000.0,GREEN,56.1057071653697,57.37949430106897,Hold,Hold,High,High,ttm(Mar 2026),ttm(Mar 2026),Mar 2026,False,False,Hold,,25.667066752839073,11.708808881168608,March-to-March,full,,,7,,90.80338266384776,46.22093023255814,30.540720961281707,71.18094425718704,58.78482023968043,55.79831932773109,16.00547195622435,0,-0.0,0,GREEN,55.97,57.35,56.52,,,11.0,0.0,0.0,0.0,Hold,56.52,Hold,,,,,,,9.0,-360.0,-4.0
JSL,Metals & Mining,Cyclical,60633.38926174496,0.1503797603374352,0.2214428361281953,0.3769390126825324,9.788732394366198,6.363838363720986,9.266890516890513,19.037170882808464,-0.0663375399347938,-0.0586273123354786,0.0815559145664632,-0.0935010132394825,True,False,62.52632567195169,-2415555.0,13475574.0,385566585.7839966,1.2300000000000002,0.3599999999999994,19.037170882808464,54.16666666666666,75.0,64.58333333333333,29.76744186046512,37.903225806451616,False,56.09941460408751,21.43457765499273,Neutral,35.080700766138165,94.9462050599201,6.26444740346205,84.87394957983193,59.49579831932773,47.74281805745554,16.666666666666664,56.08671553551135,100.0,40.02168402165316,100.0,GREEN,Large,50000000.0,GREEN,56.08671553551135,40.02168402165316,Hold,Hold,High,High,ttm(Mar 2026),ttm(Mar 2026),Mar 2026,False,False,Hold,,9.266890516890513,6.363838363720986,March-to-March,full,,,7,,64.58333333333333,29.796511627906973,56.09941460408751,21.43457765499273,94.9462050599201,84.87394957983193,47.74281805745554,0,-0.0,0,GREEN,56.09,40.22,49.74,,,13.0,0.0,0.0,0.0,Hold,49.74,Hold,score 40-50 (trim if weight >2.5%),,,,,,7.3,676.9,-128.0
SUPREMEIND,Capital Goods,Cyclical,44749.07794165072,0.2132299993688572,0.3043098539990048,0.0147511752309936,53.55172413793103,6.826189065967214,7.390388665517911,46.90679029523136,-0.0442346013013769,0.0239003628326679,-0.1352206634915093,-0.3900698286308884,True,False,60.761952596432735,356939.0,-551371.0,564842458.9277344,0.0966666666666669,0.1649999999999991,46.90679029523136,81.30841121495327,93.51851851851852,87.4134648667359,31.16279069767442,31.586021505376344,False,62.144726301735645,12.3852440530035,Neutral,32.87459839115038,85.89161118508655,77.5027962716378,41.51260504201681,48.23529411764706,17.236662106703147,32.266666666666666,53.02024079954865,100.0,54.22993396950872,100.0,GREEN,Large,50000000.0,GREEN,56.02024079954865,57.22993396950872,Hold,Hold,High,High,ttm(Mar 2026),ttm(Mar 2026),Mar 2026,False,False,Hold,,7.390388665517911,6.826189065967214,March-to-March,full,,,7,,87.4134648667359,31.1046511627907,62.144726301735645,12.3852440530035,85.89161118508655,41.51260504201681,17.236662106703147,0,-0.0,3,GREEN,56.01,57.41,56.57,,,12.0,0.0,0.0,0.0,Hold,56.57,Hold,,,,,,,11.8,15.2,-32.0
MOTILALOFS,Financial Services,NotCyclical,57552.24873480763,0.2003242159038299,0.1459581123371281,1.6492085661080074,2.9019461077844317,30.946401068218933,12.425041976493167,30.64505854987364,0.181880079196504,0.149725349727422,0.0301878691981039,0.7675476340010436,True,True,55.10667953387157,14677350.0,4196162.0,687451330.7949829,-0.1883333333333333,-0.0849999999999999,30.64505854987364,80.67226890756302,54.16666666666666,67.41946778711484,86.20155038759691,50.53763440860215,True,39.48620759883234,64.81202199934138,Neutral,75.27739448922074,47.73288948069241,28.95792276964048,16.72268907563025,27.39495798319328,31.19015047879617,72.13333333333334,57.00387257239783,100.0,54.52170183141674,100.0,N/A-financial-sector,Large,50000000.0,GREEN,56.00387257239783,53.52170183141674,Hold,Hold,High,High,ttm(Mar 2026),ttm(Mar 2026),Mar 2026,False,False,Hold,,12.482014388489215,30.946401068218933,March-to-March,full,,,7,,67.41946778711484,86.04651162790698,39.48620759883234,64.81202199934138,47.73288948069241,16.72268907563025,31.19015047879617,1,-1.0,0,N/A-financial-sector,55.97,53.63,55.03,,,14.0,0.0,0.0,0.0,Hold,55.03,Hold,,,,,,,1.7,-1236.4,-36.0
COFORGE,Information Technology,NotCyclical,57653.17105104515,0.200480679908228,0.2994147891916495,0.0763342770263185,17.37278106508876,26.96185312924444,35.596451960540485,32.97500971934242,0.1883393992578739,-0.1019272101969036,-0.1748132034688725,0.3296936713888956,True,True,58.95668868258196,16042275.0,-3827833.0,4123716753.210266,6.761666666666667,15.525,32.97500971934242,60.0,68.57142857142857,64.28571428571428,81.55038759689923,87.76881720430107,False,33.10474572156815,55.46543943116725,Neutral,59.15618298359366,13.445272969374168,39.41065246338216,99.07563025210084,99.07563025210084,12.31190150478796,72.93333333333332,55.89868553465856,100.0,62.82324307054412,100.0,GREEN,Large,50000000.0,GREEN,55.89868553465856,62.82324307054412,Hold,Hold,High,High,ttm(Mar 2026),ttm(Mar 2026),Mar 2026,False,False,Hold,,36.11318562774875,26.96185312924444,March-to-March,full,,,7,,64.28571428571428,81.54069767441861,33.10474572156815,55.46543943116725,13.445272969374168,99.07563025210084,12.31190150478796,0,-0.0,0,GREEN,55.9,62.82,58.67,,,16.0,5.0,0.0,5.0,Hold,63.67,Hold,,,,,,,-4.1,630.2,-220.0
UNOMINDA,Automobile and Auto Components,Cyclical,71267.26332138658,0.1564857730645689,0.2265301488026533,0.401230048323327,12.037433155080214,20.4968979712576,17.180327868852462,55.42389092417811,0.0203500276637316,-0.0396183177406689,0.0747682040520418,0.027902182978664,True,False,56.60284155499691,5209838.0,8040634.0,850078128.4481201,0.283333333333333,0.7799999999999989,55.42389092417811,63.04347826086957,67.3913043478261,65.21739130434783,72.86821705426357,63.97849462365591,False,26.26427829698858,25.885996907116606,Neutral,37.48416028894476,100.0,53.26844207723036,57.647058823529406,73.78151260504202,40.08207934336525,57.6,55.87202921735853,100.0,49.37930711645531,100.0,GREEN,Large,50000000.0,GREEN,55.87202921735853,49.37930711645531,Hold,Hold,High,High,ttm(Mar 2026),ttm(Mar 2026),Mar 2026,False,False,Hold,,17.186289120715358,20.4968979712576,March-to-March,full,,,7,,65.21739130434783,72.09302325581395,26.26427829698858,25.885996907116606,100.0,57.647058823529406,40.08207934336525,0,-0.0,0,GREEN,55.73,49.35,53.18,,,17.0,5.0,0.0,5.0,Hold,58.18,Hold,,,,,,,15.8,54.9,38.0
VIYASH,Healthcare,NotCyclical,15353.755481137432,-0.0340812941770848,0.0952953010427944,0.1683270353830299,9.46376811594203,34.01209896268813,58.6046511627907,57.479250579454096,0.3364043753590022,0.4577741822898973,0.5030923219617609,1.1390517190700575,True,True,54.56820696641703,8846380.0,69048646.0,458238331.3214188,,,57.479250579454096,5.714285714285714,10.0,7.857142857142858,88.21705426356588,94.22043010752688,True,43.44753789366214,90.15575957619042,Neutral,85.47870356000932,66.50785619174435,90.47589880159788,,,73.59781121751026,65.73333333333333,55.85287596046736,85.71428571428571,63.37310649874185,85.71428571428571,GREEN,Mid,10000000.0,GREEN,55.85287596046736,63.37310649874185,Hold,Hold,High,High,ttm(Mar 2026),ttm(Mar 2026),Mar 2026,False,False,Hold,,13.734619221815759,34.01209896268813,March-to-March,full,,,6,,7.857142857142858,88.0813953488372,43.44753789366214,90.15575957619042,66.50785619174435,,73.59781121751026,1,-1.0,0,GREEN,54.3,54.01,54.18,,,15.0,5.0,0.0,5.0,Hold,59.18,Hold,,,Y,,,,-0.3,212.8,48.0
CHOLAFIN,Financial Services,NotCyclical,152456.60596386925,0.1780612945304045,,6.929870641539169,,,20.223632283525504,28.90306907247072,0.1400623971954555,0.0525177851025748,0.1688376824227035,0.2702591296879151,True,True,57.23764320956445,19759919.0,8468038.0,2125469123.1849976,0.1566666666666668,0.2350000000000012,28.90306907247072,75.63025210084034,,75.63025210084034,,71.23655913978494,False,37.59079903147699,68.96725583216147,Neutral,64.46080868179837,47.73288948069241,28.95792276964048,46.72268907563025,54.03361344537815,40.90287277701778,76.4,55.79606646490687,85.71428571428571,59.3609029664616,100.0,N/A-financial-sector,Large,50000000.0,GREEN,55.79606646490687,59.3609029664616,Hold,Hold,High,High,ttm(Mar 2026),ttm(Mar 2026),Mar 2026,False,False,Hold,,19.542438002095697,24.87707213199899,March-to-March,full,,,7,,75.63025210084034,79.06976744186046,37.59079903147699,68.96725583216147,47.73288948069241,46.72268907563025,40.90287277701778,0,-0.0,0,N/A-financial-sector,60.92,58.97,60.14,,,18.0,5.0,0.0,5.0,Hold,65.14,Hold,,,,,,,,,
KRN,Capital Goods,Cyclical,7974.438873539126,0.1796099613319713,0.1836303043191047,0.3257839721254355,18.666666666666668,,39.30232558139535,104.84159021819151,0.0359607681826261,0.8137868002626514,0.4554270939790668,,True,True,62.82374799969188,807132.0,63797600.0,190543571.9187012,,,104.84159021819151,72.89719626168224,50.92592592592593,61.91156109380408,,89.51612903225806,False,8.831938519652219,82.65517617541181,Neutral,61.09222837463399,85.89161118508655,77.5027962716378,,,71.81942544459645,35.333333333333336,55.73669702539856,71.42857142857143,56.203471539590765,85.71428571428571,GREEN,Small,2500000.0,GREEN,55.73669702539856,56.203471539590765,Hold,Hold,High,High,ttm(Mar 2026),ttm(Mar 2026),Mar 2026,False,False,Hold,,39.53488372093024,,March-to-March,1-2y,,,5,growth_3y<-1y,61.91156109380408,88.96366083445491,8.831938519652219,82.65517617541181,85.89161118508655,,71.81942544459645,0,-0.0,0,GREEN,61.2,55.63,58.97,,,18.0,5.0,0.0,5.0,Hold,63.97,Hold,,,Y,,,,10.2,14.3,-2.0
VEDL,Metals & Mining,Cyclical,145542.12383238526,0.2862294495027256,0.2466785859629824,0.6635583662289535,8.229676961306355,-18.947786351105755,-4.321166248238406,5.799415198931513,-0.6654993594079321,-0.5885010353128249,-0.3859580172068155,-0.3629569664665552,False,False,26.806756395326545,-294450566.0,436213898.0,6575778037.079132,-0.4233333333333332,0.1600000000000006,5.799415198931513,83.33333333333334,83.33333333333334,83.33333333333334,1.0852713178294573,7.661290322580645,False,90.70555612611687,5.294929782299861,Pulled back,3.716546582689568,94.9462050599201,6.26444740346205,8.739495798319327,47.89915966386555,95.21203830369356,1.0666666666666669,56.57489359210288,100.0,35.75285184663217,100.0,GREEN,Large,50000000.0,GREEN,55.57489359210288,34.75285184663217,Hold,Sell,High,High,ttm(Mar 2026),ttm(Mar 2026),Mar 2026,False,False,Sell,,25.06497440885247,-18.947786351105755,March-to-March,full,,,7,,83.33333333333334,1.0901162790697674,90.70555612611687,5.294929782299861,94.9462050599201,8.739495798319327,95.21203830369356,0,-0.0,3,GREEN,59.58,48.78,55.26,,,7.0,-5.0,-6.0,-11.0,Sell,44.26,Hold,score 40-50 (trim if weight >2.5%) + analyst view,Analyst Sell -> Trim,,,Y,Y,47.7,-51.6,1447.0
PGIL,Textiles,Cyclical,9192.205417982384,0.1429056601791075,0.1591780227249442,0.6458904109589041,3.934959349593496,16.745812891944478,11.493232749057023,33.96617476372077,0.253575230035107,0.3797138559058277,0.3613785679141343,1.7784038539640732,True,True,63.288226289959226,3511494.0,3714189.0,89249347.06140137,-0.215,-0.305,33.96617476372077,81.81818181818183,66.66666666666666,74.24242424242425,62.945736434108525,46.10215053763441,False,54.649532710280376,87.68967576137025,Neutral,81.0045107043374,35.95818908122504,92.14993342210386,15.378151260504202,17.983193277310924,30.506155950752397,50.8,55.55170444317629,100.0,65.39537906292395,100.0,GREEN,Small,2500000.0,GREEN,55.55170444317629,65.39537906292395,Hold,Hold,High,High,ttm(Mar 2026),ttm(Mar 2026),Mar 2026,False,False,Hold,,11.517976031957389,16.745812891944478,March-to-March,full,,,7,,74.24242424242425,62.06395348837209,54.649532710280376,87.68967576137025,35.95818908122504,15.378151260504202,30.506155950752397,0,-0.0,0,GREEN,55.39,65.54,59.45,,,15.0,5.0,0.0,5.0,Hold,64.45,Hold,,,,,,,11.7,19.0,-2.0
ANANTRAJ,Realty,Cyclical,20806.61847105904,0.0468932658525127,0.0492960792252353,0.1176368975643461,54.66666666666666,37.94392077445752,21.88258127122755,36.39505467387643,0.1324980781994291,0.0130615560383113,0.0237678033436747,0.0572742495127998,True,True,60.490709736738864,44707549.0,121178713.0,1012476988.1643676,0.7916666666666665,0.1749999999999996,36.39505467387643,41.17647058823529,47.05882352941176,44.11764705882352,90.23255813953487,73.9247311827957,True,47.07021126207492,67.72403826176799,Neutral,57.76400092175095,5.798402130492676,68.91424766977363,77.14285714285715,49.2436974789916,82.35294117647058,86.4,56.53753462739618,100.0,58.61840874032427,100.0,GREEN,Mid,10000000.0,GREEN,55.53753462739618,57.61840874032427,Hold,Hold,High,High,ttm(Mar 2026),ttm(Mar 2026),Mar 2026,False,False,Hold,,21.94174757281553,37.94392077445752,March-to-March,full,,,7,,44.11764705882352,90.11627906976744,47.07021126207492,67.72403826176799,5.798402130492676,77.14285714285715,82.35294117647058,1,-1.0,0,GREEN,55.52,57.73,56.4,,,20.0,10.0,0.0,10.0,Hold,66.4,Hold,,,,,,,10.1,56.0,27.0
CUB,Financial Services,NotCyclical,21873.55388159891,0.1227071752122379,,0.5042120208234737,,,17.73778920308484,16.459016757288563,0.1082094945515834,0.0624339171110848,0.4147497388073193,0.8230752340100014,True,True,59.56315932353741,23066854.0,163171184.0,481830536.1402893,-0.4166666666666667,-2.145,16.459016757288563,38.655462184873954,,38.655462184873954,,65.45698924731182,False,70.52476472695301,87.0440450948832,Neutral,59.92669600520366,47.73288948069241,28.95792276964048,9.07563025210084,1.092436974789916,87.14090287277702,79.06666666666666,55.44115117895289,85.71428571428571,51.419998113128486,100.0,N/A-financial-sector,Mid,10000000.0,GREEN,55.44115117895289,51.419998113128486,Hold,Hold,High,High,ttm(Mar 2026),ttm(Mar 2026),Mar 2026,False,False,Hold,,5.333333333333323,12.82918919704652,March-to-March,full,,,7,,38.655462184873954,49.127906976744185,70.52476472695301,87.0440450948832,47.73288948069241,9.07563025210084,87.14090287277702,0,-0.0,0,N/A-financial-sector,54.05,44.39,50.19,,,18.0,5.0,0.0,5.0,Hold,55.19,Hold,,,,,,,,,
EIHOTEL,Consumer Services,NotCyclical,21962.10527562383,0.1403458575091409,0.1965656699700299,0.0478905359179019,44.52173913043478,13.345340244167405,7.1819176084579,33.42786191114739,0.0103759765625,-0.0298873114374035,-0.1064117036874811,-0.2179271863903937,True,False,60.17238171360121,2935121.0,79029996.0,43567560.16795349,0.0799999999999999,0.2399999999999995,33.42786191114739,71.73913043478261,71.73913043478261,71.73913043478261,52.24806201550387,30.77956989247312,False,65.44993324432576,20.88813687839555,Neutral,41.24942849530655,7.985885486018644,14.776830892143808,38.82352941176471,54.285714285714285,76.06019151846786,48.4,52.37091934629092,100.0,47.51842377725945,100.0,GREEN,Mid,10000000.0,GREEN,55.37091934629092,50.51842377725945,Hold,Hold,High,High,ttm(Mar 2026),ttm(Mar 2026),Mar 2026,False,False,Hold,,7.1819176084578995,13.345340244167403,March-to-March,full,,,7,,71.73913043478261,51.45348837209303,65.44993324432576,20.88813687839555,7.985885486018644,38.82352941176471,76.06019151846786,0,-0.0,3,GREEN,55.2,50.74,53.42,,,11.0,0.0,0.0,0.0,Hold,53.42,Hold,,,,,,,9.6,-77.8,-65.0
RAINBOW,Healthcare,NotCyclical,15343.270575530338,0.1775663546490268,0.2239531471233298,0.5403274711946634,6.682926829268292,13.200631692917652,12.409240924092412,54.388910938640095,0.196372745394787,0.1837383038973035,-0.0288580075971296,0.1535343242710214,True,True,66.16648187391044,915103.0,1889719.0,141257432.93408203,0.9220000000000004,0.9099999999999993,54.388910938640095,71.42857142857143,70.0,70.71428571428572,51.47286821705427,50.403225806451616,False,41.4148276132883,45.87272856947343,Neutral,66.82654430087186,66.50785619174435,90.47589880159788,78.99159663865547,76.47058823529412,26.402188782489738,36.66666666666666,55.2961116924068,100.0,62.40810179853487,100.0,GREEN,Mid,10000000.0,GREEN,55.2961116924068,62.40810179853487,Hold,Hold,High,High,ttm(Mar 2026),ttm(Mar 2026),Mar 2026,False,False,Hold,,12.33509234828496,13.200631692917653,March-to-March,full,,,7,,70.71428571428572,50.72674418604651,41.4148276132883,45.87272856947343,66.50785619174435,78.99159663865547,26.402188782489738,0,-0.0,0,GREEN,55.13,62.4,58.04,,,20.0,10.0,0.0,10.0,Hold,68.04,Hold,,,,,,,11.7,-6.9,-9.0
NAVINFLUOR,Chemicals,Cyclical,39236.82990885215,0.1613886461810779,0.1730155603907276,0.3200805234021137,9.169491525423728,16.852677808909398,40.97872340425533,58.737714987715,0.183528324318428,0.3232901842801856,0.5321622340277279,1.0977251347028425,True,True,56.19216950335816,878324.0,16436536.0,950345459.0,0.5716666666666667,0.3950000000000013,58.737714987715,61.36363636363637,50.0,55.68181818181819,63.565891472868216,90.18817204301077,True,39.71112999150382,94.09092695735892,Neutral,75.63263490151604,26.70386151797603,87.9555259653795,69.5798319327731,61.00840336134454,51.98358413132696,36.0,55.25424848791481,100.0,66.8723021295939,100.0,GREEN,Large,50000000.0,GREEN,55.25424848791481,66.8723021295939,Hold,Hold,High,High,ttm(Mar 2026),ttm(Mar 2026),Mar 2026,False,False,Hold,,41.081311196253736,16.852677808909398,March-to-March,full,,,7,,55.68181818181819,62.645348837209305,39.71112999150382,94.09092695735892,26.70386151797603,69.5798319327731,51.98358413132696,0,-0.0,0,GREEN,55.09,66.81,59.78,,,20.0,10.0,0.0,10.0,Hold,69.78,Hold,,,,,,,6.6,328.6,14.0
STAR,Healthcare,NotCyclical,9998.176531717403,0.3637213082256673,0.1281741734360689,0.5658191181203733,5.167597765363128,9.627285910324469,6.440306681270536,17.38813309863896,0.0528850488428249,0.1324338382858878,0.1871391597958793,0.1329828728706428,False,True,39.01394655616284,25677.0,20711379.0,202994825.4498901,-0.2883333333333334,0.0099999999999997,17.38813309863896,97.14285714285714,14.285714285714285,55.71428571428571,38.75968992248063,28.225806451612907,False,85.95455556904155,62.76872359560619,Neutral,22.734912073648196,66.50785619174435,90.47589880159788,12.100840336134452,34.53781512605042,55.40355677154582,27.200000000000003,55.22486432440837,100.0,48.72349219325013,100.0,GREEN,Small,2500000.0,GREEN,55.22486432440837,48.72349219325013,Hold,Hold,High,High,ttm(Mar 2026),ttm(Mar 2026),Mar 2026,False,False,Hold,,6.440306681270536,9.627285910324467,March-to-March,full,,,7,,55.71428571428571,38.372093023255815,85.95455556904155,62.76872359560619,66.50785619174435,12.100840336134452,55.40355677154582,0,-0.0,0,GREEN,55.14,49.0,52.68,,,11.0,0.0,0.0,0.0,Hold,52.68,Hold,,,,,,,18.5,70.3,-3189.0
TI,Fast Moving Consumer Goods,NotCyclical,11103.74984741211,0.1972715213083403,0.1946218093499465,0.7716297786720322,3.707964601769912,26.31599357395529,68.4844192634561,198.28124727521623,-0.0605964353557253,0.0348322023864291,0.315732533389842,0.8599528593379617,True,False,50.3487612424507,2433210.0,19922735.0,174835476.28503418,1.86,0.2199999999999998,198.28124727521623,62.7906976744186,47.72727272727273,55.25898520084567,80.7751937984496,95.6989247311828,True,12.36760124610592,41.64117188086243,Neutral,33.63919794982901,58.78482023968043,8.718242343541945,90.7563025210084,52.43697478991597,54.71956224350205,45.86666666666667,55.1230723909895,100.0,44.88814334192743,100.0,GREEN,Small,2500000.0,GREEN,55.1230723909895,44.88814334192743,Hold,Hold,High,High,ttm(Mar 2026),ttm(Mar 2026),Mar 2026,False,False,Hold,,63.59832635983265,26.31599357395529,March-to-March,full,,,7,,55.25898520084567,80.81395348837209,12.36760124610592,41.64117188086243,58.78482023968043,90.7563025210084,54.71956224350205,0,-0.0,0,GREEN,55.13,44.79,51.0,,,13.0,0.0,0.0,0.0,Hold,51.0,Hold,,,,,,,-981.0,1.8,-224.0
RUBICON,Healthcare,NotCyclical,23444.34782608696,0.1540584882064901,0.1845014322716016,0.2412723041117145,9.523809523809524,64.50450248047359,36.60436137071652,92.32270657124268,0.5785960189788164,1.1815665667915272,,,True,,58.95657036088924,16602970.0,28752984.0,280471509.6558838,,,92.32270657124268,51.42857142857142,38.57142857142858,45.0,96.58914728682171,88.44086021505376,True,13.873792507657267,,Neutral,97.47930384028042,66.50785619174435,90.47589880159788,,,60.0547195622435,73.33333333333333,56.10872459589445,71.42857142857143,68.18306201961063,85.71428571428571,GREEN,Mid,10000000.0,GREEN,55.10872459589445,67.18306201961063,Hold,Hold,High,High,annual,ttm(Mar 2026),Mar 2026,False,False,Hold,,36.60436137071652,64.50450248047359,March-to-March,<1y,98.53333333333333,6.0,5,stage_3y<-1y,45.0,96.94767441860465,13.873792507657267,97.47930384028042,66.50785619174435,,60.0547195622435,1,-1.0,0,GREEN,59.19,65.65,61.77,,,22.0,10.0,0.0,10.0,Hold,71.77,Hold,,,<1y,,,,2.5,50.3,-4.0
TRAVELFOOD,Consumer Services,NotCyclical,17550.934936851485,0.3494232642652556,0.3668518470235914,0.1697851697851697,10.140625,15.592838740830018,-2.3696682464455,38.82950207268028,0.0040148806657092,0.1292115769214177,,,True,True,49.570637349444205,1224086.0,1970390.0,44109852.23126221,,,38.82950207268028,93.47826086956522,93.47826086956522,93.47826086956522,59.22480620155039,8.870967741935484,True,50.38117489986649,,Neutral,49.246800999355095,7.985885486018644,14.776830892143808,,,26.812585499316004,38.8,58.07725672500502,71.42857142857143,45.99005148992599,85.71428571428571,GREEN,Mid,10000000.0,GREEN,55.07725672500502,42.99005148992599,Hold,Hold,High,High,ttm(Mar 2026),ttm(Mar 2026),Mar 2026,False,False,Hold,,-2.3696682464455,15.592838740830018,March-to-March,<1y,45.93103448275862,9.0,5,stage_3y<-1y,93.47826086956522,58.28488372093024,50.38117489986649,49.246800999355095,7.985885486018644,,26.812585499316004,2,-3.0,0,GREEN,53.17,43.6,49.34,,,17.0,5.0,0.0,5.0,Hold,54.34,Hold,,,<1y,,Y,,27.1,108.1,39.0
TIMETECHNO,Capital Goods,Cyclical,10011.97864090769,0.1056580732055277,0.1863722823796292,0.1793052837573385,11.15,12.488952857136717,11.872480762183946,20.202633626796796,0.0157921079802998,0.1059959028342891,-0.0890695833813735,0.2665802111955957,True,True,67.8969210785932,40559573.0,75185572.0,498555843.82232666,-0.7583333333333333,-0.1500000000000008,20.202633626796796,26.168224299065415,53.70370370370371,39.93596400138456,49.14728682170543,47.715053763440864,False,70.78527467517665,47.123398184184886,Neutral,46.180942812775605,85.89161118508655,77.5027962716378,5.2100840336134455,23.69747899159664,75.23939808481532,86.0,55.06758558776804,100.0,55.40001667321505,100.0,GREEN,Small,2500000.0,GREEN,55.06758558776804,55.40001667321505,Hold,Hold,High,High,ttm(Mar 2026),ttm(Mar 2026),Mar 2026,False,False,Hold,,11.874656404617912,12.488952857136715,March-to-March,full,,,7,,39.93596400138456,48.401162790697676,70.78527467517665,47.123398184184886,85.89161118508655,5.2100840336134455,75.23939808481532,0,-0.0,0,GREEN,54.93,55.5,55.16,,,13.0,0.0,0.0,0.0,Hold,55.16,Hold,,,,,,,1.4,13.8,4.0
CARTRADE,Consumer Services,NotCyclical,14733.24224620277,0.0481938215336071,0.053805366213921,0.0563607085346215,21.416666666666668,28.86807999294758,21.339563862928344,60.188317946848926,0.5886805574277585,0.0043206918965363,0.4805496499177308,2.3669721432426147,True,True,64.55901898270973,26414108.0,25389477.0,1138240331.528931,8.485,0.0999999999999987,60.188317946848926,32.608695652173914,17.391304347826086,25.0,83.56589147286822,72.44623655913979,False,34.27436582109479,94.3974607653696,Neutral,78.7218758795068,7.985885486018644,14.776830892143808,99.07563025210084,43.69747899159664,58.82352941176471,81.2,55.02902142539067,100.0,50.56150228177045,100.0,GREEN,Mid,10000000.0,GREEN,55.02902142539067,50.56150228177045,Hold,Hold,High,High,ttm(Mar 2026),ttm(Mar 2026),Mar 2026,False,False,Hold,,21.52886115444619,28.86807999294758,March-to-March,full,,,7,,25.0,83.43023255813954,34.27436582109479,94.3974607653696,7.985885486018644,99.07563025210084,58.82352941176471,0,-0.0,0,GREEN,55.0,50.8,53.32,,,18.0,5.0,0.0,5.0,Hold,58.32,Hold,,,,,Y,,29.0,72.3,14.0
RADICO,Fast Moving Consumer Goods,NotCyclical,54940.71776694727,0.1286993337400065,0.184282644631301,0.1501809408926417,15.723076923076922,24.43816368234297,24.73716759431046,90.96145325653522,0.2293044758991451,0.4499611304474598,0.5238492874643008,1.4000824850255071,True,True,71.95857139565088,4506574.0,14807129.0,1069159754.161377,0.596666666666667,-0.0199999999999995,90.96145325653522,32.55813953488372,40.909090909090914,36.73361522198732,79.2248062015504,78.76344086021506,False,17.053293279928795,93.69581041961143,Extended,86.47080952710158,58.78482023968043,8.718242343541945,71.09243697478992,31.93277310924369,50.47879616963065,55.46666666666666,54.9815776448154,100.0,50.06058120290072,100.0,GREEN,Large,50000000.0,GREEN,54.9815776448154,50.06058120290072,Hold,Hold,High,High,ttm(Mar 2026),ttm(Mar 2026),Mar 2026,False,False,Hold,,24.654139995870338,24.438163682342974,March-to-March,full,,,7,,36.73361522198732,78.77906976744185,17.053293279928795,93.69581041961143,58.78482023968043,71.09243697478992,50.47879616963065,0,-0.0,0,GREEN,54.88,50.03,52.94,,,19.0,5.0,0.0,5.0,Hold,57.94,Hold,,,,,,,0.1,181.8,-4.0
BHARTIHEXA,Telecommunication,NotCyclical,81390.00244140626,0.1831931141181275,0.288739877575672,0.8565247732030705,8.136439267886855,12.446470023062716,9.416306000701846,46.97835638753608,0.0614241488926712,-0.0311290563167664,-0.0861659408385122,0.5305587489371548,True,False,67.12846633287785,1131734.0,2708519.0,217749259.02850345,,,46.97835638753608,72.72727272727273,76.92307692307693,74.82517482517483,48.837209302325576,38.575268817204304,False,46.01134846461949,27.98184691146216,Neutral,42.56065764021649,93.40532623169108,96.33475366178428,,,28.59097127222982,38.53333333333334,54.95360351958766,85.71428571428571,55.254987157534615,85.71428571428571,GREEN,Large,50000000.0,GREEN,54.95360351958766,55.254987157534615,Hold,Hold,High,High,ttm(Mar 2026),ttm(Mar 2026),Mar 2026,False,False,Hold,,9.429106223678051,12.446470023062716,March-to-March,full,,,6,,74.82517482517483,48.11046511627907,46.01134846461949,27.98184691146216,93.40532623169108,,28.59097127222982,0,-0.0,0,GREEN,54.35,55.01,54.61,,,10.0,0.0,0.0,0.0,Hold,54.61,Hold,,,Y,,,,8.4,297.3,-204.0
360ONE,Financial Services,NotCyclical,43916.52836923847,0.1777748149754891,0.1246302115243328,1.6196624644164297,2.48348623853211,28.4745553247274,36.807817589576544,34.75731433070155,-0.0195384796399503,-0.037968175441043,-0.0848054211527905,0.1429334169780387,False,False,45.21787743406978,619176.0,-10530924.0,913612290.8347168,7.088333333333332,0.5899999999999996,34.75731433070155,74.78991596638656,45.83333333333333,60.31162464985994,83.10077519379846,88.70967741935483,False,35.5265778099613,22.39528198762308,Neutral,17.139001971928188,47.73288948069241,28.95792276964048,99.07563025210084,68.57142857142857,8.207934336525307,33.86666666666667,54.88151075940845,100.0,47.41759264580262,100.0,N/A-financial-sector,Large,50000000.0,GREEN,54.88151075940845,47.41759264580262,Hold,Hold,High,High,ttm(Jun 2026),ttm(Jun 2026),Jun 2026,False,False,Hold,,18.403908794788283,28.4745553247274,March-to-March,full,,,7,,60.31162464985994,82.99418604651163,35.5265778099613,22.39528198762308,47.73288948069241,99.07563025210084,8.207934336525307,0,-0.0,0,N/A-financial-sector,54.86,43.47,50.3,,,15.0,5.0,0.0,5.0,Hold,55.3,Hold,,,,,,,7.4,-124.0,203.0
PNBHOUSING,Financial Services,NotCyclical,28628.38248729381,0.1074193812276829,,3.7044224765868887,,,10.94442995043048,12.490338990839536,0.2119106968999862,0.1328282441549737,0.0257241475257061,0.3926362924041655,True,True,59.77409153794829,6994454.0,46042613.0,864032158.9790039,1.0399999999999996,2.2949999999999995,12.490338990839536,31.09243697478992,,31.09243697478992,,43.01075268817204,False,66.60571819336351,60.135028314618665,Neutral,78.4011032428994,47.73288948069241,28.95792276964048,82.01680672268907,89.2436974789916,67.03146374829001,62.26666666666667,54.865554681772686,85.71428571428571,55.77686780219919,100.0,N/A-financial-sector,Mid,10000000.0,GREEN,54.865554681772686,55.77686780219919,Hold,Hold,High,High,ttm(Mar 2026),ttm(Mar 2026),Mar 2026,False,False,Hold,,19.802761341222876,29.14429518357815,March-to-March,full,,,7,,31.09243697478992,84.15697674418605,66.60571819336351,60.135028314618665,47.73288948069241,82.01680672268907,67.03146374829001,0,-0.0,0,N/A-financial-sector,61.31,60.68,61.06,,,14.0,0.0,0.0,0.0,Hold,61.06,Hold,,,,,,,,,
LLOYDSENGG,Capital Goods,Cyclical,12897.66123154584,0.1402644790212115,0.1454291489263591,0.0652304009575104,13.5,,58.46528623629721,59.45637338113464,0.595353831898866,0.7343381590098397,0.0923074129927152,0.1380020847633902,True,True,57.71738486490194,351083065.0,550175779.0,720506908.9870758,0.0816666666666666,0.235,59.45637338113464,45.794392523364486,26.85185185185185,36.32312218760817,,94.08602150537637,False,38.16978193146417,59.01710634265064,Neutral,95.1314361166844,85.89161118508655,77.5027962716378,39.15966386554622,53.61344537815126,96.71682626538988,99.06666666666666,54.78342728724085,85.71428571428571,69.98393971904775,100.0,GREEN,Mid,10000000.0,GREEN,54.78342728724085,69.98393971904775,Hold,Hold,High,High,ttm(Mar 2026),ttm(Mar 2026),Mar 2026,False,False,Hold,,53.78250591016549,,March-to-March,full,,,6,growth_3y<-1y,36.32312218760817,93.53970390309556,38.16978193146417,59.01710634265064,85.89161118508655,39.15966386554622,96.71682626538988,0,-0.0,0,GREEN,61.76,69.91,65.02,,,22.0,10.0,0.0,10.0,Hold,75.02,Hold,,,Y,,,,24.6,-18.6,26.0
CHENNPETRO,Oil Gas & Consumable Fuels,Cyclical,18478.60698557147,0.0252561772054075,0.2020943126596912,0.1767935907822486,39.641666666666666,-5.85652095719611,7.217589082638365,5.9553638052705775,0.2315022220843741,0.521539730906047,0.7515046638829406,0.3601397789643095,True,True,63.43862684263503,18681236.0,116579742.0,983155529.6602784,0.7333333333333331,1.0299999999999998,5.9553638052705775,12.5,68.75,40.625,4.0310077519379846,30.913978494623656,False,78.43801539307312,87.56769582822601,Neutral,86.64567979939665,45.74513981358189,57.59600532623169,75.7983193277311,78.99159663865547,81.53214774281807,75.46666666666667,54.76692826010402,100.0,65.02166498240923,100.0,GREEN,Mid,10000000.0,GREEN,54.76692826010402,65.02166498240923,Hold,Hold,High,High,ttm(Mar 2026),ttm(Mar 2026),Mar 2026,False,False,Hold,,7.895495312208611,-5.85652095719611,March-to-March,full,,,7,,40.625,4.796511627906977,78.43801539307312,87.56769582822601,45.74513981358189,75.7983193277311,81.53214774281807,0,-0.0,0,GREEN,54.9,65.56,59.16,,,5.0,-5.0,0.0,-5.0,Hold,54.16,Hold,,,,,,,3.2,3660.8,51.0
SUNTV,Media Entertainment & Publication,NotCyclical,19747.183377913112,0.1567960948795652,0.2144810721581765,0.0083840860555247,155.92857142857142,4.746408079992981,7.809002735637893,13.703805258787725,-0.2280052483927033,-0.0956213806051655,-0.0969658217290896,-0.3335589112132939,False,False,41.17309560698532,2295685.0,9284735.0,128338040.21777344,0.2749999999999999,0.4349999999999998,13.703805258787725,75.0,87.5,81.25,24.496124031007756,33.19892473118279,False,81.71979305740987,15.770204785247826,Neutral,6.988245994857024,30.089747003994677,42.34007989347536,56.97478991596638,62.6890756302521,42.40766073871409,45.33333333333333,51.74935374542637,100.0,48.034971424984725,100.0,GREEN,Mid,10000000.0,GREEN,54.74935374542637,51.034971424984725,Hold,Hold,High,High,ttm(Mar 2026),ttm(Mar 2026),Mar 2026,False,False,Hold,,7.9701120797011304,4.746408079992981,March-to-March,full,,,7,,81.25,24.709302325581394,81.71979305740987,15.770204785247826,30.089747003994677,56.97478991596638,42.40766073871409,0,-0.0,3,GREEN,54.8,51.36,53.42,no fwd revenue data,,3.0,-15.0,0.0,-15.0,Hold,38.42,Sell,,,,,Y,,25.4,-115.7,-147.0
TIINDIA,Automobile and Auto Components,Cyclical,99658.31445015671,0.2256220957286988,0.2928338635015557,0.0972777706102438,28.848101265822784,15.149085726855915,17.379912663755448,89.11273020880812,0.0207440922661357,0.2294993524123485,0.023306484932382,-0.3209593558272672,False,True,41.75061989369143,-928630.0,-2499360.0,738037320.4852295,0.2483333333333339,0.5900000000000007,89.11273020880812,89.13043478260869,91.30434782608695,90.2173913043478,58.29457364341085,65.05376344086021,False,17.570093457943926,34.605760710369175,Neutral,27.59993801063085,100.0,53.26844207723036,55.294117647058826,68.73949579831933,14.500683994528044,21.333333333333336,54.711089909806624,100.0,46.78904160677895,100.0,GREEN,Large,50000000.0,GREEN,54.711089909806624,46.78904160677895,Hold,Hold,High,High,ttm(Mar 2026),ttm(Mar 2026),Mar 2026,False,False,Hold,,17.374775237605956,15.149085726855915,March-to-March,full,,,7,,90.2173913043478,57.26744186046512,17.570093457943926,34.605760710369175,100.0,55.294117647058826,14.500683994528044,0,-0.0,0,GREEN,54.53,46.74,51.41,,,15.0,5.0,0.0,5.0,Hold,56.41,Hold,,,,,,,17.1,84.1,-42.0
GPPL,Services,NotCyclical,7246.71669793621,0.1672238271258177,0.2458267494981021,0.0154941373534338,101.14285714285714,8.088562540695898,17.206477732793513,14.08450704225352,-0.0494296761781395,-0.1835401752485035,0.0041035829105051,-0.2571648746529956,False,False,42.65237721080415,-12620278.0,81417179.0,164456003.39042664,-0.4616666666666666,-1.339999999999998,14.08450704225352,66.66666666666666,84.0,75.33333333333333,34.26356589147287,64.24731182795699,False,81.99933244325767,21.53579109321744,Neutral,10.847582791740098,32.419973368841546,58.78482023968043,7.563025210084033,4.369747899159663,76.33378932968536,7.466666666666668,51.69864104130913,100.0,48.68193008701799,100.0,GREEN,Small,2500000.0,GREEN,54.69864104130913,51.68193008701799,Hold,Hold,High,High,ttm(Mar 2026),ttm(Mar 2026),Mar 2026,False,False,Hold,,17.206477732793513,8.088562540695898,March-to-March,full,,,7,,75.33333333333333,34.156976744186046,81.99933244325767,21.53579109321744,32.419973368841546,7.563025210084033,76.33378932968536,0,-0.0,3,GREEN,54.68,51.62,53.46,,,6.0,-5.0,0.0,-5.0,Hold,48.46,Hold,score 40-50 (trim if weight >2.5%),,,,,Y,16.5,30.5,16.0
AZAD,Capital Goods,Cyclical,15679.563318072764,0.1090454437895543,0.1458550195920738,0.3100065402223675,7.258064516129032,33.75363403025575,32.16630196936543,117.01166655278185,0.2719062143091186,0.539804373721702,0.5161493569385631,0.3474150422157565,True,True,63.76528040476021,6548154.0,12223507.0,955274412.7216796,,,117.01166655278185,28.971962616822427,27.77777777777778,28.374870197300105,87.75193798449612,86.02150537634408,False,15.735425011125946,81.82835194162492,Neutral,85.6488687849208,85.89161118508655,77.5027962716378,,,46.37482900136799,61.6,54.68294378469924,85.71428571428571,59.82760787420343,85.71428571428571,GREEN,Mid,10000000.0,GREEN,54.68294378469924,59.82760787420343,Hold,Hold,High,High,ttm(Mar 2026),ttm(Mar 2026),Mar 2026,False,False,Hold,,31.947483588621452,33.75363403025575,March-to-March,full,,,6,,28.374870197300105,87.6453488372093,15.735425011125946,81.82835194162492,85.89161118508655,,46.37482900136799,0,-0.0,0,GREEN,54.24,58.94,56.12,,,28.0,15.0,0.0,15.0,Hold,71.12,Hold,,,Y,Y,,Y,24.6,12.6,35.0
AVANTIFEED,Fast Moving Consumer Goods,NotCyclical,15297.996131293208,0.1785443575861185,0.2082740651267219,0.0039561777236762,249.33333333333331,6.042564683616414,8.165448386521668,23.284621204403667,-0.3110948953353049,0.2631257219987315,0.4110712607739355,0.7361475261733152,False,True,56.553518470946415,-3883032.0,84754574.0,531654519.7963257,-0.1716666666666665,0.0300000000000002,23.284621204403667,53.48837209302325,59.09090909090909,56.289640591966176,28.217054263565892,34.40860215053764,False,71.55540720961281,87.03272214760852,Neutral,13.352055560312763,58.78482023968043,8.718242343541945,17.647058823529413,36.30252100840336,77.29138166894664,13.733333333333334,54.67012165730858,100.0,35.95829303710888,100.0,GREEN,Mid,10000000.0,GREEN,54.67012165730858,35.95829303710888,Hold,Sell,High,High,ttm(Mar 2026),ttm(Mar 2026),Mar 2026,False,False,Sell,,8.089807555238782,6.042564683616414,March-to-March,full,,,7,,56.289640591966176,28.343023255813954,71.55540720961281,87.03272214760852,58.78482023968043,17.647058823529413,77.29138166894664,0,-0.0,0,GREEN,54.7,36.09,47.25,,,10.0,0.0,0.0,0.0,Hold,47.25,Hold,score 40-50 (trim if weight >2.5%),,,,,,22.6,62.7,33.0
TSFINV,Financial Services,NotCyclical,10719.582938904354,0.0848000605408155,0.030761686959853,0.0389524283109564,9.8,124.30709822020576,535.483870967742,20.18266805877297,0.1526327584931652,0.1425743420083565,-0.0122724289914118,0.874535688066667,True,True,72.55830939504045,3140697.0,500343.0,35443574.426849365,,,20.18266805877297,19.327731092436977,22.916666666666664,21.12219887955182,99.06976744186046,99.05913978494624,True,58.2182032183262,60.41773721372385,Extended,68.82185501090918,47.73288948069241,28.95792276964048,,,20.51983584131327,49.333333333333336,54.63321887129882,85.71428571428571,57.21721770344956,85.71428571428571,N/A-financial-sector,Small,2500000.0,GREEN,54.63321887129882,57.21721770344956,Hold,Hold,High,High,ttm(Mar 2026),ttm(Mar 2026),Mar 2026,False,False,Hold,Y,,124.30709822020577,March-to-March,full,,,6,,21.12219887955182,99.05523255813954,58.2182032183262,60.41773721372385,47.73288948069241,,20.51983584131327,0,-0.0,0,N/A-financial-sector,54.21,47.81,51.65,,,8.0,-5.0,0.0,-5.0,Hold,46.65,Hold,score 40-50 (trim if weight >2.5%),,Y,,,,8.1,-523.6,13.0
ASTRAMICRO,Capital Goods,Cyclical,16352.760363000583,0.0924707862240658,0.1465616969356726,0.2190114068441064,5.964285714285714,12.53730708144476,10.551330798479096,84.72932830570251,0.6173029657620626,0.7458803514149399,0.7364130418055232,0.836267390402335,True,True,56.29925250720507,33891004.0,42393351.0,862241631.1169434,2.48,7.300000000000001,84.72932830570251,19.626168224299064,28.703703703703702,24.164935964001383,49.30232558139535,42.06989247311828,False,22.63239875389408,90.69561979128252,Neutral,95.70420173340646,85.89161118508655,77.5027962716378,93.94957983193277,99.07563025210084,65.38987688098496,83.33333333333334,54.571863092707936,100.0,61.03520465075096,100.0,GREEN,Mid,10000000.0,GREEN,54.571863092707936,61.03520465075096,Hold,Hold,High,High,ttm(Mar 2026),ttm(Mar 2026),Mar 2026,False,False,Hold,,10.656517602283543,12.537307081444759,March-to-March,full,,,7,,24.164935964001383,48.54651162790697,22.63239875389408,90.69561979128252,85.89161118508655,93.94957983193277,65.38987688098496,0,-0.0,0,GREEN,54.44,61.18,57.13,,,24.0,10.0,0.0,10.0,Hold,67.13,Hold,,,,,,,10.0,36.3,-1.0
LTFOODS,Fast Moving Consumer Goods,NotCyclical,13280.816636834788,0.1569525673540398,0.1938388402402978,0.356115903561159,8.84732824427481,16.425680878770542,26.076940797051364,21.24930661893566,-0.0792733842735461,0.025739947734378,-0.2046441277504892,0.5000967741549607,False,False,48.73344635345691,3079418.0,-15923294.0,156685522.6163025,1.0533333333333332,1.525,21.24930661893566,39.53488372093023,45.45454545454545,42.494714587737846,62.17054263565891,80.77956989247312,False,84.71569936385768,23.67370962118532,Neutral,14.348877586876531,58.78482023968043,8.718242343541945,82.18487394957982,85.04201680672269,6.839945280437757,49.2,54.53870577831787,100.0,49.69144009784161,100.0,GREEN,Mid,10000000.0,GREEN,54.53870577831787,49.69144009784161,Hold,Hold,High,High,ttm(Mar 2026),ttm(Mar 2026),Mar 2026,False,False,Hold,,26.091464117037198,16.425680878770542,March-to-March,full,,,7,,42.494714587737846,61.04651162790697,84.71569936385768,23.67370962118532,58.78482023968043,82.18487394957982,6.839945280437757,0,-0.0,0,GREEN,54.29,49.69,52.45,,,16.0,5.0,0.0,5.0,Hold,57.45,Hold,,,,,,,9.6,-75.4,-34.0
GRANULES,Healthcare,NotCyclical,22383.74635568513,0.1400208467995661,0.1957136897773753,0.2973451327433628,10.421052631578949,5.948267436031207,19.72333779562696,37.10969597370583,0.3593949633619131,0.5184500917399941,0.9122232818515432,0.7270413408859151,True,True,79.2130470246975,20098478.0,58538808.0,687403940.6750793,0.2283333333333331,-0.1949999999999994,37.10969597370583,41.42857142857143,50.0,45.71428571428572,28.06201550387597,69.48924731182797,False,61.42876776878976,93.2368619899341,Extended,85.75600359173994,66.50785619174435,90.47589880159788,54.11764705882353,22.35294117647059,70.4514363885089,76.93333333333334,54.49357234604517,100.0,66.33351329990995,100.0,GREEN,Mid,10000000.0,GREEN,54.49357234604517,66.33351329990995,Hold,Hold,High,High,ttm(Mar 2026),ttm(Mar 2026),Mar 2026,False,False,Hold,,19.72333779562696,5.948267436031207,March-to-March,full,,,7,,45.71428571428572,28.197674418604652,61.42876776878976,93.2368619899341,66.50785619174435,54.11764705882353,70.4514363885089,0,-0.0,0,GREEN,54.52,66.33,59.24,,,15.0,5.0,0.0,5.0,Hold,64.24,Hold,,,,,,,0.9,53.0,-34.0
ADANIPORTS,Services,NotCyclical,420026.00057683606,0.1457893375114504,0.142082701862251,0.6624287456101043,4.913622690159003,22.92937831245141,24.637214839602308,31.80219440038416,0.1619977433964678,0.28384244141227,0.2810626594278544,0.2492512734550818,True,True,52.61685249103902,-4535486.0,58856153.0,3889901092.662658,-0.4133333333333334,-1.9549999999999992,31.80219440038416,45.83333333333333,28.000000000000004,36.91666666666666,78.29457364341084,78.62903225806451,False,59.78415665331552,78.23510997310333,Neutral,75.20840022098156,32.419973368841546,58.78482023968043,9.243697478991598,2.184873949579832,70.7250341997264,12.8,54.49038294180498,100.0,55.31190973080575,100.0,GREEN,Large,50000000.0,GREEN,54.49038294180498,55.31190973080575,Hold,Hold,High,High,ttm(Mar 2026),ttm(Mar 2026),Mar 2026,False,False,Hold,,27.107465135356847,22.92937831245141,March-to-March,full,,,7,,36.91666666666666,77.47093023255815,59.78415665331552,78.23510997310333,32.419973368841546,9.243697478991598,70.7250341997264,0,-0.0,0,GREEN,54.31,55.77,54.89,,,15.0,5.0,0.0,5.0,Hold,59.89,Hold,,,,,,,14.5,-546.5,352.0
MINDACORP,Automobile and Auto Components,Cyclical,16224.028159928148,0.0840497838597944,0.1678928880321478,0.5563540090771558,5.909836065573771,12.881754111468346,22.32990506329113,45.34860638824909,0.2818131153418994,0.1792026745919142,0.3242431059953985,0.3946841985835723,True,True,55.508105725803446,16255391.0,25154076.0,226726367.12854004,0.1416666666666664,0.92,45.34860638824909,17.391304347826086,28.26086956521739,22.82608695652174,50.23255813953489,75.0,False,43.87850467289719,77.59198036649856,Neutral,82.84918942741966,100.0,53.26844207723036,45.04201680672269,76.9747899159664,58.41313269493844,73.06666666666666,54.40291187077855,100.0,60.25064078331173,100.0,GREEN,Mid,10000000.0,GREEN,54.40291187077855,60.25064078331173,Hold,Hold,High,High,ttm(Mar 2026),ttm(Mar 2026),Mar 2026,False,False,Hold,,22.329905063291132,12.881754111468346,March-to-March,full,,,7,,22.82608695652174,49.56395348837209,43.87850467289719,77.59198036649856,100.0,45.04201680672269,58.41313269493844,0,-0.0,0,GREEN,54.28,60.34,56.71,,,14.0,0.0,0.0,0.0,Hold,56.71,Hold,,,,,,,3.7,16.4,-18.0
GRWRHITECH,Capital Goods,Cyclical,16092.087368637956,0.0943489763824642,0.1317438892566707,0.0060240963855421,54.375,13.813118947665329,0.5689900426742556,47.60972594271585,0.7426775612822125,1.3048913934281496,0.9300878258083513,1.8532950286717145,True,True,61.58329359032437,914013.0,4636095.0,464282424.0,0.045,0.6300000000000001,47.60972594271585,21.49532710280374,18.51851851851852,20.00692281066113,53.64341085271318,12.903225806451612,False,56.253894080996886,95.48464899763492,Neutral,97.62421032350724,85.89161118508655,77.5027962716378,35.63025210084034,70.4201680672269,32.83173734610123,36.53333333333333,54.38662293880876,100.0,58.58619867493381,100.0,GREEN,Mid,10000000.0,GREEN,54.38662293880876,58.58619867493381,Hold,Hold,High,High,ttm(Mar 2026),ttm(Mar 2026),Mar 2026,False,False,Hold,,0.5215742057847361,13.813118947665327,March-to-March,full,,,7,,20.00692281066113,52.76162790697675,56.253894080996886,95.48464899763492,85.89161118508655,35.63025210084034,32.83173734610123,0,-0.0,0,GREEN,54.23,58.78,56.05,,,14.0,0.0,0.0,0.0,Hold,56.05,Hold,,,,Y,,,14.6,-8.3,11.0
SUNPHARMA,Healthcare,NotCyclical,469140.8992269765,0.1481304716966162,0.1923719365448048,0.0553667584061266,48.67551622418879,10.03121027172562,11.190992430294044,40.75444045111677,0.1717672869063127,0.1383765967517056,0.1769805216261957,0.28025397005521,True,True,70.4172408951921,-5624294.0,44176855.0,4157289275.576538,0.3133333333333334,0.1400000000000005,40.75444045111677,47.14285714285714,45.71428571428572,46.42857142857143,40.310077519379846,44.89247311827957,False,62.11375166889185,64.54983035901132,Extended,59.090044298587216,66.50785619174435,90.47589880159788,58.655462184873954,46.55462184873949,66.07387140902873,11.2,54.37835348934472,100.0,54.66770280449158,100.0,GREEN,Large,50000000.0,GREEN,54.37835348934472,54.66770280449158,Hold,Hold,High,High,ttm(Mar 2026),ttm(Mar 2026),Mar 2026,False,False,Hold,,11.190992430294045,10.031210271725621,March-to-March,full,,,7,,46.42857142857143,39.97093023255814,62.11375166889185,64.54983035901132,66.50785619174435,58.655462184873954,66.07387140902873,0,-0.0,0,GREEN,54.3,54.75,54.48,,,13.0,0.0,0.0,0.0,Hold,54.48,Hold,,,,,,,12.5,-304.4,451.0
MANORAMA,Fast Moving Consumer Goods,NotCyclical,9529.20110149095,0.2845212291215096,0.2726182148423597,0.5219941348973607,9.5,,77.30220492866407,42.03952633502141,0.1526624178565383,0.2060779902657512,0.0879894676729484,1.4547722950208164,True,True,54.877638637559606,1611613.0,2297664.0,237782566.67071533,0.045,0.175,42.03952633502141,86.04651162790698,72.72727272727273,79.38689217758986,,96.90860215053765,False,28.71295060080107,75.11475365483754,Neutral,75.31964354365145,58.78482023968043,8.718242343541945,35.378151260504204,49.41176470588236,27.359781121751027,40.93333333333333,54.29921684074191,85.71428571428571,61.40326251293372,100.0,GREEN,Small,2500000.0,GREEN,54.29921684074191,61.40326251293372,Hold,Hold,High,High,annual,ttm(Mar 2026),Mar 2026,False,False,Hold,,77.30220492866407,,March-to-March,full,,,6,growth_3y<-1y,79.38689217758986,97.03903095558546,28.71295060080107,75.11475365483754,58.78482023968043,35.378151260504204,27.359781121751027,0,-0.0,0,GREEN,63.7,61.43,62.79,,,22.0,10.0,0.0,10.0,Hold,72.79,Hold,,,Y,,,,3.2,31.2,-11.0
FSL,Services,NotCyclical,18753.308348585728,0.1476254781542966,0.1948442261370859,0.6663625997719498,6.978260869565218,16.63936052634527,19.764381501441285,27.853095744113983,0.1390319691414161,-0.1577912322130785,-0.2338041533783857,0.0964400802507081,True,False,62.36439486870311,9419543.0,131163206.0,405742154.98347473,0.6483333333333333,1.21,27.853095744113983,54.16666666666666,72.0,63.08333333333333,62.48062015503876,69.75806451612904,False,45.75300400534046,15.637499602258794,Neutral,48.29176564133483,32.419973368841546,58.78482023968043,72.26890756302521,82.01680672268907,83.31053351573188,67.2,54.2974107431115,100.0,59.35754644877801,100.0,GREEN,Mid,10000000.0,GREEN,54.2974107431115,59.35754644877801,Hold,Hold,High,High,ttm(Mar 2026),ttm(Mar 2026),Mar 2026,False,False,Hold,,19.749373433583962,16.63936052634527,March-to-March,full,,,7,,63.08333333333333,61.627906976744185,45.75300400534046,15.637499602258794,32.419973368841546,72.26890756302521,83.31053351573188,0,-0.0,0,GREEN,54.11,59.35,56.21,,,12.0,0.0,0.0,0.0,Hold,56.21,Hold,,,,,,,-10.7,115.3,-99.0
PICCADIL,Fast Moving Consumer Goods,NotCyclical,7325.870846984207,0.180618628517845,0.2005240013233761,0.5893451720310766,8.321428571428571,20.179960381553077,26.772616136919325,52.820969172109045,0.232196319123076,0.2796785418556986,0.2612619552081079,,True,True,80.81059869102941,3177089.0,13824715.0,80676941.940979,,,52.820969172109045,58.13953488372093,50.0,54.06976744186046,72.09302325581395,81.04838709677419,False,19.84290164663997,76.1938202247191,Extended,83.48190309386001,58.78482023968043,8.718242343541945,,,48.29001367989056,49.46666666666666,54.28943853294918,85.71428571428571,55.07609506254998,85.71428571428571,GREEN,Small,2500000.0,GREEN,54.28943853294918,55.07609506254998,Hold,Hold,High,High,ttm(Mar 2026),ttm(Mar 2026),Mar 2026,False,False,Hold,,30.2383939774153,20.179960381553073,March-to-March,1-2y,,,6,,54.06976744186046,71.22093023255815,19.84290164663997,76.1938202247191,58.78482023968043,,48.29001367989056,0,-0.0,0,GREEN,53.71,55.25,54.33,,,22.0,10.0,0.0,10.0,Hold,64.33,Hold,,,Y,,,,4.2,-5.3,1.0
CEMPRO,Construction,Cyclical,27557.159264178823,0.1221508148843208,0.2344216012609739,0.41725719049604,4.725581395348837,25.49103002561759,9.276215391323303,46.04250290556792,1.5210614192055325,1.3460849412103904,0.8495329242182246,2.5588214014642925,True,True,81.25478976554948,13505586.0,57694815.0,594314989.6269836,,,46.04250290556792,39.130434782608695,86.95652173913044,63.04347826086956,80.0,38.03763440860215,True,28.053237650200263,98.27066803676814,Extended,96.25229880122284,8.461517976031956,26.57070572569907,,,70.17783857729138,70.8,55.19816017663575,85.71428571428571,54.753625603988496,85.71428571428571,GREEN,Mid,10000000.0,GREEN,54.19816017663575,53.753625603988496,Hold,Hold,High,High,ttm(Mar 2026),ttm(Mar 2026),Mar 2026,False,False,Hold,,8.814622539476535,25.49103002561759,March-to-March,full,,,6,,63.04347826086956,79.94186046511628,28.053237650200263,98.27066803676814,8.461517976031956,,70.17783857729138,1,-1.0,0,GREEN,53.72,53.32,53.56,,,14.0,0.0,0.0,0.0,Hold,53.56,Hold,,,Y,,,Y,22.4,80.2,105.0
SCHAEFFLER,Automobile and Auto Components,Cyclical,,,,,,,18.34056017813195,53.16135094329002,0.0193298980714915,0.0992731333990077,0.002477606115717,-0.0619104042897667,True,True,50.64033587847876,-125078.0,3178898.0,238090086.4326172,-0.0516666666666666,0.0,53.16135094329002,,,,,67.06989247311827,False,,39.416369391206864,Neutral,46.185966412152126,100.0,53.26844207723036,24.53781512605042,33.36134453781512,29.548563611491108,25.066666666666663,54.19128552839221,57.14285714285714,49.13374405054996,71.42857142857143,GREEN,,,GREEN,54.19128552839221,49.13374405054996,Hold,Hold,Med,High,ttm(Mar 2026),ttm(Mar 2026),Mar 2026,False,True,Hold,,18.34056017813195,,engine TTM (no FY pair),full,,,4,growth_3y<-1y,,66.48721399730822,,39.416369391206864,100.0,24.53781512605042,29.548563611491108,0,-0.0,0,GREEN,54.77,49.34,52.6,,,13.0,0.0,0.0,0.0,Hold,52.6,Hold,,,Y,,,,,,
THELEELA,Consumer Services,NotCyclical,16201.801988400995,0.0382138659119827,0.1955218741520074,0.2827920049968769,3.645320197044335,21.09146364936812,17.46153846153846,40.2029826014913,0.1366830802008969,0.1211876471496595,0.1058569131705331,,True,True,55.83539031523564,4422692.0,3630166.0,118283377.0671692,,,40.2029826014913,30.434782608695656,69.56521739130434,50.0,74.26356589147287,65.18817204301075,False,54.48064085447263,76.62715812551384,Neutral,70.09472183804166,7.985885486018644,14.776830892143808,,,30.36935704514364,54.93333333333334,54.08985219899868,85.71428571428571,54.83117129566264,85.71428571428571,GREEN,Mid,10000000.0,GREEN,54.08985219899868,54.83117129566264,Hold,Hold,High,High,ttm(Mar 2026),ttm(Mar 2026),Mar 2026,False,False,Hold,,17.37125288239816,21.091463649368116,March-to-March,1-2y,,,6,,50.0,73.54651162790698,54.48064085447263,76.62715812551384,7.985885486018644,,30.36935704514364,0,-0.0,0,GREEN,53.56,54.34,53.87,,,17.0,5.0,0.0,5.0,Hold,58.87,Hold,,,Y,,,,13.1,41.6,-42.0
MTARTECH,Capital Goods,Cyclical,19568.72751063134,0.1124695782671172,0.1652904759557236,0.4580801944106926,5.896551724137931,15.132359365012247,29.92592592592593,208.1779522407589,0.2877377579927154,1.4157304266289,3.1378413524057214,2.2197515078219983,False,True,37.88332797178435,6134384.0,50053707.0,8093480192.0,0.5366666666666663,1.3949999999999996,208.1779522407589,29.906542056074763,37.96296296296296,33.93475250951886,58.13953488372093,84.13978494623656,False,9.886515353805072,98.3765732765776,Neutral,46.18428625044061,85.89161118508655,77.5027962716378,68.0672268907563,83.8655462184874,68.53625170998632,61.06666666666667,54.08850487115063,100.0,51.65612629540884,100.0,GREEN,Mid,10000000.0,GREEN,54.08850487115063,51.65612629540884,Hold,Hold,High,High,ttm(Mar 2026),ttm(Mar 2026),Mar 2026,False,False,Hold,,29.585798816568044,15.132359365012249,March-to-March,full,,,7,,33.93475250951886,57.122093023255815,9.886515353805072,98.3765732765776,85.89161118508655,68.0672268907563,68.53625170998632,0,-0.0,0,GREEN,53.91,51.62,52.99,,,28.0,15.0,0.0,15.0,Hold,67.99,Hold,,,,,,Y,15.1,14.2,14.0
INDIAMART,Consumer Services,NotCyclical,11706.645569620254,0.1951044818892397,0.170691703380294,0.0095833333333333,158.33333333333334,16.787287336696053,13.04034582132565,24.633097165991902,-0.083024087699509,-0.0711186219651014,-0.230889366916112,-0.2271868116980884,False,False,50.69500337124332,-3967.0,88348.0,139558099.0678711,0.5666666666666664,0.2849999999999983,24.633097165991902,80.43478260869566,47.82608695652174,64.1304347826087,63.100775193798455,52.41935483870967,False,67.69373657630464,16.133943681762847,Neutral,10.909243624228326,7.985885486018644,14.776830892143808,69.07563025210084,55.63025210084034,18.87824897400821,26.4,51.03757326571583,100.0,42.35626193164771,100.0,GREEN,Small,2500000.0,GREEN,54.03757326571583,45.35626193164771,Hold,Hold,High,High,ttm(Mar 2026),ttm(Mar 2026),Mar 2026,False,False,Hold,,13.04034582132565,16.787287336696053,March-to-March,full,,,7,,64.1304347826087,62.2093023255814,67.69373657630464,16.133943681762847,7.985885486018644,69.07563025210084,18.87824897400821,0,-0.0,3,GREEN,53.84,45.37,50.45,,,8.0,-5.0,0.0,-5.0,Hold,45.45,Hold,score 40-50 (trim if weight >2.5%),,,,Y,,31.5,-60.8,-68.0
ALKEM,Healthcare,NotCyclical,69720.32102228455,0.1604707473537123,0.181097789535246,0.1481186685962373,18.664596273291924,8.247295844811497,13.474739683763982,29.654061915645126,0.0118752215526409,-0.0190859083586119,0.2179869892844106,0.1484335495693287,True,True,65.00954359598124,2822974.0,1691579.0,574943398.5,0.6849999999999997,1.2649999999999988,29.654061915645126,57.14285714285714,35.714285714285715,46.42857142857143,34.418604651162795,53.2258064516129,False,76.88518024032044,65.4664167580808,Neutral,27.9381692710748,66.50785619174435,90.47589880159788,73.78151260504202,82.68907563025209,25.444596443228452,48.0,53.95291364564286,100.0,56.0969564221133,100.0,GREEN,Large,50000000.0,GREEN,53.95291364564286,56.0969564221133,Hold,Hold,High,High,ttm(Mar 2026),ttm(Mar 2026),Mar 2026,False,False,Hold,,13.474739683763982,8.247295844811497,March-to-March,full,,,7,,46.42857142857143,34.30232558139535,76.88518024032044,65.4664167580808,66.50785619174435,73.78151260504202,25.444596443228452,0,-0.0,0,GREEN,53.93,56.11,54.8,,,13.0,0.0,0.0,0.0,Hold,54.8,Hold,,,,,,,14.2,154.5,-85.0
JSWINFRA,Services,NotCyclical,72399.5973952721,0.15786722294091,0.160859709782856,0.6342741564769697,6.798955613577023,18.82969476867789,19.79445933869526,46.79999831627156,0.2219867852173014,0.2873967106267197,0.0734059391066914,-0.0246735653054047,True,True,62.30246136095392,69691469.0,82749073.0,645478275.116272,,,46.79999831627156,58.333333333333336,36.0,47.16666666666667,68.52713178294574,69.89247311827957,False,42.74477080551847,57.72350248096925,Neutral,81.33043762458837,32.419973368841546,58.78482023968043,,,76.88098495212039,90.8,53.8859590580733,85.71428571428571,63.145441344413165,85.71428571428571,GREEN,Large,50000000.0,GREEN,53.8859590580733,63.145441344413165,Hold,Hold,High,High,ttm(Mar 2026),ttm(Mar 2026),Mar 2026,False,False,Hold,,19.772117962466496,18.829694768677886,March-to-March,full,,,6,,47.16666666666667,67.58720930232558,42.74477080551847,57.72350248096925,32.419973368841546,,76.88098495212039,0,-0.0,0,GREEN,53.33,62.11,56.84,,,16.0,5.0,0.0,5.0,Hold,61.84,Hold,,,Y,,,,14.2,-105.2,-87.0
AXISBANK,Financial Services,NotCyclical,408931.13619808544,0.1317178436309167,,1.3044839003701705,,,5.57625444334684,14.62639793720288,-0.0340234373238705,0.0369321930155812,0.1148477992081895,0.0177720039084783,False,True,43.27361643255527,-30976135.0,-3022352.0,8038221734.008301,0.7666666666666669,0.485000000000003,14.62639793720288,45.37815126050421,,45.37815126050421,,25.672043010752688,False,71.72919825303795,58.25635270760762,Neutral,18.595870679976795,47.73288948069241,28.95792276964048,76.30252100840336,65.21008403361344,13.54309165526676,4.266666666666667,53.85008147402512,85.71428571428571,37.612050018994886,100.0,N/A-financial-sector,Large,50000000.0,GREEN,53.85008147402512,37.612050018994886,Hold,Sell,High,High,ttm(Jun 2026),ttm(Jun 2026),Jun 2026,False,False,Sell,,-54.65151362767776,-30.47317534985425,March-to-March,full,,,7,,45.37815126050421,1.0901162790697674,71.72919825303795,58.25635270760762,47.73288948069241,76.30252100840336,13.54309165526676,2,-3.0,0,N/A-financial-sector,39.24,30.18,35.62,,,14.0,0.0,6.0,6.0,Hold,41.62,Hold,score 40-50 (trim if weight >2.5%),Sell->Hold (analyst),,,,,,,
SANSERA,Automobile and Auto Components,Cyclical,20456.525640823354,0.1190705920962372,0.1848985073015798,0.1914480077745383,16.63157894736842,14.373417851036052,15.942989724892277,62.402147013502486,0.4293121961519446,0.7844836749205784,1.406125674620541,1.381070303150651,True,True,62.75583309042103,1027188.0,15273270.0,533046605.638794,-0.165,-0.495000000000001,62.402147013502486,34.78260869565217,45.65217391304348,40.21739130434783,54.57364341085271,60.88709677419355,False,25.37383177570093,97.5685492778354,Neutral,95.70219446873566,100.0,53.26844207723036,18.15126050420168,12.100840336134452,51.43638850889193,37.46666666666666,53.84764136106304,100.0,53.308534333456464,100.0,GREEN,Mid,10000000.0,GREEN,53.84764136106304,53.308534333456464,Hold,Hold,High,High,ttm(Mar 2026),ttm(Mar 2026),Mar 2026,False,False,Hold,,15.942989724892275,14.373417851036052,March-to-March,full,,,7,,40.21739130434783,53.779069767441854,25.37383177570093,97.5685492778354,100.0,18.15126050420168,51.43638850889193,0,-0.0,0,GREEN,53.7,53.26,53.53,,,13.0,0.0,0.0,0.0,Hold,53.53,Hold,,,,,,,10.2,32.6,24.0
DRREDDY,Healthcare,NotCyclical,101274.2252141172,0.1678379980311422,0.2224743554659612,0.2041064076849994,17.25668449197861,10.956713293700382,3.234996783383881,24.3516313527061,-0.0003531055146649,0.0343026044195742,-0.0179606275082658,-0.0455360571101498,False,False,33.99142406325633,-16463581.0,-32849684.0,2102341031.980896,-0.1183333333333334,-0.5350000000000001,24.3516313527061,62.85714285714285,67.14285714285714,65.0,44.18604651162791,18.817204301075268,False,86.7214953271028,21.03841432042657,Pulled back,17.330122069417715,66.50785619174435,90.47589880159788,19.66386554621849,11.092436974789916,4.924760601915184,6.533333333333332,50.74446077125344,100.0,44.76487459532171,100.0,GREEN,Large,50000000.0,GREEN,53.74446077125344,47.76487459532171,Hold,Hold,High,High,ttm(Mar 2026),ttm(Mar 2026),Mar 2026,False,False,Hold,,3.2348976841073407,10.956713293700382,March-to-March,full,,,7,,65.0,43.604651162790695,86.7214953271028,21.03841432042657,66.50785619174435,19.66386554621849,4.924760601915184,0,-0.0,3,GREEN,53.62,48.11,51.41,,,10.0,0.0,-6.0,-6.0,Sell,45.41,Hold,score 40-50 (trim if weight >2.5%) + analyst view,Analyst Sell -> Trim,,,Y,,25.4,-2369.5,253.0
SUBROS,Capital Goods,Cyclical,5271.595036377818,0.0940113699696678,0.2247157458784174,0.0241157556270096,32.4,10.20787765208322,11.553311553311564,31.7440940075972,0.0436864934739271,-0.0217180589043308,-0.1310617292980708,0.1528938331910661,True,False,51.22881931027601,11803335.0,11577731.0,35556244.85583496,5.1000000000000005,-1.1099999999999977,31.7440940075972,20.5607476635514,74.07407407407408,47.317410868812736,41.08527131782946,46.63978494623656,False,51.199648311569895,20.488345537605365,Neutral,43.76680060865495,85.89161118508655,77.5027962716378,99.07563025210084,6.890756302521009,45.690834473324216,69.06666666666666,53.719909450005055,100.0,49.79101398037943,100.0,GREEN,Small,2500000.0,GREEN,53.719909450005055,49.79101398037943,Hold,Hold,High,High,ttm(Mar 2026),ttm(Mar 2026),Mar 2026,False,False,Hold,,11.520190023752974,10.20787765208322,March-to-March,full,,,7,,47.317410868812736,40.69767441860465,51.199648311569895,20.488345537605365,85.89161118508655,99.07563025210084,45.690834473324216,0,-0.0,0,GREEN,53.65,49.88,52.14,,,12.0,0.0,0.0,0.0,Hold,52.14,Hold,,,,Y,,,13.6,-36.2,10.0
BAJFINANCE,Financial Services,NotCyclical,656377.0526186959,0.1857953239105478,,3.8168054105737768,,,18.414844649021852,33.94177218141765,0.1375410525938254,0.1000824995319806,0.1183485055608111,0.4798298338772857,True,True,65.25610647890454,20759253.0,-32923465.0,7059168338.509094,0.4916666666666665,1.0199999999999996,33.94177218141765,77.31092436974791,,77.31092436974791,,67.20430107526882,False,32.35240207282026,68.93666495776672,Neutral,65.65014692786713,47.73288948069241,28.95792276964048,66.890756302521,78.65546218487395,4.651162790697675,77.46666666666667,53.687434958011565,85.71428571428571,60.41290976164487,100.0,N/A-financial-sector,Large,50000000.0,GREEN,53.687434958011565,60.41290976164487,Hold,Hold,High,High,ttm(Mar 2026),ttm(Mar 2026),Mar 2026,False,False,Hold,,17.963680703740792,19.139621804646943,March-to-March,full,,,7,,77.31092436974791,69.04069767441861,32.35240207282026,68.93666495776672,47.73288948069241,66.890756302521,4.651162790697675,0,-0.0,0,N/A-financial-sector,57.07,60.14,58.29,,,21.0,10.0,0.0,10.0,Hold,68.29,Hold,,,,,,,,,
GALLANTT,Capital Goods,Cyclical,16542.092970015103,0.1042537724392331,0.1450043575882692,0.1652593486127865,17.047619047619047,2.889959897786976,2.9583042161658524,34.059087001342164,-0.2106898085931011,0.221529742887157,0.166158103973409,0.9859460969592432,False,True,49.56413730174511,1861043.0,130180531.0,93105296.90020752,,,34.059087001342164,25.233644859813083,25.925925925925924,25.579785392869503,17.674418604651162,17.473118279569892,False,64.58277703604807,73.27313216959755,Neutral,13.052316428555647,85.89161118508655,77.5027962716378,,,83.17373461012312,42.93333333333334,53.64795614527196,85.71428571428571,39.10630887388339,85.71428571428571,GREEN,Mid,10000000.0,GREEN,53.64795614527196,39.10630887388339,Hold,Sell,High,High,ttm(Mar 2026),ttm(Mar 2026),Mar 2026,False,False,Sell,,2.9350104821803003,2.8899598977869756,March-to-March,full,,,6,,25.579785392869503,18.023255813953487,64.58277703604807,73.27313216959755,85.89161118508655,,83.17373461012312,0,-0.0,0,GREEN,53.38,40.24,48.13,,,9.0,-5.0,-6.0,-11.0,Sell,37.13,Sell,,,Y,Y,,,9.9,1.6,44.0
PGEL,Consumer Durables,NotCyclical,17754.303687196687,0.1227380877999249,0.1541521400529939,0.195801902263037,3.794117647058824,34.7760006993022,8.583162217659135,89.99275539232336,0.1107235949658687,0.0494338336936954,-0.1907988535254252,0.6766077616925594,True,True,73.6666989782176,58892088.0,98402351.0,1111286459.0,3.4333333333333336,6.2250000000000005,89.99275539232336,39.02439024390244,31.70731707317073,35.36585365853659,88.83720930232558,35.215053763440864,True,23.44580652991868,48.35673159871868,Extended,58.79755774445466,25.229560585885487,54.25752330226364,96.63865546218489,99.07563025210084,79.89056087551299,88.53333333333333,54.57720235358683,100.0,48.6540338486366,100.0,GREEN,Mid,10000000.0,GREEN,53.57720235358683,47.6540338486366,Hold,Hold,High,High,ttm(Mar 2026),ttm(Mar 2026),Mar 2026,False,False,Hold,,8.583162217659135,34.7760006993022,March-to-March,full,,,7,,35.36585365853659,88.66279069767442,23.44580652991868,48.35673159871868,25.229560585885487,96.63865546218489,79.89056087551299,1,-1.0,0,GREEN,53.54,47.9,51.29,,,13.0,0.0,0.0,0.0,Hold,51.29,Hold,,,,,,Y,21.8,-138.5,20.0
ECLERX,Services,NotCyclical,16544.788460878193,0.2558173764179742,0.3369900477476166,0.1503319016009371,25.02380952380953,15.84775678117818,22.311348781937014,23.58214890340224,0.0863686245996617,-0.233947204578803,0.011226109014327,0.4078930508274609,True,False,74.93612918658138,3527011.0,3052595.0,342467461.194458,0.1000000000000002,0.4699999999999997,23.58214890340224,83.33333333333334,92.0,87.66666666666667,60.0,74.86559139784946,False,42.45527369826435,30.66495778328064,Extended,38.11493408988888,32.419973368841546,58.78482023968043,42.18487394957983,64.53781512605042,29.2749658002736,50.93333333333333,53.4348614778616,100.0,59.86777385379185,100.0,GREEN,Mid,10000000.0,GREEN,53.4348614778616,59.86777385379185,Hold,Hold,High,High,ttm(Mar 2026),ttm(Mar 2026),Mar 2026,False,False,Hold,,22.311348781937014,15.84775678117818,March-to-March,full,,,7,,87.66666666666667,59.01162790697675,42.45527369826435,30.66495778328064,32.419973368841546,42.18487394957983,29.2749658002736,0,-0.0,0,GREEN,53.22,59.98,55.92,,,17.0,5.0,0.0,5.0,Hold,60.92,Hold,,,,,,,10.8,61.5,14.0
ELECON,Capital Goods,Cyclical,10342.17105263158,0.1445815808075089,0.1956316505113704,0.1184381778741865,20.92,15.63991661093478,3.0524505588994,43.77967711301044,0.0614467953065454,0.1540518313237824,-0.2528018604610671,-0.2805215130814071,False,False,31.319439877067623,586650.0,8229028.0,276560292.4515686,0.7066666666666667,1.965,43.77967711301044,47.66355140186916,60.18518518518518,53.924368293527166,59.37984496124032,17.741935483870968,False,47.01716109283923,9.588456358163231,Pulled back,30.074802044039277,85.89161118508655,77.5027962716378,74.6218487394958,87.73109243697479,40.76607387140904,33.6,53.42105484051344,100.0,47.28343042546465,100.0,GREEN,Small,2500000.0,GREEN,53.42105484051344,47.28343042546465,Hold,Hold,High,High,ttm(Jun 2026),ttm(Jun 2026),Jun 2026,False,False,Hold,,6.241580601706342,15.63991661093478,March-to-March,full,,,7,,53.924368293527166,58.43023255813954,47.01716109283923,9.588456358163231,85.89161118508655,74.6218487394958,40.76607387140904,0,-0.0,0,GREEN,53.25,48.85,51.49,,,11.0,0.0,0.0,0.0,Hold,51.49,Hold,,,,,,,13.2,-59.2,-3.0
HDBFS,Financial Services,NotCyclical,59871.83613752743,0.1626355224660229,,5.5245259165613145,,,,27.514630577907827,0.1260515564625384,-0.0177106531790143,-0.105502385885521,,True,True,62.53710076255327,18094704.0,33402468.0,251242522.9081116,,,27.514630577907827,69.74789915966386,,69.74789915966386,,,False,43.34310153651196,32.185915282887535,Neutral,56.65115677406608,47.73288948069241,28.95792276964048,,,63.06429548563612,74.8,53.22511515438504,71.42857142857143,54.24612790388338,71.42857142857143,N/A-financial-sector,Large,50000000.0,GREEN,53.22511515438504,54.24612790388338,Hold,Hold,High,High,annual,annual,Mar 2025,False,False,Hold,,-9.481008988112494,20.462114282543055,March-to-March,1-2y,,,6,,69.74789915966386,71.94767441860465,43.34310153651196,32.185915282887535,47.73288948069241,,63.06429548563612,2,-3.0,0,N/A-financial-sector,54.05,42.28,49.34,,,15.0,5.0,0.0,5.0,Hold,54.34,Hold,,,Y,,,,,,
V2RETAIL,Consumer Services,NotCyclical,8106.567300332558,0.1090700712944556,0.1938013037550877,1.1031042128603104,4.72,54.04606358411104,62.70557029177719,49.2638564691311,0.1595427794376729,0.0423155791832783,0.1600876551762324,1.9897057845212247,False,True,45.56838554007849,-6651056.0,-3398209.0,274132221.5695496,-0.2083333333333333,-0.79,49.2638564691311,63.04347826086957,67.3913043478261,65.21739130434783,94.57364341085272,95.16129032258064,False,25.7700121901666,86.65533292548025,Neutral,35.06248511748974,7.985885486018644,14.776830892143808,16.134453781512605,9.07563025210084,13.269493844049247,10.4,53.20928040802217,100.0,44.579411951643785,100.0,GREEN,Small,2500000.0,GREEN,53.20928040802217,44.579411951643785,Hold,Hold,High,High,ttm(Mar 2026),ttm(Mar 2026),Mar 2026,False,False,Hold,,62.79193205944797,54.04606358411104,March-to-March,full,,,7,,65.21739130434783,94.76744186046511,25.7700121901666,86.65533292548025,7.985885486018644,16.134453781512605,13.269493844049247,0,-0.0,0,GREEN,53.25,44.53,49.76,,,26.0,15.0,0.0,15.0,Hold,64.76,Hold,,,,,,,11.6,48.7,19.0
RELIGARE,Financial Services,NotCyclical,7454.205771749333,0.446445724422312,0.1170470169502786,0.1695323246217331,3.7777777777777777,21.82095317120534,14.772110689093877,101.7181514312862,0.1744907274505829,0.0661244448072539,0.0495598500953575,0.0835321743372823,True,True,53.5536278333072,13016418.0,9253535.0,237478986.16163635,-0.3966666666666666,-3.0650000000000004,101.7181514312862,98.31932773109244,41.66666666666667,69.99299719887955,76.27906976744187,56.31720430107527,False,31.18784695383318,56.047826241001,Neutral,70.11736448939656,47.73288948069241,28.95792276964048,9.57983193277311,1.092436974789916,42.270861833105336,70.53333333333333,53.19867191663992,100.0,51.3522487164655,100.0,N/A-financial-sector,Small,2500000.0,GREEN,53.19867191663992,51.3522487164655,Hold,Hold,High,High,ttm(Mar 2026),ttm(Mar 2026),Mar 2026,False,False,Hold,,14.542992552471222,21.82095317120534,March-to-March,full,,,7,,69.99299719887955,75.43604651162791,31.18784695383318,56.047826241001,47.73288948069241,9.57983193277311,42.270861833105336,0,-0.0,0,N/A-financial-sector,53.01,51.27,52.32,,,15.0,5.0,0.0,5.0,Hold,57.32,Hold,,,,,,,39.1,-271.8,22.0
ANUP,Capital Goods,Cyclical,4298.403193612775,0.1531938539665048,0.2101167628003481,0.1591895803183791,19.33333333333333,41.84905382204285,12.141882673942694,39.08348457350272,0.0648765999130061,0.0156103089891974,-0.2443538582368494,0.2143599435631318,True,True,48.317356543376015,1004766.0,953016.0,58190818.22937012,-0.4083333333333334,-0.1599999999999998,39.08348457350272,56.07476635514018,70.37037037037037,63.22256836275528,92.09302325581396,48.79032258064516,True,35.29323651046924,34.39159729069686,Neutral,49.843661171059225,85.89161118508655,77.5027962716378,9.411764705882351,23.025210084033613,22.70861833105335,37.333333333333336,54.183951689350415,100.0,50.45912922697084,100.0,GREEN,Small,2500000.0,GREEN,53.183951689350415,49.45912922697084,Hold,Hold,High,High,ttm(Mar 2026),ttm(Mar 2026),Mar 2026,False,False,Hold,,12.141882673942694,41.84905382204285,March-to-March,full,,,7,,63.22256836275528,91.86046511627907,35.29323651046924,34.39159729069686,85.89161118508655,9.411764705882351,22.70861833105335,1,-1.0,0,GREEN,53.14,49.52,51.7,,,14.0,0.0,0.0,0.0,Hold,51.7,Hold,,,,,,,1.4,-14.4,-3.0
HDFCBANK,Financial Services,NotCyclical,1296471.2843282283,0.1446899545027306,,1.0041395149635104,,,2.812740178787987,15.740992946309031,0.0329609978685097,-0.1234130080945639,-0.169517971031179,0.0184674308051016,True,False,55.94540925730247,37497217.0,-1136704349.0,26765671487.25345,3.725000000000001,11.095,15.740992946309031,59.66386554621849,,59.66386554621849,,16.801075268817204,False,71.09241700798806,15.753293123250446,Neutral,36.79682730200162,47.73288948069241,28.95792276964048,96.97478991596638,99.07563025210084,1.094391244870041,84.8,53.03003695630071,85.71428571428571,49.54980692773559,100.0,N/A-financial-sector,Large,50000000.0,GREEN,53.03003695630071,49.54980692773559,Hold,Hold,High,High,ttm(Jun 2026),ttm(Jun 2026),Jun 2026,False,False,Hold,,2.812740178787987,,engine TTM (no FY pair),full,,,6,growth_3y<-1y,59.66386554621849,18.842530282637952,71.09241700798806,15.753293123250446,47.73288948069241,96.97478991596638,1.094391244870041,0,-0.0,0,N/A-financial-sector,45.51,49.92,47.27,,,13.0,0.0,0.0,0.0,Hold,47.27,Hold,score 40-50 (trim if weight >2.5%),,Y,,,,,,
EXIDEIND,Automobile and Auto Components,Cyclical,36051.54124397544,0.1300510445028067,0.1591417538155439,0.1132686084142394,14.542635658914728,6.072475389905585,4.397261863325208,41.96215017858255,0.2839517172715804,0.2234650917632628,0.1179242299792833,-0.2525710341753855,True,True,65.95070802782074,55013365.0,47475359.0,837527374.0870056,0.4283333333333334,0.3099999999999996,41.96215017858255,43.47826086956522,15.217391304347828,29.347826086956523,28.527131782945737,21.90860215053764,False,55.04286416977022,48.21094861366831,Neutral,84.05492919721792,100.0,53.26844207723036,64.45378151260505,56.63865546218487,67.71545827633378,87.73333333333333,52.97988472411551,100.0,55.24793698883614,100.0,GREEN,Mid,10000000.0,GREEN,52.97988472411551,55.24793698883614,Hold,Hold,High,High,ttm(Mar 2026),ttm(Mar 2026),Mar 2026,False,False,Hold,,4.391460726302365,6.072475389905585,March-to-March,full,,,7,,29.347826086956523,28.63372093023256,55.04286416977022,48.21094861366831,100.0,64.45378151260505,67.71545827633378,0,-0.0,0,GREEN,53.0,55.59,54.04,,,9.0,-5.0,0.0,-5.0,Hold,49.04,Hold,score 40-50 (trim if weight >2.5%),,,,,,7.3,-8.3,-22.0
METROPOLIS,Healthcare,NotCyclical,12048.413558510683,0.124364095988405,0.2217102560893365,0.1533377395902181,16.04,12.761968189755724,23.66641622839969,63.08069925921824,0.219167611209371,0.2158427979564228,0.2322557262267932,0.1375549935925455,True,True,61.86411688400744,2537496.0,8552856.0,99965134.19207764,0.5066666666666665,0.9199999999999982,63.08069925921824,32.857142857142854,65.71428571428571,49.28571428571428,49.76744186046512,77.82258064516128,False,43.91679101547161,67.2209017493601,Neutral,71.78197641801555,66.50785619174435,90.47589880159788,67.39495798319328,76.80672268907564,41.03967168262654,46.13333333333333,52.91830008058563,100.0,65.31244471900226,100.0,GREEN,Mid,10000000.0,GREEN,52.91830008058563,65.31244471900226,Hold,Hold,High,High,ttm(Mar 2026),ttm(Mar 2026),Mar 2026,False,False,Hold,,23.66641622839969,12.761968189755724,March-to-March,full,,,7,,49.28571428571428,48.98255813953488,43.91679101547161,67.2209017493601,66.50785619174435,67.39495798319328,41.03967168262654,0,-0.0,0,GREEN,52.75,65.33,57.78,,,15.0,5.0,0.0,5.0,Hold,62.78,Hold,,,,,,,6.6,20.1,2.0
REFEX,Utilities,NotCyclical,4357.368253020622,0.2088301535450695,0.2348675431323056,0.1496010638297872,9.783783783783784,11.810000333497127,-0.3479773814701992,20.97746771325174,0.2933077091735585,0.3536454117210725,-0.3009039302725688,0.5000244033736669,True,True,41.32742257394853,35252717.0,135259250.0,220095605.43745425,0.0416666666666666,0.22,20.97746771325174,79.86301369863014,74.43609022556392,77.14955196209704,47.28682170542636,11.559139784946236,False,58.67519010855053,35.64439690267226,Neutral,87.84503552038292,16.108388814913447,96.33475366178428,34.36974789915966,52.60504201680673,84.1313269493844,84.0,53.90345406552648,100.0,65.33667488528573,100.0,GREEN,Small,2500000.0,GREEN,52.90345406552648,64.33667488528573,Hold,Hold,High,High,ttm(Mar 2026),ttm(Mar 2026),Mar 2026,False,False,Hold,,0.7968127490039834,11.810000333497129,March-to-March,full,,,7,,77.14955196209704,46.656976744186046,58.67519010855053,35.64439690267226,16.108388814913447,34.36974789915966,84.1313269493844,0,-0.0,0,GREEN,53.76,65.9,58.62,,,20.0,10.0,0.0,10.0,Hold,68.62,Hold,,,,,,,-4.5,154.4,-42.0
APTUS,Financial Services,NotCyclical,15021.394663368588,0.168336555358516,,1.5620553359683795,,,25.257142857142867,15.91246749108919,0.2353832951495671,0.1041406558051074,-0.1238199273971535,-0.0761601243421393,True,True,71.88614458154572,16845225.0,9830186.0,240590037.34625244,-2.361666666666668,0.4799999999999997,15.91246749108919,71.42857142857143,,71.42857142857143,,79.56989247311827,False,60.81360513204598,33.4244841882529,Extended,77.89182631319528,47.73288948069241,28.95792276964048,1.092436974789916,65.04201680672269,43.365253077975375,73.6,49.89129902599867,85.71428571428571,67.6080389389504,100.0,N/A-financial-sector,Mid,10000000.0,GREEN,52.89129902599867,70.6080389389504,Hold,Hold,High,High,ttm(Mar 2026),ttm(Mar 2026),Mar 2026,False,False,Hold,,24.707135250266244,23.54403030396377,March-to-March,full,,,7,,71.42857142857143,77.90697674418605,60.81360513204598,33.4244841882529,47.73288948069241,1.092436974789916,43.365253077975375,0,-0.0,3,N/A-financial-sector,59.05,70.46,63.62,,,17.0,5.0,0.0,5.0,Hold,68.62,Hold,,,,,,,,,
TEXRAIL,Capital Goods,Cyclical,4728.750000000001,0.0328690484927344,0.088481376157038,0.3770008424599831,3.1707317073170733,24.96328242411352,-14.257735996866428,24.173553719008265,0.133391419115376,-0.0607690432156173,-0.2828791631255859,-0.5868672292911576,True,False,57.04901505903982,29632647.0,219717603.0,250937518.36306763,2.0766666666666667,6.465000000000001,24.173553719008265,7.476635514018691,3.7037037037037033,5.590169608861197,79.68992248062015,3.494623655913978,True,58.83779999348726,5.226612108476142,Neutral,54.68716198615952,85.89161118508655,77.5027962716378,92.2689075630252,99.07563025210084,90.15047879616964,82.26666666666667,55.87461357803406,100.0,50.01580308947284,100.0,GREEN,Small,2500000.0,GREEN,52.87461357803406,47.01580308947284,Hold,Hold,High,High,ttm(Mar 2026),ttm(Mar 2026),Mar 2026,False,False,Hold,,-14.294106128842765,24.96328242411352,March-to-March,full,,,7,,5.590169608861197,79.50581395348837,58.83779999348726,5.226612108476142,85.89161118508655,92.2689075630252,90.15047879616964,2,-3.0,0,GREEN,52.84,47.2,50.59,,,7.0,-5.0,0.0,-5.0,Hold,45.59,Hold,score 40-50 (trim if weight >2.5%),,,,,,20.6,-10.2,-1.0
CELLO,Consumer Durables,NotCyclical,8197.14870262273,0.3617212578668912,0.3420309289189779,0.0140688633839318,235.5,8.95053040550431,8.750584932147865,26.19081315219192,-0.141235044406242,-0.2751808821603653,-0.4150867740038073,-0.6239549608825645,False,False,47.43449224485827,-320973.0,-786307.0,59290851.33706665,,,26.19081315219192,97.5609756097561,95.1219512195122,96.34146341463416,35.968992248062015,35.752688172043015,False,62.92056074766354,2.971895187828912,Neutral,3.0093963039694573,25.229560585885487,54.25752330226364,,,16.82626538987688,23.866666666666667,49.82536919681314,85.71428571428571,46.37116704985838,85.71428571428571,GREEN,Small,2500000.0,GREEN,52.82536919681314,49.37116704985838,Hold,Hold,High,High,ttm(Mar 2026),ttm(Mar 2026),Mar 2026,False,False,Hold,,8.801498127340835,8.95053040550431,March-to-March,full,,,6,,96.34146341463416,35.75581395348838,62.92056074766354,2.971895187828912,25.229560585885487,,16.82626538987688,0,-0.0,3,GREEN,52.79,49.99,51.67,,,10.0,0.0,0.0,0.0,Hold,51.67,Hold,,,Y,,,,10.9,-83.9,3.0
GILLETTE,Fast Moving Consumer Goods,NotCyclical,25365.29880478088,0.6906019007391764,0.9957761351636748,0.0,78.58333333333333,,7.638888888888884,38.78486055776892,-0.0090972708187543,-0.017830604637541,-0.2570458681186433,0.0948787801364419,False,False,50.67571905109286,265517.0,514066.0,157703033.0,-0.1366666666666666,-0.3049999999999996,38.78486055776892,96.51162790697676,97.72727272727272,97.11945031712474,,32.526881720430104,False,45.91455273698264,17.314220188169447,Neutral,21.243539206001824,58.78482023968043,8.718242343541945,19.15966386554622,18.15126050420168,20.656634746922027,31.466666666666665,52.787425173741504,85.71428571428571,40.52431755668785,100.0,GREEN,Mid,10000000.0,GREEN,52.787425173741504,40.52431755668785,Hold,Hold,High,High,ttm(Mar 2026),ttm(Mar 2026),Mar 2026,False,False,Hold,,7.638888888888884,,engine TTM (no FY pair),full,,,6,growth_3y<-1y,97.11945031712474,33.91655450874832,45.91455273698264,17.314220188169447,58.78482023968043,19.15966386554622,20.656634746922027,0,-0.0,0,GREEN,48.64,40.77,45.49,,,8.0,-5.0,0.0,-5.0,Hold,40.49,Hold,score 40-50 (trim if weight >2.5%),,Y,,,,,,
AUROPHARMA,Healthcare,NotCyclical,89891.3703268555,0.0942923088453367,0.1460240938846237,0.2130585099363965,17.828125,10.629259645869404,6.080569915521372,25.661253304840283,0.1320368249296877,0.3201466384038878,0.3755307960960041,0.1922920058160984,True,True,53.35410122809198,-8271171.0,43091026.0,1537653045.4829102,0.4066666666666669,1.3099999999999987,25.661253304840283,22.857142857142858,20.0,21.42857142857143,42.945736434108525,27.016129032258064,False,72.85420560747663,75.51871598998422,Neutral,62.00449598047718,66.50785619174435,90.47589880159788,63.193277310924366,83.19327731092437,65.5266757865937,9.2,52.71268529048705,100.0,51.91984982299076,100.0,GREEN,Large,50000000.0,GREEN,52.71268529048705,51.91984982299076,Hold,Hold,High,High,ttm(Mar 2026),ttm(Mar 2026),Mar 2026,False,False,Hold,,6.080569915521372,10.629259645869404,March-to-March,full,,,7,,21.42857142857143,42.44186046511628,72.85420560747663,75.51871598998422,66.50785619174435,63.193277310924366,65.5266757865937,0,-0.0,0,GREEN,52.6,52.17,52.43,,,15.0,5.0,0.0,5.0,Hold,57.43,Hold,,,,,,,8.4,-103.3,-194.0
SAFARI,Consumer Durables,NotCyclical,7986.869398455753,0.2018968217484081,0.2659411125823085,0.1049327354260089,30.11111111111111,19.08902535779609,15.519187358916486,47.49927192378538,0.031885926356973,-0.2291153752858384,-0.2674555952974111,-0.2375113673374539,True,False,52.271592092297226,1317574.0,1054364.0,104718514.4718628,1.276666666666667,0.4350000000000005,47.49927192378538,78.04878048780488,82.92682926829268,80.48780487804878,69.76744186046511,59.00537634408602,False,32.20809564267508,11.134032333330676,Neutral,33.6330033923963,25.229560585885487,54.25752330226364,85.3781512605042,63.02521008403361,23.392612859097127,39.6,52.70933619850428,100.0,51.79288112181561,100.0,GREEN,Small,2500000.0,GREEN,52.70933619850428,51.79288112181561,Hold,Hold,High,High,ttm(Mar 2026),ttm(Mar 2026),Mar 2026,False,False,Hold,,15.519187358916486,19.089025357796086,March-to-March,full,,,7,,80.48780487804878,68.75,32.20809564267508,11.134032333330676,25.229560585885487,85.3781512605042,23.392612859097127,0,-0.0,0,GREEN,52.49,51.86,52.23,,,13.0,0.0,0.0,0.0,Hold,52.23,Hold,,,,,,,11.1,11.1,-4.0
AUBANK,Financial Services,NotCyclical,77441.89902329918,0.1272055444845458,,0.7030204743563754,,,16.004731075697222,29.264913078482827,0.0375381649430319,0.0649724395141577,0.2607795074128349,0.6150852208525315,True,True,49.839655024847794,7149519.0,856052.0,1488860791.8178406,1.3499999999999996,0.4199999999999981,29.264913078482827,41.17647058823529,,41.17647058823529,,61.424731182795696,False,50.86250594012356,78.17202999872244,Neutral,49.90510704113322,47.73288948069241,28.95792276964048,86.21848739495799,61.84873949579832,22.024623803009572,62.8,52.61840567618607,85.71428571428571,49.76942725887265,100.0,N/A-financial-sector,Large,50000000.0,GREEN,52.61840567618607,49.76942725887265,Hold,Hold,High,High,ttm(Mar 2026),ttm(Mar 2026),Mar 2026,False,False,Hold,,-4.61538461538461,-21.25989501315836,March-to-March,full,,,7,,41.17647058823529,1.0901162790697674,50.86250594012356,78.17202999872244,47.73288948069241,86.21848739495799,22.024623803009572,1,-1.0,0,N/A-financial-sector,40.28,39.34,39.9,,,20.0,10.0,6.0,16.0,Hold,55.9,Hold,,Sell->Hold (analyst),,,,,,,
SHAILY,Consumer Durables,NotCyclical,12474.330762801765,0.154728312795146,0.2222269004966048,0.2472067039106145,17.5,17.750200275068728,25.921219822109265,73.37841625177508,0.4697947231919843,0.2495624361253454,0.6845016504862242,2.0153189531484466,False,True,41.581468378571294,-3655868.0,4320139.0,619929697.0042725,0.2000000000000001,-0.1999999999999997,73.37841625177508,56.09756097560976,58.53658536585365,57.3170731707317,65.58139534883722,80.51075268817203,False,28.06287170773152,95.86085136024536,Neutral,45.517733920950455,25.229560585885487,54.25752330226364,51.09243697478991,22.18487394957983,31.73734610123119,14.133333333333336,52.614811831590416,100.0,48.7911018072477,100.0,GREEN,Mid,10000000.0,GREEN,52.614811831590416,48.7911018072477,Hold,Hold,High,High,ttm(Mar 2026),ttm(Mar 2026),Mar 2026,False,False,Hold,,25.921219822109265,17.750200275068728,March-to-March,full,,,7,,57.3170731707317,64.68023255813954,28.06287170773152,95.86085136024536,25.229560585885487,51.09243697478991,31.73734610123119,0,-0.0,0,GREEN,52.42,48.76,50.95,,,17.0,5.0,0.0,5.0,Hold,55.95,Hold,,,,,,,3.6,57.1,6.0
BRITANNIA,Fast Moving Consumer Goods,NotCyclical,128092.20859478987,0.5484253528594846,0.5173496646464326,0.2702702702702703,31.097345132743364,5.5196386272794,6.738003678314652,50.489636813082335,-0.0683333333333333,-0.1026529232848935,-0.0657125327746572,-0.0212672864701967,True,False,50.85620347536618,-1143133.0,-6652192.0,1513890796.0,1.3983333333333328,-0.0800000000000009,50.489636813082335,96.51162790697676,93.18181818181816,94.84672304439746,26.82170542635659,28.763440860215056,False,46.46028037383178,23.30580751503717,Neutral,21.72178705987079,58.78482023968043,8.718242343541945,87.39495798319328,27.73109243697479,10.12311901504788,20.266666666666666,52.60804034921615,100.0,39.81878000293853,100.0,GREEN,Large,50000000.0,GREEN,52.60804034921615,39.81878000293853,Hold,Sell,High,High,ttm(Mar 2026),ttm(Mar 2026),Mar 2026,False,False,Sell,,6.738003678314652,5.5196386272794,March-to-March,full,,,7,,94.84672304439746,27.03488372093023,46.46028037383178,23.30580751503717,58.78482023968043,87.39495798319328,10.12311901504788,0,-0.0,0,GREEN,52.65,40.09,47.63,,,11.0,0.0,0.0,0.0,Hold,47.63,Hold,score 40-50 (trim if weight >2.5%),,,,,,6.8,124.0,22.0
GOKEX,Textiles,Cyclical,6121.799382486741,0.11441491692354,0.150090190690327,0.5890791300323924,3.747368421052632,21.52632503690817,3.209109730848869,61.21799382486741,0.1610016506081033,0.399531664021759,-0.0854598254196404,-0.1198464594762312,True,True,56.65203442952921,13210638.0,16074758.0,266000976.12786865,1.901666666666667,0.5350000000000001,61.21799382486741,54.54545454545454,41.66666666666667,48.10606060606061,75.34883720930232,18.68279569892473,True,42.27414330218068,42.64988292370669,Neutral,72.11257433482486,35.95818908122504,92.14993342210386,91.09243697478992,66.80672268907563,51.70998632010944,70.66666666666667,53.58670235577944,100.0,58.31140544646624,100.0,GREEN,Small,2500000.0,GREEN,52.58670235577944,57.31140544646624,Hold,Hold,High,High,ttm(Mar 2026),ttm(Mar 2026),Mar 2026,False,False,Hold,,3.209109730848869,21.52632503690817,March-to-March,full,,,7,,48.10606060606061,74.56395348837209,42.27414330218068,42.64988292370669,35.95818908122504,91.09243697478992,51.70998632010944,1,-1.0,0,GREEN,52.45,57.56,54.49,,,6.0,-5.0,0.0,-5.0,Hold,49.49,Hold,score 40-50 (trim if weight >2.5%),,,,Y,Y,44.8,-26.9,24.0
PATANJALI,Fast Moving Consumer Goods,NotCyclical,37764.47841726619,0.1264644618743212,0.1356152293513723,0.2129495304268153,13.484615384615385,49.47945540325529,18.296632124352328,20.805871779508685,-0.2417059185746159,-0.3591066019856693,-0.3694854507784538,-0.353725328402753,False,False,12.004815153011137,-122604213.0,-67222541.0,855893452.6058655,2.138333333333333,3.895000000000001,20.805871779508685,30.23255813953488,18.181818181818183,24.20718816067653,93.95348837209302,66.93548387096774,True,71.60714285714286,4.892025386693782,Pulled back,4.895814780995183,58.78482023968043,8.718242343541945,92.43697478991596,96.1344537815126,3.009575923392613,1.0666666666666669,53.51555685217318,100.0,37.93402939771844,100.0,GREEN,Large,50000000.0,GREEN,52.51555685217318,36.93402939771844,Hold,Sell,High,High,ttm(Mar 2026),ttm(Mar 2026),Mar 2026,False,False,Sell,,17.604005035571046,49.47945540325529,March-to-March,full,,,7,,24.20718816067653,93.8953488372093,71.60714285714286,4.892025386693782,58.78482023968043,92.43697478991596,3.009575923392613,1,-1.0,0,GREEN,52.5,36.61,46.15,,,9.0,-5.0,0.0,-5.0,Hold,41.15,Hold,score 40-50 (trim if weight >2.5%),,,,,,-1.6,-547.3,-153.0
LGEINDIA,Consumer Durables,NotCyclical,107309.32671266171,0.3245415513649611,0.4320259914367347,0.0598747717192799,58.73170731707317,7.393566817809871,0.9767308244757356,63.68506036359746,-0.008029563361048,0.1303881773041371,,,True,,55.20300039394896,9367253.0,7694949.0,771490936.255188,,,63.68506036359746,95.1219512195122,100.0,97.5609756097561,32.713178294573645,13.709677419354838,False,38.2318090787717,,Neutral,44.68403600396554,25.229560585885487,54.25752330226364,,,39.80848153214775,67.06666666666666,52.46623528066316,71.42857142857143,50.78304992547327,85.71428571428571,GREEN,Large,50000000.0,GREEN,52.46623528066316,50.78304992547327,Hold,Hold,High,High,annual,ttm(Mar 2026),Mar 2026,False,False,Hold,,0.9767308244757356,7.393566817809871,March-to-March,<1y,65.33333333333333,6.0,5,stage_3y<-1y,97.5609756097561,32.55813953488372,38.2318090787717,44.68403600396554,25.229560585885487,,39.80848153214775,0,-0.0,0,GREEN,51.35,50.97,51.2,,,10.0,0.0,0.0,0.0,Hold,51.2,Hold,,,<1y,,,,14.3,-737.4,64.0
M&M,Automobile and Auto Components,Cyclical,422252.1637038352,0.1378251690728235,0.1274719084851463,1.4708959472378271,3.855698050255448,17.84936997453506,24.813612124790364,22.674909446022728,-0.02205690682113,-0.1395488936400846,0.0251664725323332,0.113806807661255,True,False,51.959236150064136,-3607251.0,-32854784.0,7962609276.084717,0.1616666666666665,0.0749999999999975,22.674909446022728,56.52173913043478,8.695652173913043,32.608695652173914,66.04651162790698,78.89784946236558,False,62.68914107699154,23.84965403384848,Neutral,23.665187496104696,100.0,53.26844207723036,47.56302521008403,41.344537815126046,4.7879616963064295,14.666666666666666,52.44832462525668,100.0,45.76534521062932,100.0,GREEN,Large,50000000.0,GREEN,52.44832462525668,45.76534521062932,Hold,Hold,High,High,ttm(Mar 2026),ttm(Mar 2026),Mar 2026,False,False,Hold,,24.764620535013293,17.84936997453506,March-to-March,full,,,7,,32.608695652173914,65.11627906976744,62.68914107699154,23.84965403384848,100.0,47.56302521008403,4.7879616963064295,0,-0.0,0,GREEN,52.28,45.76,49.67,,,14.0,0.0,0.0,0.0,Hold,49.67,Hold,score 40-50 (trim if weight >2.5%),,,,,,20.3,-1095.7,1400.0
JUSTDIAL,Consumer Services,NotCyclical,6747.004412495054,0.0897023210395172,0.0540001077979898,0.0166470818644731,39.77777777777778,12.837639555765731,7.247627264883527,13.398918689173072,0.4518253415014368,0.0821113676153624,-0.1596313904514131,-0.2091806559685196,True,True,85.40681415497582,72119222.0,66523133.0,65042390.09912109,1.028333333333333,0.7249999999999994,13.398918689173072,56.52173913043478,19.565217391304348,38.04347826086956,50.07751937984496,31.18279569892473,False,81.59633134033785,37.20895957885677,Extended,79.60134757000965,7.985885486018644,14.776830892143808,81.68067226890756,72.94117647058823,72.77701778385773,91.2,52.43953107915293,100.0,56.22563256671083,100.0,GREEN,Small,2500000.0,GREEN,52.43953107915293,56.22563256671083,Hold,Hold,High,High,ttm(Jun 2026),ttm(Jun 2026),Jun 2026,False,False,Hold,,6.304728546409799,12.837639555765733,March-to-March,full,,,7,,38.04347826086956,49.41860465116279,81.59633134033785,37.20895957885677,7.985885486018644,81.68067226890756,72.77701778385773,0,-0.0,0,GREEN,52.29,55.89,53.73,,,7.0,-5.0,0.0,-5.0,Hold,48.73,Hold,score 40-50 (trim if weight >2.5%),,,,Y,,50.8,1.9,-74.0
MRF,Automobile and Auto Components,Cyclical,55738.673491328445,0.0946176827909936,0.1736966012229013,0.1529035949270525,13.128342245989304,10.62545756183142,10.641849891663412,23.00522487988028,-0.0559885078110971,-0.1163303218003938,-0.1122508458741741,0.0223152605424072,True,False,51.48133099241063,34592.0,-57015.0,838721792.5,0.583333333333333,0.5349999999999984,23.00522487988028,19.565217391304348,32.608695652173914,26.086956521739133,42.7906976744186,42.33870967741936,False,77.3112297878653,15.731788659817832,Neutral,20.946311345203384,100.0,53.26844207723036,70.4201680672269,66.38655462184873,18.194254445964432,27.46666666666667,52.31450613166582,100.0,44.5030500858635,100.0,GREEN,Large,50000000.0,GREEN,52.31450613166582,44.5030500858635,Hold,Hold,High,High,ttm(Mar 2026),ttm(Mar 2026),Mar 2026,False,False,Hold,,10.645780051150888,10.62545756183142,March-to-March,full,,,7,,26.086956521739133,42.29651162790697,77.3112297878653,15.731788659817832,100.0,70.4201680672269,18.194254445964432,0,-0.0,0,GREEN,52.23,44.59,49.17,,,10.0,0.0,0.0,0.0,Hold,49.17,Hold,score 40-50 (trim if weight >2.5%),,,,,,13.7,384.6,26.0
POWERGRID,Power,NotCyclical,261049.97081144192,0.1726030582505398,0.1712508245078448,1.4734312496268434,4.151515151515151,0.835456965229131,2.054944095038436,16.39894859813084,-0.12183300193873,0.0969929512279828,-0.0288867579804561,-0.1160856640981478,False,False,39.67251361975913,-82520764.0,23066609.0,2700005743.633667,-0.0250000000000003,-0.2349999999999994,16.39894859813084,76.19047619047619,85.71428571428571,80.95238095238095,13.798449612403102,15.053763440860216,False,83.00825342881419,22.99370813523148,Neutral,17.239097844373294,35.61571238348868,2.060452729693742,27.22689075630252,19.66386554621849,56.63474692202463,1.0666666666666669,49.312114082181495,100.0,37.19003523042048,100.0,GREEN,Large,50000000.0,GREEN,52.312114082181495,40.19003523042048,Hold,Hold,High,High,ttm(Mar 2026),ttm(Mar 2026),Mar 2026,False,False,Hold,,2.0549440950384357,0.835456965229131,March-to-March,full,,,7,,80.95238095238095,14.38953488372093,83.00825342881419,22.99370813523148,35.61571238348868,27.22689075630252,56.63474692202463,0,-0.0,3,GREEN,52.44,40.48,47.66,,,7.0,-5.0,0.0,-5.0,Hold,42.66,Hold,score 40-50 (trim if weight >2.5%),,,,,,6.5,-4563.1,-1109.0
PWL,Consumer Services,NotCyclical,40586.99798583984,-0.1787418237783763,-0.5247573146641349,0.2327433628318584,3.627450980392157,73.71229466099199,35.08832698302737,-1040.692256047175,0.2642742789024537,0.0536604339343125,,,True,,55.56421550895972,177659366.0,,700980200.9551659,,,,5.434782608695652,5.434782608695652,5.434782608695652,97.67441860465117,87.63440860215054,True,82.84327821711,,Neutral,77.72763642011851,7.985885486018644,14.776830892143808,,,,96.4,53.29012759145102,57.14285714285714,59.11362449297821,85.71428571428571,GREEN,Large,50000000.0,GREEN,52.29012759145102,58.11362449297821,Hold,Hold,Med,High,annual,ttm(Mar 2026),Mar 2026,False,False,Hold,,35.08832698302737,73.71229466099199,March-to-March,<1y,48.53333333333333,6.0,4,"stage_3y<-1y,accumulation_3y<-1y",5.434782608695652,99.05523255813954,82.84327821711,77.72763642011851,7.985885486018644,,96.4,1,-1.0,0,GREEN,58.43,57.31,57.98,,,20.0,10.0,0.0,10.0,Hold,67.98,Hold,,,<1y,Y,Y,Y,1790.0,101.2,185.0
AIAENG,Capital Goods,Cyclical,44560.91029314524,0.1545065244987646,0.1704614225302927,0.0012459506603538,33.945945945945944,-3.437223261077671,3.1024026125495707,35.11498053045331,0.2064874416256468,0.2088676578968411,0.3889440748862751,0.1348330238606241,True,True,55.76241897487056,2762690.0,5495324.0,230422421.0722656,0.0449999999999999,0.0299999999999993,35.11498053045331,57.00934579439252,41.66666666666667,49.3380062305296,6.046511627906977,18.14516129032258,False,73.74899866488653,73.50987700215563,Neutral,76.9166152453701,85.89161118508655,77.5027962716378,35.12605042016806,35.96638655462185,35.02051983584131,47.6,52.26549986499797,100.0,59.57769918596836,100.0,GREEN,Large,50000000.0,GREEN,52.26549986499797,59.57769918596836,Hold,Hold,High,High,ttm(Mar 2026),ttm(Mar 2026),Mar 2026,False,False,Hold,,3.1024026125495707,-3.437223261077671,March-to-March,full,,,7,,49.3380062305296,6.831395348837209,73.74899866488653,73.50987700215563,85.89161118508655,35.12605042016806,35.02051983584131,0,-0.0,0,GREEN,52.41,59.83,55.37,,,12.0,0.0,0.0,0.0,Hold,55.37,Hold,,,,Y,Y,,30.5,66.2,142.0
BLUEJET,Healthcare,NotCyclical,10207.22225715098,0.220001824309795,0.2820297130033525,0.0308823529411764,49.0,9.51448657067806,-7.968901846452869,41.12937233664773,0.4263368878583558,0.1777133191875333,-0.3514395635562642,0.3650490773125265,True,True,62.08572779008738,23784447.0,23653278.0,214050832.4981842,,,41.12937233664773,90.0,92.85714285714286,91.42857142857144,38.29457364341085,5.510752688172043,True,39.24227252498281,28.588461303475384,Neutral,84.37452581254055,66.50785619174435,90.47589880159788,,,57.59233926128591,79.60000000000001,55.22506772105592,85.71428571428571,63.02241028734444,85.71428571428571,GREEN,Small,2500000.0,GREEN,52.22506772105592,60.02241028734444,Hold,Hold,High,High,ttm(Mar 2026),ttm(Mar 2026),Mar 2026,False,False,Hold,,-8.058252427184465,9.51448657067806,March-to-March,full,,,6,,91.42857142857144,37.93604651162791,39.24227252498281,28.588461303475384,66.50785619174435,,57.59233926128591,2,-3.0,0,GREEN,51.68,59.22,54.7,,,10.0,0.0,0.0,0.0,Hold,54.7,Hold,,,Y,,,Y,20.7,-53.5,23.0
IDBI,Financial Services,NotCyclical,92197.5482446588,0.1133221515981322,,0.4098944052272329,,,0.9154881464781052,9.866205411248828,0.153918846416567,-0.1746429812882546,-0.1174746165403686,0.0540703870020631,True,False,57.71249343146346,267172783.0,421238786.0,594384579.3650208,0.0416666666666666,0.13,9.866205411248828,35.294117647058826,,35.294117647058826,,13.5752688172043,False,86.0919644271458,19.24103636259825,Neutral,52.67080758981969,47.73288948069241,28.95792276964048,34.36974789915966,46.05042016806723,95.0752393980848,97.73333333333332,52.21278355337058,85.71428571428571,46.79450257881231,100.0,N/A-financial-sector,Large,50000000.0,GREEN,52.21278355337058,46.79450257881231,Hold,Hold,High,High,ttm(Jun 2026),ttm(Jun 2026),Jun 2026,False,False,Hold,,7.772194304857627,37.81602706729756,March-to-March,full,,,7,,35.294117647058826,89.97093023255815,86.0919644271458,19.24103636259825,47.73288948069241,34.36974789915966,95.0752393980848,1,-1.0,0,N/A-financial-sector,59.52,49.53,55.52,,,9.0,-5.0,0.0,-5.0,Hold,50.52,Hold,,,,,,,,,
HEG,Capital Goods,Cyclical,11728.742462554985,0.1517694310682781,0.183485777293676,0.1672971836906263,10.783783783783784,1.4013030383353442,19.54503249767874,34.39513918637825,-0.0331320133328794,0.1048665311783021,0.2080677982697787,0.3964855617551726,True,True,69.50343074208786,4392231.0,150237949.0,564535419.0223999,-0.5116666666666667,0.7549999999999999,34.39513918637825,55.140186915887845,50.0,52.570093457943926,14.418604651162791,69.35483870967742,True,58.44605815884594,69.97030011229795,Neutral,38.99965692579121,85.89161118508655,77.5027962716378,6.386554621848739,73.27731092436974,85.49931600547195,54.53333333333333,52.16763464878887,100.0,58.52345815991591,100.0,GREEN,Small,2500000.0,GREEN,52.16763464878887,58.52345815991591,Hold,Hold,High,High,ttm(Mar 2026),ttm(Mar 2026),Mar 2026,False,False,Hold,,19.386331938633194,1.4013030383353442,March-to-March,full,,,7,,52.570093457943926,14.970930232558139,58.44605815884594,69.97030011229795,85.89161118508655,6.386554621848739,85.49931600547195,0,-0.0,0,GREEN,52.27,58.42,54.73,,,12.0,0.0,0.0,0.0,Hold,54.73,Hold,,,,,Y,,63.5,88.6,118.0
JAIBALAJI,Metals & Mining,Cyclical,5950.17666536219,0.317378264716031,0.1789920922458716,0.2631826741996234,13.761904761904765,10.99837833930717,-13.123123123123126,20.330218734028183,-0.1108991719404595,-0.0071504822257634,-0.4618619284017132,-0.6440298833555353,False,False,39.36153908648704,-1896845.0,116125960.0,28766100.195518494,-0.4666666666666666,0.335,20.330218734028183,87.5,54.16666666666666,70.83333333333333,44.34108527131783,3.897849462365592,True,65.65754339118826,1.3802087720184852,Neutral,16.47495720246241,94.9462050599201,6.26444740346205,7.226890756302522,57.98319327731093,81.3953488372093,18.4,55.13962129706175,100.0,33.4522556110534,100.0,GREEN,Small,2500000.0,GREEN,52.13962129706175,30.4522556110534,Hold,Sell,High,High,ttm(Sep 2025),ttm(Sep 2025),Sep 2025,False,False,Sell,,-0.9822263797942044,10.99837833930717,March-to-March,full,,,7,,70.83333333333333,43.75,65.65754339118826,1.3802087720184852,94.9462050599201,7.226890756302522,81.3953488372093,1,-1.0,0,GREEN,54.03,33.62,45.87,,,6.0,-5.0,-6.0,-11.0,Sell,34.87,Sell,,,,,,,8.7,-52.9,-125.0
PARAS,Capital Goods,Cyclical,9746.843549862762,0.0952299068708688,0.1429062943201689,0.0372413793103448,24.0,29.03924148487052,30.410958904109584,109.51509606587376,0.5316698656429943,0.7644456912186213,0.4730964288563226,-0.1786053597841785,True,True,50.33545628545094,93892688.0,140506954.0,2111023824.5917664,0.07,0.0900000000000001,109.51509606587376,22.429906542056077,22.22222222222222,22.326064382139148,84.03100775193798,84.54301075268818,False,12.16825686280895,68.14300932875986,Neutral,95.0521686571692,85.89161118508655,77.5027962716378,37.98319327731093,42.85714285714285,84.95212038303693,93.06666666666666,52.116250636288,100.0,60.56851196589694,100.0,GREEN,Small,2500000.0,GREEN,52.116250636288,60.56851196589694,Hold,Hold,High,High,ttm(Mar 2026),ttm(Mar 2026),Mar 2026,False,False,Hold,,30.684931506849324,29.039241484870516,March-to-March,full,,,7,,22.326064382139148,83.86627906976744,12.16825686280895,68.14300932875986,85.89161118508655,37.98319327731093,84.95212038303693,0,-0.0,0,GREEN,52.09,60.58,55.49,,,22.0,10.0,0.0,10.0,Hold,65.49,Hold,,,,,,Y,16.1,-10.7,11.0
YESBANK,Financial Services,NotCyclical,74473.21428571428,0.0420911946448293,,1.2793893428202825,,,-0.4545749724008008,19.957983193277308,0.1970766036966031,0.0421236966172557,0.2080366319599065,-0.0751557742305318,True,True,48.99470144598262,856544844.0,1003125060.0,2172407881.2670937,1.5150000000000003,1.599999999999998,19.957983193277308,10.084033613445378,,10.084033613445378,,11.29032258064516,False,67.83134574913444,61.0046206140243,Neutral,72.7771138774403,47.73288948069241,28.95792276964048,88.23529411764706,85.71428571428571,99.04240766073872,99.06666666666666,53.07693252588328,85.71428571428571,46.535823657880165,100.0,N/A-financial-sector,Large,50000000.0,GREEN,52.07693252588328,45.535823657880165,Hold,Hold,High,High,ttm(Jun 2026),ttm(Jun 2026),Jun 2026,False,False,Hold,,-0.4545749724008008,,engine TTM (no FY pair),full,,,6,growth_3y<-1y,10.084033613445378,12.78600269179004,67.83134574913444,61.0046206140243,47.73288948069241,88.23529411764706,99.04240766073872,1,-1.0,0,N/A-financial-sector,43.21,45.81,44.25,,,20.0,10.0,0.0,10.0,Hold,54.25,Hold,,,Y,,,,,,
BRIGADE,Realty,Cyclical,20357.602849180395,0.0652468613996595,0.1092006716969596,0.9300689048526608,3.488997555012225,18.254859854830308,12.278281434765482,28.079452205766067,-0.0462808606389432,-0.1356972494736124,-0.3022546356391895,-0.4277921927836065,True,False,56.81190419580404,11511680.0,18442289.0,221763919.97201535,0.2183333333333334,-0.0600000000000005,28.079452205766067,64.70588235294117,76.47058823529412,70.58823529411765,66.66666666666666,49.46236559139785,False,62.888164611639056,10.379150312484208,Neutral,17.818155985648357,5.798402130492676,68.91424766977363,53.109243697479,28.739495798319325,54.03556771545828,68.93333333333334,49.07234860716223,100.0,49.8042987944352,100.0,GREEN,Mid,10000000.0,GREEN,52.07234860716223,52.8042987944352,Hold,Hold,High,High,ttm(Mar 2026),ttm(Mar 2026),Mar 2026,False,False,Hold,,12.278281434765482,18.254859854830308,March-to-March,full,,,7,,70.58823529411765,65.84302325581395,62.888164611639056,10.379150312484208,5.798402130492676,53.109243697479,54.03556771545828,0,-0.0,3,GREEN,51.92,52.85,52.29,,,12.0,0.0,0.0,0.0,Hold,52.29,Hold,,,,,,,21.9,-168.5,-35.0
MARUTI,Automobile and Auto Components,Cyclical,433357.12143928034,0.1261432961203915,0.1736996467719611,0.0009518832356564,89.77405857740585,15.957823026954363,19.88267761849953,29.52023988005997,0.0247583643122677,-0.1609034457567271,0.1080148240971103,0.1696807066056276,True,False,51.19175030742369,3302705.0,1204900.0,5037533566.5,-0.2483333333333336,-0.7650000000000006,29.52023988005997,39.130434782608695,34.78260869565217,36.95652173913044,60.62015503875969,70.29569892473118,False,65.19655837412847,29.75576220973902,Neutral,33.84193608036875,100.0,53.26844207723036,14.453781512605044,9.243697478991598,24.21340629274966,50.0,52.06368338331031,100.0,47.28716817398972,100.0,GREEN,Large,50000000.0,GREEN,52.06368338331031,47.28716817398972,Hold,Hold,High,High,ttm(Mar 2026),ttm(Mar 2026),Mar 2026,False,False,Hold,,19.88254759242183,15.957823026954365,March-to-March,full,,,7,,36.95652173913044,59.59302325581395,65.19655837412847,29.75576220973902,100.0,14.453781512605044,24.21340629274966,0,-0.0,0,GREEN,51.88,47.36,50.07,,,12.0,0.0,0.0,0.0,Hold,50.07,Hold,,,,,,,24.3,-2789.0,-556.0
SURYAROSNI,Capital Goods,Cyclical,5410.692936359065,0.1272213067060401,0.2052841920085349,0.0303720577069096,17.392857142857142,-1.9423645260982056,1.3986013986013957,18.904109124542188,0.0448388498233918,-0.0645829210500851,-0.2261076181645728,-0.2172220419579559,False,False,42.89885748927709,21602531.0,20274769.0,172044712.38128662,0.61,0.1449999999999997,18.904109124542188,35.51401869158878,64.81481481481481,50.16441675320179,8.217054263565892,13.978494623655912,False,82.23973427985283,11.86880753743342,Neutral,21.292653933611973,85.89161118508655,77.5027962716378,71.42857142857143,46.890756302521005,54.99316005471956,78.26666666666667,52.05611568514039,100.0,49.780835290996045,100.0,GREEN,Small,2500000.0,GREEN,52.05611568514039,49.780835290996045,Hold,Hold,High,High,ttm(Mar 2026),ttm(Mar 2026),Mar 2026,False,False,Hold,,1.3986013986013957,-1.9423645260982059,March-to-March,full,,,7,,50.16441675320179,9.011627906976743,82.23973427985283,11.86880753743342,85.89161118508655,71.42857142857143,54.99316005471956,0,-0.0,0,GREEN,52.2,49.99,51.32,,,6.0,-5.0,0.0,-5.0,Hold,46.32,Hold,score 40-50 (trim if weight >2.5%),,,,,,14.1,-100.1,24.0
KIRLOSENG,Capital Goods,Cyclical,34082.71968825139,0.1299837024590416,0.1471175154188488,1.4845303867403314,2.7036328871892925,15.331463243441746,21.466876971608823,60.6300631998039,0.4611257161925943,1.1319114545732392,1.6258819141537897,0.7441749103670028,True,True,60.0194548515421,19860490.0,70515805.0,696800959.3444824,2.3883333333333336,-0.9599999999999992,60.6300631998039,38.31775700934579,29.629629629629623,33.97369331948771,58.44961240310077,72.84946236559139,False,32.88384512683578,94.30360975833672,Neutral,94.1107529275442,85.89161118508655,77.5027962716378,93.61344537815124,7.899159663865546,74.00820793433653,76.53333333333333,61.2289279623945,100.0,60.64879991585845,100.0,AMBER,Mid,10000000.0,GREEN,52.044588768035325,51.55147992847968,Hold,Hold,High,High,ttm(Mar 2026),ttm(Mar 2026),Mar 2026,False,False,Hold,,21.67799020382366,15.331463243441746,March-to-March,full,,,7,,33.97369331948771,57.55813953488372,32.88384512683578,94.30360975833672,85.89161118508655,93.61344537815124,74.00820793433653,0,-0.0,0,AMBER,51.91,51.72,51.83,,,15.0,5.0,0.0,5.0,Hold,56.83,Hold,,,,,,,5.8,-23.0,-48.0
LTF,Financial Services,NotCyclical,77595.59778037191,0.0950464948009893,,3.941607404495586,,,15.231707317073171,24.3548377492501,0.077846129912789,0.0834472590690991,0.528603789314608,0.7085203308151047,True,True,52.69069764827989,106053725.0,97889612.0,1319251737.8164368,,,24.3548377492501,26.05042016806723,,26.05042016806723,,58.1989247311828,False,51.85082935439343,89.94305360494656,Neutral,56.79245456942361,47.73288948069241,28.95792276964048,,,79.61696306429549,93.73333333333332,52.005505677386026,71.42857142857143,48.53893663319911,85.71428571428571,N/A-financial-sector,Large,50000000.0,GREEN,52.005505677386026,48.53893663319911,Hold,Hold,High,High,ttm(Jun 2026),ttm(Jun 2026),Jun 2026,False,False,Hold,,17.15550636413945,,March-to-March,full,,,5,growth_3y<-1y,26.05042016806723,63.66083445491252,51.85082935439343,89.94305360494656,47.73288948069241,,79.61696306429549,0,-0.0,0,N/A-financial-sector,54.39,49.64,52.49,,,18.0,5.0,0.0,5.0,Hold,57.49,Hold,,,Y,,,,,,
IPCALAB,Healthcare,NotCyclical,49755.37443724989,0.1061036410347871,0.1825621431496956,0.1003348629542354,25.18987341772152,15.66041178276274,7.885906040268464,42.023120301731325,0.2870761150719267,0.2372037509893543,0.3104562941816722,0.5914492577562056,True,True,80.4760026201281,4446310.0,13712400.0,360099092.0680542,0.1433333333333326,0.1299999999999981,42.023120301731325,27.142857142857142,37.142857142857146,32.142857142857146,59.53488372093023,33.46774193548387,False,50.14632843791722,77.66100179827912,Extended,77.14895685848796,66.50785619174435,90.47589880159788,45.21008403361345,45.37815126050421,48.15321477428181,55.06666666666666,51.96645268032235,100.0,54.23494333539838,100.0,GREEN,Large,50000000.0,GREEN,51.96645268032235,54.23494333539838,Hold,Hold,High,High,ttm(Mar 2026),ttm(Mar 2026),Mar 2026,False,False,Hold,,7.890300101157699,15.66041178276274,March-to-March,full,,,7,,32.142857142857146,58.57558139534884,50.14632843791722,77.66100179827912,66.50785619174435,45.21008403361345,48.15321477428181,0,-0.0,0,GREEN,51.76,54.44,52.83,,,12.0,0.0,0.0,0.0,Hold,52.83,Hold,,,,,,,5.1,122.4,194.0
ROUTE,Telecommunication,NotCyclical,3850.597077944308,0.1485031438086159,0.2009361693281629,0.0151624548736462,48.81818181818182,7.291424797804136,-3.650273224043721,14.9828680075654,0.1315815771880271,-0.1203447902623187,-0.4166913900729715,-0.6763928489775269,True,False,59.17373776968967,3795965.0,31273552.0,76161634.90118408,0.2183333333333338,-0.5949999999999998,14.9828680075654,63.63636363636363,53.84615384615385,58.74125874125874,32.093023255813954,8.198924731182796,False,77.42723631508679,2.2653377287155902,Neutral,45.78689972730453,93.40532623169108,96.33475366178428,53.27731092436975,10.756302521008404,62.106703146374834,52.400000000000006,52.92701790939838,100.0,49.63331746462293,100.0,GREEN,Small,2500000.0,GREEN,51.92701790939838,48.63331746462293,Hold,Hold,High,High,ttm(Mar 2026),ttm(Mar 2026),Mar 2026,False,False,Hold,,-3.6713286713286664,7.291424797804136,March-to-March,full,,,7,,58.74125874125874,31.976744186046513,77.42723631508679,2.2653377287155902,93.40532623169108,53.27731092436975,62.106703146374834,1,-1.0,0,GREEN,51.9,48.93,50.71,,,7.0,-5.0,0.0,-5.0,Hold,45.71,Hold,score 40-50 (trim if weight >2.5%),,,,,,-23.2,27.4,-110.0
SAMMAANCAP,Financial Services,NotCyclical,18922.77849180684,-0.0831477505056631,,2.7302548441449037,,,-6.694847480863708,-2.7976700882603702,0.0738475385458246,0.1500809686187363,0.2837041445407127,-0.014824993367439,False,True,44.055936115429766,213237267.0,376172733.0,2138159324.0055847,,,,1.680672268907563,,1.680672268907563,,6.182795698924731,False,94.0204825946791,66.7378644127275,Neutral,30.565205286528656,47.73288948069241,28.95792276964048,,,94.25444596443228,97.06666666666666,52.88075696334479,71.42857142857143,34.28718502819883,85.71428571428571,N/A-financial-sector,Mid,10000000.0,GREEN,51.88075696334479,33.28718502819883,Hold,Sell,High,High,ttm(Mar 2026),ttm(Mar 2026),Mar 2026,False,False,Sell,,-6.694847480863708,,engine TTM (no FY pair),full,,,5,growth_3y<-1y,1.680672268907563,7.806191117092867,94.0204825946791,66.7378644127275,47.73288948069241,,94.25444596443228,1,-1.0,0,N/A-financial-sector,41.71,34.84,38.96,,,8.0,-5.0,6.0,0.0,Hold,38.96,Sell,,,Y,,,,,,
SHARDACROP,Chemicals,Cyclical,8181.564970358927,0.1356722467755573,0.27189995628462,0.0,50.42857142857143,9.204972404254177,21.944444444444457,12.012453791826063,-0.1815678727370272,0.1323185635594355,0.0938164658134792,0.8724109102032929,False,False,49.392331299696416,518535.0,27046199.0,218521909.03527832,-0.0383333333333334,-0.3850000000000004,12.012453791826063,45.45454545454545,81.81818181818183,63.63636363636364,37.36434108527132,74.19354838709677,False,72.80530903950365,38.24004430369086,Neutral,11.631137240400728,26.70386151797603,87.9555259653795,25.54621848739496,14.6218487394958,59.50752393980848,32.93333333333333,48.85634925619984,100.0,52.809968058773386,100.0,GREEN,Small,2500000.0,GREEN,51.85634925619984,55.809968058773386,Hold,Hold,High,High,ttm(Mar 2026),ttm(Mar 2026),Mar 2026,False,False,Hold,,21.944444444444457,9.204972404254175,March-to-March,full,,,7,,63.63636363636364,37.06395348837209,72.80530903950365,38.24004430369086,26.70386151797603,25.54621848739496,59.50752393980848,0,-0.0,3,GREEN,51.8,55.9,53.44,,,13.0,0.0,0.0,0.0,Hold,53.44,Hold,,,,,,Y,16.6,309.0,82.0
DEVYANI,Consumer Services,NotCyclical,15319.097112840223,0.05684644176718,0.1889051404699108,2.485732814526589,3.0760869565217392,23.23560837431784,13.339190676725154,-356.25807239163305,0.0350515988765984,-0.1814408246350959,-0.3477824292968746,-0.3296509715240895,False,False,42.63067338558957,33056488.0,190559647.0,213164511.4408073,1.4866666666666666,1.0700000000000005,,36.95652173913043,65.21739130434783,51.086956521739125,78.6046511627907,52.82258064516129,False,84.26635514018692,9.699514452146358,Neutral,19.846111405402397,7.985885486018644,14.776830892143808,87.89915966386555,79.66386554621849,88.23529411764706,82.93333333333334,60.96639136368504,100.0,49.40703600943189,100.0,AMBER,Mid,10000000.0,GREEN,51.821432659132284,41.99598060801711,Hold,Hold,High,High,ttm(Mar 2026),ttm(Mar 2026),Mar 2026,False,False,Hold,,13.330640274691973,23.23560837431784,March-to-March,full,,,7,,51.086956521739125,77.76162790697676,84.26635514018692,9.699514452146358,7.985885486018644,87.89915966386555,88.23529411764706,0,-0.0,0,AMBER,51.66,42.03,47.81,,,13.0,0.0,0.0,0.0,Hold,47.81,Hold,score 40-50 (trim if weight >2.5%),,,,,,,-101.8,-9.0
NSLNISP,Metals & Mining,Cyclical,12803.000450134276,-0.0396074607579563,-0.0104958697322632,0.3501594048884165,3.117043121149897,inf,60.43749264965306,206.6666739327565,0.0382775674167901,0.0375328622065382,0.0901783478710569,-0.2467892688234161,False,True,43.88889869355882,120924243.0,242732901.0,192688693.44563103,-0.0699999999999982,-0.0699999999999982,206.6666739327565,4.166666666666666,4.166666666666666,4.166666666666666,99.06976744186046,94.48924731182797,True,31.634178905206944,40.644986495516285,Neutral,30.049999019533004,94.9462050599201,6.26444740346205,22.857142857142858,28.235294117647054,90.56087551299588,94.8,52.697615695661646,100.0,35.03545682763218,100.0,GREEN,Mid,10000000.0,GREEN,51.697615695661646,34.03545682763218,Hold,Sell,High,High,ttm(Mar 2026),ttm(Mar 2026),Mar 2026,False,False,Sell,Y,60.43749264965306,,March-to-March,full,,,6,growth_3y<-1y,4.166666666666666,94.21265141318977,31.634178905206944,40.644986495516285,94.9462050599201,22.857142857142858,90.56087551299588,0,-0.0,0,GREEN,51.82,35.0,45.09,,,12.0,0.0,-6.0,-6.0,Sell,39.09,Sell,,,Y,,Y,,113.2,4386.6,14.0
BORORENEW,Capital Goods,Cyclical,8439.087947882736,0.0175054699673796,0.1138974767818929,0.1072137657180675,31.428571428571427,20.42332922241332,10.996563573883169,22.35208181154127,0.2428919731641157,0.2406243972113131,0.096970735290353,0.1670480005866079,True,True,53.640995215790255,16576270.0,14458353.0,354001312.0715332,0.0016666666666667,-0.7099999999999996,22.35208181154127,6.5420560747663545,8.333333333333332,7.437694704049843,72.55813953488372,43.413978494623656,False,52.33335504249569,60.794829622387454,Neutral,80.73272587524637,85.89161118508655,77.5027962716378,30.252100840336134,9.915966386554622,50.06839945280438,73.2,51.43762087438535,100.0,53.29215063033402,100.0,GREEN,Small,2500000.0,GREEN,51.43762087438535,53.29215063033402,Hold,Hold,High,High,ttm(Jun 2026),ttm(Jun 2026),Jun 2026,False,False,Hold,,5.420054200542013,20.423329222413322,March-to-March,full,,,7,,7.437694704049843,71.65697674418605,52.33335504249569,60.794829622387454,85.89161118508655,30.252100840336134,50.06839945280438,1,-1.0,0,GREEN,50.28,49.98,50.16,,,18.0,5.0,0.0,5.0,Hold,55.16,Hold,,,,,,,-132.4,378.9,-222.0
TEGA,Capital Goods,Cyclical,12383.543970510796,0.1420497315963009,0.1728859249517563,0.1168183152333431,10.043478260869565,11.70189922464404,3.296703296703307,80.77111984282908,-0.0537974683544303,-0.1247072827011401,-0.0477294397507424,-0.0586991075079396,False,False,43.604426955452205,3982561.0,4822604.0,64428082.5949707,1.3716666666666668,2.4449999999999994,80.77111984282908,46.728971962616825,44.44444444444444,45.58670820353064,46.66666666666666,19.086021505376344,False,46.50422785936805,20.997718114870786,Neutral,11.664160479057951,85.89161118508655,77.5027962716378,86.89075630252101,90.25210084033614,33.2421340629275,53.2,51.395585859060496,100.0,42.96999943818975,100.0,GREEN,Mid,10000000.0,GREEN,51.395585859060496,42.96999943818975,Hold,Hold,High,High,ttm(Mar 2026),ttm(Mar 2026),Mar 2026,False,False,Hold,,3.2336790726052556,11.701899224644041,March-to-March,full,,,7,,45.58670820353064,46.075581395348834,46.50422785936805,20.997718114870786,85.89161118508655,86.89075630252101,33.2421340629275,0,-0.0,0,GREEN,51.29,43.18,48.05,,,9.0,-5.0,0.0,-5.0,Hold,43.05,Hold,score 40-50 (trim if weight >2.5%),,,,Y,Y,43.8,-121.0,40.0
TATASTEEL,Metals & Mining,Cyclical,233438.6358148652,0.0987220048050714,0.1743644700643088,0.9042254348272926,4.793079391656202,-1.560116316308291,6.22168736444253,21.49362751948599,-0.1058221981053654,0.0369464880752126,0.1844051946634761,0.124508177477373,False,False,37.51083868799527,-115259231.0,293573083.0,5301217265.474129,0.2466666666666667,0.5999999999999996,21.49362751948599,33.33333333333333,50.0,41.66666666666666,9.147286821705428,27.1505376344086,False,61.72075587963438,29.655923442773,Neutral,19.17669390897825,94.9462050599201,6.26444740346205,55.12605042016807,68.90756302521008,92.61285909712724,1.0666666666666669,51.32942314973709,100.0,32.53200871733992,100.0,GREEN,Large,50000000.0,GREEN,51.32942314973709,32.53200871733992,Hold,Sell,High,High,ttm(Mar 2026),ttm(Mar 2026),Mar 2026,False,False,Sell,,6.2216588955034124,-1.560116316308291,March-to-March,full,,,7,,41.66666666666666,9.883720930232558,61.72075587963438,29.655923442773,94.9462050599201,55.12605042016807,92.61285909712724,0,-0.0,0,GREEN,51.46,32.76,43.98,,,8.0,-5.0,0.0,-5.0,Hold,38.98,Sell,,,,,,,4.6,7480.0,-139.0
TARIL,Capital Goods,Cyclical,10294.937947822076,0.0780061833527683,0.1429414881226809,0.3016501650165016,7.509803921568627,21.58268994862089,14.645103324348607,38.72822441428934,0.0376536669478633,0.229082297126713,-0.3339658119001671,-0.1465601260716141,True,True,49.46009388715208,66150819.0,249594296.0,686947221.6776123,,,38.72822441428934,17.75700934579439,23.14814814814815,20.45257874697127,75.65891472868216,55.77956989247311,False,37.77719886678173,17.82690320052148,Neutral,56.05954616684034,85.89161118508655,77.5027962716378,,,91.24487004103968,89.86666666666666,51.31530125373588,85.71428571428571,52.38939175113892,85.71428571428571,GREEN,Small,2500000.0,GREEN,51.31530125373588,52.38939175113892,Hold,Hold,High,High,ttm(Jun 2026),ttm(Jun 2026),Jun 2026,False,False,Hold,,24.39266236985622,21.582689948620892,March-to-March,full,,,6,,20.45257874697127,74.8546511627907,37.77719886678173,17.82690320052148,85.89161118508655,,91.24487004103968,0,-0.0,0,GREEN,51.05,55.36,52.77,,,17.0,5.0,0.0,5.0,Hold,57.77,Hold,,,Y,,,Y,16.8,-23.8,26.0
KIRLOSBROS,Capital Goods,Cyclical,14991.859723698197,0.1287552870514539,0.1889248321852411,0.1014610389610389,18.166666666666668,6.754261343650092,1.024042742653597,39.78311715926005,0.0775787291273693,0.1539410212332626,-0.144206240549951,-0.2714653748091589,True,True,49.05098569607393,2757038.0,7427642.0,146472490.59765625,0.3483333333333333,0.9750000000000004,39.78311715926005,36.44859813084112,56.481481481481474,46.4650398061613,30.69767441860465,13.844086021505376,False,63.98086337338674,27.620557562388218,Neutral,59.49410777959896,85.89161118508655,77.5027962716378,61.1764705882353,77.98319327731093,39.261285909712726,47.2,51.31134756798598,100.0,55.87733038956749,100.0,GREEN,Mid,10000000.0,GREEN,51.31134756798598,55.87733038956749,Hold,Hold,High,High,ttm(Mar 2026),ttm(Mar 2026),Mar 2026,False,False,Hold,,1.024042742653597,6.754261343650092,March-to-March,full,,,7,,46.4650398061613,30.668604651162788,63.98086337338674,27.620557562388218,85.89161118508655,61.1764705882353,39.261285909712726,0,-0.0,0,GREEN,51.31,56.07,53.21,,,11.0,0.0,0.0,0.0,Hold,53.21,Hold,,,,,,,8.4,-70.2,-26.0
SAILIFE,Healthcare,NotCyclical,27422.336682069646,0.0791845889822077,0.1591275191748268,0.1159420289855072,16.17948717948718,21.669948397597395,29.186320754716988,78.14725554701644,0.3496977188476735,0.4311450507118644,0.6555647688998283,,True,True,66.66671263683577,3662736.0,17480216.0,506093271.4434815,,,78.14725554701644,15.714285714285714,27.142857142857142,21.428571428571427,75.96899224806202,83.46774193548387,False,23.77896018220373,94.46063223209794,Neutral,85.341153462451,66.50785619174435,90.47589880159788,,,53.21477428180575,51.6,51.159913298103255,85.71428571428571,59.84898903642148,85.71428571428571,GREEN,Mid,10000000.0,GREEN,51.159913298103255,59.84898903642148,Hold,Hold,High,High,ttm(Mar 2026),ttm(Mar 2026),Mar 2026,False,False,Hold,,29.321533923303832,21.669948397597395,March-to-March,1-2y,,,6,,21.428571428571427,75.1453488372093,23.77896018220373,94.46063223209794,66.50785619174435,,53.21477428180575,0,-0.0,0,GREEN,50.87,59.08,54.16,,,20.0,10.0,0.0,10.0,Hold,64.16,Hold,,,Y,,,,8.8,100.8,6.0
MANKIND,Healthcare,NotCyclical,106477.08243418211,0.1607042291169176,0.2014726493210183,0.3872392638036809,5.62888198757764,17.734294855006148,16.957483411157526,54.94173500215797,0.1981176470588235,0.1446297460368995,0.0011806701882601,0.1913855793943757,True,True,59.903723944095766,-3653872.0,830631.0,968501212.5114746,-0.0900000000000007,-0.0900000000000007,54.94173500215797,58.57142857142858,57.14285714285714,57.85714285714286,65.42635658914729,63.44086021505376,False,45.40881174899867,50.460355936403765,Neutral,66.83623167444802,66.50785619174435,90.47589880159788,21.84873949579832,26.89075630252101,21.61422708618331,14.4,51.106398353352944,100.0,57.8735645189071,100.0,GREEN,Large,50000000.0,GREEN,51.106398353352944,57.8735645189071,Hold,Hold,High,High,ttm(Mar 2026),ttm(Mar 2026),Mar 2026,False,False,Hold,,16.965675432129103,17.734294855006148,March-to-March,full,,,7,,57.85714285714286,64.53488372093024,45.40881174899867,50.460355936403765,66.50785619174435,21.84873949579832,21.61422708618331,0,-0.0,0,GREEN,50.91,57.82,53.67,,,15.0,5.0,0.0,5.0,Hold,58.67,Hold,,,,,,,10.2,85.6,-310.0
COLPAL,Fast Moving Consumer Goods,NotCyclical,54411.19367230387,0.754180407159913,1.0312876600859904,0.0296717171717171,467.5,4.914606565828716,-0.0993213044197971,41.06505182815386,-0.0489949159869689,-0.0389283304719489,-0.1386776406687215,-0.2923103416300137,False,False,44.3305629506724,-5028233.0,-2151488.0,657234431.1972656,0.4933333333333329,0.4149999999999991,41.06505182815386,96.51162790697676,97.72727272727272,97.11945031712474,24.96124031007752,12.096774193548388,False,54.31352914997774,16.785899695708835,Neutral,16.88546222345128,58.78482023968043,8.718242343541945,67.05882352941175,61.51260504201681,15.321477428180575,12.266666666666666,52.00347678815245,100.0,39.69728428496693,100.0,GREEN,Large,50000000.0,GREEN,51.00347678815245,38.69728428496693,Hold,Sell,High,High,ttm(Mar 2026),ttm(Mar 2026),Mar 2026,False,False,Sell,,-0.08278145695364003,4.914606565828716,March-to-March,full,,,7,,97.11945031712474,25.290697674418606,54.31352914997774,16.785899695708835,58.78482023968043,67.05882352941175,15.321477428180575,1,-1.0,0,GREEN,51.08,38.92,46.21,,,7.0,-5.0,0.0,-5.0,Hold,41.21,Hold,score 40-50 (trim if weight >2.5%),,,,,,3.6,-86.4,-75.0
3MINDIA,Diversified,NotCyclical,39904.86563430099,0.2595494343708196,0.3846442635162456,0.0961538461538461,22.40909090909091,10.888522648204368,14.46243814664867,76.44610274770307,0.1284622731614135,0.0383770323714662,0.2223720302001568,-0.0717385475475277,True,True,60.25606623286214,81862.0,263875.0,96348482.5,0.2033333333333332,0.1799999999999997,76.44610274770307,88.4931506849315,95.33834586466166,91.91574827479658,44.03100775193799,55.24193548387096,False,20.201863354037265,63.63110579541691,Neutral,59.50772671004712,37.21358189081225,83.95126498002664,51.59663865546219,49.83193277310925,19.288645690834475,28.4,50.9992123542836,100.0,58.96780960891659,100.0,GREEN,Large,50000000.0,GREEN,50.9992123542836,58.96780960891659,Hold,Hold,High,High,ttm(Mar 2026),ttm(Mar 2026),Mar 2026,False,False,Hold,,14.484930274403961,10.888522648204368,March-to-March,full,,,7,,91.91574827479658,43.4593023255814,20.201863354037265,63.63110579541691,37.21358189081225,51.59663865546219,19.288645690834475,0,-0.0,0,GREEN,50.87,59.03,54.14,,,13.0,0.0,-6.0,-6.0,Sell,48.14,Hold,score 40-50 (trim if weight >2.5%) + analyst view,Analyst Sell -> Trim,,,,,1.6,104.5,-56.0
KAYNES,Capital Goods,Cyclical,23060.48669442589,0.1034057231580281,0.144806736778723,0.1922914911541701,4.905982905982906,47.6714263574429,33.25983094450569,63.34131605872398,-0.185620241249739,-0.0692109760919948,-0.4266755503787721,-0.2065894758282654,True,False,57.49285234160008,8316197.0,-15802494.0,3715250852.2998047,2.9575,5.355,63.34131605872398,24.299065420560748,24.074074074074076,24.18656974731741,93.6434108527132,86.82795698924731,False,37.23075211392968,6.323223110818322,Neutral,10.21896873409396,85.89161118508655,77.5027962716378,95.46218487394958,97.47899159663864,6.976744186046512,65.06666666666666,50.96120296468024,100.0,48.52052920547472,100.0,GREEN,Mid,10000000.0,GREEN,50.96120296468024,48.52052920547472,Hold,Hold,High,High,ttm(Mar 2026),ttm(Mar 2026),Mar 2026,False,False,Hold,,33.21087435709038,47.671426357442904,March-to-March,full,,,7,,24.18656974731741,93.45930232558139,37.23075211392968,6.323223110818322,85.89161118508655,95.46218487394958,6.976744186046512,0,-0.0,0,GREEN,50.93,48.42,49.93,,,22.0,10.0,0.0,10.0,Hold,59.93,Hold,,,,,Y,Y,30.6,19.8,48.0
COCHINSHIP,Capital Goods,Cyclical,37031.8398496653,0.1360390679223376,0.137593747953711,0.2846926613315171,8.815217391304348,28.53316086531994,4.190871369294613,51.64831220315941,-0.0893261685670174,-0.088629092463859,-0.2861727414492099,-0.4917866214847949,False,False,41.80608509170854,-11158855.0,28876034.0,1837889297.206543,0.1733333333333334,-0.9999999999999998,51.64831220315941,43.925233644859816,19.444444444444446,31.68483904465213,83.25581395348837,21.50537634408602,True,44.17650200267023,5.817583531240817,Neutral,10.097962919400574,85.89161118508655,77.5027962716378,48.90756302521008,7.226890756302522,60.191518467852255,8.266666666666666,51.90632069958414,100.0,31.655608632886405,100.0,GREEN,Large,50000000.0,GREEN,50.90632069958414,30.655608632886405,Hold,Sell,High,High,ttm(Mar 2026),ttm(Mar 2026),Mar 2026,False,False,Sell,,4.190871369294613,28.53316086531994,March-to-March,full,,,7,,31.68483904465213,83.13953488372093,44.17650200267023,5.817583531240817,85.89161118508655,48.90756302521008,60.191518467852255,1,-1.0,0,GREEN,50.89,31.0,42.93,,,9.0,-5.0,0.0,-5.0,Hold,37.93,Sell,,,,,Y,,41.0,-121.5,21.0
BALKRISIND,Automobile and Auto Components,Cyclical,41465.55209953344,0.1675075234239009,0.2000458325094437,0.3752281854691493,17.171641791044777,3.506100426168901,3.609036951943323,33.3592534992224,-0.079320132610126,-0.1096679029012362,-0.1811227407156173,-0.3176815967048365,False,False,44.9749509531808,250988.0,786313.0,250051308.8562012,1.3016666666666663,0.504999999999999,33.3592534992224,67.3913043478261,56.52173913043478,61.95652173913044,19.84496124031008,20.026881720430108,False,55.2610888592197,9.031475178021797,Neutral,8.446949349126363,100.0,53.26844207723036,85.71428571428571,65.54621848739495,21.3406292749658,31.2,50.834408674381024,100.0,39.33119942272899,100.0,GREEN,Large,50000000.0,GREEN,50.834408674381024,39.33119942272899,Hold,Sell,High,High,ttm(Mar 2026),ttm(Mar 2026),Mar 2026,False,False,Sell,,3.599119364410841,3.506100426168901,March-to-March,full,,,7,,61.95652173913044,20.348837209302324,55.2610888592197,9.031475178021797,100.0,85.71428571428571,21.3406292749658,0,-0.0,0,GREEN,50.93,39.66,46.42,,,16.0,5.0,0.0,5.0,Hold,51.42,Hold,,,,,,,15.3,-246.5,-285.0
FINPIPE,Capital Goods,Cyclical,10389.080525926976,0.1469647054482478,0.1614129963109778,0.0717618664521319,32.333333333333336,-2.2010749500271154,-0.6520164211543111,17.34404094478627,-0.0413540372996513,-0.0380482221217968,-0.1672555501062116,-0.4761653605774695,False,False,41.67369144197608,39575752.0,50275695.0,65425030.93034363,0.5833333333333335,0.5200000000000005,17.34404094478627,50.467289719626166,37.03703703703704,43.7521633783316,7.751937984496124,11.155913978494624,False,83.13963333224788,9.974385148431567,Neutral,16.016757839929376,85.89161118508655,77.5027962716378,70.75630252100841,65.96638655462185,68.80984952120383,85.6,51.82466821739201,100.0,49.285441372497615,100.0,GREEN,Small,2500000.0,GREEN,50.82466821739201,48.285441372497615,Hold,Hold,High,High,ttm(Mar 2026),ttm(Mar 2026),Mar 2026,False,False,Hold,,-0.7001448575567393,-2.2010749500271154,March-to-March,full,,,7,,43.7521633783316,8.575581395348838,83.13963333224788,9.974385148431567,85.89161118508655,70.75630252100841,68.80984952120383,1,-1.0,0,GREEN,50.97,48.48,49.97,,,6.0,-5.0,0.0,-5.0,Hold,44.97,Hold,score 40-50 (trim if weight >2.5%),,,,Y,,31.6,206.3,-449.0
KPRMILL,Textiles,Cyclical,38660.83462385971,0.1989965953297442,0.2407675895421252,0.1046164648060382,24.365384615384617,2.440237469006568,4.101440200375706,44.64299610145464,0.2306437377304133,0.3283316230489217,-0.0524689869112173,0.3059835518146294,True,True,52.94648026491256,21809642.0,32253928.0,256438816.3244629,0.4866666666666666,0.8,44.64299610145464,90.9090909090909,91.66666666666666,91.28787878787878,17.209302325581397,21.370967741935484,False,39.42868268802848,58.08284996078739,Neutral,77.79424086239763,35.95818908122504,92.14993342210386,66.55462184873949,74.28571428571429,62.38030095759234,78.4,50.79394447456875,100.0,66.5411525222686,100.0,GREEN,Large,50000000.0,GREEN,50.79394447456875,66.5411525222686,Hold,Hold,High,High,ttm(Mar 2026),ttm(Mar 2026),Mar 2026,False,False,Hold,,4.101440200375706,2.4402374690065676,March-to-March,full,,,7,,91.28787878787878,17.587209302325583,39.42868268802848,58.08284996078739,35.95818908122504,66.55462184873949,62.38030095759234,0,-0.0,0,GREEN,50.86,66.88,57.27,,,10.0,0.0,0.0,0.0,Hold,57.27,Hold,,,,Y,,,11.8,-30.1,60.0
JSWDULUX,Consumer Durables,NotCyclical,14028.689731930415,0.4258852688774887,0.374153383449778,0.0322185970636215,42.41666666666666,-1.8124150694969756,-11.636452719255264,7.106732386996158,0.0803227036729348,0.0082455335594391,-0.0958159275586282,0.1781388253199063,True,True,50.98516705640611,388610.0,-4885455.0,56151409.260009766,,,7.106732386996158,100.0,97.5609756097561,98.78048780487804,8.682170542635658,4.435483870967742,False,76.73382692074281,50.01596998662112,Neutral,53.56001987972524,25.229560585885487,54.25752330226364,,,11.080711354309166,32.4,51.75884903278929,85.71428571428571,56.251330676745305,85.71428571428571,GREEN,Mid,10000000.0,GREEN,50.75884903278929,55.251330676745305,Hold,Hold,High,High,ttm(Mar 2026),ttm(Mar 2026),Mar 2026,False,False,Hold,,-11.550749569918894,-1.8124150694969754,March-to-March,full,,,6,,98.78048780487804,9.44767441860465,76.73382692074281,50.01596998662112,25.229560585885487,,11.080711354309166,1,-1.0,0,GREEN,50.77,54.95,52.44,,,7.0,-5.0,0.0,-5.0,Hold,47.44,Hold,score 40-50 (trim if weight >2.5%),,Y,Y,Y,Y,82.2,-58.8,1917.0
PETRONET,Oil Gas & Consumable Fuels,Cyclical,41395.57807196869,0.2205849644044367,0.2698141297813878,0.1050482387256001,22.51054852320675,-10.117890956600316,-14.68557530108666,10.574932690551336,0.0255496622467417,-0.0291082041711006,-0.0452967828221467,-0.1169412518764785,True,True,47.83092858785234,-25689477.0,29193565.0,558382971.9146729,0.3766666666666667,-0.06,10.574932690551336,93.75,87.5,90.625,2.3255813953488373,3.3602150537634405,False,63.393008860298586,39.68003192719569,Neutral,48.40775681441738,45.74513981358189,57.59600532623169,62.18487394957983,29.075630252100844,60.601915184678525,5.333333333333334,51.65435178722691,100.0,48.62854136547559,100.0,GREEN,Large,50000000.0,GREEN,50.65435178722691,47.62854136547559,Hold,Hold,High,High,ttm(Mar 2026),ttm(Mar 2026),Mar 2026,False,False,Hold,,-14.685575301086661,-10.117890956600316,March-to-March,full,,,7,,90.625,2.9069767441860463,63.393008860298586,39.68003192719569,45.74513981358189,62.18487394957983,60.601915184678525,1,-1.0,0,GREEN,50.76,47.8,49.57,,,10.0,0.0,0.0,0.0,Hold,49.57,Hold,score 40-50 (trim if weight >2.5%),,,,,,16.9,621.4,92.0
TCS,Information Technology,NotCyclical,800295.9635320932,0.4883500835223958,0.6286841530241094,0.1052126072361059,59.0040749796251,5.801848619364591,7.695160610272178,15.990990990990992,-0.1304563039944551,-0.3011469960152345,-0.295728968845135,-0.405348626090414,True,False,57.90988758491276,-5684773.0,-80684518.0,9001898910.134033,0.0866666666666667,0.0899999999999998,15.990990990990992,100.0,100.0,100.0,27.751937984496124,32.795698924731184,False,68.52955455759194,10.734938509878289,Neutral,8.93493716743465,13.445272969374168,39.41065246338216,40.0,42.436974789915965,2.5991792065663475,11.066666666666666,47.63959831681128,100.0,46.20645317167494,100.0,GREEN,Large,50000000.0,GREEN,50.63959831681128,49.20645317167494,Hold,Hold,High,High,ttm(Jun 2026),ttm(Jun 2026),Jun 2026,False,False,Hold,,4.581237956478823,5.801848619364591,March-to-March,full,,,7,,100.0,27.906976744186046,68.52955455759194,10.734938509878289,13.445272969374168,40.0,2.5991792065663475,0,-0.0,3,GREEN,50.67,47.71,49.49,,,7.0,-5.0,0.0,-5.0,Hold,44.49,Hold,score 40-50 (trim if weight >2.5%),,,,,,-0.2,1902.9,-4086.0
BPCL,Oil Gas & Consumable Fuels,Cyclical,135353.63437972133,0.2107008160573742,0.1874177188323564,0.5433109382955147,13.952590585844904,-1.2814606951461194,3.395824437398365,5.238415043653458,-0.0128143899680253,-0.0965893908182323,-0.036081637825185,0.1680576336530226,True,False,55.17848836678563,-27838626.0,-147309620.0,2568074707.972992,0.3333333333333333,0.1900000000000004,5.238415043653458,87.5,62.5,75.0,9.45736434108527,19.22043010752688,False,83.07682971234374,25.1587586081381,Neutral,34.768425673125364,45.74513981358189,57.59600532623169,60.0,50.92436974789916,1.094391244870041,4.933333333333334,47.559381727455175,100.0,50.85585712064484,100.0,GREEN,Large,50000000.0,GREEN,50.559381727455175,53.85585712064484,Hold,Hold,High,High,ttm(Mar 2026),ttm(Mar 2026),Mar 2026,False,False,Hold,,3.3969909510484397,-1.2814606951461194,March-to-March,full,,,7,,75.0,10.174418604651162,83.07682971234374,25.1587586081381,45.74513981358189,60.0,1.094391244870041,0,-0.0,3,GREEN,50.69,54.14,52.07,no fwd revenue data,,-3.0,-15.0,-6.0,-20.0,Sell,32.07,Sell,,,,,,,12.6,14938.1,770.0
M&MFIN,Financial Services,NotCyclical,44830.22723769028,0.1053701647061987,,4.818874582379219,,,13.76733102253034,15.669425808350324,0.0839633184277488,-0.0929126317889007,0.2688739535491724,0.1368211764908786,True,False,57.481299840990125,1078793.0,98916595.0,673924424.7572632,0.98,-0.0449999999999999,15.669425808350324,29.411764705882355,,29.411764705882355,,53.494623655913976,False,60.02409992984996,35.37911459652495,Neutral,46.206507297811,47.73288948069241,28.95792276964048,80.33613445378151,29.57983193277311,80.02735978112176,37.73333333333333,50.49890693837957,85.71428571428571,42.88704494540366,100.0,N/A-financial-sector,Large,50000000.0,GREEN,50.49890693837957,42.88704494540366,Hold,Hold,High,High,ttm(Mar 2026),ttm(Mar 2026),Mar 2026,False,False,Hold,,29.28767960868237,11.656318728536895,March-to-March,full,,,7,,29.411764705882355,45.78488372093023,60.02409992984996,35.37911459652495,47.73288948069241,80.33613445378151,80.02735978112176,0,-0.0,0,N/A-financial-sector,49.46,48.25,48.98,,,14.0,0.0,0.0,0.0,Hold,48.98,Hold,score 40-50 (trim if weight >2.5%),,,,,,,,
PARADEEP,Chemicals,Cyclical,14675.437183380129,0.115707619988817,0.1281192327507571,1.0181335692171605,4.075757575757576,17.83163998045836,34.90111248454883,12.495582769279345,0.1143937336181848,-0.0485639423530392,-0.1372840166127931,0.5676032027576088,True,True,58.107591865899415,66454163.0,85438937.0,519064004.0218506,0.0619999999999995,1.1249999999999996,12.495582769279345,27.27272727272727,18.181818181818183,22.727272727272727,65.89147286821705,87.5,True,71.95343791722296,51.135993545617374,Neutral,47.73738896155821,26.70386151797603,87.9555259653795,37.142857142857146,80.84033613445378,77.4281805745554,90.0,50.473567596617286,100.0,65.60005578208154,100.0,GREEN,Mid,10000000.0,GREEN,50.473567596617286,65.60005578208154,Hold,Hold,High,High,ttm(Mar 2026),ttm(Mar 2026),Mar 2026,False,False,Hold,,57.93053545586106,17.83163998045836,March-to-March,full,,,7,,22.727272727272727,64.97093023255815,71.95343791722296,51.135993545617374,26.70386151797603,37.142857142857146,77.4281805745554,0,-0.0,0,GREEN,50.31,66.52,56.79,,,11.0,0.0,0.0,0.0,Hold,56.79,Hold,,,,,,,8.1,144.7,11.0
HUDCO,Financial Services,NotCyclical,40572.231006101705,0.1429755264307808,,6.446896614488533,,,27.533701871787407,10.052579546731616,0.0163490966169106,-0.0452329313660299,-0.0971031490076346,-0.3581536007456934,False,False,42.86820434392149,3471309.0,96818281.0,561514305.3067474,-0.0616666666666665,0.1050000000000001,10.052579546731616,57.98319327731093,,57.98319327731093,,82.1236559139785,False,64.8233803263108,14.061770695640549,Neutral,20.253491778647337,47.73288948069241,28.95792276964048,23.361344537815125,44.03361344537815,79.06976744186046,50.66666666666667,50.35282070006722,85.71428571428571,50.07050266212786,100.0,N/A-financial-sector,Large,50000000.0,GREEN,50.35282070006722,50.07050266212786,Hold,Hold,High,High,ttm(Mar 2026),ttm(Mar 2026),Mar 2026,False,False,Hold,,-16.10867178924259,10.012284937355599,March-to-March,full,,,7,,57.98319327731093,39.53488372093023,64.8233803263108,14.061770695640549,47.73288948069241,23.361344537815125,79.06976744186046,2,-3.0,0,N/A-financial-sector,44.97,32.97,40.17,,,14.0,0.0,0.0,0.0,Hold,40.17,Hold,score 40-50 (trim if weight >2.5%),,,,,,,,
ONGC,Oil Gas & Consumable Fuels,Cyclical,373107.28059520194,0.1280326364242306,0.1828763424792627,0.4688838200167846,7.91465193030931,1.5549273526924925,-0.1528809925504415,7.495443499392466,-0.1291688911774529,0.0360014655591987,0.07588222664864,-0.0844034538429386,False,False,47.68189407327935,-58358230.0,376245579.0,3401705815.8808823,0.2816666666666665,0.0599999999999991,7.495443499392466,31.25,56.25,43.75,14.728682170542635,11.96236559139785,False,86.6670712465105,28.98113278126304,Neutral,10.678869416201476,45.74513981358189,57.59600532623169,57.47899159663865,39.66386554621849,94.39124487004104,2.2666666666666666,51.33271209341868,100.0,39.33120680874893,100.0,GREEN,Large,50000000.0,GREEN,50.33271209341868,38.33120680874893,Hold,Sell,High,High,ttm(Mar 2026),ttm(Mar 2026),Mar 2026,False,False,Sell,,8.198802414776218,1.5549273526924923,March-to-March,full,,,7,,43.75,15.261627906976743,86.6670712465105,28.98113278126304,45.74513981358189,57.47899159663865,94.39124487004104,0,-0.0,0,GREEN,51.43,42.67,47.92,no fwd revenue data,,3.0,-15.0,0.0,-15.0,Hold,32.92,Sell,,,,,,,22.1,6973.5,1645.0
HCLTECH,Information Technology,NotCyclical,322396.6281842976,0.2321093128823541,0.3294899599992316,0.0693806958025676,30.78481012658228,8.654772035396308,12.591016112679831,18.492447039620966,-0.1527462070485291,-0.2679284574628213,-0.2441828923705229,-0.1631003376444866,True,False,56.55997020294607,24209617.0,-30866154.0,3907497022.53888,0.1283333333333335,0.1099999999999994,18.492447039620966,74.28571428571429,82.85714285714286,78.57142857142858,35.1937984496124,51.344086021505376,False,77.20718533802648,18.293628065581974,Neutral,7.655114090816503,13.445272969374168,39.41065246338216,44.20168067226891,44.36974789915966,5.06155950752394,79.86666666666666,47.31680726675187,100.0,50.16241774365257,100.0,GREEN,Large,50000000.0,GREEN,50.31680726675187,53.16241774365257,Hold,Hold,High,High,ttm(Jun 2026),ttm(Jun 2026),Jun 2026,False,False,Hold,,11.181923027636586,8.654772035396308,March-to-March,full,,,7,,78.57142857142858,35.02906976744186,77.20718533802648,18.293628065581974,13.445272969374168,44.20168067226891,5.06155950752394,0,-0.0,3,GREEN,50.28,52.06,50.99,,,8.0,-5.0,0.0,-5.0,Hold,45.99,Hold,score 40-50 (trim if weight >2.5%),,,,,,2.6,-1603.8,-1911.0
GLAXO,Healthcare,NotCyclical,42461.60017311427,0.4039032799879477,0.5335193001186744,0.0145566828407587,436.3333333333333,5.530998812681309,1.9205121365697408,40.9861005531991,0.0576975385037654,0.0848419361826915,-0.2076888061111461,0.0363924418035308,True,True,70.37331425840877,586862.0,-575418.0,206529537.52075195,-0.0666666666666668,-0.0400000000000002,40.9861005531991,98.57142857142858,100.0,99.28571428571428,26.976744186046517,14.78494623655914,False,49.58024032042724,28.920008803245537,Extended,39.349210045207634,66.50785619174435,90.47589880159788,23.025210084033613,29.747899159663863,17.099863201094394,33.733333333333334,50.302207253586005,100.0,52.52758026614802,100.0,GREEN,Large,50000000.0,GREEN,50.302207253586005,52.52758026614802,Hold,Hold,High,High,ttm(Mar 2026),ttm(Mar 2026),Mar 2026,False,False,Hold,,1.9471859162443428,5.530998812681309,March-to-March,full,,,7,,99.28571428571428,27.180232558139533,49.58024032042724,28.920008803245537,66.50785619174435,23.025210084033613,17.099863201094394,0,-0.0,0,GREEN,50.35,52.82,51.34,,,9.0,-5.0,0.0,-5.0,Hold,46.34,Hold,score 40-50 (trim if weight >2.5%),,,,,,11.8,107.0,17.0
APOLLOHOSP,Healthcare,NotCyclical,131832.52369668247,0.1663830470360424,0.1974005172176519,0.8958860759493671,8.375555555555556,14.944174763984089,15.761218684041475,65.82240983485151,0.160767924774716,0.2172330810435319,0.2394729948575413,0.4147341036926777,True,True,64.85776076573848,2649399.0,576369.0,2840075550.25,0.166666666666666,0.009999999999998,65.82240983485151,60.0,51.42857142857142,55.71428571428571,57.05426356589148,59.81182795698925,False,26.87289719626168,73.24984790851262,Neutral,61.8431754101241,66.50785619174435,90.47589880159788,48.40336134453781,34.285714285714285,21.06703146374829,46.53333333333333,50.28820055941059,100.0,54.89730989140234,100.0,GREEN,Large,50000000.0,GREEN,50.28820055941059,54.89730989140234,Hold,Hold,High,High,ttm(Mar 2026),ttm(Mar 2026),Mar 2026,False,False,Hold,,15.756630265210614,14.944174763984087,March-to-March,full,,,7,,55.71428571428571,56.104651162790695,26.87289719626168,73.24984790851262,66.50785619174435,48.40336134453781,21.06703146374829,0,-0.0,0,GREEN,50.08,54.89,52.0,,,18.0,5.0,0.0,5.0,Hold,57.0,Hold,,,,,,,8.2,258.1,-5.0
MGL,Oil Gas & Consumable Fuels,Cyclical,10993.741391283304,0.1872128644400523,0.2758309785863787,0.0346919726197884,68.85714285714286,9.393262321494731,13.520583780806827,13.07376057770657,-0.0112369748292804,0.0523993245542935,-0.2308180586768826,-0.3163420924523497,False,False,45.85186816226296,495721.0,2504993.0,197427004.6066284,0.7150000000000004,0.365000000000002,13.07376057770657,68.75,93.75,81.25,37.82945736434108,53.36021505376344,False,58.94889264116861,8.97027114334439,Neutral,24.016120373316188,45.74513981358189,57.59600532623169,74.95798319327731,60.0,27.770177838577293,32.800000000000004,50.26215460581073,100.0,51.46494945114188,100.0,GREEN,Small,2500000.0,GREEN,50.26215460581073,51.46494945114188,Hold,Hold,High,High,ttm(Mar 2026),ttm(Mar 2026),Mar 2026,False,False,Hold,,13.518722466960353,9.393262321494733,March-to-March,full,,,7,,81.25,37.5,58.94889264116861,8.97027114334439,45.74513981358189,74.95798319327731,27.770177838577293,0,-0.0,0,GREEN,50.2,51.48,50.71,,,9.0,-5.0,0.0,-5.0,Hold,45.71,Hold,score 40-50 (trim if weight >2.5%),,,,,,10.6,-335.1,-47.0
ASIANPAINT,Consumer Durables,NotCyclical,260707.61333777755,0.2389933881273242,0.3121739123617077,0.1838386674153097,34.35897435897436,1.047301745919893,4.948976582315812,59.30598561356708,0.071958680030211,-0.0652719311140891,0.1077878533525089,-0.0574259649050356,True,True,50.76954706531553,652717.0,16255483.0,2602811989.9769287,0.1066666666666664,0.3399999999999989,59.30598561356708,85.36585365853658,90.2439024390244,87.8048780487805,13.953488372093023,23.521505376344088,False,52.81625500667557,65.30341792439086,Neutral,47.03524041541967,25.229560585885487,54.25752330226364,42.6890756302521,58.15126050420169,51.84678522571819,34.266666666666666,50.215611343474414,100.0,52.51926563054332,100.0,GREEN,Large,50000000.0,GREEN,50.215611343474414,52.51926563054332,Hold,Hold,High,High,ttm(Mar 2026),ttm(Mar 2026),Mar 2026,False,False,Hold,,4.948976582315812,1.047301745919893,March-to-March,full,,,7,,87.8048780487805,14.534883720930234,52.81625500667557,65.30341792439086,25.229560585885487,42.6890756302521,51.84678522571819,0,-0.0,0,GREEN,50.34,52.84,51.34,,,7.0,-5.0,-6.0,-11.0,Sell,40.34,Hold,score 40-50 (trim if weight >2.5%) + analyst view,Analyst Sell -> Trim,,,,,12.1,396.8,378.0
SUNDARMFIN,Financial Services,NotCyclical,49385.1116928868,0.1497817393839368,,4.675753709796549,,,15.590384162149418,23.984998393825546,-0.1090052751118373,-0.1321040431555179,-0.1020206706330444,-0.0230839308252606,True,False,46.2173133954558,-231663.0,1061013.0,281500179.2460937,1.393333333333333,2.575,23.984998393825546,63.02521008403361,,63.02521008403361,,59.543010752688176,False,47.5261931162454,18.640075284024487,Neutral,11.773309982768469,47.73288948069241,28.95792276964048,87.22689075630252,90.7563025210084,23.52941176470588,24.266666666666666,50.16622374871873,85.71428571428571,44.66379308576072,100.0,N/A-financial-sector,Large,50000000.0,GREEN,50.16622374871873,44.66379308576072,Hold,Hold,High,High,ttm(Mar 2026),ttm(Mar 2026),Mar 2026,False,False,Hold,,13.740458015267176,18.16789685009088,March-to-March,full,,,7,,63.02521008403361,65.55232558139535,47.5261931162454,18.640075284024487,47.73288948069241,87.22689075630252,23.52941176470588,0,-0.0,0,N/A-financial-sector,53.55,43.64,49.59,,,14.0,0.0,0.0,0.0,Hold,49.59,Hold,score 40-50 (trim if weight >2.5%),,,,,,,,
TORNTPHARM,Healthcare,NotCyclical,166825.54769695026,0.2372695241928279,0.2736942509709706,1.7913686218407248,11.838961038961038,13.268904399504034,21.39631816602987,78.95520179921243,0.1923820243238996,0.2770039266732618,0.5182483715543422,0.7624401120309954,True,True,77.01526158224371,-787307.0,8179097.0,1457150203.663086,0.0733333333333332,0.0650000000000003,78.95520179921243,92.85714285714286,90.0,91.42857142857144,51.78294573643411,72.58064516129032,False,22.437650200267026,89.13914981969019,Extended,67.20269919388831,66.50785619174435,90.47589880159788,38.15126050420168,40.7563025210084,40.62927496580027,21.6,58.93456550670009,100.0,63.77544261695431,100.0,AMBER,Large,50000000.0,GREEN,50.09438068069508,54.20912622441116,Hold,Hold,High,High,ttm(Mar 2026),ttm(Mar 2026),Mar 2026,False,False,Hold,,21.39631816602987,13.268904399504034,March-to-March,full,,,7,,91.42857142857144,51.01744186046512,22.437650200267026,89.13914981969019,66.50785619174435,38.15126050420168,40.62927496580027,0,-0.0,0,AMBER,49.95,54.31,51.69,,,17.0,5.0,-6.0,-1.0,Sell,50.69,Hold,analyst view,Analyst Sell OVERRULED (score > 50),,,,,-6.3,40.8,-181.0
ASTRAL,Capital Goods,Cyclical,37019.84924623116,0.1707664278241201,0.2751229572877192,0.0616067028092656,16.59375,8.394182595448285,12.620027434842251,68.91891891891893,-0.1347241555390841,-0.0427528675703857,-0.0639803263328139,-0.4062983912181468,False,False,42.25209615187828,-1424003.0,3389306.0,729098773.2156982,0.2033333333333337,0.6750000000000007,68.91891891891893,71.02803738317756,86.11111111111111,78.56957424714435,34.88372093023256,51.47849462365591,False,41.37249666221629,15.119998430478224,Neutral,8.625187210208997,85.89161118508655,77.5027962716378,51.76470588235295,71.9327731092437,29.95896032831737,19.33333333333333,50.00458316423992,100.0,47.25928485705151,100.0,GREEN,Large,50000000.0,GREEN,50.00458316423992,47.25928485705151,Hold,Hold,High,High,ttm(Mar 2026),ttm(Mar 2026),Mar 2026,False,False,Hold,,12.637174211248281,8.394182595448285,March-to-March,full,,,7,,78.56957424714435,34.73837209302326,41.37249666221629,15.119998430478224,85.89161118508655,51.76470588235295,29.95896032831737,0,-0.0,0,GREEN,49.98,47.31,48.91,,,14.0,0.0,0.0,0.0,Hold,48.91,Hold,score 40-50 (trim if weight >2.5%),,,,,,3.4,-3.5,-16.0
SAPPHIRE,Consumer Services,NotCyclical,5861.818379103535,0.0533707879402628,0.1811366159222836,1.019424460431655,3.8536585365853657,11.308937886213164,8.43164469118667,-181.3500061035156,0.0468741590731662,-0.1998675888500494,-0.4518663963791035,-0.41889895569602,True,False,48.15656290621109,6823105.0,33591559.0,126662960.62458038,4.42,4.369999999999999,,34.78260869565217,54.34782608695652,44.56521739130434,45.73643410852713,35.08064516129033,False,81.50548557496953,4.338318816749477,Neutral,39.85197655962045,7.985885486018644,14.776830892143808,97.14285714285714,97.14285714285714,63.33789329685362,62.133333333333326,49.98883627756003,100.0,49.49228637031897,100.0,GREEN,Small,2500000.0,GREEN,49.98883627756003,49.49228637031897,Hold,Hold,High,High,ttm(Mar 2026),ttm(Mar 2026),Mar 2026,False,False,Hold,,8.43164469118667,11.308937886213165,March-to-March,full,,,7,,44.56521739130434,45.05813953488372,81.50548557496953,4.338318816749477,7.985885486018644,97.14285714285714,63.33789329685362,0,-0.0,0,GREEN,49.84,49.72,49.79,,,11.0,0.0,0.0,0.0,Hold,49.79,Hold,score 40-50 (trim if weight >2.5%),,,,,,,-43.2,-18.0
BECTORFOOD,Fast Moving Consumer Goods,NotCyclical,5905.104443917867,0.1524955135199459,0.2228283602618379,0.1502753737214791,21.5,14.490098223732218,9.07634810464495,41.88017336111962,-0.0026978172371514,-0.1664212399138206,-0.3347735676994638,-0.3153786208541854,True,False,63.79976469305424,74266605.0,66546405.0,109992774.50842284,3.573333333333334,3.025,41.88017336111962,37.2093023255814,63.63636363636363,50.42283298097252,55.03875968992248,36.96236559139785,False,31.146417445482868,6.344995275600198,Neutral,34.9459494566205,58.78482023968043,8.718242343541945,96.80672268907564,93.109243697479,72.91381668946649,91.33333333333331,49.84642753665492,100.0,42.22897205939096,100.0,GREEN,Small,2500000.0,GREEN,49.84642753665492,42.22897205939096,Hold,Hold,High,High,ttm(Mar 2026),ttm(Mar 2026),Mar 2026,False,False,Hold,,9.071504802561359,14.490098223732218,March-to-March,full,,,7,,50.42283298097252,54.21511627906976,31.146417445482868,6.344995275600198,58.78482023968043,96.80672268907564,72.91381668946649,0,-0.0,0,GREEN,49.67,42.53,46.81,,,11.0,0.0,0.0,0.0,Hold,46.81,Hold,score 40-50 (trim if weight >2.5%),,,,,,16.6,-16.9,2.0
DIACABS,Capital Goods,Cyclical,11846.312947591145,,0.1159420289855072,-4.198675496688741,5.743589743589744,19.084961549574263,71.30044843049328,74.97666422526042,0.3991664615677541,0.7099741839464864,0.3641214961997387,0.810520316905279,True,True,58.68811463050992,48992834.0,125236641.0,836816915.6886597,-0.8149999999999981,0.0,74.97666422526042,,10.185185185185183,10.185185185185183,69.61240310077518,96.23655913978494,True,31.665147025302023,81.15830884056172,Neutral,92.03515679091726,85.89161118508655,77.5027962716378,4.705882352941177,33.36134453781512,82.76333789329685,87.06666666666666,49.82166583679427,100.0,62.42654806994394,100.0,GREEN,Small,2500000.0,GREEN,49.82166583679427,62.42654806994394,Hold,Hold,High,High,ttm(Mar 2026),ttm(Mar 2026),Mar 2026,False,False,Hold,,71.30044843049328,19.084961549574263,March-to-March,full,,,7,,10.185185185185183,68.6046511627907,31.665147025302023,81.15830884056172,85.89161118508655,4.705882352941177,82.76333789329685,0,-0.0,0,GREEN,49.64,62.41,54.75,,,14.0,0.0,0.0,0.0,Hold,54.75,Hold,,,,,,,4.9,109.2,7.0
OFSS,Information Technology,NotCyclical,101652.62654575432,0.2865655442133797,0.3721421892312514,0.0040884119074996,1738.5,10.423637622369618,12.065439672801626,38.49271732683056,0.4866249240458549,0.561284597054033,0.4129151448429666,0.2155086352387982,True,True,72.73598793863734,3724276.0,10508747.0,2689703437.5,-0.1616666666666667,0.1700000000000003,38.49271732683056,85.71428571428571,94.28571428571428,90.0,42.17054263565891,48.38709677419355,False,24.617672047578587,81.5135229335573,Extended,92.09677157650664,13.445272969374168,39.41065246338216,18.31932773109244,48.90756302521008,44.04924760601915,52.13333333333333,49.757941742623935,100.0,61.78520588921945,100.0,GREEN,Large,50000000.0,GREEN,49.757941742623935,61.78520588921945,Hold,Hold,High,High,ttm(Mar 2026),ttm(Mar 2026),Mar 2026,False,False,Hold,,12.049072586534248,10.423637622369618,March-to-March,full,,,7,,90.0,41.71511627906977,24.617672047578587,81.5135229335573,13.445272969374168,18.31932773109244,44.04924760601915,0,-0.0,0,GREEN,49.66,61.89,54.55,,,8.0,-5.0,0.0,-5.0,Hold,49.55,Hold,score 40-50 (trim if weight >2.5%),,,,,,7.4,30.4,-33.0
JLHL,Healthcare,NotCyclical,10188.442041230146,0.154848443709971,0.1954961160012391,0.3779935275080906,10.393939393939394,18.872099548048404,15.919629057187024,52.51774248056776,0.2131877029207436,0.1788852475897679,0.0292424969946261,0.2180012899150589,True,True,84.66362554097918,820032.0,3111278.0,29195507.214294437,,,52.51774248056776,52.85714285714286,48.57142857142857,50.71428571428572,68.68217054263566,60.61827956989247,False,22.886930048145,54.7823155754003,Extended,67.18528063839035,66.50785619174435,90.47589880159788,,,29.411764705882355,35.733333333333334,49.734850098190414,85.71428571428571,55.87015597572863,85.71428571428571,GREEN,Small,2500000.0,GREEN,49.734850098190414,55.87015597572863,Hold,Hold,High,High,ttm(Mar 2026),ttm(Mar 2026),Mar 2026,False,False,Hold,,15.207373271889391,18.872099548048404,March-to-March,full,,,6,,50.71428571428572,67.73255813953489,22.886930048145,54.7823155754003,66.50785619174435,,29.411764705882355,0,-0.0,0,GREEN,49.55,54.95,51.71,,,15.0,5.0,0.0,5.0,Hold,56.71,Hold,,,Y,,,,14.2,-6.1,12.0
IDFCFIRSTB,Financial Services,NotCyclical,68299.5069697579,0.0651355189097184,,0.7775065795059003,,,11.087063722535762,39.05418659078664,0.1745185004340277,-0.0443587312655184,0.0538348430365982,-0.0027647270008427,True,True,55.30342462850167,118365427.0,318941119.0,1491607914.9153976,1.995,2.2949999999999986,39.05418659078664,12.605042016806722,,12.605042016806722,,43.81720430107527,False,55.000339435631695,54.22636201040376,Neutral,62.61786690354103,47.73288948069241,28.95792276964048,91.5966386554622,89.07563025210085,93.296853625171,94.66666666666669,49.70195693037341,85.71428571428571,48.52897371306419,100.0,N/A-financial-sector,Large,50000000.0,GREEN,49.70195693037341,48.52897371306419,Hold,Hold,High,High,ttm(Mar 2026),ttm(Mar 2026),Mar 2026,False,False,Hold,,11.087063722535762,,engine TTM (no FY pair),full,,,6,growth_3y<-1y,12.605042016806722,44.27994616419919,55.000339435631695,54.22636201040376,47.73288948069241,91.5966386554622,93.296853625171,0,-0.0,0,N/A-financial-sector,48.51,48.61,48.55,,,26.0,15.0,0.0,15.0,Hold,63.55,Hold,,,Y,,,,,,
UNITDSPR,Fast Moving Consumer Goods,NotCyclical,100489.93886533254,0.1964823859749964,0.2509519894979048,0.0461297888975762,14.424050632911392,5.516790475970201,7.968958611481969,54.673524953935,0.0646475607552425,0.0599776336490613,0.0363383794173683,0.1134191396187658,True,True,57.09156612968528,5860310.0,35335109.0,998588810.579834,,,54.673524953935,60.46511627906976,70.45454545454545,65.45983086680761,26.666666666666668,33.736559139784944,False,40.80885625278149,59.49417400594902,Neutral,58.63899153517962,58.78482023968043,8.718242343541945,,,64.0218878248974,60.4,49.69754492280275,85.71428571428571,46.20145676215294,85.71428571428571,GREEN,Large,50000000.0,GREEN,49.69754492280275,46.20145676215294,Hold,Hold,High,High,ttm(Mar 2026),ttm(Mar 2026),Mar 2026,False,False,Hold,,3.297704863700379,5.516790475970201,March-to-March,full,,,6,,65.45983086680761,26.889534883720927,40.80885625278149,59.49417400594902,58.78482023968043,,64.0218878248974,0,-0.0,0,GREEN,49.77,44.24,47.56,,,10.0,0.0,-6.0,-6.0,Sell,41.56,Hold,score 40-50 (trim if weight >2.5%) + analyst view,Analyst Sell -> Trim,Y,Y,,Y,22.0,-30.7,245.0
SUDEEPPHRM,Chemicals,Cyclical,10039.379213060294,0.2786025713987113,0.2940228191009244,0.1698754246885617,27.875,14.382410670249012,27.88844621513944,53.82998023070917,0.3292453416779428,0.4215480220150873,,,True,,64.93555394779531,5641614.0,,138719534.1808777,,,53.82998023070917,95.45454545454544,90.9090909090909,93.1818181818182,54.72868217054263,82.52688172043011,False,23.41317835545433,,Neutral,87.24718534596121,26.70386151797603,87.9555259653795,,,,59.06666666666667,49.689011451531,57.14285714285714,72.84050417899546,85.71428571428571,GREEN,Small,2500000.0,GREEN,49.689011451531,72.84050417899546,Hold,Hold,Med,High,annual,ttm(Mar 2026),Mar 2026,False,False,Hold,,27.88844621513944,14.382410670249012,March-to-March,<1y,89.2,6.0,4,"stage_3y<-1y,accumulation_3y<-1y",93.1818181818182,53.92441860465116,23.41317835545433,87.24718534596121,26.70386151797603,,59.06666666666667,0,-0.0,0,GREEN,54.83,70.99,61.29,,,16.0,5.0,0.0,5.0,Hold,66.29,Hold,,,<1y,,,,12.3,-22.5,19.0
HFCL,Telecommunication,NotCyclical,36186.77529727711,0.0743588010485542,0.1164307756067676,0.3565732978940912,3.1487603305785123,1.4272793753670854,21.74661746617465,108.9223324673847,1.4049303059329867,2.579770322117953,1.766922103399756,0.7136098911106628,True,True,65.00481597130242,457786300.0,1849905589.0,6454705055.427551,0.7433333333333332,1.72,108.9223324673847,36.36363636363637,38.46153846153847,37.41258741258741,14.573643410852712,73.79032258064517,True,24.335781041388515,93.69258218773068,Neutral,96.59524489859626,93.40532623169108,96.33475366178428,76.1344537815126,86.38655462184875,99.04240766073872,99.06666666666666,49.67969409743044,100.0,68.96236157208455,100.0,GREEN,Large,50000000.0,GREEN,49.67969409743044,68.96236157208455,Hold,Hold,High,High,ttm(Mar 2026),ttm(Mar 2026),Mar 2026,False,False,Hold,,21.746617466174655,1.4272793753670854,March-to-March,full,,,7,,37.41258741258741,15.11627906976744,24.335781041388515,93.69258218773068,93.40532623169108,76.1344537815126,99.04240766073872,0,-0.0,0,GREEN,49.8,69.08,57.51,,,15.0,5.0,0.0,5.0,Hold,62.51,Hold,,,,,,,15.4,215.4,8.0
NESCO,Services,NotCyclical,7643.813244007927,0.1466895764217795,0.1722205844796417,0.0907877169559412,19.6,19.510965934259985,27.322404371584707,18.508022382585786,-0.1027805947806154,-0.0731749821193817,-0.0598958046665621,0.1736584566552892,False,False,42.26028240932067,-201078.0,580002.0,56899398.54180908,0.0066666666666667,0.3250000000000002,18.508022382585786,50.0,48.0,49.0,71.31782945736434,81.85483870967742,False,70.7777036048064,23.369471631225583,Neutral,9.96029654539272,32.419973368841546,58.78482023968043,30.92436974789916,57.39495798319327,21.203830369357046,24.4,49.66784831897535,100.0,49.9370986149716,100.0,GREEN,Small,2500000.0,GREEN,49.66784831897535,49.9370986149716,Hold,Hold,High,High,ttm(Mar 2026),ttm(Mar 2026),Mar 2026,False,False,Hold,,27.322404371584707,19.510965934259982,March-to-March,full,,,7,,49.0,70.34883720930233,70.7777036048064,23.369471631225583,32.419973368841546,30.92436974789916,21.203830369357046,0,-0.0,0,GREEN,49.45,49.91,49.64,,,12.0,0.0,0.0,0.0,Hold,49.64,Hold,score 40-50 (trim if weight >2.5%),,,,,,19.4,-67.7,-14.0
BLUESTARCO,Consumer Durables,NotCyclical,35770.688786733364,0.2016365421719899,0.2401419156056838,0.2360827747012532,12.958333333333334,15.846800820465589,3.6266399264644367,67.87606980404814,-0.0779777918624272,-0.0287196081877786,-0.027632852638325,0.0614086541369218,True,False,64.84603327541049,1729997.0,-2567457.0,676987152.5335693,0.9766666666666662,2.2750000000000004,67.87606980404814,75.60975609756098,73.17073170731707,74.39024390243902,59.84496124031008,20.161290322580644,False,31.745357446292022,27.455632030229708,Neutral,24.55658908438307,25.229560585885487,54.25752330226364,80.0,88.73949579831933,14.227086183310533,42.0,49.61875878148155,100.0,43.6579385074573,100.0,GREEN,Mid,10000000.0,GREEN,49.61875878148155,43.6579385074573,Hold,Hold,High,High,ttm(Mar 2026),ttm(Mar 2026),Mar 2026,False,False,Hold,,3.6263368983957323,15.846800820465589,March-to-March,full,,,7,,74.39024390243902,58.866279069767444,31.745357446292022,27.455632030229708,25.229560585885487,80.0,14.227086183310533,0,-0.0,0,GREEN,49.4,44.07,47.27,,,15.0,5.0,0.0,5.0,Hold,52.27,Hold,,,,,,,3.0,22.1,-62.0
KFINTECH,Financial Services,NotCyclical,15043.95624490148,0.2207223017771852,0.3077369832443206,0.0328554360812425,106.0,21.8002744010642,19.24839596700274,43.688566921467526,-0.0945076414697592,-0.162926097459558,-0.3018167050694851,0.1887979357297657,True,False,50.65828211634024,9282938.0,-2193330.0,958757612.793274,-0.2333333333333325,-0.1599999999999992,43.688566921467526,82.35294117647058,77.08333333333334,79.71813725490196,76.12403100775194,68.27956989247312,False,34.279038718291055,13.44061363968508,Neutral,11.613510631341182,47.73288948069241,28.95792276964048,14.789915966386555,23.19327731092437,15.047879616963064,66.8,49.56203571958477,100.0,43.97335598874597,100.0,N/A-financial-sector,Mid,10000000.0,GREEN,49.56203571958477,43.97335598874597,Hold,Hold,High,High,ttm(Mar 2026),ttm(Mar 2026),Mar 2026,False,False,Hold,,19.24839596700274,21.8002744010642,March-to-March,full,,,7,,79.71813725490196,75.29069767441861,34.279038718291055,13.44061363968508,47.73288948069241,14.789915966386555,15.047879616963064,0,-0.0,0,N/A-financial-sector,49.38,43.97,47.21,,,15.0,5.0,0.0,5.0,Hold,52.21,Hold,,,,,,,6.4,-41.2,-8.0
FEDFINA,Financial Services,NotCyclical,6047.729824622992,0.1117554097376441,,4.673615857826384,,,13.358778625954203,15.776148522937286,0.085631611825284,-0.0043800535911996,0.4047349660286414,0.2476035762845674,True,True,57.75437893670501,2572446.0,9432572.0,154365526.28801727,,,15.776148522937286,34.45378151260504,,34.45378151260504,,52.956989247311824,False,54.422405312346285,79.76835076048532,Neutral,52.81905246445623,47.73288948069241,28.95792276964048,,,42.54445964432285,46.266666666666666,49.55715668490293,71.42857142857143,46.12298728989696,85.71428571428571,N/A-financial-sector,Small,2500000.0,GREEN,49.55715668490293,46.12298728989696,Hold,Hold,High,High,ttm(Jun 2026),ttm(Jun 2026),Jun 2026,False,False,Hold,,65.16129032258064,24.393047615406218,March-to-March,full,,,6,,34.45378151260504,78.63372093023256,54.422405312346285,79.76835076048532,47.73288948069241,,42.54445964432285,0,-0.0,0,N/A-financial-sector,55.99,54.08,55.23,,,17.0,5.0,0.0,5.0,Hold,60.23,Hold,,,Y,,,,,,
ADVENZYMES,Healthcare,NotCyclical,3753.065552486832,0.0971671726998508,0.1368306290601647,0.0196078431372549,57.5,11.304789879163836,17.111459968602816,21.55503897831358,0.0876693363037039,0.1200895042040013,-0.0187949401866117,-0.1507497529686616,False,True,40.72350326011105,-3655396.0,12858705.0,68848672.22332764,0.6416666666666663,0.585,21.55503897831358,24.285714285714285,15.714285714285714,20.0,45.58139534883721,63.575268817204304,False,80.07024517538537,38.73705755708428,Neutral,25.09603778040517,66.50785619174435,90.47589880159788,71.9327731092437,68.40336134453781,47.05882352941176,14.266666666666666,49.52598995903469,100.0,49.96482741372376,100.0,GREEN,Small,2500000.0,GREEN,49.52598995903469,49.96482741372376,Hold,Hold,High,High,ttm(Mar 2026),ttm(Mar 2026),Mar 2026,False,False,Hold,,17.111459968602816,11.304789879163835,March-to-March,full,,,7,,20.0,44.912790697674424,80.07024517538537,38.73705755708428,66.50785619174435,71.9327731092437,47.05882352941176,0,-0.0,0,GREEN,49.38,49.93,49.6,,,9.0,-5.0,0.0,-5.0,Hold,44.6,Hold,score 40-50 (trim if weight >2.5%),,,,,Y,19.7,0.5,13.0
NEWGEN,Information Technology,NotCyclical,7723.81409442786,0.1907784095956023,0.2240190704739562,0.0219471018570624,81.2,17.34968379725188,7.903549899531148,24.56709030856896,0.1483207928582337,-0.3044343255785825,-0.5003623217763997,-0.4211862576577379,True,False,61.463252878851705,104268944.0,196163608.0,320092661.4358673,0.3266666666666665,1.4900000000000002,24.56709030856896,57.14285714285714,48.57142857142857,52.85714285714285,64.49612403100775,33.60215053763441,False,50.68802848242101,3.2885724072153333,Neutral,47.10552656396668,13.445272969374168,39.41065246338216,59.66386554621849,84.87394957983193,88.64569083447333,93.6,49.50335596875525,100.0,50.84068764388962,100.0,GREEN,Small,2500000.0,GREEN,49.50335596875525,50.84068764388962,Hold,Hold,High,High,ttm(Jun 2026),ttm(Jun 2026),Jun 2026,False,False,Hold,,5.850706119704108,17.34968379725188,March-to-March,full,,,7,,52.85714285714285,63.51744186046512,50.68802848242101,3.2885724072153333,13.445272969374168,59.66386554621849,88.64569083447333,0,-0.0,0,GREEN,49.29,49.76,49.48,,,11.0,0.0,0.0,0.0,Hold,49.48,Hold,score 40-50 (trim if weight >2.5%),,,,,,6.2,8.0,-40.0
RATNAMANI,Capital Goods,Cyclical,20301.307189542484,0.162944783090116,0.2245159624759665,0.0773534419849185,24.451612903225808,0.1487876022545187,-13.324334747396838,38.02295177222545,0.0634623768224622,0.188854093677393,-0.0942427582286923,-0.2663157172953768,False,True,51.169096597525645,53847.0,2443066.0,81011913.95056152,0.1583333333333326,0.0899999999999989,38.02295177222545,63.55140186915887,73.14814814814815,68.34977500865351,12.093023255813954,3.763440860215054,False,65.60525144637293,30.9885473975132,Neutral,29.083090340247438,85.89161118508655,77.5027962716378,46.890756302521005,42.10084033613445,27.63337893296854,27.6,50.43109612682053,100.0,46.68930430846464,100.0,GREEN,Mid,10000000.0,GREEN,49.43109612682053,45.68930430846464,Hold,Hold,High,High,ttm(Mar 2026),ttm(Mar 2026),Mar 2026,False,False,Hold,,-13.343617431546473,0.1487876022545187,March-to-March,full,,,7,,68.34977500865351,12.790697674418606,65.60525144637293,30.9885473975132,85.89161118508655,46.890756302521005,27.63337893296854,1,-1.0,0,GREEN,49.56,45.9,48.09,,,10.0,0.0,0.0,0.0,Hold,48.09,Hold,score 40-50 (trim if weight >2.5%),,,,,,15.9,44.0,52.0
APOLLOTYRE,Automobile and Auto Components,Cyclical,27430.47585617553,0.0707030957780754,0.1675827455566384,0.2198492462311558,9.952267303102625,5.037482928903914,8.984075945490734,20.00231424967448,-0.0155848997906971,-0.1593706383644254,-0.0459057736681333,-0.153384059436119,True,False,53.2846850813517,24826191.0,392634.0,398627569.661499,0.3099999999999999,-0.1450000000000013,20.00231424967448,15.217391304347828,26.08695652173913,20.65217391304348,25.42635658914729,36.29032258064516,False,86.81224088258028,16.7259440444731,Neutral,24.832642602975938,100.0,53.26844207723036,58.4873949579832,24.03361344537815,20.38303693570452,80.13333333333334,49.42632786214781,100.0,44.878415976174665,100.0,GREEN,Mid,10000000.0,GREEN,49.42632786214781,44.878415976174665,Hold,Hold,High,High,ttm(Mar 2026),ttm(Mar 2026),Mar 2026,False,False,Hold,,8.988247904145762,5.037482928903914,March-to-March,full,,,7,,20.65217391304348,25.726744186046513,86.81224088258028,16.7259440444731,100.0,58.4873949579832,20.38303693570452,0,-0.0,0,GREEN,49.48,45.13,47.74,,,9.0,-5.0,0.0,-5.0,Hold,42.74,Hold,score 40-50 (trim if weight >2.5%),,,,,,-68.8,251.9,-820.0
BOSCHLTD,Automobile and Auto Components,Cyclical,121239.67583779128,0.1346783116942676,0.166014301625592,0.008015627104944,98.14814814814817,10.302716840206603,10.769570986289256,43.72148425452264,0.0961205172643646,0.0916091343600638,0.1512079459706201,0.1937753569900075,True,True,57.61387226542477,534674.0,797493.0,1164305440.0,0.1216666666666663,0.0599999999999989,43.72148425452264,47.82608695652174,23.91304347826087,35.869565217391305,41.55038759689923,42.74193548387097,False,38.69010532561934,64.07485804073819,Neutral,60.27750166234642,100.0,53.26844207723036,43.36134453781513,39.49579831932773,21.47742818057456,33.33333333333333,49.37021185269026,100.0,46.17261177357727,100.0,GREEN,Large,50000000.0,GREEN,49.37021185269026,46.17261177357727,Hold,Hold,High,High,ttm(Mar 2026),ttm(Mar 2026),Mar 2026,False,False,Hold,,10.770166417869188,10.302716840206605,March-to-March,full,,,7,,35.869565217391305,41.133720930232556,38.69010532561934,64.07485804073819,100.0,43.36134453781513,21.47742818057456,0,-0.0,0,GREEN,49.3,46.29,48.09,,,11.0,0.0,0.0,0.0,Hold,48.09,Hold,score 40-50 (trim if weight >2.5%),,,Y,Y,,38.7,91.2,595.0
BERGEPAINT,Consumer Durables,NotCyclical,58186.58242551436,0.1910391888503397,0.2695555866731265,0.0918028046841116,31.603448275862068,3.977940724637064,2.9016890428757103,51.530505459459015,0.0296517723400711,-0.0431109211848895,-0.1238419204901932,-0.0091156923379041,False,False,44.33843289774,5715640.0,11532180.0,168654968.4708557,0.0433333333333334,0.4199999999999997,51.530505459459015,70.73170731707317,87.8048780487805,79.26829268292684,22.32558139534884,17.06989247311828,False,66.19325767690253,20.49868952277262,Neutral,21.245289501553916,25.229560585885487,54.25752330226364,34.78991596638655,62.01680672268908,45.4172366621067,59.73333333333334,46.34810927607038,100.0,47.52723283630999,100.0,GREEN,Large,50000000.0,GREEN,49.34810927607038,50.52723283630999,Hold,Hold,High,High,ttm(Mar 2026),ttm(Mar 2026),Mar 2026,False,False,Hold,,2.9016890428757103,3.9779407246370635,March-to-March,full,,,7,,79.26829268292684,22.674418604651162,66.19325767690253,20.49868952277262,25.229560585885487,34.78991596638655,45.4172366621067,0,-0.0,3,GREEN,49.42,50.89,50.01,,,9.0,-5.0,0.0,-5.0,Hold,45.01,Hold,score 40-50 (trim if weight >2.5%),,,,,,7.0,-76.9,-25.0
HONAUT,Capital Goods,Cyclical,34495.1498004345,0.1565441514688108,0.1933854882679997,0.0246470983643289,38.3125,10.735800820554896,11.768918596323696,65.7039407207814,0.1900259264907733,0.1646268656716418,-0.0369044680325845,-0.3314464756697975,True,True,60.84002043880076,24976.0,337418.0,174007415.0,0.0399999999999999,0.06,65.7039407207814,59.813084112149525,59.25925925925925,59.53617168570439,43.25581395348837,47.31182795698925,False,47.35870048954161,34.89749071139133,Neutral,72.55171224183421,85.89161118508655,77.5027962716378,34.11764705882353,40.08403361344538,19.972640218878247,27.066666666666663,49.32880842194189,100.0,58.32978740690123,100.0,GREEN,Mid,10000000.0,GREEN,49.32880842194189,58.32978740690123,Hold,Hold,High,High,ttm(Mar 2026),ttm(Mar 2026),Mar 2026,False,False,Hold,,11.742243436754185,10.735800820554896,March-to-March,full,,,7,,59.53617168570439,42.73255813953488,47.35870048954161,34.89749071139133,85.89161118508655,34.11764705882353,19.972640218878247,0,-0.0,0,GREEN,49.23,58.43,52.91,,,9.0,-5.0,0.0,-5.0,Hold,47.91,Hold,score 40-50 (trim if weight >2.5%),,,,,,23.3,-46.3,-17.0
SAGILITY,Information Technology,NotCyclical,19247.47510389848,0.0547529428836582,0.1332492983219199,0.1150222590330262,17.77777777777778,19.472466097535435,29.143472795834093,20.80808119340376,-0.0232337490551434,-0.1884971362721504,-0.0792323421603526,,True,False,51.86323469377661,14213175.0,455920983.0,594858237.0255432,,,20.80808119340376,5.714285714285714,11.428571428571429,8.571428571428571,71.16279069767441,83.33333333333334,False,84.49043168669337,28.824237560192618,Neutral,28.14700986395567,13.445272969374168,39.41065246338216,,,95.62243502051984,71.46666666666667,49.303357943987024,85.71428571428571,48.401475947236456,85.71428571428571,GREEN,Mid,10000000.0,GREEN,49.303357943987024,48.401475947236456,Hold,Hold,High,High,ttm(Mar 2026),ttm(Mar 2026),Mar 2026,False,False,Hold,,29.13824057450629,19.472466097535435,March-to-March,1-2y,,,6,,8.571428571428571,70.20348837209302,84.49043168669337,28.824237560192618,13.445272969374168,,95.62243502051984,0,-0.0,0,GREEN,49.16,48.5,48.89,,,18.0,5.0,0.0,5.0,Hold,53.89,Hold,,,Y,,,,5.2,72.2,18.0
INOXWIND,Capital Goods,Cyclical,15118.252312423838,-0.1495456214857257,0.0089479513084969,0.2486681291131307,4.455,81.36897248549997,23.51784209047485,33.52765996405418,-0.1906522634772061,-0.315821479593689,-0.5529137897878584,-0.5018020616105834,False,False,30.93657822293926,-27668917.0,-181522500.0,979541538.3871536,1.2133333333333334,4.065,33.52765996405418,1.8691588785046729,0.9259259259259258,1.3975424022152994,99.06976744186046,77.41935483870968,True,58.540275923453486,1.4985035026939455,Pulled back,2.559516780880677,85.89161118508655,77.5027962716378,84.53781512605042,96.30252100840336,1.094391244870041,5.066666666666666,50.2781743630284,100.0,43.12928448406468,100.0,GREEN,Mid,10000000.0,GREEN,49.2781743630284,42.12928448406468,Hold,Hold,High,High,ttm(Mar 2026),ttm(Mar 2026),Mar 2026,False,False,Hold,,23.615406241214497,81.36897248549997,March-to-March,full,,,7,,1.3975424022152994,99.05523255813954,58.540275923453486,1.4985035026939455,85.89161118508655,84.53781512605042,1.094391244870041,1,-1.0,0,GREEN,49.28,42.16,46.43,,,22.0,10.0,0.0,10.0,Hold,56.43,Hold,,,,,Y,Y,26.1,-44.8,38.0
TITAN,Consumer Durables,NotCyclical,410687.4765344712,0.3146483526895814,0.1996443135450933,1.9500095523148444,7.082203389830508,29.237559737181407,44.8723038242689,80.9272184165063,0.0283577723273915,0.0947769378979825,0.3805861390646121,0.4748574981637525,True,True,68.78829428400144,5905595.0,9739809.0,3453162499.1416016,0.0516666666666667,0.0899999999999989,80.9272184165063,92.6829268292683,56.09756097560976,74.39024390243902,84.34108527131782,91.53225806451611,True,21.88751668891856,85.28155718119652,Neutral,47.59976135750772,25.229560585885487,54.25752330226364,36.134453781512605,42.10084033613445,43.09165526675787,60.8,57.955612865594304,100.0,57.43629536566982,100.0,AMBER,Large,50000000.0,GREEN,49.262270935755154,48.820851060819344,Hold,Hold,High,High,ttm(Mar 2026),ttm(Mar 2026),Mar 2026,False,False,Hold,,44.8723038242689,29.237559737181407,March-to-March,full,,,7,,74.39024390243902,84.30232558139535,21.88751668891856,85.28155718119652,25.229560585885487,36.134453781512605,43.09165526675787,0,-0.0,0,AMBER,49.26,48.82,49.08,,,17.0,5.0,0.0,5.0,Hold,54.08,Hold,,,,,,,6.6,108.0,-37.0
RATEGAIN,Information Technology,NotCyclical,11460.741497376044,0.1041496517061276,0.1253466387253381,0.4730807577268195,10.53125,47.79467791191283,69.35933147632312,59.07598709987651,0.7061096022577866,0.4915202302202484,1.0207943442023677,0.2184816032436984,True,True,72.14340701194207,20874531.0,14256127.0,340962335.81677246,2.0466666666666664,2.8999999999999995,59.07598709987651,8.571428571428571,8.571428571428571,8.571428571428571,93.7984496124031,95.83333333333334,True,20.04138851802404,87.45081913296963,Extended,93.81158522473172,13.445272969374168,39.41065246338216,91.9327731092437,92.60504201680672,49.11080711354309,77.73333333333333,49.247016240187286,100.0,59.29209999212682,100.0,GREEN,Small,2500000.0,GREEN,49.247016240187286,59.29209999212682,Hold,Hold,High,High,ttm(Mar 2026),ttm(Mar 2026),Mar 2026,False,False,Hold,,69.35933147632312,47.79467791191283,March-to-March,full,,,7,,8.571428571428571,93.6046511627907,20.04138851802404,87.45081913296963,13.445272969374168,91.9327731092437,49.11080711354309,0,-0.0,0,GREEN,49.2,59.27,53.23,,,12.0,0.0,0.0,0.0,Hold,53.23,Hold,,,,,,,10.7,-59.3,-49.0
PHOENIXLTD,Realty,Cyclical,94921.48813485124,0.1102489831390366,0.1193928433358843,0.4843934843934844,6.813953488372093,19.13144234827122,15.971675845790712,60.96434690741891,0.1640441959658356,0.0955781980185401,0.3758797119743073,0.121752680843947,True,True,62.7453488735238,2703206.0,4358213.0,842277852.1906128,0.0616666666666668,0.0450000000000017,60.96434690741891,70.58823529411765,88.23529411764706,79.41176470588235,69.92248062015504,61.155913978494624,False,28.20761014686248,80.67939344934274,Neutral,68.34899452441233,5.798402130492676,68.91424766977363,36.806722689075634,37.98319327731093,31.874145006839942,46.8,49.15960244428195,100.0,57.84761471892427,100.0,GREEN,Large,50000000.0,GREEN,49.15960244428195,57.84761471892427,Hold,Hold,High,High,ttm(Mar 2026),ttm(Mar 2026),Mar 2026,False,False,Hold,,16.180719726819028,19.13144234827122,March-to-March,full,,,7,,79.41176470588235,68.8953488372093,28.20761014686248,80.67939344934274,5.798402130492676,36.806722689075634,31.874145006839942,0,-0.0,0,GREEN,48.97,57.9,52.54,,,16.0,5.0,0.0,5.0,Hold,57.54,Hold,,,,,,,7.0,125.2,-21.0
ZAGGLE,Information Technology,NotCyclical,2849.432310644817,0.1788562909370362,0.1441467186323128,0.0391737891737891,37.0,51.10694071700093,46.31901840490797,20.45966946348852,-0.1705866238797793,-0.3121058416061351,-0.4907969704596938,-0.2791302599589922,False,False,50.11718011854339,4264272.0,17276817.0,170801138.80986786,,,20.45966946348852,45.71428571428572,14.285714285714285,30.0,94.41860465116278,92.20430107526882,False,61.02403204272363,5.237597894471705,Neutral,2.551244951108624,13.445272969374168,39.41065246338216,,,52.80437756497948,54.400000000000006,49.084592672285694,85.71428571428571,43.154975467512166,85.71428571428571,GREEN,Small,2500000.0,GREEN,49.084592672285694,43.154975467512166,Hold,Hold,High,High,ttm(Mar 2026),ttm(Mar 2026),Mar 2026,False,False,Hold,,46.31901840490797,51.106940717000924,March-to-March,full,,,6,,30.0,94.3313953488372,61.02403204272363,5.237597894471705,13.445272969374168,,52.80437756497948,0,-0.0,0,GREEN,49.15,43.68,46.96,,,18.0,5.0,0.0,5.0,Hold,51.96,Hold,,,Y,,,Y,22.7,18.2,15.0
BAJAJHLDNG,Financial Services,NotCyclical,117765.55105151924,0.1218086450559978,0.0148411766991241,0.0001367053998632,959.0,29.01643478977678,56.57894736842106,12.030535409063612,0.0152522814844087,-0.0170154706370107,-0.2293042480137096,0.0786409235675229,True,False,47.57532060977547,329029.0,522908.0,437828272.5,0.0499999999999999,0.1100000000000003,12.030535409063612,37.81512605042017,18.75,28.282563025210084,83.87596899224806,93.9516129032258,True,73.5959810821208,14.961106314198972,Neutral,41.26983249365973,47.73288948069241,28.95792276964048,35.96638655462185,44.6218487394958,20.79343365253078,31.866666666666667,49.04711049881728,100.0,51.900848481205074,100.0,N/A-financial-sector,Large,50000000.0,GREEN,49.04711049881728,51.900848481205074,Hold,Hold,High,High,ttm(Mar 2026),ttm(Mar 2026),Mar 2026,False,False,Hold,,51.6914749661705,29.01643478977678,March-to-March,full,,,7,,28.282563025210084,83.72093023255815,73.5959810821208,14.961106314198972,47.73288948069241,35.96638655462185,20.79343365253078,0,-0.0,0,N/A-financial-sector,49.01,51.75,50.11,,,13.0,0.0,0.0,0.0,Hold,50.11,Hold,,,,,,,90.8,111.0,2906.0
VAIBHAVGBL,Consumer Durables,NotCyclical,4201.731406078351,0.1157805348604486,0.1711003447625762,0.2524271844660194,24.066666666666663,11.117551961575444,9.263095590411364,15.776175854721789,0.1319074391705654,0.1383879975029889,0.0692821293174079,-0.2175572703801912,True,True,60.29760860886227,6246990.0,41581172.0,59526001.58641815,-0.1416666666666667,0.1899999999999995,15.776175854721789,36.58536585365854,43.90243902439025,40.2439024390244,44.96124031007752,37.76881720430107,False,80.74189828862725,55.89871755429204,Neutral,67.67159415266391,25.229560585885487,54.25752330226364,18.991596638655466,50.7563025210084,65.2530779753762,61.2,49.03012144035648,100.0,56.016730706411565,100.0,GREEN,Small,2500000.0,GREEN,49.03012144035648,56.016730706411565,Hold,Hold,High,High,ttm(Mar 2026),ttm(Mar 2026),Mar 2026,False,False,Hold,,9.23076923076922,11.117551961575444,March-to-March,full,,,7,,40.2439024390244,44.33139534883721,80.74189828862725,55.89871755429204,25.229560585885487,18.991596638655466,65.2530779753762,0,-0.0,0,GREEN,48.89,56.27,51.84,,,9.0,-5.0,0.0,-5.0,Hold,46.84,Hold,score 40-50 (trim if weight >2.5%),,,,,,13.8,44.2,12.0
TORNTPOWER,Power,NotCyclical,73153.4552542932,0.1642306325138297,0.1965316943975861,0.7324246395806029,5.971092077087794,4.07640174324424,-0.6823247042688108,29.628778960831596,-0.112481737179956,0.0697310224895493,0.0229337038441048,-0.0080279141077626,False,True,48.61529665573038,-3374294.0,4677543.0,524126018.7528076,0.0049999999999997,-0.0649999999999999,29.628778960831596,71.42857142857143,100.0,85.71428571428572,22.48062015503876,11.021505376344086,False,58.00946716834567,56.30693548356908,Neutral,17.3765655725222,35.61571238348868,2.060452729693742,30.756302521008404,28.57142857142857,32.968536251709985,15.066666666666666,49.90645338343059,100.0,34.81340750138556,100.0,GREEN,Large,50000000.0,GREEN,48.90645338343059,33.81340750138556,Hold,Sell,High,High,ttm(Mar 2026),ttm(Mar 2026),Mar 2026,False,False,Sell,,-0.6823247042688108,4.07640174324424,March-to-March,full,,,7,,85.71428571428572,22.819767441860463,58.00946716834567,56.30693548356908,35.61571238348868,30.756302521008404,32.968536251709985,1,-1.0,0,GREEN,48.98,34.11,43.03,,,11.0,0.0,0.0,0.0,Hold,43.03,Hold,score 40-50 (trim if weight >2.5%),,,,,,8.7,291.3,-186.0
EDELWEISS,Financial Services,NotCyclical,13867.05914665671,0.109825005117557,0.1283424695736879,4.022279904823708,1.239967897271268,7.0141598218531165,12.508094107489743,20.35751342773437,0.0044312252170639,0.1284825867921262,0.0473326956016786,0.886021228800056,True,True,46.75140242934703,39342181.0,116966080.0,394774580.1548958,0.0466666666666664,-0.4949999999999999,20.35751342773437,33.61344537815126,47.91666666666667,40.76505602240897,31.317829457364343,50.94086021505376,False,67.27050701748674,67.60007748437603,Neutral,48.02807371482471,47.73288948069241,28.95792276964048,35.79831932773109,12.436974789915968,81.80574555403557,85.46666666666667,49.87285358928415,100.0,47.178116381362,100.0,N/A-financial-sector,Mid,10000000.0,GREEN,48.87285358928415,46.178116381362,Hold,Hold,High,High,ttm(Mar 2026),ttm(Mar 2026),Mar 2026,False,False,Hold,,10.642591609134367,7.0141598218531165,March-to-March,full,,,7,,40.76505602240897,31.25,67.27050701748674,67.60007748437603,47.73288948069241,35.79831932773109,81.80574555403557,1,-1.0,0,N/A-financial-sector,48.86,44.71,47.2,,,8.0,-5.0,0.0,-5.0,Hold,42.2,Hold,score 40-50 (trim if weight >2.5%),,,,,,45.0,-651.9,268.0
SMLMAH,Capital Goods,Cyclical,5935.46531049008,-0.003668672440444,0.1281136284081288,0.5568400770712909,13.238095238095235,15.91901251368435,18.047218887555022,37.88952718038721,-0.0468204200040346,-0.0299632585542473,0.3682524559326998,1.016931201407539,True,True,55.64403299467336,934440.0,2277009.0,205732105.385376,,,37.88952718038721,3.738317757009345,17.59259259259259,10.665455174800968,60.46511627906976,66.12903225806451,False,35.87091732065518,82.67501666969504,Neutral,28.8221046370406,85.89161118508655,77.5027962716378,,,27.22298221614227,36.8,48.85721059626509,85.71428571428571,42.09179896508418,85.71428571428571,GREEN,Small,2500000.0,GREEN,48.85721059626509,42.09179896508418,Hold,Hold,High,High,ttm(Jun 2026),ttm(Jun 2026),Jun 2026,False,False,Hold,,18.299291371404756,15.91901251368435,March-to-March,full,,,6,,10.665455174800968,59.44767441860465,35.87091732065518,82.67501666969504,85.89161118508655,,27.22298221614227,0,-0.0,0,GREEN,48.78,42.76,46.37,,,13.0,0.0,0.0,0.0,Hold,46.37,Hold,score 40-50 (trim if weight >2.5%),,Y,,,,3.7,-0.0,2.0
IGL,Oil Gas & Consumable Fuels,Cyclical,21479.313459801266,0.1899496917705051,0.2371763931846248,0.0085187760778859,122.93333333333334,4.586102888174648,8.350087119689054,13.924050632911392,-0.0744636061968713,-0.1334948684746674,-0.2762040079584581,-0.3843862239992378,False,False,41.4116848188383,19545129.0,65100789.0,376401612.9336395,0.8700000000000004,0.2249999999999996,13.924050632911392,75.0,75.0,75.0,23.875968992248065,34.81182795698925,False,52.873046414827606,6.167931814000468,Neutral,9.822230210926628,45.74513981358189,57.59600532623169,78.15126050420169,52.94117647058824,72.09302325581395,76.13333333333333,48.84654086314325,100.0,45.03419161992893,100.0,GREEN,Mid,10000000.0,GREEN,48.84654086314325,45.03419161992893,Hold,Hold,High,High,ttm(Mar 2026),ttm(Mar 2026),Mar 2026,False,False,Hold,,8.306538049303324,4.586102888174648,March-to-March,full,,,7,,75.0,24.12790697674419,52.873046414827606,6.167931814000468,45.74513981358189,78.15126050420169,72.09302325581395,0,-0.0,0,GREEN,48.89,45.19,47.41,,,5.0,-5.0,0.0,-5.0,Hold,42.41,Hold,score 40-50 (trim if weight >2.5%),,,,Y,,34.0,-315.6,-16.0
MAHSEAMLES,Capital Goods,Cyclical,7825.645614116757,0.1079345679685023,0.1448184090825938,0.0018906340895869,222.66666666666663,-6.488398263739104,-11.292465363446569,11.163545811864132,-0.0939681102914412,0.1211742500634185,-0.1498862405955681,-0.0552072615001023,False,True,38.55697900201008,-2820630.0,-3591233.0,58780525.64672852,1.28,2.74,11.163545811864132,28.03738317757009,25.0,26.51869158878505,3.875968992248062,4.838709677419355,False,93.56980038425218,33.1629606272461,Neutral,16.58517511567201,85.89161118508655,77.5027962716378,85.54621848739495,91.9327731092437,12.722298221614228,16.0,49.84202134805525,100.0,46.70380953023936,100.0,GREEN,Small,2500000.0,GREEN,48.84202134805525,45.70380953023936,Hold,Hold,High,High,ttm(Mar 2026),ttm(Mar 2026),Mar 2026,False,False,Hold,,-11.292465363446569,-6.4883982637391036,March-to-March,full,,,7,,26.51869158878505,4.651162790697675,93.56980038425218,33.1629606272461,85.89161118508655,85.54621848739495,12.722298221614228,1,-1.0,0,GREEN,48.98,45.86,47.73,,,7.0,-5.0,0.0,-5.0,Hold,42.73,Hold,score 40-50 (trim if weight >2.5%),,,,Y,Y,41.0,-137.5,189.0
CHAMBLFERT,Chemicals,Cyclical,18280.33609679725,0.2281711840736758,0.2045887140134633,0.1026133743274404,382.57142857142856,-9.195978712919684,24.918899435299767,9.362051156850962,0.0125346509073418,0.0301320538795588,-0.1298668104620446,-0.1138533183494447,False,False,43.83484855707035,14932905.0,43436810.0,255773025.35787964,-0.8083333333333336,-1.21,9.362051156850962,88.63636363636364,65.9090909090909,77.27272727272728,2.635658914728682,79.03225806451613,True,94.09254005340456,18.83611947856511,Neutral,22.675774403552225,26.70386151797603,87.9555259653795,4.873949579831933,5.714285714285714,65.66347469220246,72.53333333333333,45.83355131246255,100.0,63.35916009248372,100.0,GREEN,Mid,10000000.0,GREEN,48.83355131246255,66.35916009248372,Hold,Hold,High,High,ttm(Mar 2026),ttm(Mar 2026),Mar 2026,False,False,Hold,,24.918899435299767,-9.195978712919683,March-to-March,full,,,7,,77.27272727272728,3.343023255813953,94.09254005340456,18.83611947856511,26.70386151797603,4.873949579831933,65.66347469220246,0,-0.0,3,GREEN,48.96,66.36,55.92,,,7.0,-5.0,0.0,-5.0,Hold,50.92,Hold,,,,,,,9.9,-446.2,-73.0
SKFINDIA,Automobile and Auto Components,Cyclical,7397.893247368743,0.2080496887129845,0.2942077869740149,0.0022573363431151,745.0,-4.386249451969871,-23.480382191502336,27.81162874950655,-0.1250220541583779,-0.1822217163441793,-0.6843278849913753,-0.7562391523205597,False,False,29.42072824240228,-439914.0,-28018.0,42413941.74041748,0.1783333333333329,0.0299999999999998,27.81162874950655,82.6086956521739,93.47826086956522,88.04347826086956,4.8062015503875966,1.0752688172043012,True,71.45304850912326,0.9065871080715916,Pulled back,6.321816064648662,100.0,53.26844207723036,49.41176470588236,36.134453781512605,18.331053351573185,23.6,51.74041609756603,100.0,40.163646698057306,100.0,GREEN,Small,2500000.0,GREEN,48.74041609756603,37.163646698057306,Hold,Sell,High,High,ttm(Mar 2026),ttm(Mar 2026),Mar 2026,False,False,Sell,,-23.516260162601622,-4.386249451969871,March-to-March,full,,,7,,88.04347826086956,5.6686046511627906,71.45304850912326,0.9065871080715916,100.0,49.41176470588236,18.331053351573185,2,-3.0,0,GREEN,48.9,37.39,44.29,,,7.0,-5.0,-6.0,-11.0,Sell,33.29,Sell,,,,,,,14.5,-120.8,-39.0
BIKAJI,Fast Moving Consumer Goods,NotCyclical,15786.223903026394,0.1641301059321073,0.2233465210215378,0.1860609831985065,22.83333333333333,15.050742948995468,14.318442153493692,62.15048780719053,-0.030149176194134,-0.0888192505346603,-0.125511431357451,-0.0929648467187422,False,False,43.41003972596193,-1146883.0,380997.0,81954298.66217041,2.32,3.275,62.15048780719053,41.86046511627907,65.9090909090909,53.88477801268499,57.51937984496124,54.56989247311827,False,34.26411686169795,20.292582896498637,Neutral,17.377514545922324,58.78482023968043,8.718242343541945,93.109243697479,93.781512605042,20.24623803009576,20.133333333333333,48.73765245928151,100.0,39.00796984386488,100.0,GREEN,Mid,10000000.0,GREEN,48.73765245928151,39.00796984386488,Hold,Sell,High,High,ttm(Mar 2026),ttm(Mar 2026),Mar 2026,False,False,Sell,,14.187643020594965,15.050742948995467,March-to-March,full,,,7,,53.88477801268499,56.5406976744186,34.26411686169795,20.292582896498637,58.78482023968043,93.109243697479,20.24623803009576,0,-0.0,0,GREEN,48.52,39.07,44.74,,,16.0,5.0,0.0,5.0,Hold,49.74,Hold,score 40-50 (trim if weight >2.5%),,,,,,13.6,34.2,15.0
IONEXCHANG,Utilities,NotCyclical,6407.076232847427,0.1761568118229454,0.208398127728345,0.3599701269604182,8.75,13.569529757561604,6.4280496712929125,44.80472890103097,0.0993570183505654,0.259971133546333,-0.1921384834685744,-0.3291679588465972,True,True,59.7150856980931,18956189.0,33615886.0,115381858.38560486,0.5833333333333334,1.1550000000000002,44.80472890103097,69.58904109589041,66.76691729323309,68.17797919456174,52.55813953488372,28.091397849462364,False,33.207755267893425,23.644217217234075,Neutral,65.51738031907958,16.108388814913447,96.33475366178428,70.58823529411765,81.34453781512605,63.47469220246238,75.86666666666667,48.70265730054997,100.0,59.29022523746089,100.0,GREEN,Small,2500000.0,GREEN,48.70265730054997,59.29022523746089,Hold,Hold,High,High,ttm(Mar 2026),ttm(Mar 2026),Mar 2026,False,False,Hold,,6.503470953598822,13.569529757561604,March-to-March,full,,,7,,68.17797919456174,51.74418604651163,33.207755267893425,23.644217217234075,16.108388814913447,70.58823529411765,63.47469220246238,0,-0.0,0,GREEN,48.52,59.61,52.96,,,8.0,-5.0,0.0,-5.0,Hold,47.96,Hold,score 40-50 (trim if weight >2.5%),,,,Y,,36.4,-106.3,22.0
KIMS,Healthcare,NotCyclical,32224.527853084837,0.1761937281552532,0.1890226739286585,1.892745883400089,3.9702970297029694,21.114958129942465,28.740936058009225,133.3804006988424,0.1839427864267246,0.2891547622710704,0.1311545253548052,0.9132889806655112,True,True,51.151915694160586,8956461.0,14780980.0,368769702.77130127,3.184999999999999,-0.0650000000000021,133.3804006988424,70.0,44.285714285714285,57.14285714285714,74.4186046511628,83.06451612903226,False,8.407484489122751,68.63350774721646,Neutral,69.14177243684372,66.50785619174435,90.47589880159788,96.30252100840336,28.403361344537814,50.341997264021884,65.86666666666666,57.25827695548391,100.0,58.57451204817448,100.0,AMBER,Mid,10000000.0,GREEN,48.66953541216132,49.78833524094831,Hold,Hold,High,High,ttm(Mar 2026),ttm(Mar 2026),Mar 2026,False,False,Hold,,28.665568369028005,21.114958129942462,March-to-March,full,,,7,,57.14285714285714,73.69186046511628,8.407484489122751,68.63350774721646,66.50785619174435,96.30252100840336,50.341997264021884,0,-0.0,0,AMBER,48.53,49.74,49.02,,,17.0,5.0,0.0,5.0,Hold,54.02,Hold,,,,,,,5.4,-218.3,-25.0
HSCL,Chemicals,Cyclical,36626.87921876311,0.1128929151292874,0.1497610510608901,0.163620909477263,15.03125,3.763576952179904,9.799161333039065,45.4022611933336,0.4792021794986765,0.5261733321598481,0.4489780801788678,0.7864955673784961,True,True,65.77137093608377,51521916.0,276979792.0,8097852444.895905,0.66,1.39,45.4022611933336,25.0,31.818181818181817,28.409090909090907,21.240310077519386,39.784946236559136,False,54.2996722903265,88.14740357094179,Neutral,92.06730735083607,26.70386151797603,87.9555259653795,72.94117647058823,83.69747899159664,91.79206566347467,87.46666666666667,48.564123535018986,100.0,67.10227250687548,100.0,GREEN,Large,50000000.0,GREEN,48.564123535018986,67.10227250687548,Hold,Hold,High,High,ttm(Jun 2026),ttm(Jun 2026),Jun 2026,False,False,Hold,,1.0405376110990572,3.7635769521799034,March-to-March,full,,,7,,28.409090909090907,21.656976744186046,54.2996722903265,88.14740357094179,26.70386151797603,72.94117647058823,91.79206566347467,0,-0.0,0,GREEN,48.64,63.68,54.66,,,16.0,5.0,0.0,5.0,Hold,59.66,Hold,,,,Y,,Y,17.1,99.1,119.0
IREDA,Financial Services,NotCyclical,33948.339345036955,0.1491969302080383,,5.64715270221255,,,23.238914429779037,18.115442553381516,-0.0715383248982425,-0.1322904226245088,-0.2408083596728657,-0.5069783840935379,False,False,39.59598147270162,26842238.0,21345211.0,704508174.5892715,,,18.115442553381516,62.18487394957983,,62.18487394957983,,76.88172043010752,False,53.94835390276466,6.362653415263135,Neutral,9.697518473482823,47.73288948069241,28.95792276964048,,,56.22435020519836,81.33333333333333,48.56090529892482,71.42857142857143,47.57395627446744,85.71428571428571,N/A-financial-sector,Mid,10000000.0,GREEN,48.56090529892482,47.57395627446744,Hold,Hold,High,High,ttm(Mar 2026),ttm(Mar 2026),Mar 2026,False,False,Hold,,9.850606909430448,62.53508506888539,March-to-March,full,,,6,,62.18487394957983,96.65697674418605,53.94835390276466,6.362653415263135,47.73288948069241,,56.22435020519836,1,-1.0,0,N/A-financial-sector,58.27,40.29,51.08,,,15.0,5.0,0.0,5.0,Hold,56.08,Hold,,,Y,,,,,,
FORTIS,Healthcare,NotCyclical,74256.40391474184,0.0924553133882578,0.1434862447190503,0.3509498787388844,6.640127388535032,13.16817831383963,17.296324852223076,69.78985330332881,0.0810415862535869,0.0606827924955257,0.2611850292408879,1.1191405594249697,False,True,49.85742852606332,-1797553.0,30341856.0,1168778488.625,1.0233333333333334,0.4749999999999996,69.78985330332881,20.0,18.571428571428573,19.285714285714285,51.31782945736434,64.38172043010752,False,32.272363150867825,79.86901861831116,Neutral,22.19234791421683,66.50785619174435,90.47589880159788,81.5126050420168,64.70588235294117,61.42270861833106,18.666666666666668,48.555912382009865,100.0,41.58296630585818,100.0,GREEN,Large,50000000.0,GREEN,48.555912382009865,41.58296630585818,Hold,Hold,High,High,ttm(Mar 2026),ttm(Mar 2026),Mar 2026,False,False,Hold,,17.281254015161252,13.16817831383963,March-to-March,full,,,7,,19.285714285714285,50.58139534883721,32.272363150867825,79.86901861831116,66.50785619174435,81.5126050420168,61.42270861833106,0,-0.0,0,GREEN,48.39,41.53,45.65,,,16.0,5.0,0.0,5.0,Hold,50.65,Hold,,,,,,,3.3,222.6,56.0
COHANCE,Healthcare,NotCyclical,14158.653846153846,0.1444581084488069,0.1997225193472623,0.1022756328304781,11.54054054054054,19.190936611227126,-13.032394096223875,94.1897654584222,0.196505919269271,-0.0138408573235304,-0.5660395945747514,-0.4448284614515474,True,False,50.65913396272632,26105318.0,128787839.0,319961081.59669495,,,94.1897654584222,44.285714285714285,55.71428571428572,50.0,70.07751937984497,4.032258064516129,True,39.18145762978089,2.2850975987773343,Neutral,57.78009599339872,66.50785619174435,90.47589880159788,,,83.03693570451436,80.93333333333334,51.483229985066046,85.71428571428571,47.590518788806506,85.71428571428571,GREEN,Mid,10000000.0,GREEN,48.483229985066046,44.590518788806506,Hold,Hold,High,High,ttm(Mar 2026),ttm(Mar 2026),Mar 2026,False,False,Hold,,89.39899833055091,19.190936611227126,March-to-March,full,,,6,,50.0,69.18604651162791,39.18145762978089,2.2850975987773343,66.50785619174435,,83.03693570451436,0,-0.0,0,GREEN,51.15,64.89,56.65,,,10.0,0.0,0.0,0.0,Hold,56.65,Hold,,,Y,,,,2.4,-283.2,-53.0
PIDILITIND,Chemicals,Cyclical,160173.3807012823,0.2118542643830797,0.2984971069580281,0.0384970457902511,65.20370370370371,7.360815069327797,11.111111111111116,64.821279118285,0.1216109137619112,0.0404963307646908,0.0465895517845953,0.028512751834318,True,True,48.85430033156332,11852607.0,15009856.0,1016595286.1195068,0.0966666666666665,0.1950000000000002,64.821279118285,75.0,95.45454545454544,85.22727272727272,32.4031007751938,44.08602150537634,False,40.78225512804952,60.04564112223766,Neutral,56.29234774462145,26.70386151797603,87.9555259653795,41.00840336134453,51.26050420168067,51.02599179206566,69.19999999999999,48.4545940004058,100.0,60.9963776162046,100.0,GREEN,Large,50000000.0,GREEN,48.4545940004058,60.9963776162046,Hold,Hold,High,High,ttm(Mar 2026),ttm(Mar 2026),Mar 2026,False,False,Hold,,11.11872146118722,7.360815069327797,March-to-March,full,,,7,,85.22727272727272,32.26744186046512,40.78225512804952,60.04564112223766,26.70386151797603,41.00840336134453,51.02599179206566,0,-0.0,0,GREEN,48.43,61.06,53.48,,,11.0,0.0,0.0,0.0,Hold,53.48,Hold,,,,,,,7.5,175.2,27.0
CGCL,Financial Services,NotCyclical,24917.507495067668,0.0933130370186006,,3.347494099680689,,,45.720443349753694,26.256593777732,0.3994054845861485,0.4362033869840138,0.4708611706922436,0.2295462736049132,True,True,81.96040456336686,35074992.0,14087603.0,599655361.3231812,1.36,0.5750000000000002,26.256593777732,21.84873949579832,,21.84873949579832,,91.8010752688172,False,43.00335406558338,82.17158324486955,Extended,90.61736633888827,47.73288948069241,28.95792276964048,86.38655462184875,68.15126050420169,48.837209302325576,83.86666666666667,48.438993187421815,85.71428571428571,61.22879063935634,100.0,N/A-financial-sector,Mid,10000000.0,GREEN,48.438993187421815,61.22879063935634,Hold,Hold,High,High,ttm(Mar 2026),ttm(Mar 2026),Mar 2026,False,False,Hold,,85.24590163934427,63.367789791485585,March-to-March,full,,,7,,21.84873949579832,96.80232558139535,43.00335406558338,82.17158324486955,47.73288948069241,86.38655462184875,48.837209302325576,0,-0.0,0,N/A-financial-sector,59.08,62.32,60.37,,,20.0,10.0,0.0,10.0,Hold,70.37,Hold,,,,,,,,,
SKIPPER,Capital Goods,Cyclical,6299.1334075199975,0.0721669758236469,0.1710756335010215,0.635814889336016,2.640552995391705,41.02220287392,20.08648648648648,29.5577324042886,0.2877581168411607,0.393383240431882,0.1501193317122218,0.4499148066576164,True,True,56.21675787272196,5134833.0,6797284.0,345264871.70092773,-0.1783333333333334,-0.69,29.5577324042886,15.887850467289718,42.5925925925926,29.24022152994116,91.7829457364341,71.10215053763442,True,54.75039890585822,68.22083258577976,Neutral,85.57673691114051,85.89161118508655,77.5027962716378,16.974789915966387,10.252100840336134,38.16689466484268,57.46666666666667,58.07416202000784,100.0,61.08287354426963,100.0,AMBER,Small,2500000.0,GREEN,48.36303771700666,50.92044251262919,Hold,Hold,High,High,ttm(Mar 2026),ttm(Mar 2026),Mar 2026,False,False,Hold,,20.09083044982698,41.02220287392,March-to-March,full,,,7,,29.24022152994116,91.56976744186046,54.75039890585822,68.22083258577976,85.89161118508655,16.974789915966387,38.16689466484268,1,-1.0,0,AMBER,48.33,50.96,49.38,,,18.0,5.0,0.0,5.0,Hold,54.38,Hold,,,,,,,2.1,26.6,-15.0
CONCORDBIO,Healthcare,NotCyclical,13978.107457898956,0.1803969786935935,0.2506295322045096,0.000991571641051,368.0,7.341536981575381,-12.083333333333336,53.96952686447474,0.2621905187404367,-0.0045114826537098,-0.2488307636236058,-0.1980441947176558,True,True,61.422922246600834,9847266.0,30960756.0,212149920.2786865,,,53.96952686447474,74.28571428571429,82.85714285714286,78.57142857142858,32.24806201550388,4.301075268817205,True,47.10319641875442,19.301618685877585,Neutral,65.67085331524602,66.50785619174435,90.47589880159788,,,61.96990424076607,67.60000000000001,51.33082969470333,85.71428571428571,56.16947992895825,85.71428571428571,GREEN,Mid,10000000.0,GREEN,48.33082969470333,53.16947992895825,Hold,Hold,High,High,ttm(Mar 2026),ttm(Mar 2026),Mar 2026,False,False,Hold,,-12.083333333333336,7.341536981575381,March-to-March,full,,,6,,78.57142857142858,32.122093023255815,47.10319641875442,19.301618685877585,66.50785619174435,,61.96990424076607,2,-3.0,0,GREEN,48.18,52.87,50.06,,,12.0,0.0,0.0,0.0,Hold,50.06,Hold,,,Y,,,,15.1,-76.9,8.0
HINDUNILVR,Fast Moving Consumer Goods,NotCyclical,493669.8036149747,0.2318398707258124,0.2850298263270934,0.0303247912349453,36.68048780487805,2.0951181546343456,4.5624328700363925,32.78237622783549,-0.0500811764562857,-0.1128922437678562,-0.1520847898833948,-0.1558302500104108,False,False,39.17623140877557,-18666644.0,-46310936.0,3316546682.4802246,0.0883333333333335,-0.0349999999999992,32.78237622783549,76.74418604651163,77.27272727272727,77.00845665961944,16.589147286821706,22.311827956989248,False,70.18357810413886,18.24857170495447,Neutral,14.852747229492817,58.78482023968043,8.718242343541945,40.588235294117645,30.16806722689076,3.830369357045144,6.133333333333333,45.25194892770868,100.0,36.97235885963887,100.0,GREEN,Large,50000000.0,GREEN,48.25194892770868,39.97235885963887,Hold,Sell,High,High,ttm(Mar 2026),ttm(Mar 2026),Mar 2026,False,False,Sell,,5.120010435690059,2.0951181546343456,March-to-March,full,,,7,,77.00845665961944,17.00581395348837,70.18357810413886,18.24857170495447,58.78482023968043,40.588235294117645,3.830369357045144,0,-0.0,3,GREEN,48.34,40.63,45.26,,,6.5,-5.0,-6.0,-11.0,Sell,34.26,Sell,,,,Y,Y,Y,27.0,-411.5,3568.0
CARBORUNIV,Capital Goods,Cyclical,17840.548747859586,0.1267625854905398,0.2037656076957642,0.1058974358974359,30.473684210526315,3.806829830841618,6.375153248876164,106.08993634683527,0.1531637046960785,0.3604671518013824,0.0929402239827386,-0.3531312655377697,False,True,46.31227549691602,5876619.0,16701799.0,153393824.6387329,0.5616666666666665,0.8549999999999995,106.08993634683527,34.57943925233645,62.96296296296296,48.7712011076497,21.550387596899228,27.82258064516129,False,37.32643524699599,44.84481878183848,Neutral,38.36242324395919,85.89161118508655,77.5027962716378,68.57142857142857,75.29411764705883,52.1203830369357,60.53333333333333,48.24370040280412,100.0,48.4727772027664,100.0,GREEN,Mid,10000000.0,GREEN,48.24370040280412,48.4727772027664,Hold,Hold,High,High,ttm(Mar 2026),ttm(Mar 2026),Mar 2026,False,False,Hold,,6.375153248876164,3.806829830841618,March-to-March,full,,,7,,48.7712011076497,21.947674418604652,37.32643524699599,44.84481878183848,85.89161118508655,68.57142857142857,52.1203830369357,0,-0.0,0,GREEN,48.32,48.72,48.48,,,10.0,0.0,0.0,0.0,Hold,48.48,Hold,score 40-50 (trim if weight >2.5%),,,,,,-11.3,-183.7,-9.0
SBICARD,Financial Services,NotCyclical,61345.988014700335,0.1764515070075055,,2.801983975581839,,,10.103469263542308,28.32161579903065,-0.045461295367953,-0.2459541112039129,-0.2918515216562042,-0.1180712403882311,True,False,63.29368829017021,6350948.0,-29591659.0,670138735.1223755,0.7366666666666669,0.2200000000000015,28.32161579903065,73.94957983193278,,73.94957983193278,,40.7258064516129,False,44.18037609467991,9.3010292979194,Neutral,17.495240904683623,47.73288948069241,28.95792276964048,75.96638655462185,52.77310924369748,5.471956224350205,61.46666666666667,48.14702002856969,85.71428571428571,42.95438449007315,100.0,N/A-financial-sector,Large,50000000.0,GREEN,48.14702002856969,42.95438449007315,Hold,Hold,High,High,ttm(Mar 2026),ttm(Mar 2026),Mar 2026,False,False,Hold,,3.558225508317925,-4.574706408950535,March-to-March,full,,,7,,73.94957983193278,5.523255813953488,44.18037609467991,9.3010292979194,47.73288948069241,75.96638655462185,5.471956224350205,0,-0.0,0,N/A-financial-sector,38.77,39.62,39.11,,,13.0,0.0,6.0,6.0,Hold,45.11,Hold,score 40-50 (trim if weight >2.5%),Sell->Hold (analyst),,,,,,,
HAVELLS,Consumer Durables,NotCyclical,73363.38993560847,0.1719185487532586,0.2403917839807993,0.0280245346869712,28.367088607594937,10.031689799686916,10.09474028095394,44.93665933151392,-0.0965095101262053,-0.1757817630115633,-0.2276259058399266,-0.3703829496780663,False,False,45.68250632309002,-12107018.0,-30666451.0,988323007.9761964,0.1633333333333334,0.0950000000000015,44.93665933151392,63.41463414634146,75.60975609756098,69.51219512195122,40.46511627906977,40.59139784946236,False,67.03688251001336,10.661338461461169,Neutral,7.97267077690509,25.229560585885487,54.25752330226364,48.0672268907563,43.52941176470589,5.198358413132695,7.866666666666666,45.14209608795564,100.0,42.91739800412306,100.0,GREEN,Large,50000000.0,GREEN,48.14209608795564,45.91739800412306,Hold,Hold,High,High,ttm(Jun 2026),ttm(Jun 2026),Jun 2026,False,False,Hold,,3.443842409771336,10.031689799686916,March-to-March,full,,,7,,69.51219512195122,40.116279069767444,67.03688251001336,10.661338461461169,25.229560585885487,48.0672268907563,5.198358413132695,0,-0.0,3,GREEN,48.07,42.49,45.83,,,12.0,0.0,0.0,0.0,Hold,45.83,Hold,score 40-50 (trim if weight >2.5%),,,Y,,,21.7,-8.9,191.0
JYOTHYLAB,Fast Moving Consumer Goods,NotCyclical,7334.727609594702,0.1798021914967615,0.2309713582969766,0.0297560975609756,83.33333333333333,9.039799382870006,3.264417845484213,19.82358813403973,-0.161619921508222,-0.2182201867264472,-0.4216687778962905,-0.5810073242229952,False,False,52.42486317392071,-6056458.0,-13420803.0,148149186.11576843,0.1600000000000001,-0.9149999999999991,19.82358813403973,55.81395348837209,68.18181818181817,61.99788583509513,36.43410852713178,18.951612903225808,False,69.45794392523365,1.7275516991249014,Neutral,2.972328497422745,58.78482023968043,8.718242343541945,47.39495798319327,8.067226890756302,7.523939808481532,10.933333333333334,45.125573436223824,100.0,29.138846689410126,100.0,GREEN,Small,2500000.0,GREEN,48.125573436223824,32.13884668941013,Hold,Sell,High,High,ttm(Mar 2025),ttm(Mar 2025),Mar 2025,False,False,Sell,,3.264417845484213,9.039799382870006,March-to-March,full,,,7,,61.99788583509513,36.19186046511628,69.45794392523365,1.7275516991249014,58.78482023968043,47.39495798319327,7.523939808481532,0,-0.0,3,GREEN,48.07,32.51,41.85,,,7.0,-5.0,-6.0,-11.0,Sell,30.85,Sell,,,,,,,10.4,4.3,-3.0
POWERMECH,Construction,Cyclical,9249.958653877477,0.1265163166178848,0.18883360903016,0.2635966653433902,6.051724137931035,18.959081849542315,15.84177336136059,22.449405868637623,0.0624409707457764,0.1199410880369298,-0.2274260588470023,0.0491975659737409,False,True,44.48571972668629,1845875.0,3755722.0,203285857.3564453,1.7083333333333333,2.8450000000000006,22.449405868637623,52.17391304347826,56.52173913043478,54.34782608695652,69.14728682170542,60.215053763440864,False,44.263633562698985,40.78347062423844,Neutral,32.794906288200934,8.461517976031956,26.57070572569907,89.41176470588236,92.43697478991596,30.779753761969904,42.8,48.11255148776602,100.0,46.10594196444179,100.0,GREEN,Small,2500000.0,GREEN,48.11255148776602,46.10594196444179,Hold,Hold,High,High,ttm(Mar 2026),ttm(Mar 2026),Mar 2026,False,False,Hold,,15.819640810087886,18.959081849542315,March-to-March,full,,,7,,54.34782608695652,68.1686046511628,44.263633562698985,40.78347062423844,8.461517976031956,89.41176470588236,30.779753761969904,0,-0.0,0,GREEN,47.94,46.08,47.19,,,15.0,5.0,0.0,5.0,Hold,52.19,Hold,,,,,,,8.2,4.8,1.0
WAKEFIT,Consumer Durables,NotCyclical,4304.4502617801045,-0.0551585034471576,0.0214981954660105,0.2402826855123674,6.5,22.349270446842628,16.875981161695442,-6.786271450858036,-0.1118824157360542,-0.2500430772964978,,,True,,56.51856516397277,3664415.0,,65742155.20600128,,,,7.317073170731707,2.4390243902439024,4.878048780487805,77.05426356589146,63.30645161290322,False,79.41983250394465,,Neutral,8.524295245120339,25.229560585885487,54.25752330226364,,,,51.73333333333333,48.11127709367784,57.14285714285714,38.63559336471712,85.71428571428571,GREEN,Small,2500000.0,GREEN,48.11127709367784,38.63559336471712,Hold,Sell,Med,High,annual,ttm(Mar 2026),Mar 2026,False,False,Sell,,16.875981161695442,22.349270446842628,March-to-March,<1y,3.4666666666666663,6.0,4,"stage_3y<-1y,accumulation_3y<-1y",4.878048780487805,76.30813953488372,79.41983250394465,8.524295245120339,25.229560585885487,,51.73333333333333,0,-0.0,0,GREEN,44.05,39.49,42.23,,,15.0,5.0,-6.0,-1.0,Sell,41.23,Hold,score 40-50 (trim if weight >2.5%) + analyst view,Analyst Sell -> Trim,<1y,,Y,,46.2,111.9,10.0
CIPLA,Healthcare,NotCyclical,114967.28446480632,0.1394128830473945,0.2078958408718048,0.0178322490706319,108.94444444444444,7.369290376032311,2.2252069115725304,29.762648344784512,0.1735753374947675,-0.0037210522670956,-0.0283428059933025,-0.0110018517433125,True,True,52.08693517175222,1778219.0,-20774780.0,1678662097.2495117,0.1666666666666666,0.1949999999999985,29.762648344784512,40.0,61.42857142857143,50.71428571428572,32.55813953488372,15.32258064516129,False,76.98504672897197,41.16968117484105,Neutral,53.52589177233964,66.50785619174435,90.47589880159788,48.57142857142857,51.09243697478991,6.566347469220246,42.53333333333333,48.09549317863079,100.0,53.18875187894258,100.0,GREEN,Large,50000000.0,GREEN,48.09549317863079,53.18875187894258,Hold,Hold,High,High,ttm(Mar 2026),ttm(Mar 2026),Mar 2026,False,False,Hold,,2.232466966748947,7.369290376032311,March-to-March,full,,,7,,50.71428571428572,32.412790697674424,76.98504672897197,41.16968117484105,66.50785619174435,48.57142857142857,6.566347469220246,0,-0.0,0,GREEN,48.06,53.51,50.24,,,11.0,0.0,0.0,0.0,Hold,50.24,Hold,,,,,,,11.6,-1404.1,-256.0
IEX,Financial Services,NotCyclical,11120.582088035871,0.3707919074331041,0.393231124777341,0.0080645161290322,260.0,15.383961744348728,14.711359404096823,22.556961639018,0.0137860061636005,-0.092515822493239,-0.3787889875435002,-0.2825026971007527,True,False,56.104449370583936,9855172.0,-87663746.0,554208113.1632195,-1.636666666666667,-1.3400000000000007,22.556961639018,95.7983193277311,91.66666666666666,93.73249299719888,58.6046511627907,56.18279569892473,False,47.03392242287963,5.361142822741955,Neutral,35.25254863502609,47.73288948069241,28.95792276964048,1.092436974789916,4.201680672268908,2.3255813953488373,67.73333333333333,48.08765428441097,100.0,50.463763294099614,100.0,N/A-financial-sector,Small,2500000.0,GREEN,48.08765428441097,50.463763294099614,Hold,Hold,High,High,ttm(Mar 2026),ttm(Mar 2026),Mar 2026,False,False,Hold,,14.711359404096825,15.383961744348728,March-to-March,full,,,7,,93.73249299719888,57.70348837209303,47.03392242287963,5.361142822741955,47.73288948069241,1.092436974789916,2.3255813953488373,0,-0.0,0,N/A-financial-sector,47.89,50.5,48.93,,,8.0,-5.0,0.0,-5.0,Hold,43.93,Hold,score 40-50 (trim if weight >2.5%),,,,,,23.4,-0.8,16.0
ULTRACEMCO,Construction Materials,Cyclical,347820.0938289426,0.1111771530788308,0.1604217254263851,0.3100203591564001,9.083333333333334,11.85878496407522,17.182538164288164,40.6218725195845,-0.0122514055550894,-0.0226668880770508,-0.05197176593766,0.0287458121733614,True,False,57.80197494840361,-4339806.0,-3447497.0,3072316557.0,0.2116666666666663,-0.0050000000000007,40.6218725195845,75.0,56.25,65.625,47.5968992248062,64.11290322580645,False,66.41388518024033,28.116557358025105,Neutral,46.269802505159646,11.058055925432758,11.85699067909454,52.268907563025216,32.26890756302521,13.132694938440492,13.066666666666665,45.0037897365867,100.0,47.01866168412735,100.0,GREEN,Large,50000000.0,GREEN,48.0037897365867,50.01866168412735,Hold,Hold,High,High,ttm(Jun 2026),ttm(Jun 2026),Jun 2026,False,False,Hold,,16.532157198341114,11.85878496407522,March-to-March,full,,,7,,65.625,46.94767441860465,66.41388518024033,28.116557358025105,11.058055925432758,52.268907563025216,13.132694938440492,0,-0.0,3,GREEN,47.89,49.75,48.63,,,13.0,0.0,-6.0,-6.0,Sell,42.63,Hold,score 40-50 (trim if weight >2.5%) + analyst view,Analyst Sell -> Trim,,,,,4.0,2091.4,42.0
MAXHEALTH,Healthcare,NotCyclical,106855.89268487477,0.130924324923,0.1534841686467151,0.3236251977295989,9.54468085106383,22.42690602828523,19.151963574274333,74.05259279648517,0.0878050523431397,0.0699783576994057,-0.0976446464020747,0.1909834026648564,True,True,52.93992720472352,-12540015.0,-29926515.0,1931542967.14328,6.605,0.2350000000000003,74.05259279648517,35.714285714285715,21.428571428571427,28.57142857142857,77.36434108527132,67.8763440860215,False,24.20507343124165,42.69684187756868,Neutral,46.11226706043532,66.50785619174435,90.47589880159788,99.07563025210084,53.78151260504202,5.33515731874145,7.6,47.9744757997897,100.0,46.759816413533215,100.0,GREEN,Large,50000000.0,GREEN,47.9744757997897,46.759816413533215,Hold,Hold,High,High,ttm(Mar 2026),ttm(Mar 2026),Mar 2026,False,False,Hold,,19.137734775184967,22.42690602828523,March-to-March,full,,,7,,28.57142857142857,76.59883720930233,24.20507343124165,42.69684187756868,66.50785619174435,99.07563025210084,5.33515731874145,0,-0.0,0,GREEN,47.81,46.73,47.37,,,17.0,5.0,-6.0,-1.0,Sell,46.37,Hold,score 40-50 (trim if weight >2.5%) + analyst view,Analyst Sell -> Trim,,,,,6.8,40.1,32.0
OLECTRA,Automobile and Auto Components,Cyclical,11496.022608189754,0.0621829218457569,0.1030784965791629,0.3094462540716612,5.409836065573771,28.446130769878764,28.3573806881243,63.86679226772086,0.1536469384768288,0.2222714955380635,0.1254335224458616,-0.2757561172969509,True,True,46.53244811252298,16912850.0,53431244.0,770820566.690979,-0.1066666666666666,-0.4949999999999998,63.86679226772086,13.043478260869565,6.521739130434782,9.782608695652174,82.94573643410853,82.93010752688173,False,19.48449784898383,48.31415125571328,Neutral,74.93008852208104,100.0,53.26844207723036,20.33613445378151,12.605042016806722,69.22024623803009,73.73333333333333,47.94841662221186,100.0,47.88307686812918,100.0,GREEN,Small,2500000.0,GREEN,47.94841662221186,47.88307686812918,Hold,Hold,High,High,ttm(Mar 2026),ttm(Mar 2026),Mar 2026,False,False,Hold,,28.301886792452823,28.446130769878764,March-to-March,full,,,7,,9.782608695652174,82.84883720930233,19.48449784898383,48.31415125571328,100.0,20.33613445378151,69.22024623803009,0,-0.0,0,GREEN,47.93,47.82,47.89,,,22.0,10.0,0.0,10.0,Hold,57.89,Hold,,,,,,,8.9,-6.2,8.0
TRENT,Consumer Services,NotCyclical,152632.68576641232,0.26052106323342,0.3137460584799593,0.3666428060128847,16.07296137339056,34.544857548858786,17.152028012839217,88.66087883359812,0.0126896322089025,0.0955505161966034,-0.4659906048382649,-0.487673916287183,False,False,37.37249309847362,137489.0,-2396466.0,3146247579.871704,-0.1149999999999996,0.2650000000000005,88.66087883359812,86.95652173913044,91.30434782608695,89.13043478260869,88.52713178294573,63.844086021505376,True,27.285611584677007,3.063569099254155,Neutral,26.869513975176798,7.985885486018644,14.776830892143808,19.831932773109244,55.294117647058826,14.6374829001368,29.6,48.89897395374033,100.0,46.50138497030613,100.0,GREEN,Large,50000000.0,GREEN,47.89897395374033,45.50138497030613,Hold,Hold,High,High,ttm(Mar 2026),ttm(Mar 2026),Mar 2026,False,False,Hold,,17.152028012839217,34.544857548858786,March-to-March,full,,,7,,89.13043478260869,88.37209302325581,27.285611584677007,3.063569099254155,7.985885486018644,19.831932773109244,14.6374829001368,1,-1.0,0,GREEN,47.86,45.44,46.9,,,17.0,5.0,0.0,5.0,Hold,51.9,Hold,,,,,,,3.8,441.3,-220.0
PERSISTENT,Information Technology,NotCyclical,79807.10594385678,0.2280579157407082,0.3213272093073348,0.0608573615718295,38.3013698630137,20.87362545135005,23.54665773161333,42.61180665954266,-0.0499324684279585,-0.201345160202756,-0.0873643855076073,0.1161868020497052,True,False,56.31818516881233,3397863.0,-5215417.0,2870760543.017334,0.5366666666666665,0.9299999999999996,42.61180665954266,71.42857142857143,77.14285714285715,74.28571428571429,73.64341085271317,77.55376344086021,False,18.149047214467775,28.174471151262253,Neutral,23.886700001637283,13.445272969374168,39.41065246338216,68.23529411764706,77.14285714285715,10.807113543091656,50.26666666666667,47.86910511983348,100.0,49.49168536406592,100.0,GREEN,Large,50000000.0,GREEN,47.86910511983348,49.49168536406592,Hold,Hold,High,High,ttm(Mar 2026),ttm(Mar 2026),Mar 2026,False,False,Hold,,23.527933662785827,20.87362545135005,March-to-March,full,,,7,,74.28571428571429,72.81976744186046,18.149047214467775,28.174471151262253,13.445272969374168,68.23529411764706,10.807113543091656,0,-0.0,0,GREEN,47.69,49.46,48.4,,,15.0,5.0,0.0,5.0,Hold,53.4,Hold,,,,,,,3.8,253.8,-47.0
VMART,Consumer Services,NotCyclical,5941.832158872518,0.011975898219243,0.1829234339218857,1.0073606729758149,6.8533333333333335,15.407994430492144,16.441303011677945,47.91800128122998,0.2177452177452177,0.1978540882020301,-0.0511226543410181,-0.0790445841444613,True,True,47.92203466128682,1374776.0,89955020.0,126856514.78570557,0.5766666666666665,0.4649999999999998,47.91800128122998,21.73913043478261,58.69565217391305,40.21739130434783,58.75968992248062,62.5,False,37.92680095199396,50.58830546360144,Neutral,81.01552600247035,7.985885486018644,14.776830892143808,69.74789915966386,63.949579831932766,77.97537619699042,40.0,47.802740269171466,100.0,52.33458126540374,100.0,GREEN,Small,2500000.0,GREEN,47.802740269171466,52.33458126540374,Hold,Hold,High,High,ttm(Mar 2026),ttm(Mar 2026),Mar 2026,False,False,Hold,,16.441303011677945,15.407994430492145,March-to-March,full,,,7,,40.21739130434783,57.84883720930233,37.92680095199396,50.58830546360144,7.985885486018644,69.74789915966386,77.97537619699042,0,-0.0,0,GREEN,47.6,52.25,49.46,,,13.0,0.0,0.0,0.0,Hold,49.46,Hold,score 40-50 (trim if weight >2.5%),,,,,,9.0,71.5,-20.0
SOLARINDS,Chemicals,Cyclical,172406.94789081885,0.2489777910446666,0.2952327610581951,0.2427911422654134,19.56716417910448,12.4541326361697,30.44689033284711,99.25558312655087,0.2343194472395517,0.4108265603435055,0.1569416498993963,0.5139826197662252,True,True,55.48782593397132,342098.0,4591483.0,1947821016.0,-0.0516666666666667,0.0899999999999998,99.25558312655087,90.9090909090909,93.18181818181816,92.04545454545452,48.99224806201551,84.67741935483872,True,21.6482582837723,77.49284193449752,Neutral,83.54010629549175,26.70386151797603,87.9555259653795,24.369747899159663,42.436974789915965,32.421340629274965,32.0,47.7575869148595,100.0,67.97183906852982,100.0,GREEN,Large,50000000.0,GREEN,47.7575869148595,67.97183906852982,Hold,Hold,High,High,ttm(Mar 2026),ttm(Mar 2026),Mar 2026,False,False,Hold,,30.47745358090186,12.454132636169701,March-to-March,full,,,7,,92.04545454545452,48.25581395348838,21.6482582837723,77.49284193449752,26.70386151797603,24.369747899159663,32.421340629274965,0,-0.0,0,GREEN,47.63,67.93,55.75,,,22.0,10.0,-6.0,0.0,Sell,55.75,Hold,analyst view,Analyst Sell OVERRULED (score > 50),,,,,5.4,-21.5,118.0
ICICIAMC,Financial Services,NotCyclical,5490.513515493371,,,,191.31578947368425,,32.437466737626394,2.0711103415667185,-0.0526823905949432,0.1746972230670218,,,False,,37.12598431922038,-2655153.0,,948762689.4316406,,,2.0711103415667185,,,,,86.15591397849462,False,,,Neutral,20.70870551665464,47.73288948069241,28.95792276964048,,,,16.266666666666666,47.73288948069241,14.285714285714285,42.57854670693576,57.14285714285714,N/A-financial-sector,Small,2500000.0,GREEN,47.73288948069241,42.57854670693576,Hold,Hold,Low,Med,annual,annual,Sep 2025,False,False,Hold,,32.437466737626394,,March-to-March,<1y,65.60000000000001,6.0,1,"stage_3y<-1y,accumulation_3y<-1y,growth_3y<-1y",,85.59892328398385,,20.70870551665464,47.73288948069241,,16.266666666666666,0,-0.0,0,N/A-financial-sector,51.71,45.67,49.29,,,15.0,5.0,0.0,5.0,Hold,54.29,Hold,,,<1y,,,,0.1,-42.8,-1.0
MSTCLTD,Services,NotCyclical,4439.036244851252,0.3388880455053262,0.1802987722770923,0.1603982300884955,3.0,-19.938789333552094,18.64951768488745,20.36255158188648,0.3850284056967392,0.3498336574300777,0.2102571692582804,-0.20831879999948,True,True,48.12022116354416,45344787.0,47786128.0,202797753.5420532,0.3866666666666667,1.57,20.36255158188648,87.5,56.00000000000001,71.75,1.0852713178294573,67.33870967741935,True,57.73364485981308,59.886138391478426,Neutral,91.43925993492763,32.419973368841546,58.78482023968043,62.60504201680672,85.54621848739495,67.85225718194255,86.53333333333333,47.70122294701521,100.0,73.65857507656204,100.0,GREEN,Small,2500000.0,GREEN,47.70122294701521,73.65857507656204,Hold,Hold,High,High,ttm(Mar 2026),ttm(Mar 2026),Mar 2026,False,False,Hold,,18.9710610932476,-19.938789333552098,March-to-March,full,,,7,,71.75,1.0901162790697674,57.73364485981308,59.886138391478426,32.419973368841546,62.60504201680672,67.85225718194255,0,-0.0,0,GREEN,47.7,73.67,58.09,,,10.0,0.0,0.0,0.0,Hold,58.09,Hold,,,,,Y,,28.4,7.2,-257.0
CROMPTON,Consumer Durables,NotCyclical,15991.83435642973,0.1036989906358548,0.2245121988195422,0.0670711156049882,18.795454545454547,5.626102281602785,2.9374364191251168,-69.41333007812501,-0.0035219869207375,0.0296676608017105,-0.2175861871903703,-0.3712018372281987,False,False,39.99832074519836,909358.0,59520399.0,767435259.9228516,0.1216666666666661,-0.3450000000000024,,34.14634146341464,60.97560975609756,47.5609756097561,27.286821705426355,17.338709677419356,False,97.9481733220051,11.284042337199232,Neutral,21.319951123312144,25.229560585885487,54.25752330226364,43.19327731092437,15.798319327731091,70.99863201094391,36.266666666666666,47.65198699207894,100.0,41.77837604047258,100.0,GREEN,Mid,10000000.0,GREEN,47.65198699207894,41.77837604047258,Hold,Hold,High,High,ttm(Mar 2026),ttm(Mar 2026),Mar 2026,False,False,Hold,,2.9501525940996975,5.626102281602785,March-to-March,full,,,7,,47.5609756097561,27.47093023255814,97.9481733220051,11.284042337199232,25.229560585885487,43.19327731092437,70.99863201094391,0,-0.0,0,GREEN,47.69,42.17,45.48,,,10.0,0.0,0.0,0.0,Hold,45.48,Hold,score 40-50 (trim if weight >2.5%),,,,,,,-100.6,-759.0
THOMASCOOK,Consumer Services,NotCyclical,4928.000173261088,0.0845380796820418,0.1424387929135853,0.2117046347211311,4.505263157894737,18.491039102667205,3.1818181818181746,22.4000007875504,-0.0069596313450938,-0.2477792825603293,-0.3587828895673659,-0.5852016404461078,True,False,48.5243344650141,110907766.0,97803063.0,118755168.72210692,-0.2633333333333333,-0.4999999999999994,22.4000007875504,50.0,43.47826086956522,46.73913043478261,67.44186046511628,18.413978494623656,True,78.07627561386195,6.402355995200537,Neutral,27.2354892588126,7.985885486018644,14.776830892143808,13.61344537815126,11.932773109243698,79.48016415868673,94.0,48.64755098276302,100.0,38.23139078626108,100.0,GREEN,Small,2500000.0,GREEN,47.64755098276302,37.23139078626108,Hold,Sell,High,High,ttm(Mar 2026),ttm(Mar 2026),Mar 2026,False,False,Sell,,3.1695331695331674,18.491039102667205,March-to-March,full,,,7,,46.73913043478261,66.56976744186046,78.07627561386195,6.402355995200537,7.985885486018644,13.61344537815126,79.48016415868673,1,-1.0,0,GREEN,47.46,37.58,43.5,,,7.0,-5.0,-6.0,-11.0,Sell,32.5,Sell,,,,,Y,,47.1,-65.2,13.0
PFIZER,Healthcare,NotCyclical,21478.036087793666,0.1753995990627802,0.2018873096900361,0.0166547704020937,90.4,1.2891513960037626,10.385626643295364,29.749856276914063,-0.0529966295631858,-0.0261204869815617,-0.1417976242806905,0.0511444918971655,True,False,59.64712020969046,78957.0,1321154.0,90791442.3984375,0.0933333333333332,0.0649999999999997,29.749856276914063,67.14285714285714,58.57142857142858,62.85714285714286,14.263565891472869,41.66666666666667,False,75.43607162491165,16.548439053993047,Neutral,20.240921781847856,66.50785619174435,90.47589880159788,40.84033613445378,40.50420168067227,24.76060191518468,28.26666666666667,44.63613400426282,100.0,50.7740589486309,100.0,GREEN,Mid,10000000.0,GREEN,47.63613400426282,53.7740589486309,Hold,Hold,High,High,ttm(Mar 2026),ttm(Mar 2026),Mar 2026,False,False,Hold,,10.47786058746163,1.2891513960037626,March-to-March,full,,,7,,62.85714285714286,14.825581395348838,75.43607162491165,16.548439053993047,66.50785619174435,40.84033613445378,24.76060191518468,0,-0.0,3,GREEN,47.76,53.88,50.21,,,6.0,-5.0,0.0,-5.0,Hold,45.21,Hold,score 40-50 (trim if weight >2.5%),,,,,,14.2,84.3,-205.0
BHARATFORG,Automobile and Auto Components,Cyclical,101506.5654041706,0.1018091983204286,0.1499004608761374,0.7629436325678497,9.030959752321982,9.202114143973873,11.16106850039673,93.21080386057906,0.131221538956336,0.4509814449237745,0.7116126117513637,0.2726705839497685,True,True,54.50023361218357,17016074.0,63172267.0,1776378864.8930664,0.1466666666666665,0.1799999999999997,93.21080386057906,28.26086956521739,10.869565217391305,19.565217391304348,37.2093023255814,44.48924731182796,False,15.392004153686395,85.35175097127507,Neutral,76.46108774989276,100.0,53.26844207723036,45.88235294117647,49.83193277310925,71.68262653898769,73.86666666666667,47.55796642569148,100.0,46.44560559515213,100.0,GREEN,Large,50000000.0,GREEN,47.55796642569148,46.44560559515213,Hold,Hold,High,High,ttm(Mar 2026),ttm(Mar 2026),Mar 2026,False,False,Hold,,11.168418964491167,9.202114143973873,March-to-March,full,,,7,,19.565217391304348,36.91860465116279,15.392004153686395,85.35175097127507,100.0,45.88235294117647,71.68262653898769,0,-0.0,0,GREEN,47.51,46.53,47.12,,,15.0,5.0,-6.0,-1.0,Sell,46.12,Hold,score 40-50 (trim if weight >2.5%) + analyst view,Analyst Sell -> Trim,,,,,2.6,-75.7,-11.0
GMMPFAUDLR,Capital Goods,Cyclical,3262.7372682372666,0.1549942399026344,0.2302527390970665,0.8639004149377594,3.2764227642276422,3.504842526637497,10.225140712945604,61.0363104700501,-0.1139782435507112,-0.216145322248897,-0.3808015386556603,-0.4261786748589324,True,False,57.42918240056006,-2252012.0,-4932173.0,66250907.39013672,3.0900000000000003,3.445000000000001,61.0363104700501,58.87850467289719,76.85185185185185,67.86517826237451,19.689922480620154,41.12903225806452,False,46.4059396268195,4.026869719389242,Neutral,7.744383347245582,85.89161118508655,77.5027962716378,95.96638655462183,94.6218487394958,10.94391244870041,17.066666666666666,47.52570317342196,100.0,46.75849864125115,100.0,GREEN,Small,2500000.0,GREEN,47.52570317342196,46.75849864125115,Hold,Hold,High,High,ttm(Mar 2026),ttm(Mar 2026),Mar 2026,False,False,Hold,,10.159424820256335,3.504842526637497,March-to-March,full,,,7,,67.86517826237451,20.203488372093023,46.4059396268195,4.026869719389242,85.89161118508655,95.96638655462183,10.94391244870041,0,-0.0,0,GREEN,47.62,46.82,47.3,,,8.0,-5.0,0.0,-5.0,Hold,42.3,Hold,score 40-50 (trim if weight >2.5%),,,,,,-19.6,5.3,-3.0
JKPAPER,Forest Materials,Cyclical,6909.809232246014,0.1663751892797872,0.184697845792386,0.4670289855072463,4.1066666666666665,3.2051663917992634,5.964807634953773,23.82087707519531,-0.0134756178598232,0.0362999641402417,-0.050605412608626,-0.3425143987269636,True,True,59.23574990726279,709498.0,4554138.0,88346153.84759521,1.175,-0.1299999999999999,23.82087707519531,65.06849315068493,53.0827067669173,59.07559995880112,18.449612403100776,26.478494623655912,False,75.15049050908456,35.87854948930029,Neutral,39.12086945371816,23.641278295605854,10.725166444740346,83.8655462184874,24.873949579831933,32.28454172366621,34.8,47.482008629708105,100.0,41.09111770470743,100.0,GREEN,Small,2500000.0,GREEN,47.482008629708105,41.09111770470743,Hold,Hold,High,High,ttm(Mar 2026),ttm(Mar 2026),Mar 2026,False,False,Hold,,5.328966954450731,3.2051663917992634,March-to-March,full,,,7,,59.07559995880112,18.8953488372093,75.15049050908456,35.87854948930029,23.641278295605854,83.8655462184874,32.28454172366621,0,-0.0,0,GREEN,47.56,41.06,44.96,,,9.0,-5.0,0.0,-5.0,Hold,39.96,Sell,,,,,,,11.8,-53.5,-65.0
LEMONTREE,Consumer Services,NotCyclical,11451.763341817292,0.1922439466190674,0.1751880599040327,1.4396551724137931,4.131736526946108,18.17339523463593,12.286158631415244,39.90209886244127,0.0087510431998543,-0.2467326551380724,-0.255965581473455,-0.2244121026236012,False,False,45.130340622202766,49709731.0,157043342.0,289836340.3502655,-0.4416666666666664,1.5600000000000005,39.90209886244127,78.26086956521739,52.17391304347826,65.21739130434783,66.51162790697674,49.596774193548384,False,43.84164393103849,14.494662438580654,Neutral,16.213535986088903,7.985885486018644,14.776830892143808,8.067226890756302,85.3781512605042,86.32010943912448,87.33333333333333,47.468855784405385,100.0,44.88487017407422,100.0,GREEN,Small,2500000.0,GREEN,47.468855784405385,44.88487017407422,Hold,Hold,High,High,ttm(Mar 2026),ttm(Mar 2026),Mar 2026,False,False,Hold,,12.286158631415244,18.173395234635926,March-to-March,full,,,7,,65.21739130434783,65.69767441860465,43.84164393103849,14.494662438580654,7.985885486018644,8.067226890756302,86.32010943912448,0,-0.0,0,GREEN,47.29,44.95,46.35,,,19.0,5.0,0.0,5.0,Hold,51.35,Hold,,,,,,,-7.0,-21.9,-38.0
MANYAVAR,Consumer Services,NotCyclical,9704.010349288485,0.242586010504616,0.3135220371728809,0.2331975560081466,11.214285714285714,2.6682420130533124,3.535353535353525,25.825242718446603,-0.0984069347965772,-0.2631578947368421,-0.499806838624287,-0.6289162601171898,False,False,45.68720595730754,18160.0,-4538152.0,66198591.12701416,1.3683333333333332,4.135,25.825242718446603,82.6086956521739,89.13043478260869,85.8695652173913,17.519379844961243,19.758064516129032,False,62.293202530910776,0.984428312015546,Neutral,5.834177954993884,7.985885486018644,14.776830892143808,86.72268907563026,96.47058823529412,11.627906976744184,26.666666666666668,44.379331404465056,100.0,41.85687412909456,100.0,GREEN,Small,2500000.0,GREEN,47.379331404465056,44.85687412909456,Hold,Hold,High,High,ttm(Mar 2026),ttm(Mar 2026),Mar 2026,False,False,Hold,,3.535353535353525,2.6682420130533124,March-to-March,full,,,7,,85.8695652173913,17.87790697674419,62.293202530910776,0.984428312015546,7.985885486018644,86.72268907563026,11.627906976744184,0,-0.0,3,GREEN,47.46,45.25,46.57,,,9.0,-5.0,0.0,-5.0,Hold,41.57,Hold,score 40-50 (trim if weight >2.5%),,,,,,19.0,-37.7,9.0
AETHER,Chemicals,Cyclical,19850.35001853933,0.1171897631722139,0.1356578543851984,0.1864820846905537,20.22222222222222,21.23434401465094,38.25983313468415,90.58609976869334,0.2647207021215663,0.515185135859278,0.925630948144772,0.6497385982634112,True,True,70.81937028462256,9325981.0,23231053.0,304440916.64331055,1.06,2.7349999999999994,90.58609976869334,29.545454545454547,22.727272727272727,26.13636363636364,74.88372093023256,89.24731182795699,True,10.628337783711617,93.82892823251296,Extended,85.3551000085748,26.70386151797603,87.9555259653795,82.35294117647058,91.76470588235294,56.90834473324213,66.93333333333334,47.37801044152668,100.0,63.41905003768366,100.0,GREEN,Mid,10000000.0,GREEN,47.37801044152668,63.41905003768366,Hold,Hold,High,High,ttm(Mar 2026),ttm(Mar 2026),Mar 2026,False,False,Hold,,38.25983313468415,21.23434401465094,March-to-March,full,,,7,,26.13636363636364,74.12790697674419,10.628337783711617,93.82892823251296,26.70386151797603,82.35294117647058,56.90834473324213,0,-0.0,0,GREEN,47.24,63.34,53.68,,,19.0,5.0,0.0,5.0,Hold,58.68,Hold,,,,,,,4.1,30.8,-18.0
EIDPARRY,Fast Moving Consumer Goods,NotCyclical,33207.05808869456,0.2276232441805072,0.3079888416294601,0.4024640657084189,7.599118942731278,3.0195464384859205,21.937484181219947,24.063085571517792,-0.1094030188326767,-0.1801447009917011,-0.3057307928454349,0.0150846616048616,True,False,57.07424182878065,-2305413.0,-7607790.0,208496428.3400269,0.0883333333333332,-1.3200000000000005,24.063085571517792,72.09302325581395,79.54545454545455,75.81923890063425,18.13953488372093,74.05913978494624,True,65.89413335427629,12.480158669388492,Neutral,11.292575817121936,58.78482023968043,8.718242343541945,40.33613445378151,4.705882352941177,9.57592339261286,16.933333333333334,44.34984387278755,100.0,43.05879823972466,100.0,GREEN,Mid,10000000.0,GREEN,47.34984387278755,46.05879823972466,Hold,Hold,High,High,ttm(Mar 2026),ttm(Mar 2026),Mar 2026,False,False,Hold,,21.90831725141573,3.0195464384859205,March-to-March,full,,,7,,75.81923890063425,18.459302325581394,65.89413335427629,12.480158669388492,58.78482023968043,40.33613445378151,9.57592339261286,0,-0.0,3,GREEN,47.42,46.15,46.91,,,10.0,0.0,0.0,0.0,Hold,46.91,Hold,score 40-50 (trim if weight >2.5%),,,,,,-6.1,240.2,-835.0
EMAMILTD,Fast Moving Consumer Goods,NotCyclical,17758.23532998025,0.2827832856273581,0.3511532234755257,0.0554035567715458,87.27272727272727,3.5338551155860154,-0.7613546862693665,22.91385203868419,-0.0859164396927568,-0.1933695942657415,-0.2930085296385881,-0.4354575778371511,False,False,47.083550016176574,-2836620.0,2144991.0,158881221.7758789,0.0116666666666667,-0.4100000000000001,22.91385203868419,83.72093023255815,84.0909090909091,83.90591966173362,20.0,10.887096774193548,False,75.05772402418911,7.2967442478964815,Neutral,7.5434968502341935,58.78482023968043,8.718242343541945,31.596638655462183,14.285714285714285,27.08618331053352,15.6,48.3126196792269,100.0,34.52790607515511,100.0,GREEN,Mid,10000000.0,GREEN,47.3126196792269,33.52790607515511,Hold,Sell,High,High,ttm(Mar 2026),ttm(Mar 2026),Mar 2026,False,False,Sell,,-0.7613546862693665,3.5338551155860154,March-to-March,full,,,7,,83.90591966173362,20.49418604651163,75.05772402418911,7.2967442478964815,58.78482023968043,31.596638655462183,27.08618331053352,1,-1.0,0,GREEN,47.42,33.8,41.97,,,5.0,-5.0,-6.0,-11.0,Sell,30.97,Sell,,,,,,,8.9,-46.3,7.0
ARVIND,Textiles,Cyclical,14481.222292590246,0.0768130563373927,0.1532314145385966,0.410484668644906,6.084848484848485,3.536096713129244,11.694080922079486,33.93536121673004,0.3901868718326724,0.7752362368147923,0.6102995954627071,0.4005245083711746,True,True,52.879217582202806,11420605.0,45768256.0,322311291.55255127,-0.0216666666666667,2.725,33.93536121673004,9.090909090909092,58.333333333333336,33.71212121212121,20.155038759689923,47.043010752688176,False,66.38295505117935,89.66001549786904,Neutral,93.33430046400194,35.95818908122504,92.14993342210386,27.563025210084035,91.5966386554622,66.89466484268127,68.8,47.26210314311152,100.0,71.83043248613144,100.0,GREEN,Mid,10000000.0,GREEN,47.26210314311152,71.83043248613144,Hold,Hold,High,High,ttm(Mar 2026),ttm(Mar 2026),Mar 2026,False,False,Hold,,11.694080922079486,3.5360967131292442,March-to-March,full,,,7,,33.71212121212121,20.63953488372093,66.38295505117935,89.66001549786904,35.95818908122504,27.563025210084035,66.89466484268127,0,-0.0,0,GREEN,47.35,71.95,57.19,,,11.0,0.0,0.0,0.0,Hold,57.19,Hold,,,,,,,7.7,4.3,-19.0
MASTEK,Information Technology,NotCyclical,5481.107805366665,0.1552401803966461,0.190992442416905,0.1463903743315508,18.3125,13.008707636951431,7.062228654124447,13.55877579305172,0.0506862710323576,-0.1275797738347303,-0.2912544250439752,-0.3706745725241908,True,False,63.94474224053369,711253.0,-911973.0,60623860.29321289,1.1083333333333332,0.9899999999999998,13.55877579305172,40.0,28.57142857142857,34.285714285714285,50.697674418604656,30.510752688172044,False,93.46150422785938,12.129198241970506,Neutral,40.6721924426133,13.445272969374168,39.41065246338216,82.85714285714286,78.15126050420169,16.689466484268127,34.93333333333333,47.19885996856673,100.0,48.64860541439008,100.0,GREEN,Small,2500000.0,GREEN,47.19885996856673,48.64860541439008,Hold,Hold,High,High,ttm(Mar 2026),ttm(Mar 2026),Mar 2026,False,False,Hold,,7.062228654124447,13.008707636951433,March-to-March,full,,,7,,34.285714285714285,50.0,93.46150422785938,12.129198241970506,13.445272969374168,82.85714285714286,16.689466484268127,0,-0.0,0,GREEN,47.05,48.87,47.78,,,11.0,0.0,0.0,0.0,Hold,47.78,Hold,score 40-50 (trim if weight >2.5%),,,,,,7.7,1.4,10.0
BAJAJFINSV,Financial Services,NotCyclical,590519.6427139093,0.2541448369775427,0.1151522385984741,5.517730860553167,2.000560597035843,22.40787207525001,12.870177326428587,29.98858221474372,0.0052272204424483,-0.0850393182284967,-0.0877607904589555,0.1725785233421726,True,False,52.6635833703084,273409.0,-5793799.0,1737336571.6593018,-0.1199999999999999,0.31,29.98858221474372,87.39495798319328,39.58333333333333,63.4891456582633,77.20930232558139,52.016129032258064,False,34.61711660745401,22.48300566332127,Neutral,34.73455993661471,47.73288948069241,28.95792276964048,19.495798319327733,56.80672268907563,10.533515731874145,31.6,47.18602478588728,100.0,44.263437663277,100.0,N/A-financial-sector,Large,50000000.0,GREEN,47.18602478588728,44.263437663277,Hold,Hold,High,High,ttm(Mar 2026),ttm(Mar 2026),Mar 2026,False,False,Hold,,13.228126128294626,22.407872075250012,March-to-March,full,,,7,,63.4891456582633,76.45348837209302,34.61711660745401,22.48300566332127,47.73288948069241,19.495798319327733,10.533515731874145,0,-0.0,0,N/A-financial-sector,47.02,44.42,45.98,,,17.0,5.0,0.0,5.0,Hold,50.98,Hold,,,,,,,-1.4,1022.9,-364.0
ASAHIINDIA,Automobile and Auto Components,Cyclical,22912.389676246417,0.1367897891054131,0.1759633118450788,0.559003051881994,4.5,7.479964209838275,8.596300326441785,65.87674427102439,0.0642408574408452,-0.0638097724217816,0.0567496759611905,0.3412428327739956,True,False,53.63501089442206,1141471.0,16803646.0,67239226.4717102,0.415,-0.0049999999999998,65.87674427102439,54.34782608695652,36.95652173913043,45.65217391304347,32.86821705426357,35.3494623655914,False,27.00794041177711,28.24415696765531,Neutral,46.10316557722446,100.0,53.26844207723036,63.52941176470588,32.857142857142854,52.25718194254446,38.66666666666666,47.09285831093418,100.0,40.62135299004203,100.0,GREEN,Mid,10000000.0,GREEN,47.09285831093418,40.62135299004203,Hold,Hold,High,High,ttm(Mar 2026),ttm(Mar 2026),Mar 2026,False,False,Hold,,8.61993905093601,7.479964209838275,March-to-March,full,,,7,,45.65217391304347,32.70348837209303,27.00794041177711,28.24415696765531,100.0,63.52941176470588,52.25718194254446,0,-0.0,0,GREEN,47.06,40.84,44.57,,,12.0,0.0,0.0,0.0,Hold,44.57,Hold,score 40-50 (trim if weight >2.5%),,,,,,6.3,86.0,-38.0
BHEL,Capital Goods,Cyclical,151443.47613790762,0.0019047779318083,0.0196627666960654,0.313126290828425,2.608519269776876,13.076716943017727,26.99975300800961,62.28898339005499,0.3371003512197097,0.639615943932696,0.6865670777248156,0.3299266391990902,True,True,66.26959822387948,95811703.0,645511991.0,4889083715.246857,1.0933333333333335,-0.4299999999999997,62.28898339005499,4.672897196261682,1.851851851851852,3.262374524056767,51.16279069767442,81.31720430107528,False,38.80720961281709,84.83424440828566,Neutral,87.84684970142158,85.89161118508655,77.5027962716378,82.68907563025209,13.865546218487395,97.12722298221614,93.33333333333331,55.36317329880958,100.0,58.474112557902615,100.0,AMBER,Large,50000000.0,GREEN,47.05869730398814,49.70299567421722,Hold,Hold,High,High,ttm(Jun 2026),ttm(Jun 2026),Jun 2026,False,False,Hold,,19.206746885916925,13.076716943017729,March-to-March,full,,,7,,3.262374524056767,50.43604651162791,38.80720961281709,84.83424440828566,85.89161118508655,82.68907563025209,97.12722298221614,0,-0.0,0,AMBER,46.95,48.11,47.41,,,20.0,10.0,0.0,10.0,Hold,57.41,Hold,,,,,Y,,40.6,904.3,345.0
KSCL,Fast Moving Consumer Goods,NotCyclical,4294.084444213506,0.2000492076811179,0.2006664876630207,0.0,298.0,9.311952504727897,15.863787375415273,14.507042041261844,-0.0964422918151479,-0.0645287765525349,-0.2812154915185646,-0.13396838989321,False,False,34.16497048187799,5131854.0,5383923.0,72057051.38653564,-0.2516666666666667,-0.145,14.507042041261844,65.11627906976744,52.27272727272727,58.69450317124736,37.67441860465116,60.483870967741936,False,80.39430351579884,12.95872428954062,Pulled back,11.176095544404795,58.78482023968043,8.718242343541945,14.117647058823527,24.369747899159663,34.88372093023256,57.333333333333336,47.03646185838736,100.0,43.24789607086051,100.0,GREEN,Small,2500000.0,GREEN,47.03646185838736,43.24789607086051,Hold,Hold,High,High,ttm(Mar 2026),ttm(Mar 2026),Mar 2026,False,False,Hold,,16.05657237936773,9.311952504727895,March-to-March,full,,,7,,58.69450317124736,37.354651162790695,80.39430351579884,12.95872428954062,58.78482023968043,14.117647058823527,34.88372093023256,0,-0.0,0,GREEN,46.97,43.31,45.5,,,8.0,-5.0,0.0,-5.0,Hold,40.5,Hold,score 40-50 (trim if weight >2.5%),,,,,,9.5,-0.7,-17.0
MEDANTA,Healthcare,NotCyclical,35654.04700237772,0.1451352070721636,0.1979436701882156,0.3003533568904594,11.632911392405065,17.622326759740716,19.447453954496208,64.32641000347056,0.2228749048251612,0.1159322304263668,0.0237205371713489,0.0520461692611988,True,True,58.612595321570936,3805686.0,2641033.0,223771331.95056152,-0.0966666666666669,-0.3050000000000006,64.32641000347056,45.71428571428572,52.85714285714286,49.28571428571429,65.27131782945736,68.54838709677419,False,32.065499096835,49.162645115476806,Neutral,68.62105658677875,66.50785619174435,90.47589880159788,21.176470588235293,17.81512605042017,28.0437756497948,52.53333333333333,47.01017647050941,100.0,56.62054388103384,100.0,GREEN,Mid,10000000.0,GREEN,47.01017647050941,56.62054388103384,Hold,Hold,High,High,ttm(Mar 2026),ttm(Mar 2026),Mar 2026,False,False,Hold,,19.447453954496208,17.622326759740716,March-to-March,full,,,7,,49.28571428571429,64.38953488372093,32.065499096835,49.162645115476806,66.50785619174435,21.176470588235293,28.0437756497948,0,-0.0,0,GREEN,46.82,56.66,50.75,,,18.0,5.0,0.0,5.0,Hold,55.75,Hold,,,,Y,,,13.7,-139.3,69.0
JYOTICNC,Capital Goods,Cyclical,18177.440480598343,-0.2103946967360631,0.113980004093141,0.4262868565717141,7.528571428571428,31.09451005281436,15.063221550302377,54.09952523987601,0.0747864344246649,-0.1463141156058026,-0.2129137330723186,-0.3595302954236645,True,False,62.888952546676485,14360372.0,44654750.0,693745311.020874,,,54.09952523987601,1.8691588785046729,9.25925925925926,5.564209068881966,86.35658914728683,57.392473118279575,True,41.06141522029372,9.940864151212274,Neutral,39.48412061834822,85.89161118508655,77.5027962716378,,,66.21067031463748,71.73333333333333,48.00354259824248,85.71428571428571,45.73794284412033,85.71428571428571,GREEN,Mid,10000000.0,GREEN,47.00354259824248,44.73794284412033,Hold,Hold,High,High,ttm(Mar 2026),ttm(Mar 2026),Mar 2026,False,False,Hold,,15.126512651265124,31.09451005281436,March-to-March,full,,,6,,5.564209068881966,86.19186046511628,41.06141522029372,9.940864151212274,85.89161118508655,,66.21067031463748,1,-1.0,0,GREEN,47.15,45.15,46.35,,,21.0,10.0,0.0,10.0,Hold,56.35,Hold,,,Y,Y,,,12.8,-38.3,55.0
IXIGO,Consumer Services,NotCyclical,8558.296943433357,0.0886241462403642,0.0723081040628055,0.0214948705422569,20.666666666666668,34.83010735387062,34.026258205689274,117.68639017138962,0.1213915127717939,-0.1185907167323564,0.1380751066678971,0.1609268671886885,True,False,51.94864412009527,47905911.0,38292887.0,204232255.98420715,,,117.68639017138962,52.17391304347826,21.73913043478261,36.95652173913044,88.9922480620155,87.09677419354838,False,26.317989202995296,36.69797483417787,Neutral,51.85151239958467,7.985885486018644,14.776830892143808,,,64.84268125854993,86.8,46.98731214985474,85.71428571428571,48.69710435629678,85.71428571428571,GREEN,Small,2500000.0,GREEN,46.98731214985474,48.69710435629678,Hold,Hold,High,High,ttm(Mar 2026),ttm(Mar 2026),Mar 2026,False,False,Hold,,34.35448577680524,34.83010735387062,March-to-March,full,,,6,,36.95652173913044,88.80813953488372,26.317989202995296,36.69797483417787,7.985885486018644,,64.84268125854993,0,-0.0,0,GREEN,47.22,48.75,47.83,,,20.0,10.0,0.0,10.0,Hold,57.83,Hold,,,Y,Y,Y,,50.6,-34.7,22.0
COROMANDEL,Chemicals,Cyclical,57881.6997032758,0.2155994537241239,0.2774028992196405,0.1199235547061634,9.42274052478134,2.0416476716042853,30.699605563628808,30.486958407536186,-0.0244498483780092,-0.1357710503531546,-0.1225625961939683,0.2712239419366735,True,False,53.14205026137077,167623.0,-4739467.0,674805287.6459961,-0.0033333333333335,0.0149999999999996,30.486958407536186,79.54545454545455,84.0909090909091,81.81818181818181,16.124031007751938,85.08064516129032,True,76.63308653962861,25.0767332115352,Neutral,26.278387566455518,26.70386151797603,87.9555259653795,29.075630252100844,35.12605042016806,11.21751025991792,30.0,43.984502623373466,100.0,62.61590342367902,100.0,GREEN,Large,50000000.0,GREEN,46.984502623373466,65.61590342367901,Hold,Hold,High,High,ttm(Mar 2026),ttm(Mar 2026),Mar 2026,False,False,Hold,,30.703757525430774,2.0416476716042853,March-to-March,full,,,7,,81.81818181818181,16.569767441860463,76.63308653962861,25.0767332115352,26.70386151797603,29.075630252100844,11.21751025991792,0,-0.0,3,GREEN,47.06,65.58,54.47,,,10.0,0.0,0.0,0.0,Hold,54.47,Hold,,,,,,,10.0,-136.2,-441.0
PNB,Financial Services,NotCyclical,121443.61015892027,0.0945226113790288,,0.7171824261700439,,,3.415020755353626,5.474505786717124,-0.0480075897660752,-0.1304239047555575,-0.017515519047655,-0.081928062132334,True,False,49.20674597032526,37954687.0,-7901692.0,1813292691.8208504,0.5816666666666669,0.6050000000000006,5.474505786717124,25.210084033613445,,25.210084033613445,,19.35483870967742,False,95.15953474689417,21.4066310038776,Neutral,22.317341931893097,47.73288948069241,28.95792276964048,70.25210084033613,69.5798319327731,9.30232558139535,84.93333333333334,46.98025662564457,85.71428571428571,41.63072586391594,100.0,N/A-financial-sector,Large,50000000.0,GREEN,46.98025662564457,41.63072586391594,Hold,Hold,High,High,ttm(Jun 2026),ttm(Jun 2026),Jun 2026,False,False,Hold,,-8.43510366373189,,March-to-March,full,,,6,growth_3y<-1y,25.210084033613445,6.594885598923284,95.15953474689417,21.4066310038776,47.73288948069241,70.25210084033613,9.30232558139535,1,-1.0,0,N/A-financial-sector,37.1,38.33,37.59,,,10.0,0.0,6.0,6.0,Hold,43.59,Hold,score 40-50 (trim if weight >2.5%),Sell->Hold (analyst),Y,,,,,,
TRIVENI,Fast Moving Consumer Goods,NotCyclical,10326.270224605398,0.2413873966189264,0.1275531351663565,0.6464253664373317,5.46,3.8441590919340296,10.564246792054831,37.47217757523723,0.1990334508833875,0.3800808437425704,0.3011744304995107,0.1883390132703504,True,True,66.499321611357,8455457.0,33560334.0,149895494.37875366,0.4683333333333334,-0.209999999999999,37.47217757523723,79.06976744186046,15.909090909090908,47.489429175475685,22.015503875968992,42.204301075268816,False,37.51490876724522,73.94169998759558,Neutral,82.4389567277532,58.78482023968043,8.718242343541945,66.21848739495798,21.176470588235293,63.20109439124487,65.33333333333333,46.95863537822928,100.0,47.50290215854634,100.0,GREEN,Small,2500000.0,GREEN,46.95863537822928,47.50290215854634,Hold,Hold,High,High,ttm(Mar 2026),ttm(Mar 2026),Mar 2026,False,False,Hold,,10.564246792054831,3.8441590919340296,March-to-March,full,,,7,,47.489429175475685,22.38372093023256,37.51490876724522,73.94169998759558,58.78482023968043,66.21848739495798,63.20109439124487,0,-0.0,0,GREEN,47.04,47.59,47.26,no fwd revenue data,,4.0,-15.0,0.0,-15.0,Hold,32.26,Sell,,,,,,,17.0,16.4,8.0
TATAELXSI,Information Technology,NotCyclical,22023.576830531943,0.2898161292524758,0.3477979546027294,0.0532719500164419,47.11111111111112,6.106058396098657,5.19761775852734,33.66768223094904,-0.202664883760803,-0.3783455878189132,-0.4063231043207209,-0.4817159193168341,False,False,34.07827728638925,-2233486.0,-8865675.0,1090961926.7819824,0.0849999999999999,0.6050000000000004,33.66768223094904,88.57142857142857,91.42857142857144,90.0,28.68217054263566,24.462365591397848,False,60.06082183652276,4.791544837533079,Pulled back,2.8736537528425563,13.445272969374168,39.41065246338216,39.49579831932773,69.41176470588235,9.165526675786593,17.466666666666665,43.84603393212869,100.0,42.535343944225,100.0,GREEN,Mid,10000000.0,GREEN,46.84603393212869,45.535343944225,Hold,Hold,High,High,ttm(Jun 2026),ttm(Jun 2026),Jun 2026,False,False,Hold,,0.7508715473317329,6.106058396098657,March-to-March,full,,,7,,90.0,28.77906976744186,60.06082183652276,4.791544837533079,13.445272969374168,39.49579831932773,9.165526675786593,0,-0.0,3,GREEN,46.87,43.72,45.61,,,10.0,0.0,0.0,0.0,Hold,45.61,Hold,score 40-50 (trim if weight >2.5%),,,,,,10.7,-133.3,-91.0
SCI,Services,NotCyclical,13529.999999999998,0.1165929636068685,0.1632242299866163,0.2945250659630606,12.630057803468208,-0.0806080496713823,3.103817338565817,10.003443526170798,-0.031537510749979,0.3886841205581723,0.3846897951993582,0.1328385346068334,False,True,44.48877871190166,-15701033.0,440128341.0,1517172732.0739594,-0.0833333333333333,-0.02,10.003443526170798,37.5,40.0,38.75,11.16279069767442,18.27956989247312,False,78.29639519359145,80.06483649560988,Neutral,25.36821614590385,32.419973368841546,58.78482023968043,22.521008403361343,31.428571428571427,95.34883720930232,6.800000000000001,46.84139243909437,100.0,38.335551465828246,100.0,GREEN,Mid,10000000.0,GREEN,46.84139243909437,38.335551465828246,Hold,Sell,High,High,ttm(Mar 2026),ttm(Mar 2026),Mar 2026,False,False,Sell,,3.1038173385658174,-0.08060804967138235,March-to-March,full,,,7,,38.75,11.773255813953488,78.29639519359145,80.06483649560988,32.419973368841546,22.521008403361343,95.34883720930232,0,-0.0,0,GREEN,46.98,38.65,43.65,no fwd revenue data,,4.0,-15.0,-6.0,-20.0,Sell,23.65,Sell,,,,,Y,Y,33.4,365.2,250.0
PAGEIND,Textiles,Cyclical,45139.36915887851,0.450639106499261,0.5857114491617472,0.1844207723035952,23.06,3.635169489249912,6.342451874366772,59.082081161198,0.0696263584017029,0.1892164342543143,-0.1554598203023423,0.0827013596276207,True,True,50.93033376711083,76389.0,-391665.0,796928972.5,0.4383333333333337,0.6300000000000008,59.082081161198,100.0,100.0,100.0,20.77519379844961,27.55376344086021,False,36.841344014241216,42.20162858645583,Neutral,56.15141106773336,35.95818908122504,92.14993342210386,64.87394957983193,70.67226890756302,17.510259917920656,28.133333333333333,46.81403528407631,100.0,60.13815842749059,100.0,GREEN,Large,50000000.0,GREEN,46.81403528407631,60.13815842749059,Hold,Hold,High,High,ttm(Mar 2026),ttm(Mar 2026),Mar 2026,False,False,Hold,,6.322188449848021,3.635169489249912,March-to-March,full,,,7,,100.0,21.22093023255814,36.841344014241216,42.20162858645583,35.95818908122504,64.87394957983193,17.510259917920656,0,-0.0,0,GREEN,46.89,60.41,52.3,,,8.0,-5.0,0.0,-5.0,Hold,47.3,Hold,score 40-50 (trim if weight >2.5%),,,,,,2.8,22.8,-33.0
HONASA,Fast Moving Consumer Goods,NotCyclical,15287.805076537092,0.1016592380530192,0.0876490200166402,0.0956768249468462,18.153846153846157,17.012912485469876,15.66731141199227,76.43902538268547,0.3715536283107676,0.6379791153432601,0.5597213524329769,-0.0253964959987397,True,True,70.68238720091067,114738235.0,207019002.0,333481732.625,,,76.43902538268547,18.6046511627907,4.545454545454546,11.575052854122625,63.87596899224807,59.67741935483871,False,26.840100526191787,78.32668829017565,Extended,92.34657609472372,58.78482023968043,8.718242343541945,,,89.3296853625171,94.53333333333332,46.812239331812336,85.71428571428571,48.00108417020402,85.71428571428571,GREEN,Mid,10000000.0,GREEN,46.812239331812336,48.00108417020402,Hold,Hold,High,High,ttm(Mar 2026),ttm(Mar 2026),Mar 2026,False,False,Hold,,15.723270440251568,17.012912485469876,March-to-March,full,,,6,,11.575052854122625,62.93604651162791,26.840100526191787,78.32668829017565,58.78482023968043,,89.3296853625171,0,-0.0,0,GREEN,46.89,48.15,47.4,,,16.0,5.0,0.0,5.0,Hold,52.4,Hold,,,Y,,Y,,30.7,156.2,0.0
STYRENIX,Chemicals,Cyclical,3916.601097604407,0.1914497308480302,0.2598396881980365,0.2384784198975859,18.05263157894737,,15.253100905129058,20.99037825262922,0.0190027024386338,0.1684064979394155,-0.2870931805497506,-0.0073508568630775,False,True,45.06081331905487,-25489.0,-493795.0,43422131.24084473,0.365,0.6450000000000001,20.99037825262922,70.45454545454545,75.0,72.72727272727272,,58.333333333333336,False,54.52171522814733,25.95457250945518,Neutral,26.83465940883525,26.70386151797603,87.9555259653795,61.84873949579832,71.59663865546219,17.373461012311903,26.13333333333333,46.768075656192806,85.71428571428571,56.25521091351767,100.0,GREEN,Small,2500000.0,GREEN,46.768075656192806,56.25521091351767,Hold,Hold,High,High,ttm(Mar 2026),ttm(Mar 2026),Mar 2026,False,False,Hold,,15.291750503018097,,March-to-March,full,,,6,growth_3y<-1y,72.72727272727272,58.546433378196504,54.52171522814733,25.95457250945518,26.70386151797603,61.84873949579832,17.373461012311903,0,-0.0,0,GREEN,48.89,56.29,51.85,,,9.0,-5.0,0.0,-5.0,Hold,46.85,Hold,score 40-50 (trim if weight >2.5%),,Y,,,,6.3,-62.8,2.0
BLUEDART,Services,NotCyclical,11629.563359667238,0.2087691023609466,0.3561142284812526,0.642656162070906,11.05813953488372,5.89127894978505,7.342657342657333,47.078736955440206,-0.1079430864710092,-0.0918694103517251,-0.2578394529756842,-0.4114077827637215,True,False,50.53741205174115,-29925.0,6355195.0,44180621.5,0.6216666666666667,0.8900000000000006,47.078736955440206,79.16666666666666,96.0,87.58333333333333,27.906976744186046,31.451612903225808,False,40.58744993324433,7.280067831252912,Neutral,15.703523752090844,32.419973368841546,58.78482023968043,71.59663865546219,76.1344537815126,37.34610123119015,26.0,46.73943318049194,100.0,46.26501263709983,100.0,GREEN,Small,2500000.0,GREEN,46.73943318049194,46.26501263709983,Hold,Hold,High,High,ttm(Mar 2026),ttm(Mar 2026),Mar 2026,False,False,Hold,,7.360139860139858,5.89127894978505,March-to-March,full,,,7,,87.58333333333333,28.052325581395348,40.58744993324433,7.280067831252912,32.419973368841546,71.59663865546219,37.34610123119015,0,-0.0,0,GREEN,46.77,46.49,46.66,,,8.0,-5.0,0.0,-5.0,Hold,41.66,Hold,score 40-50 (trim if weight >2.5%),,,,,,-0.6,10.5,-40.0
SYNGENE,Healthcare,NotCyclical,16914.73257826788,0.1046207321236498,0.1986732552983987,0.0946476544740649,18.79591836734694,5.402808311668128,2.6077408729069385,53.35877784942549,-0.0363458003461831,-0.3325076922703308,-0.3282969654029583,-0.4240772995107533,False,False,40.0980159478472,-987820.0,57332211.0,341748471.75,2.858333333333333,0.6150000000000002,53.35877784942549,25.71428571428571,54.285714285714285,40.0,25.89147286821705,16.397849462365592,False,61.92904264509542,4.599257892435637,Neutral,6.9388682017724,66.50785619174435,90.47589880159788,95.12605042016806,69.74789915966386,69.90424076607387,20.933333333333334,46.68866093165087,100.0,38.63504688046427,100.0,GREEN,Mid,10000000.0,GREEN,46.68866093165087,38.63504688046427,Hold,Sell,High,High,ttm(Mar 2026),ttm(Mar 2026),Mar 2026,False,False,Sell,,2.663371773750689,5.402808311668128,March-to-March,full,,,7,,40.0,26.16279069767442,61.92904264509542,4.599257892435637,66.50785619174435,95.12605042016806,69.90424076607387,0,-0.0,0,GREEN,46.75,39.03,43.66,,,9.0,-5.0,0.0,-5.0,Hold,38.66,Sell,,,,,,,-2.2,-151.8,-110.0
PTCIL,Capital Goods,Cyclical,26430.55801594332,0.0608224927578272,0.0927385938800769,0.1731917717319177,14.666666666666666,40.160100135512366,95.7792207792208,259.0848708487085,0.0884906362396129,-0.0220080231780699,0.2246563873578455,0.1868876715708187,True,True,50.199590229731896,251199.0,331322.0,207616549.0,0.34,1.02,259.0848708487085,12.149532710280374,4.62962962962963,8.389581169955001,91.16279069767442,99.05913978494624,True,7.290832220738762,67.43753818519997,Neutral,51.147501294487135,85.89161118508655,77.5027962716378,60.25210084033613,78.82352941176471,19.83584131326949,31.333333333333336,46.577388231356366,100.0,48.97647578937335,100.0,GREEN,Mid,10000000.0,GREEN,46.577388231356366,48.97647578937335,Hold,Hold,High,High,ttm(Mar 2026),ttm(Mar 2026),Mar 2026,False,False,Hold,,95.7792207792208,40.160100135512366,March-to-March,full,,,7,,8.389581169955001,90.98837209302324,7.290832220738762,67.43753818519997,85.89161118508655,60.25210084033613,19.83584131326949,0,-0.0,0,GREEN,46.55,48.98,47.52,,,22.0,10.0,0.0,10.0,Hold,57.52,Hold,,,,,Y,Y,32.3,-14.8,8.0
PRIVISCL,Chemicals,Cyclical,14049.11341717836,0.1503241897778803,0.1778829367779208,0.7230878186968839,7.482758620689655,16.82720647539209,22.02664129400571,44.318969770278734,0.2026953303012619,0.368751006976604,0.5138346826477256,1.4048265394197537,True,True,61.98120341552468,772837.0,-3526777.0,220323623.73901367,0.03,-0.1549999999999999,44.318969770278734,54.54545454545454,54.54545454545454,54.54545454545454,63.410852713178286,74.46236559139786,False,29.73714953271028,93.51170303510143,Neutral,77.61669447326234,26.70386151797603,87.9555259653795,33.27731092436974,23.361344537815125,12.99589603283174,35.06666666666667,46.4715113509717,100.0,60.03428495477651,100.0,GREEN,Mid,10000000.0,GREEN,46.4715113509717,60.03428495477651,Hold,Hold,High,High,ttm(Mar 2026),ttm(Mar 2026),Mar 2026,False,False,Hold,,22.037125178486438,16.82720647539209,March-to-March,full,,,7,,54.54545454545454,62.5,29.73714953271028,93.51170303510143,26.70386151797603,33.27731092436974,12.99589603283174,0,-0.0,0,GREEN,46.31,60.12,51.83,,,19.0,5.0,0.0,5.0,Hold,56.83,Hold,,,,,,,4.3,92.1,-1.0
GLENMARK,Healthcare,NotCyclical,64541.18663473244,0.0262390173943048,0.2167615713477646,0.0565068493150684,21.8755980861244,13.6050885183163,27.48085872992043,47.38706801375363,0.0251938639897988,0.1387809769685737,0.0510793008066605,0.692625679436518,True,True,57.79193924387456,-934349.0,11121278.0,1369281936.0217285,0.0033333333333329,1.1150000000000002,47.38706801375363,8.571428571428571,64.28571428571429,36.42857142857143,52.86821705426357,81.98924731182797,False,40.21121495327103,62.17581822035485,Neutral,39.4405243854717,66.50785619174435,90.47589880159788,30.42016806722689,80.67226890756302,44.73324213406293,21.2,46.38911943036968,100.0,54.65073846952028,100.0,GREEN,Large,50000000.0,GREEN,46.38911943036968,54.65073846952028,Hold,Hold,High,High,ttm(Mar 2026),ttm(Mar 2026),Mar 2026,False,False,Hold,,27.48085872992043,13.6050885183163,March-to-March,full,,,7,,36.42857142857143,52.03488372093024,40.21121495327103,62.17581822035485,66.50785619174435,30.42016806722689,44.73324213406293,0,-0.0,0,GREEN,46.21,54.62,49.57,,,14.0,0.0,0.0,0.0,Hold,49.57,Hold,score 40-50 (trim if weight >2.5%),,,,,,-90.9,1574.9,-1546.0
POLYMED,Healthcare,NotCyclical,17400.462061868213,0.1363851495699022,0.1734317463782057,0.1139729555698647,24.55555555555556,18.916504520257725,12.335329341317358,54.18999531839808,0.1829292682906385,0.0053690990206449,-0.2222960179722655,-0.183789116631448,True,True,62.780649875797394,910469.0,6934385.0,190386971.57531735,0.2066666666666667,-0.1200000000000001,54.18999531839808,37.142857142857146,32.857142857142854,35.0,68.9922480620155,50.0,False,38.35997015628682,21.91051359277597,Neutral,54.8871932283827,66.50785619174435,90.47589880159788,52.10084033613446,25.210084033613445,38.57729138166895,36.4,46.30421169502301,100.0,48.20080525839876,100.0,GREEN,Mid,10000000.0,GREEN,46.30421169502301,48.20080525839876,Hold,Hold,High,High,ttm(Mar 2026),ttm(Mar 2026),Mar 2026,False,False,Hold,,12.342720191731571,18.916504520257725,March-to-March,full,,,7,,35.0,68.02325581395348,38.35997015628682,21.91051359277597,66.50785619174435,52.10084033613446,38.57729138166895,0,-0.0,0,GREEN,46.09,48.29,46.97,,,12.0,0.0,0.0,0.0,Hold,46.97,Hold,score 40-50 (trim if weight >2.5%),,,,Y,,27.9,-69.2,25.0
MIDHANI,Capital Goods,Cyclical,7692.984330484332,0.1226638984188323,0.1577251060279572,0.2656657963446475,9.52,11.507292783354872,12.569832402234638,58.725071225071225,0.0890239421311565,0.2107373262802783,0.000594789349019,-0.2121134496236069,False,True,45.8013388450333,17887245.0,104886684.0,362898699.20654297,-0.2299999999999999,-0.3649999999999999,58.725071225071225,33.64485981308411,35.18518518518518,34.41502249913465,46.04651162790698,51.20967741935484,False,32.571558826402686,41.9927908305038,Neutral,32.50796135359191,85.89161118508655,77.5027962716378,15.042016806722687,15.46218487394958,80.43775649794802,74.66666666666667,46.17586599442552,100.0,43.34872041717845,100.0,GREEN,Small,2500000.0,GREEN,46.17586599442552,43.34872041717845,Hold,Hold,High,High,ttm(Mar 2026),ttm(Mar 2026),Mar 2026,False,False,Hold,,12.569832402234638,11.507292783354872,March-to-March,full,,,7,,34.41502249913465,45.348837209302324,32.571558826402686,41.9927908305038,85.89161118508655,15.042016806722687,80.43775649794802,0,-0.0,0,GREEN,46.05,43.4,44.99,,,12.0,0.0,0.0,0.0,Hold,44.99,Hold,score 40-50 (trim if weight >2.5%),,,,,,21.1,-8.5,7.0
KAJARIACER,Consumer Durables,NotCyclical,19841.096580685597,0.1454830341023263,0.23764149203017,0.0746901500326157,37.60869565217392,3.297922178540702,3.80399742101869,40.74147141824557,0.0459906501868996,0.2486049611079228,0.0633535627971035,-0.1214098033964271,True,True,71.21323964879397,4074363.0,6528919.0,252046509.07763672,0.3866666666666667,0.3949999999999996,40.74147141824557,48.78048780487805,70.73170731707317,59.75609756097561,18.91472868217054,20.56451612903226,False,61.25622041509892,57.2798757333338,Extended,57.307402322383474,25.229560585885487,54.25752330226364,62.60504201680672,60.84033613445378,37.893296853625166,53.86666666666666,46.16862673701875,100.0,51.56585702771384,100.0,GREEN,Mid,10000000.0,GREEN,46.16862673701875,51.56585702771384,Hold,Hold,High,High,ttm(Mar 2026),ttm(Mar 2026),Mar 2026,False,False,Hold,,4.207119741100329,3.297922178540702,March-to-March,full,,,7,,59.75609756097561,19.331395348837212,61.25622041509892,57.2798757333338,25.229560585885487,62.60504201680672,37.893296853625166,0,-0.0,0,GREEN,46.26,52.2,48.64,,,11.0,0.0,0.0,0.0,Hold,48.64,Hold,score 40-50 (trim if weight >2.5%),,,,,,1.0,202.2,21.0
LTTS,Information Technology,NotCyclical,36941.79762554832,0.2220209124823629,0.2951046904360857,0.0892939904217518,30.234375,11.120741569760128,10.121881546372125,27.951168188674608,-0.0148514187760491,-0.1848801545187693,-0.1985736139666755,-0.2997662661691034,True,False,60.38545543324782,1242399.0,6266206.0,339916207.8352051,0.7199999999999999,0.7799999999999994,27.951168188674608,65.71428571428571,60.0,62.85714285714285,45.11627906976744,40.99462365591398,False,48.8105352591334,18.389403813342124,Neutral,28.93182482704559,13.445272969374168,39.41065246338216,75.29411764705883,73.94957983193278,37.07250341997264,38.93333333333333,46.14380044768012,100.0,45.983699576796816,100.0,GREEN,Large,50000000.0,GREEN,46.14380044768012,45.983699576796816,Hold,Hold,High,High,ttm(Jun 2026),ttm(Jun 2026),Jun 2026,False,False,Hold,,14.042729724123614,11.120741569760128,March-to-March,full,,,7,,62.85714285714285,44.47674418604651,48.8105352591334,18.389403813342124,13.445272969374168,75.29411764705883,37.07250341997264,0,-0.0,0,GREEN,46.0,48.44,46.98,,,11.0,0.0,0.0,0.0,Hold,46.98,Hold,score 40-50 (trim if weight >2.5%),,,,,,11.6,-106.4,-83.0
STARHEALTH,Financial Services,NotCyclical,35460.96236521994,0.0989334491975784,0.129098423039541,0.0511589058258509,10.75,13.796591352262922,10.707409477672192,63.66420532355464,0.1904433011793542,0.3421638647155527,0.4192562187828801,0.0406490891870792,True,True,68.99998167946956,14183257.0,26323745.0,267227186.63165283,-0.0566666666666662,0.0299999999999986,63.66420532355464,27.73109243697479,50.0,38.8655462184874,53.48837209302325,42.60752688172043,False,32.45726008661956,75.1419687640519,Neutral,80.75013957309987,47.73288948069241,28.95792276964048,23.865546218487395,35.79831932773109,59.23392612859097,71.33333333333334,45.9970141735679,100.0,48.43540605343999,100.0,N/A-financial-sector,Mid,10000000.0,GREEN,45.9970141735679,48.43540605343999,Hold,Hold,High,High,ttm(Mar 2026),ttm(Mar 2026),Mar 2026,False,False,Hold,,10.707409477672192,13.796591352262922,March-to-March,full,,,7,,38.8655462184874,52.616279069767444,32.45726008661956,75.1419687640519,47.73288948069241,23.865546218487395,59.23392612859097,0,-0.0,0,N/A-financial-sector,45.81,48.57,46.91,,,14.0,0.0,0.0,0.0,Hold,46.91,Hold,score 40-50 (trim if weight >2.5%),,,,,,1.2,-274.6,-2.0
GRAPHITE,Capital Goods,Cyclical,12488.527962675062,0.1287982019479217,0.1261413226206153,0.0628093531319337,8.08,-3.573748541095101,11.406249999999996,73.11383656093052,-0.0795925878666139,0.0931086082588827,0.1870684110958793,0.2121626015452162,False,True,56.491805378033085,-4903477.0,92659263.0,583723564.0,-0.0533333333333332,0.6200000000000006,73.11383656093052,37.38317757009346,14.814814814814811,26.098996192454138,5.736434108527131,45.564516129032256,False,55.58633733867379,65.806410365233,Neutral,15.209152795530024,85.89161118508655,77.5027962716378,24.03361344537815,70.08403361344537,78.38577291381668,12.4,45.758990148227575,100.0,42.871662582821,100.0,GREEN,Mid,10000000.0,GREEN,45.758990148227575,42.871662582821,Hold,Hold,High,High,ttm(Mar 2026),ttm(Mar 2026),Mar 2026,False,False,Hold,,11.406249999999996,-3.573748541095101,March-to-March,full,,,7,,26.098996192454138,6.540697674418605,55.58633733867379,65.806410365233,85.89161118508655,24.03361344537815,78.38577291381668,0,-0.0,0,GREEN,45.9,43.03,44.75,,,6.0,-5.0,0.0,-5.0,Hold,39.75,Sell,,,,,Y,,66.4,-79.9,-276.0
TATACAP,Financial Services,NotCyclical,149620.9176753323,0.1321846753727571,,5.154070908377306,,,,29.858974880642364,0.0428358391149719,0.0020077792034582,,,True,,50.6437106229492,66609969.0,24302302.0,617201867.5846252,,,29.858974880642364,46.21848739495798,,46.21848739495798,,,False,38.63354529202779,,Neutral,46.90899900198424,47.73288948069241,28.95792276964048,,,58.00273597811218,90.13333333333333,45.72494687054592,57.14285714285714,45.19457809939183,71.42857142857143,N/A-financial-sector,Large,50000000.0,GREEN,45.72494687054592,45.19457809939183,Hold,Hold,Med,High,annual,ttm(Mar 2026),Mar 2026,False,False,Hold,,34.82804484134523,20.924643495875017,March-to-March,<1y,39.46666666666667,6.0,5,stage_3y<-1y,46.21848739495798,72.96511627906976,38.63354529202779,46.90899900198424,47.73288948069241,,58.00273597811218,0,-0.0,0,N/A-financial-sector,52.23,53.12,52.59,,,18.0,5.0,0.0,5.0,Hold,57.59,Hold,,,<1y,,,,,,
AURIONPRO,Information Technology,NotCyclical,4742.0168271412185,0.1513905011262243,0.1881872117902595,0.0350978135788262,28.2,28.888410068501603,20.37510656436488,22.36210049598756,-0.057665612204017,-0.1774584915303868,-0.4719246132355394,-0.4558701017811206,True,False,48.74275093878449,2135970.0,2673397.0,108318744.7558899,0.98,1.925,22.36210049598756,25.71428571428571,25.71428571428571,25.71428571428571,83.72093023255815,71.37096774193549,False,56.7227414330218,4.001852404455878,Neutral,23.940539720936364,13.445272969374168,39.41065246338216,80.16806722689076,87.56302521008404,28.317373461012316,44.66666666666666,45.6737780824274,100.0,45.887998365473614,100.0,GREEN,Small,2500000.0,GREEN,45.6737780824274,45.887998365473614,Hold,Hold,High,High,ttm(Mar 2026),ttm(Mar 2026),Mar 2026,False,False,Hold,,20.28985507246377,28.888410068501603,March-to-March,full,,,7,,25.71428571428571,83.57558139534885,56.7227414330218,4.001852404455878,13.445272969374168,80.16806722689076,28.317373461012316,0,-0.0,0,GREEN,45.64,45.98,45.78,,,16.0,5.0,0.0,5.0,Hold,50.78,Hold,,,,,,,7.9,-9.1,0.0
DABUR,Fast Moving Consumer Goods,NotCyclical,75153.75213623047,0.174478523666954,0.2041727031659035,0.1127068920220684,16.896551724137932,4.593513421412743,5.014725782058416,40.17306007549404,-0.0277337551764844,-0.1773776032012095,-0.1785872596841672,-0.2939623780897322,False,False,44.794471445879736,-5519148.0,5253563.0,707202824.9590454,0.6483333333333334,0.0549999999999997,40.17306007549404,51.16279069767442,54.54545454545454,52.854122621564485,24.031007751937985,23.790322580645164,False,66.76401869158879,14.778693390791837,Neutral,15.631663966523137,58.78482023968043,8.718242343541945,72.43697478991596,38.57142857142858,34.47332421340629,11.6,45.65427703559545,100.0,33.226788009071804,100.0,GREEN,Large,50000000.0,GREEN,45.65427703559545,33.226788009071804,Hold,Sell,High,High,ttm(Mar 2026),ttm(Mar 2026),Mar 2026,False,False,Sell,,5.014725782058416,4.593513421412743,March-to-March,full,,,7,,52.854122621564485,24.273255813953487,66.76401869158879,14.778693390791837,58.78482023968043,72.43697478991596,34.47332421340629,0,-0.0,0,GREEN,45.71,33.55,40.84,,,11.0,0.0,0.0,0.0,Hold,40.84,Hold,score 40-50 (trim if weight >2.5%),,,,,,24.2,17.9,34.0
IOC,Oil Gas & Consumable Fuels,Cyclical,207762.45331404317,0.1391451832815429,0.1576878694446152,0.6005065643819641,9.27563793933558,-2.324294583595388,3.4704955118354253,4.7551979561287,-0.0345202712193484,-0.0877520595264774,0.0035819205024882,-0.073850446012576,True,False,52.33338266042593,89849843.0,314195090.0,1834524228.7161105,-0.19,-0.1450000000000004,4.7551979561287,43.75,43.75,43.75,7.441860465116279,19.48924731182796,False,86.39215924262653,24.626267087870477,Neutral,29.97581206075479,45.74513981358189,57.59600532623169,16.470588235294116,24.201680672268907,93.02325581395348,92.66666666666666,45.64057335541117,100.0,48.247028413648025,100.0,GREEN,Large,50000000.0,GREEN,45.64057335541117,48.247028413648025,Hold,Hold,High,High,ttm(Mar 2026),ttm(Mar 2026),Mar 2026,False,False,Hold,,3.470359026310299,-2.3242945835953877,March-to-March,full,,,7,,43.75,8.284883720930232,86.39215924262653,24.626267087870477,45.74513981358189,16.470588235294116,93.02325581395348,0,-0.0,0,GREEN,45.79,48.57,46.9,no fwd revenue data,,3.0,-15.0,-6.0,-20.0,Sell,26.9,Sell,,,,,,,12.4,39768.2,27.0
GMDCLTD,Metals & Mining,Cyclical,18664.364141099,0.0898103200588508,0.0994625697907803,0.0448183232009048,63.285714285714285,-8.804694694570337,-6.877192982456137,19.502992832914316,-0.1513200370140144,0.028579029588595,0.5765536928889965,0.4542772627037781,False,False,41.80338481703488,2065202.0,206069052.0,1068002091.6221008,-0.45,-1.29,19.502992832914316,29.166666666666668,16.666666666666664,22.916666666666664,2.945736434108527,6.048387096774194,False,74.62483311081442,43.037224365345416,Neutral,13.78632818496318,94.9462050599201,6.26444740346205,7.899159663865546,4.873949579831933,89.19288645690835,44.4,46.62973842994139,100.0,25.154772133268107,100.0,GREEN,Mid,10000000.0,GREEN,45.62973842994139,24.154772133268107,Hold,Sell,High,High,ttm(Mar 2026),ttm(Mar 2026),Mar 2026,False,False,Sell,,-6.944931602946336,-8.804694694570337,March-to-March,full,,,7,,22.916666666666664,3.6337209302325584,74.62483311081442,43.037224365345416,94.9462050599201,7.899159663865546,89.19288645690835,1,-1.0,0,GREEN,45.75,24.36,37.2,no fwd revenue data,,4.0,-15.0,-6.0,-20.0,Sell,17.2,Sell,,,,Y,Y,Y,74.7,-149.8,592.0
SAREGAMA,Media Entertainment & Publication,NotCyclical,9389.878723030872,0.1308145405888127,0.1747682771733269,0.043144208037825,67.4,10.151288292632742,-15.969257045260466,45.58193554869355,0.4335285147671119,0.3870235751849515,-0.0111591818946463,-0.0888055867777533,True,True,57.39642168621281,28434974.0,171952039.0,303610176.66238403,-0.1133333333333331,-0.3149999999999993,45.58193554869355,62.5,75.0,68.75,40.775193798449614,2.6881720430107525,True,37.14508233199822,51.2336528365031,Neutral,92.90480227582316,30.089747003994677,42.34007989347536,20.0,17.647058823529413,87.68809849521205,81.86666666666666,48.627984377410414,100.0,51.02019549179895,100.0,GREEN,Small,2500000.0,GREEN,45.627984377410414,48.02019549179895,Hold,Hold,High,High,ttm(Mar 2026),ttm(Mar 2026),Mar 2026,False,False,Hold,,-15.883859948761748,10.151288292632742,March-to-March,full,,,7,,68.75,40.406976744186046,37.14508233199822,51.2336528365031,30.089747003994677,20.0,87.68809849521205,2,-3.0,0,GREEN,45.55,48.26,46.63,,,9.0,-5.0,0.0,-5.0,Hold,41.63,Hold,score 40-50 (trim if weight >2.5%),,,,,,12.0,104.0,-29.0
VMM,Consumer Services,NotCyclical,52418.85512881808,0.0890841937201656,0.1825244315572112,0.2681775259678942,11.017543859649123,19.37854301537463,20.4273982829414,62.47777726915148,-0.0518506154138083,-0.1225715792221886,-0.1583595031129666,,False,False,37.42745036053911,-31387129.0,-862859285.0,1042906312.707348,,,62.47777726915148,54.34782608695652,56.52173913043478,55.43478260869565,71.0077519379845,71.50537634408603,False,55.34045393858479,20.75311729240888,Neutral,14.092037572641742,7.985885486018644,14.776830892143808,,,1.094391244870041,4.133333333333333,45.51880333054737,85.71428571428571,40.57753888507751,85.71428571428571,GREEN,Large,50000000.0,GREEN,45.51880333054737,40.57753888507751,Hold,Hold,High,High,ttm(Mar 2026),ttm(Mar 2026),Mar 2026,False,False,Hold,,20.436730123180304,19.37854301537463,March-to-March,1-2y,,,6,,55.43478260869565,70.05813953488372,55.34045393858479,20.75311729240888,7.985885486018644,,1.094391244870041,0,-0.0,0,GREEN,45.71,41.42,44.0,,,18.0,5.0,0.0,5.0,Hold,49.0,Hold,score 40-50 (trim if weight >2.5%),,Y,,,,7.6,0.4,30.0
MEDPLUS,Consumer Services,NotCyclical,9725.082113964309,0.0682273553781856,0.1493934376429096,0.7210126582278481,5.058333333333334,14.777558569885697,12.320730117340297,44.15666005496895,-0.0784346964495241,-0.0105797011218196,-0.053914947949335,0.1725612169590498,False,False,37.71814052308998,-1289664.0,10425923.0,89108012.83044434,0.9416666666666668,2.6099999999999994,44.15666005496895,45.65217391304348,45.65217391304348,45.65217391304348,55.96899224806201,49.86559139784946,False,45.23248389156557,28.54372091153656,Neutral,14.813693194067817,7.985885486018644,14.776830892143808,79.83193277310924,90.92436974789916,43.9124487004104,19.73333333333333,45.51143423467881,100.0,38.18013399701167,100.0,GREEN,Small,2500000.0,GREEN,45.51143423467881,38.18013399701167,Hold,Sell,High,High,ttm(Mar 2026),ttm(Mar 2026),Mar 2026,False,False,Sell,,12.320730117340295,14.777558569885695,March-to-March,full,,,7,,45.65217391304348,55.087209302325576,45.23248389156557,28.54372091153656,7.985885486018644,79.83193277310924,43.9124487004104,0,-0.0,0,GREEN,45.32,38.22,42.48,,,14.0,0.0,-6.0,-6.0,Sell,36.48,Sell,,,,,Y,,25.8,58.9,23.0
DATAMATICS,Information Technology,NotCyclical,5043.829956797659,0.1534330314839059,0.1963179633682561,0.1431347150259067,19.57894736842105,10.84451098455006,15.322112594312244,25.865794650244407,0.1683964505387027,0.1552942749820822,0.1671983588660417,0.2975470349328881,True,True,56.01731361429312,1643690.0,10823632.0,61403988.94979858,0.2983333333333333,0.385,25.865794650244407,31.428571428571427,31.428571428571427,31.428571428571427,43.87596899224806,58.87096774193549,False,57.153983088562526,75.52737475563983,Neutral,71.59826863857069,13.445272969374168,39.41065246338216,58.15126050420169,60.50420168067227,44.32284541723666,41.2,45.46652843192839,100.0,53.41594975144404,100.0,GREEN,Small,2500000.0,GREEN,45.46652843192839,53.41594975144404,Hold,Hold,High,High,ttm(Mar 2026),ttm(Mar 2026),Mar 2026,False,False,Hold,,15.322112594312243,10.844510984550059,March-to-March,full,,,7,,31.428571428571427,43.31395348837209,57.153983088562526,75.52737475563983,13.445272969374168,58.15126050420169,44.32284541723666,0,-0.0,0,GREEN,45.34,53.43,48.58,,,13.0,0.0,0.0,0.0,Hold,48.58,Hold,score 40-50 (trim if weight >2.5%),,,,,,-3.5,104.5,-87.0
AGARWALEYE,Healthcare,NotCyclical,19685.99975585937,0.0940701491668181,0.1730554616258636,0.5261599210266535,6.333333333333333,26.893249496672887,21.566335476329623,116.90023607992504,0.1083211517302,-0.0244796949524591,0.1397637976137486,,True,True,60.39178107695005,553905.0,360631.0,29862100.792938232,,,116.90023607992504,21.428571428571427,31.428571428571427,26.428571428571427,81.3953488372093,73.25268817204301,False,18.6609597109872,58.33473084018112,Neutral,42.17834927884646,66.50785619174435,90.47589880159788,,,20.109439124487004,33.46666666666667,45.44593791249565,85.71428571428571,46.216704925867454,85.71428571428571,GREEN,Mid,10000000.0,GREEN,45.44593791249565,46.216704925867454,Hold,Hold,High,High,ttm(Mar 2026),ttm(Mar 2026),Mar 2026,False,False,Hold,,21.566335476329623,26.893249496672887,March-to-March,1-2y,,,6,,26.428571428571427,81.3953488372093,18.6609597109872,58.33473084018112,66.50785619174435,,20.109439124487004,0,-0.0,0,GREEN,45.86,46.63,46.17,,,18.0,5.0,0.0,5.0,Hold,51.17,Hold,,,Y,,,,18.5,7.1,3.0
DELHIVERY,Services,NotCyclical,37248.74954223633,-0.0260249237674861,0.0148996009622818,0.1510271497883761,4.444444444444445,13.29934632460521,17.644424540976257,242.26828970560211,0.0692141956867262,0.2514803735871345,0.2076595596267096,0.2590948878861041,True,True,54.13218956839574,57178137.0,108154820.0,1327384468.5065763,13.066,-0.2399999999999975,242.26828970560211,12.5,16.0,14.25,51.93798449612403,65.32258064516128,False,25.683689363595903,71.05045323780057,Neutral,61.57994343632283,32.419973368841546,58.78482023968043,99.07563025210084,19.327731092436977,80.71135430916553,88.26666666666667,45.433983201370665,100.0,45.16422385175176,100.0,GREEN,Large,50000000.0,GREEN,45.433983201370665,45.16422385175176,Hold,Hold,High,High,ttm(Mar 2026),ttm(Mar 2026),Mar 2026,False,False,Hold,,17.644424540976257,13.29934632460521,March-to-March,full,,,7,,14.25,51.162790697674424,25.683689363595903,71.05045323780057,32.419973368841546,99.07563025210084,80.71135430916553,0,-0.0,0,GREEN,45.26,45.16,45.22,,,15.0,5.0,0.0,5.0,Hold,50.22,Hold,,,,,Y,,242.9,197.7,-102.0
ENTERO,Consumer Services,NotCyclical,6656.142343587486,0.0576302304651984,0.0781595722499931,0.4008288928359976,4.925925925925926,25.934809799690363,29.356357927786505,45.59001605196908,-0.0568812710747029,-0.0192823624136651,-0.029234056684591,0.0685223388893128,True,True,53.02932035324017,-582287.0,1076592.0,98998754.12493896,,,45.59001605196908,39.130434782608695,26.08695652173913,32.608695652173914,80.31007751937985,83.60215053763442,False,40.73489290067917,56.54186129735899,Neutral,30.28643994535232,7.985885486018644,14.776830892143808,,,23.66621067031464,22.8,45.41992205105731,85.71428571428571,40.75321165256822,85.71428571428571,GREEN,Small,2500000.0,GREEN,45.41992205105731,40.75321165256822,Hold,Hold,High,High,ttm(Mar 2026),ttm(Mar 2026),Mar 2026,False,False,Hold,,29.336734693877542,25.934809799690363,March-to-March,full,,,6,,32.608695652173914,80.37790697674419,40.73489290067917,56.54186129735899,7.985885486018644,,23.66621067031464,0,-0.0,0,GREEN,45.85,41.51,44.11,,,20.0,10.0,0.0,10.0,Hold,54.11,Hold,,,Y,,,,6.1,43.5,-28.0
LLOYDSENT,Metals & Mining,Cyclical,17388.900736758584,0.0506165480744001,0.0188056926280502,0.1926140477914554,2.4375,66.56367906448925,18.157363819771355,42.5967759983514,0.2034578320680891,0.2990955849313026,-0.1438305850834038,,True,True,60.17799498886905,59346185.0,79440759.0,230520580.83154297,,,42.5967759983514,8.333333333333332,8.333333333333332,8.333333333333332,97.05426356589147,66.39784946236558,True,39.57943925233645,24.496213971665853,Neutral,84.4822005011131,94.9462050599201,6.26444740346205,,,76.1969904240766,88.8,54.515630004138416,85.71428571428571,47.500542124090046,85.71428571428571,AMBER,Mid,10000000.0,GREEN,45.33828550351765,39.375460805476536,Hold,Sell,High,High,ttm(Mar 2026),ttm(Mar 2026),Mar 2026,False,False,Sell,,18.010752688172047,66.56367906448925,March-to-March,1-2y,,,6,,8.333333333333332,97.38372093023256,39.57943925233645,24.496213971665853,94.9462050599201,,76.1969904240766,1,-1.0,0,AMBER,45.04,39.48,42.82,,,8.0,-5.0,-6.0,-11.0,Sell,31.82,Sell,,,Y,Y,Y,Y,90.0,-22.3,339.0
SUNTECK,Realty,Cyclical,4521.055857340495,0.0326830855039307,0.0491649148295948,0.2143450567709775,4.552238805970149,45.88789128911947,31.65298944900352,22.36539754436244,-0.0457887050751339,-0.2590963429418104,-0.2876798371404234,-0.435966990527064,True,False,47.2243369008248,1673615.0,25451193.0,88322804.79057312,-0.2916666666666663,-0.9799999999999986,22.36539754436244,35.294117647058826,41.17647058823529,38.23529411764706,93.1782945736434,85.61827956989248,False,64.87983978638184,11.673569816215489,Neutral,16.73769702887177,5.798402130492676,68.91424766977363,11.932773109243698,7.563025210084033,58.96032831737345,41.46666666666667,45.28259284100911,100.0,47.388372139901136,100.0,GREEN,Small,2500000.0,GREEN,45.28259284100911,47.388372139901136,Hold,Hold,High,High,ttm(Mar 2026),ttm(Mar 2026),Mar 2026,False,False,Hold,,31.77022274325909,45.88789128911947,March-to-March,full,,,7,,38.23529411764706,93.02325581395348,64.87983978638184,11.673569816215489,5.798402130492676,11.932773109243698,58.96032831737345,0,-0.0,0,GREEN,45.25,47.33,46.08,,,14.0,0.0,0.0,0.0,Hold,46.08,Hold,score 40-50 (trim if weight >2.5%),,,,,,16.8,59.9,-6.0
NTPC,Power,NotCyclical,338104.94753601734,0.1287233307965809,0.1236552285873257,1.3338435642004962,3.8274038113180207,2.0713570070144183,-0.4002381230798657,12.2741939859151,-0.1395728336506753,0.0211170097567279,0.0256423333719957,-0.0482876831414456,False,False,34.14899645189914,-63666716.0,1582809.0,3936826518.597549,0.0349999999999998,-0.205,12.2741939859151,52.38095238095239,76.19047619047619,64.28571428571429,16.27906976744186,11.424731182795698,False,91.39519359145528,28.6393721277403,Pulled back,12.6993860690958,35.61571238348868,2.060452729693742,33.61344537815126,21.428571428571427,25.03419972640219,1.0666666666666669,46.20193559172465,100.0,33.80909594559919,100.0,GREEN,Large,50000000.0,GREEN,45.20193559172465,32.80909594559919,Hold,Sell,High,High,ttm(Mar 2026),ttm(Mar 2026),Mar 2026,False,False,Sell,,-0.4002381230798657,2.0713570070144183,March-to-March,full,,,7,,64.28571428571429,16.71511627906977,91.39519359145528,28.6393721277403,35.61571238348868,33.61344537815126,25.03419972640219,1,-1.0,0,GREEN,45.3,33.08,40.41,,,10.0,0.0,0.0,0.0,Hold,40.41,Hold,score 40-50 (trim if weight >2.5%),,,,,,21.4,-1315.5,-3248.0
GICRE,Financial Services,NotCyclical,63992.32901335629,0.1329487452631049,0.1437007464327591,0.0,8797.0,4.345503503490078,6.787996049741008,6.623093460293551,-0.0785552073326055,-0.004774246510106,-0.0010301608052017,-0.0785615288438857,False,False,47.51329793173778,-8043354.0,1124587.0,147972835.21871948,0.0883333333333332,0.0949999999999999,6.623093460293551,48.739495798319325,52.083333333333336,50.411414565826334,23.410852713178297,29.166666666666668,False,89.60489692471317,22.69426463063586,Neutral,12.27474917835974,47.73288948069241,28.95792276964048,40.16806722689076,43.19327731092437,23.93980848153215,9.333333333333334,45.196534285062654,100.0,39.09564494268491,100.0,N/A-financial-sector,Large,50000000.0,GREEN,45.196534285062654,39.09564494268491,Hold,Sell,High,High,ttm(Mar 2026),ttm(Mar 2026),Mar 2026,False,False,Sell,,6.790011487998071,4.345503503490078,March-to-March,full,,,7,,50.411414565826334,23.691860465116278,89.60489692471317,22.69426463063586,47.73288948069241,40.16806722689076,23.93980848153215,0,-0.0,0,N/A-financial-sector,45.26,39.39,42.91,,,6.0,-5.0,0.0,-5.0,Hold,37.91,Sell,,,,,,,12.2,697.7,1067.0
CENTURYPLY,Consumer Durables,NotCyclical,17888.20670655536,0.1322370493042793,0.176674509288361,0.6762452107279694,5.752212389380531,13.956443017668274,19.21802518223989,66.8035573418316,0.0610584697187883,0.0393913772411755,0.0752003956716016,0.0650190079607679,True,True,59.9762704662032,2159048.0,1865341.0,26054985.32836914,0.3400000000000001,0.2999999999999998,66.8035573418316,41.46341463414634,46.34146341463415,43.90243902439025,54.10852713178295,68.14516129032258,False,33.175749484160704,66.7540638314787,Neutral,50.8885518151683,25.229560585885487,54.25752330226364,60.588235294117645,56.134453781512605,26.265389876880985,44.8,45.14085169256435,100.0,50.31916314761664,100.0,GREEN,Mid,10000000.0,GREEN,45.14085169256435,50.31916314761664,Hold,Hold,High,High,ttm(Mar 2026),ttm(Mar 2026),Mar 2026,False,False,Hold,,19.191696113074208,13.956443017668274,March-to-March,full,,,7,,43.90243902439025,53.19767441860465,33.175749484160704,66.7540638314787,25.229560585885487,60.588235294117645,26.265389876880985,0,-0.0,0,GREEN,44.94,50.26,47.07,,,14.0,0.0,0.0,0.0,Hold,47.07,Hold,score 40-50 (trim if weight >2.5%),,,,,,0.8,69.5,7.0
EQUITASBNK,Financial Services,NotCyclical,8860.288679334852,0.0715408842987974,,0.942530612244898,,,7.636248415716107,86.022220187717,0.2112015079274329,0.1383619429075406,0.2142409066343844,-0.1483278887531393,True,True,51.12080445638369,67420720.0,147589325.0,210402755.1672516,6.963333333333332,-1.785,86.022220187717,15.126050420168069,,15.126050420168069,,32.39247311827957,False,28.37562363853559,59.8828065583396,Neutral,79.03539430183638,47.73288948069241,28.95792276964048,99.07563025210084,2.689075630252101,85.22571819425444,90.26666666666668,45.13402154421047,85.71428571428571,39.33666610112427,100.0,N/A-financial-sector,Small,2500000.0,GREEN,45.13402154421047,39.33666610112427,Hold,Sell,High,High,ttm(Mar 2026),ttm(Mar 2026),Mar 2026,False,False,Sell,,7.636248415716107,,engine TTM (no FY pair),full,,,6,growth_3y<-1y,15.126050420168069,33.78196500672948,28.37562363853559,59.8828065583396,47.73288948069241,99.07563025210084,85.22571819425444,0,-0.0,0,N/A-financial-sector,42.64,39.59,41.42,,,12.0,0.0,-6.0,-6.0,Sell,35.42,Sell,,,Y,,,,,,
SRF,Chemicals,Cyclical,85638.27474720738,0.1641051273234973,0.1894772859672788,0.3619854721549637,12.266187050359711,2.014728985769376,7.453035665668395,46.669359535262885,0.1720822418429144,-0.0476927220418527,-0.0892611667651059,0.2270724871920011,True,True,63.853885012405485,2002933.0,4623772.0,1089095392.067871,0.933333333333333,0.2400000000000002,46.669359535262885,63.63636363636363,56.81818181818182,60.22727272727273,15.968992248062015,31.72043010752688,False,54.52057288505886,53.829163048710576,Neutral,55.85905594320389,26.70386151797603,87.9555259653795,79.32773109243698,54.45378151260504,32.69493844049248,44.13333333333333,45.117779053343256,100.0,57.27361401353785,100.0,GREEN,Large,50000000.0,GREEN,45.117779053343256,57.27361401353785,Hold,Hold,High,High,ttm(Mar 2026),ttm(Mar 2026),Mar 2026,False,False,Hold,,7.445722452868719,2.014728985769376,March-to-March,full,,,7,,60.22727272727273,16.424418604651162,54.52057288505886,53.829163048710576,26.70386151797603,79.32773109243698,32.69493844049248,0,-0.0,0,GREEN,45.2,57.45,50.1,,,13.0,0.0,0.0,0.0,Hold,50.1,Hold,,,,,,,1.0,489.6,-111.0
ADANIENSOL,Power,NotCyclical,212788.07894736843,0.0848839585399342,0.1085892718463834,1.9340071577457036,2.2034131571703828,27.555465161981687,16.072029619656682,88.92105263157895,0.3415118050248109,0.8117962466487936,0.9329558075575216,0.6922074906714148,True,True,68.87183347550302,33308878.0,76373586.0,4246087677.5184937,-0.3616666666666669,-1.6150000000000002,88.92105263157895,28.57142857142857,57.14285714285714,42.85714285714285,82.48062015503876,61.693548387096776,False,24.876198567787352,94.12246124128949,Neutral,93.84614998578304,35.61571238348868,2.060452729693742,10.92436974789916,3.5294117647058822,75.37619699042408,83.06666666666666,53.052768921053776,100.0,49.47483819488675,100.0,AMBER,Large,50000000.0,GREEN,45.09485358289571,42.053612465653735,Hold,Hold,High,High,ttm(Mar 2026),ttm(Mar 2026),Mar 2026,False,False,Hold,,16.07691336727395,27.555465161981687,March-to-March,full,,,7,,42.85714285714285,82.41279069767442,24.876198567787352,94.12246124128949,35.61571238348868,10.92436974789916,75.37619699042408,0,-0.0,0,AMBER,45.08,41.94,43.83,,,18.0,5.0,-6.0,-1.0,Sell,42.83,Hold,score 40-50 (trim if weight >2.5%) + analyst view,Analyst Sell -> Trim,,Y,,,23.1,-198.2,1548.0
ATGL,Oil Gas & Consumable Fuels,Cyclical,77894.497987888,0.2021024033479705,0.237207122181662,0.4635149023638232,9.263565891472869,10.419249610733727,17.903580716143217,118.74161278641463,0.1412060471645131,0.2745470202420141,0.0980181054813418,-0.1985397540617319,True,True,46.96276285265344,64092772.0,196952634.0,1916807499.2832336,-0.4883333333333331,-1.185,118.74161278641463,81.25,81.25,81.25,42.01550387596899,65.86021505376344,False,8.220050977060323,58.01080375212262,Neutral,77.39914855133595,45.74513981358189,57.59600532623169,6.890756302521009,6.386554621848739,88.78248974008208,89.60000000000001,45.00238467344672,100.0,54.93932066743394,100.0,GREEN,Large,50000000.0,GREEN,45.00238467344672,54.93932066743394,Hold,Hold,High,High,ttm(Mar 2026),ttm(Mar 2026),Mar 2026,False,False,Hold,,17.880000000000006,10.419249610733727,March-to-March,full,,,7,,81.25,41.56976744186046,8.220050977060323,58.01080375212262,45.74513981358189,6.890756302521009,88.78248974008208,0,-0.0,0,GREEN,44.92,54.9,48.91,,,13.0,0.0,-6.0,-6.0,Sell,42.91,Hold,score 40-50 (trim if weight >2.5%) + analyst view,Analyst Sell -> Trim,,Y,,,6.8,-145.3,18.0
APLLTD,Healthcare,NotCyclical,16413.406641421498,0.1091174405252389,0.1557103971477792,0.2519823788546255,11.925531914893616,9.119978452857946,10.070433088565856,24.46824009324009,0.1085808580858085,0.0482461934739084,-0.1305690473176798,-0.1290153330672819,True,True,62.61197380200068,2759643.0,8089747.0,88086915.92047119,0.1616666666666667,0.4300000000000001,24.46824009324009,28.57142857142857,25.71428571428571,27.14285714285714,37.05426356589147,40.32258064516129,False,76.2017984763999,29.5094329826534,Neutral,47.67025801886097,66.50785619174435,90.47589880159788,47.89915966386555,62.52100840336134,40.35567715458277,47.46666666666667,44.88224208056862,100.0,52.899017347611895,100.0,GREEN,Mid,10000000.0,GREEN,44.88224208056862,52.899017347611895,Hold,Hold,High,High,ttm(Mar 2026),ttm(Mar 2026),Mar 2026,False,False,Hold,,10.086930455635489,9.119978452857946,March-to-March,full,,,7,,27.14285714285714,36.77325581395349,76.2017984763999,29.5094329826534,66.50785619174435,47.89915966386555,40.35567715458277,0,-0.0,0,GREEN,44.82,53.1,48.13,,,11.0,0.0,0.0,0.0,Hold,48.13,Hold,score 40-50 (trim if weight >2.5%),,,,,,-2.0,11.3,-70.0
ZYDUSWELL,Fast Moving Consumer Goods,NotCyclical,19124.88787251134,0.0513337746448026,0.0594167015104581,0.549776862341229,5.204081632653061,20.657067378716157,46.21631598375784,97.08064909904236,0.2051256576295044,0.3631526238344675,0.4905156096706455,0.4649180200263034,True,True,65.00846824490876,20744186.0,152878014.0,200075847.64570615,-0.6716666666666669,-1.2050000000000003,97.08064909904236,2.3255813953488373,2.272727272727273,2.299154334038055,73.17829457364341,92.06989247311829,True,33.312652163669206,87.2226935561841,Neutral,83.2843383606943,58.78482023968043,8.718242343541945,5.546218487394958,5.966386554621849,85.63611491108071,77.33333333333333,44.859486661994254,100.0,46.79782638660132,100.0,GREEN,Mid,10000000.0,GREEN,44.859486661994254,46.79782638660132,Hold,Hold,High,High,ttm(Mar 2026),ttm(Mar 2026),Mar 2026,False,False,Hold,,46.21631598375784,20.657067378716153,March-to-March,full,,,7,,2.299154334038055,72.38372093023256,33.312652163669206,87.2226935561841,58.78482023968043,5.546218487394958,85.63611491108071,0,-0.0,0,GREEN,44.68,46.77,45.52,,,7.0,-5.0,0.0,-5.0,Hold,40.52,Hold,score 40-50 (trim if weight >2.5%),,,,,,-14.8,-45.6,-54.0
LAURUSLABS,Healthcare,NotCyclical,84220.16878927608,0.1209377794027795,0.1883963127925997,0.4750943396226415,10.43859649122807,4.09020193538816,22.66834713719841,94.62940313401806,0.3803901938853016,0.4732596379782359,0.9747370154383272,2.2961248986821103,True,True,66.08073178358623,25299798.0,61153206.0,2690867780.8573,0.776666666666667,1.4399999999999995,94.62940313401806,31.428571428571427,42.85714285714285,37.14285714285714,22.635658914728683,75.40322580645162,True,10.436315086782376,98.42858631056768,Neutral,88.81383605481821,66.50785619174435,90.47589880159788,76.63865546218489,84.36974789915966,71.40902872777018,80.53333333333333,44.82429166095597,100.0,63.45531157557272,100.0,GREEN,Large,50000000.0,GREEN,44.82429166095597,63.45531157557272,Hold,Hold,High,High,ttm(Mar 2026),ttm(Mar 2026),Mar 2026,False,False,Hold,,22.66834713719841,4.09020193538816,March-to-March,full,,,7,,37.14285714285714,22.96511627906977,10.436315086782376,98.42858631056768,66.50785619174435,76.63865546218489,71.40902872777018,0,-0.0,0,GREEN,44.9,63.57,52.37,,,17.0,5.0,0.0,5.0,Hold,57.37,Hold,,,,,,,4.0,490.8,-28.0
DEEPAKNTR,Chemicals,Cyclical,23779.282133406763,0.2253427081184865,0.2834779449894207,0.2806236080178174,20.142857142857142,-0.3566813067406693,-4.769379376962091,43.156591893660185,0.1324361722095393,0.1063964903797616,-0.1183545993979108,-0.3476031473079671,True,True,64.6020814164733,1403736.0,4908859.0,257548321.51989743,0.9400000000000004,0.8250000000000002,43.156591893660185,86.36363636363636,86.36363636363636,86.36363636363636,11.007751937984496,7.258064516129033,False,50.35005006675567,34.408287429319046,Neutral,59.8583103768712,26.70386151797603,87.9555259653795,79.49579831932773,74.95798319327731,33.65253077975376,40.13333333333333,45.814719823465175,100.0,59.11573160288939,100.0,GREEN,Mid,10000000.0,GREEN,44.814719823465175,58.11573160288939,Hold,Hold,High,High,ttm(Mar 2026),ttm(Mar 2026),Mar 2026,False,False,Hold,,-4.769379376962091,-0.35668130674066933,March-to-March,full,,,7,,86.36363636363636,11.627906976744185,50.35005006675567,34.408287429319046,26.70386151797603,79.49579831932773,33.65253077975376,1,-1.0,0,GREEN,44.93,58.31,50.28,,,9.0,-5.0,-6.0,-11.0,Sell,39.28,Sell,,,,,,,5.8,-55.8,-40.0
DYNAMATECH,Capital Goods,Cyclical,6597.221678732146,0.0661729255198324,0.1397181560819482,0.8035264483627204,3.155172413793104,7.195291232809908,15.53813257305774,206.1631774603796,0.0202856451222464,0.1560952675247218,0.4576470117790989,0.454968918763482,False,True,50.26333983713795,-97996.0,970080.0,171329412.0,1.66,0.4500000000000002,206.1631774603796,14.95327102803738,20.37037037037037,17.661820699203876,31.627906976744185,59.13978494623656,False,19.935849425249927,81.76074843019201,Neutral,25.485570778190965,85.89161118508655,77.5027962716378,89.07563025210085,63.69747899159663,22.98221614227086,25.466666666666665,44.75017875257904,100.0,39.426152224048096,100.0,GREEN,Small,2500000.0,GREEN,44.75017875257904,39.426152224048096,Hold,Sell,High,High,ttm(Mar 2026),ttm(Mar 2026),Mar 2026,False,False,Sell,,15.455840455840452,7.195291232809908,March-to-March,full,,,7,,17.661820699203876,31.540697674418606,19.935849425249927,81.76074843019201,85.89161118508655,89.07563025210085,22.98221614227086,0,-0.0,0,GREEN,44.73,39.42,42.61,,,12.0,0.0,-6.0,-6.0,Sell,36.61,Sell,,,,,,,4.0,-1.7,-21.0
KOTAKBANK,Financial Services,NotCyclical,375166.0176521604,0.1301334450137944,,0.5263814242989416,,,5.676803816338705,18.487744798847277,-0.0054061662567342,-0.1157507183458287,-0.1498135168388635,0.0198539115474476,False,False,41.09509845539797,-10573604.0,-180308799.0,5750366331.061188,0.5849999999999996,0.1199999999999992,18.487744798847277,43.69747899159664,,43.69747899159664,,25.806451612903224,False,67.9570500780702,16.78959944557899,Neutral,16.61776288173293,47.73288948069241,28.95792276964048,70.92436974789916,45.04201680672269,1.094391244870041,8.533333333333333,44.73878173243128,85.71428571428571,34.85829528988068,100.0,N/A-financial-sector,Large,50000000.0,GREEN,44.73878173243128,34.85829528988068,Hold,Sell,High,High,ttm(Jun 2026),ttm(Jun 2026),Jun 2026,False,False,Sell,,5.676803816338705,,engine TTM (no FY pair),full,,,6,growth_3y<-1y,43.69747899159664,27.321668909825032,67.9570500780702,16.78959944557899,47.73288948069241,70.92436974789916,1.094391244870041,0,-0.0,0,N/A-financial-sector,40.91,35.13,38.6,,,14.0,0.0,6.0,6.0,Hold,44.6,Hold,score 40-50 (trim if weight >2.5%),Sell->Hold (analyst),Y,,,,,,
ZENSARTECH,Information Technology,NotCyclical,12096.14565228926,0.1552205103920009,0.1970677065444642,0.0167408349226531,76.33333333333333,5.464639470771404,7.687937890551022,15.598767602202267,-0.1061306481901902,-0.2524392824778698,-0.3485894121429036,-0.255808326527961,True,False,60.7022687336063,161880586.0,157460245.0,292985112.875,0.305,3.455000000000001,15.598767602202267,37.142857142857146,34.285714285714285,35.714285714285715,26.2015503875969,32.66129032258064,False,90.7825248479454,9.280816052647834,Neutral,14.581624978491222,13.445272969374168,39.41065246338216,58.31932773109244,94.78991596638654,86.593707250342,96.13333333333334,44.72668168104782,100.0,47.26875597945268,100.0,GREEN,Mid,10000000.0,GREEN,44.72668168104782,47.26875597945268,Hold,Hold,High,High,ttm(Mar 2026),ttm(Mar 2026),Mar 2026,False,False,Hold,,7.687937890551022,5.464639470771404,March-to-March,full,,,7,,35.714285714285715,26.453488372093027,90.7825248479454,9.280816052647834,13.445272969374168,58.31932773109244,86.593707250342,0,-0.0,0,GREEN,44.78,47.52,45.88,,,10.0,0.0,0.0,0.0,Hold,45.88,Hold,score 40-50 (trim if weight >2.5%),,,,,,20.5,36.2,49.0
BAYERCROP,Chemicals,Cyclical,18968.95358796768,0.219297622440926,0.2884129376984863,0.0276466621712744,43.7,3.3556562757084185,3.709795321637421,27.53113728297196,-0.1300970324837381,-0.0465016286702424,-0.3007052431430875,-0.3344746838400085,False,False,52.17363279625436,-157615.0,-234676.0,83264991.74072266,0.1216666666666666,0.3049999999999999,27.53113728297196,81.81818181818183,88.63636363636364,85.22727272727273,19.069767441860467,20.43010752688172,False,61.44901535380507,7.671502604162678,Neutral,7.293747831485674,26.70386151797603,87.9555259653795,43.52941176470589,56.47058823529412,17.920656634746923,24.53333333333333,41.68818096936249,100.0,48.03504351231207,100.0,GREEN,Mid,10000000.0,GREEN,44.68818096936249,51.03504351231207,Hold,Hold,High,High,ttm(Mar 2026),ttm(Mar 2026),Mar 2026,False,False,Hold,,3.690845971131007,3.3556562757084185,March-to-March,full,,,7,,85.22727272727273,19.62209302325581,61.44901535380507,7.671502604162678,26.70386151797603,43.52941176470589,17.920656634746923,0,-0.0,3,GREEN,44.79,51.36,47.42,,,8.0,-5.0,0.0,-5.0,Hold,42.42,Hold,score 40-50 (trim if weight >2.5%),,,,,,11.1,157.5,-23.0
DMART,Consumer Services,NotCyclical,257554.27370414697,0.1328165901023424,0.2063579302975159,0.0991252452583387,36.5281690140845,17.118051634011078,15.583383347661762,84.16915002862697,-0.1420785775251949,0.0324022062672864,-0.0278775774295888,-0.1856416894810715,False,False,37.16137392713715,-3552893.0,833701.0,1578334751.790039,0.0533333333333333,0.1299999999999999,84.16915002862697,69.56521739130434,73.91304347826086,71.7391304347826,64.18604651162791,59.40860215053764,False,30.27831981103009,25.34620005015305,Neutral,12.162123476851502,7.985885486018644,14.776830892143808,36.30252100840336,45.63025210084034,21.751025991792066,14.933333333333335,44.58514846790174,100.0,37.98834097201584,100.0,GREEN,Large,50000000.0,GREEN,44.58514846790174,37.98834097201584,Hold,Sell,High,High,ttm(Jun 2026),ttm(Jun 2026),Jun 2026,False,False,Sell,,15.942248728056875,17.118051634011078,March-to-March,full,,,7,,71.7391304347826,63.22674418604651,30.27831981103009,25.34620005015305,7.985885486018644,36.30252100840336,21.751025991792066,0,-0.0,0,GREEN,44.37,38.17,41.89,,,12.0,0.0,-6.0,-6.0,Sell,35.89,Sell,,,,,,,1.8,-24.6,-43.0
KRBL,Fast Moving Consumer Goods,NotCyclical,8218.452564106103,0.1186211980163018,0.1521672251508092,0.0292750129154468,112.75,4.361240139584655,9.02914357232254,12.678318778000309,0.0227887773199924,0.0063060540274053,-0.0916891839728248,0.157865005715343,False,False,44.409026641014776,3275775.0,16940715.0,150861579.42352295,0.1899999999999999,-0.4449999999999998,12.678318778000309,27.906976744186046,27.27272727272727,27.58985200845666,23.565891472868216,36.424731182795696,False,89.96172674677348,25.21221832903773,Neutral,25.94428252108371,58.78482023968043,8.718242343541945,50.42016806722689,13.529411764705882,52.39398084815321,49.86666666666667,44.51658433206333,100.0,36.69427768614242,100.0,GREEN,Small,2500000.0,GREEN,44.51658433206333,36.69427768614242,Hold,Sell,High,High,ttm(Mar 2026),ttm(Mar 2026),Mar 2026,False,False,Sell,,9.00965319985698,4.3612401395846545,March-to-March,full,,,7,,27.58985200845666,23.837209302325583,89.96172674677348,25.21221832903773,58.78482023968043,50.42016806722689,52.39398084815321,0,-0.0,0,GREEN,44.58,37.02,41.55,,,8.0,-5.0,0.0,-5.0,Hold,36.55,Sell,,,,,,,8.0,167.3,9.0
MANAPPURAM,Financial Services,NotCyclical,30226.994949512267,0.1261206350895139,,3.603326895520528,,,-5.367456681935867,28.56766310224215,0.2100156100971875,0.0588168467229375,0.2453575613295704,0.6133378373435912,True,True,50.52609937249101,5686962.0,30055084.0,876027488.9039917,-1.05,-2.1900000000000013,28.56766310224215,40.33613445378151,,40.33613445378151,,6.854838709677419,False,45.30626200788043,77.29800208774999,Neutral,74.73049382767283,47.73288948069241,28.95792276964048,3.361344537815126,1.092436974789916,61.14911080711354,59.46666666666667,45.41747210471216,85.71428571428571,39.58085181156302,100.0,N/A-financial-sector,Mid,10000000.0,GREEN,44.41747210471216,38.58085181156302,Hold,Sell,High,High,ttm(Mar 2026),ttm(Mar 2026),Mar 2026,False,False,Sell,,-17.798841495523966,-10.740155450109956,March-to-March,full,,,7,,40.33613445378151,2.761627906976744,45.30626200788043,77.29800208774999,47.73288948069241,3.361344537815126,61.14911080711354,1,-1.0,0,N/A-financial-sector,35.03,37.98,36.21,,,10.0,0.0,6.0,6.0,Hold,42.21,Hold,score 40-50 (trim if weight >2.5%),Sell->Hold (analyst),,,,,,,
ICICIGI,Financial Services,NotCyclical,80941.80426814534,0.1656453799595888,0.1992435528372129,0.0,23.84285714285714,14.72699872337586,11.84407190466572,33.31555290989178,-0.1313799448496654,-0.1355260960293327,-0.1873264873806283,-0.1048835976624988,False,False,31.06758356200271,-15191004.0,-24987090.0,916638467.7712402,0.0283333333333336,0.3499999999999996,33.31555290989178,70.58823529411765,60.41666666666666,65.50245098039215,55.81395348837209,47.58064516129033,False,42.77092620669367,13.530538971341612,Pulled back,6.470835766848397,47.73288948069241,28.95792276964048,32.94117647058823,58.73949579831933,6.019151846785226,7.199999999999999,44.27395758034257,100.0,37.58615340327889,100.0,N/A-financial-sector,Large,50000000.0,GREEN,44.27395758034257,37.58615340327889,Hold,Sell,High,High,ttm(Jun 2026),ttm(Jun 2026),Jun 2026,False,False,Sell,,12.658069362714407,14.72699872337586,March-to-March,full,,,7,,65.50245098039215,54.94186046511628,42.77092620669367,13.530538971341612,47.73288948069241,32.94117647058823,6.019151846785226,0,-0.0,0,N/A-financial-sector,44.08,38.4,41.81,,,12.0,0.0,0.0,0.0,Hold,41.81,Hold,score 40-50 (trim if weight >2.5%),,,,,,2.5,-107.3,54.0
TATATECH,Information Technology,NotCyclical,31111.13249054635,0.1870406652539739,0.2359694030977844,0.2391027275044608,25.08823529411765,7.646841789781145,15.224577095080694,55.79810406654292,0.3484375502259962,0.1772916447654948,0.0966518240442788,-0.2140094116305294,True,True,61.05000162427782,23471524.0,67149900.0,801312767.8529663,,,55.79810406654292,54.285714285714285,54.285714285714285,54.285714285714285,33.33333333333333,57.93010752688173,False,38.10858923008456,59.35268922521083,Neutral,83.27277761535,13.445272969374168,39.41065246338216,,,73.18741450068399,79.46666666666667,44.255447497290575,85.71428571428571,59.02209054540633,85.71428571428571,GREEN,Mid,10000000.0,GREEN,44.255447497290575,59.02209054540633,Hold,Hold,High,High,ttm(Jun 2026),ttm(Jun 2026),Jun 2026,False,False,Hold,,6.540247678018574,7.646841789781145,March-to-March,full,,,6,,54.285714285714285,33.13953488372093,38.10858923008456,59.35268922521083,13.445272969374168,,73.18741450068399,0,-0.0,0,GREEN,44.73,53.28,48.15,,,11.0,0.0,0.0,0.0,Hold,48.15,Hold,score 40-50 (trim if weight >2.5%),,Y,,,,11.9,-142.1,-37.0
WABAG,Utilities,NotCyclical,12783.854084547384,0.1066084449293294,0.1725822510598006,0.0887850467289719,6.534246575342466,10.039446800950858,19.738839963559077,34.5219274465426,0.4434060506322903,0.731770899253666,0.3893334905137802,0.5645766405904575,True,True,54.5485117801659,18801697.0,29261823.0,681969320.8479614,-0.1050000000000002,-0.3299999999999998,34.5219274465426,31.36986301369863,44.9624060150376,38.16613451436811,40.62015503875969,69.6236559139785,False,49.90247866720845,84.13419694647058,Neutral,94.38959326642784,16.108388814913447,96.33475366178428,20.504201680672267,16.80672268907563,60.73871409028728,75.73333333333333,44.10608314286678,100.0,65.20585404486683,100.0,GREEN,Mid,10000000.0,GREEN,44.10608314286678,65.20585404486683,Hold,Hold,High,High,ttm(Mar 2026),ttm(Mar 2026),Mar 2026,False,False,Hold,,19.732847601700065,10.039446800950858,March-to-March,full,,,7,,38.16613451436811,40.26162790697674,49.90247866720845,84.13419694647058,16.108388814913447,20.504201680672267,60.73871409028728,0,-0.0,0,GREEN,44.03,65.2,52.5,,,16.0,5.0,0.0,5.0,Hold,57.5,Hold,,,,,,Y,18.4,-28.3,43.0
PIRAMALFIN,Financial Services,NotCyclical,49621.29294755877,-0.1404757419491482,0.0438547230671041,2.841729430154896,1.113340649004546,21.453192924190237,17.77590564448188,29.31358090896903,0.3352579184319526,0.1900757040304745,,,True,,61.90587950266328,3552045.0,,554942609.8666992,,,29.31358090896903,0.8403361344537815,27.08333333333333,13.961834733893555,75.03875968992249,65.7258064516129,False,46.84607725554977,,Neutral,85.12970589730024,47.73288948069241,28.95792276964048,,,,51.2,45.066670944221855,57.14285714285714,51.41735867680171,85.71428571428571,N/A-financial-sector,Large,50000000.0,GREEN,44.066670944221855,50.41735867680171,Hold,Hold,Med,High,ttm(Jun 2026),ttm(Jun 2026),Jun 2026,False,False,Hold,,14.727710843373497,21.453192924190233,March-to-March,<1y,72.93333333333332,6.0,4,"stage_3y<-1y,accumulation_3y<-1y",13.961834733893555,74.27325581395348,46.84607725554977,85.12970589730024,47.73288948069241,,51.2,1,-1.0,0,N/A-financial-sector,49.24,48.65,49.0,,,9.0,-5.0,0.0,-5.0,Hold,44.0,Hold,score 40-50 (trim if weight >2.5%),,<1y,,,,113.0,485.7,1190.0
SUDARSCHEM,Chemicals,Cyclical,15426.250704913073,0.1523622343458862,0.16475024046808,0.7168115942028985,3.575757575757576,61.99990368622874,192.5859491778774,376.2500171930018,0.2229471231223176,0.1563768875537621,-0.1261138512793778,0.1656207757198924,True,True,76.97661614221954,1254485.0,6210255.0,163572862.3461609,-0.1916666666666664,0.5100000000000002,376.2500171930018,56.81818181818182,43.18181818181818,50.0,96.43410852713178,99.05913978494624,True,18.70452269692924,46.66937470998924,Extended,73.62826431170396,26.70386151797603,87.9555259653795,16.30252100840336,65.71428571428571,36.66210670314637,39.06666666666666,44.02515030596223,100.0,63.37628266205488,100.0,GREEN,Mid,10000000.0,GREEN,44.02515030596223,63.37628266205488,Hold,Hold,High,High,ttm(Mar 2026),ttm(Mar 2026),Mar 2026,False,False,Hold,,192.498505678422,61.99990368622874,March-to-March,full,,,7,,50.0,96.51162790697676,18.70452269692924,46.66937470998924,26.70386151797603,16.30252100840336,36.66210670314637,0,-0.0,0,GREEN,44.04,63.38,51.77,,,7.0,-5.0,0.0,-5.0,Hold,46.77,Hold,score 40-50 (trim if weight >2.5%),,,Y,Y,Y,50.3,-530.3,146.0
CASTROLIND,Oil Gas & Consumable Fuels,Cyclical,,,,,,,7.012083485902609,19.05159965019108,0.013394095986889,0.0131362865232853,-0.1218095863027102,-0.1892039199620905,True,True,53.33366490509777,2900770.0,50602832.0,173494468.64414215,0.0616666666666671,-0.2649999999999979,19.05159965019108,,,,,30.107526881720432,False,,30.641709878702414,Neutral,48.20780998007846,45.74513981358189,57.59600532623169,36.97478991596639,18.823529411764707,68.94664842681259,48.266666666666666,44.01113424634357,57.14285714285714,43.16343984646458,71.42857142857143,GREEN,,,GREEN,44.01113424634357,43.16343984646458,Hold,Hold,Med,High,ttm(Mar 2026),ttm(Mar 2026),Mar 2026,False,True,Hold,,7.012083485902609,,engine TTM (no FY pair),full,,,4,growth_3y<-1y,,31.35935397039031,,30.641709878702414,45.74513981358189,36.97478991596639,68.94664842681259,0,-0.0,0,GREEN,44.07,45.59,44.68,,,7.0,-5.0,0.0,-5.0,Hold,39.68,Sell,,,Y,,,,,,
AMBER,Consumer Durables,NotCyclical,35890.03565768622,0.0786781414569817,0.1382320485720412,0.6180237877401646,3.035211267605634,20.71798992295706,22.19993983756141,155.32842472389072,0.0045109955516571,0.3044504108697421,0.0736623585347886,0.7820978416457163,True,True,61.29269329349695,1906584.0,-386038.0,2456500152.75,0.9116666666666672,2.6500000000000004,155.32842472389072,24.390243902439025,24.390243902439025,24.390243902439025,73.33333333333333,74.73118279569893,False,16.74353683699478,77.08390777999529,Neutral,53.26964665981019,25.229560585885487,54.25752330226364,78.65546218487395,91.34453781512605,17.647058823529413,43.6,43.997572672603546,100.0,48.47263445882381,100.0,GREEN,Mid,10000000.0,GREEN,43.997572672603546,48.47263445882381,Hold,Hold,High,High,ttm(Mar 2026),ttm(Mar 2026),Mar 2026,False,False,Hold,,22.189912764464047,20.71798992295706,March-to-March,full,,,7,,24.390243902439025,72.52906976744185,16.74353683699478,77.08390777999529,25.229560585885487,78.65546218487395,17.647058823529413,0,-0.0,0,GREEN,43.82,48.56,45.72,,,18.0,5.0,0.0,5.0,Hold,50.72,Hold,,,,,,,24.1,-37.3,10.0
VGUARD,Consumer Durables,NotCyclical,13140.170504216094,0.13482435896807,0.1957043277803034,0.0695322376738306,43.91666666666666,13.070573094671566,6.955898171387598,42.60254769547825,-0.0840808678220935,-0.0428979964294338,-0.2300347937340073,-0.3635392650264261,False,False,44.436741303571125,1669128.0,-9567289.0,56322567.12753296,0.4250000000000004,0.2949999999999999,42.60254769547825,43.90243902439025,53.65853658536586,48.78048780487805,51.007751937984494,29.97311827956989,False,64.5460614152203,10.202492263625729,Neutral,12.370418010564295,25.229560585885487,54.25752330226364,64.2016806722689,55.96638655462185,8.891928864569083,41.333333333333336,43.94194884761645,100.0,40.34832509639986,100.0,GREEN,Mid,10000000.0,GREEN,43.94194884761645,40.34832509639986,Hold,Hold,High,High,ttm(Mar 2026),ttm(Mar 2026),Mar 2026,False,False,Hold,,6.955898171387598,13.070573094671566,March-to-March,full,,,7,,48.78048780487805,50.2906976744186,64.5460614152203,10.202492263625729,25.229560585885487,64.2016806722689,8.891928864569083,0,-0.0,0,GREEN,43.78,40.57,42.5,,,14.0,0.0,0.0,0.0,Hold,42.5,Hold,score 40-50 (trim if weight >2.5%),,,,,,0.2,-22.8,-19.0
SPLPETRO,Chemicals,Cyclical,13252.770075860666,0.1388304585612116,0.2091633466135458,0.055952881783761,29.166666666666668,,,40.1599093207899,-0.0765804259139035,0.2620997478260678,-0.1220287233632345,-0.1661569210675845,True,True,45.18516652396816,805902.0,5919134.0,36103677.263549805,0.0999999999999999,0.1699999999999998,40.1599093207899,50.0,68.18181818181817,59.090909090909086,,,False,48.67239652870494,39.26370573650866,Neutral,38.8074092735291,26.70386151797603,87.9555259653795,42.01680672268908,48.739495798319325,35.9781121751026,35.2,43.862821691877535,85.71428571428571,54.146865880412165,85.71428571428571,GREEN,Mid,10000000.0,GREEN,43.862821691877535,54.146865880412165,Hold,Hold,High,High,annual,ttm(Mar 2026),Mar 2026,False,False,Hold,,,,engine TTM (no FY pair),full,,,6,,59.090909090909086,,48.67239652870494,39.26370573650866,26.70386151797603,42.01680672268908,35.9781121751026,0,-0.0,0,GREEN,44.97,53.57,48.41,,,8.0,-5.0,0.0,-5.0,Hold,43.41,Hold,score 40-50 (trim if weight >2.5%),,Y,,,,,,
AFFLE,Information Technology,NotCyclical,21685.376388375065,0.135096805670561,0.1608651802668075,0.0041073384446878,122.0,23.61939616707529,19.49713277459197,47.6306843307783,0.0657484935945824,-0.1117840065847701,-0.2252465066769255,0.1253288489770634,True,False,61.2010494731578,2435842.0,8650580.0,287483066.0078125,1.0,2.329999999999999,47.6306843307783,20.0,17.142857142857142,18.57142857142857,78.75968992248062,68.95161290322581,False,43.799881323245806,23.064230324645063,Neutral,44.18359875638792,13.445272969374168,39.41065246338216,80.75630252100841,89.57983193277312,41.17647058823529,46.0,43.791863769462765,100.0,46.911628802434514,100.0,GREEN,Mid,10000000.0,GREEN,43.791863769462765,46.911628802434514,Hold,Hold,High,High,ttm(Mar 2026),ttm(Mar 2026),Mar 2026,False,False,Hold,,19.54986760812003,23.61939616707529,March-to-March,full,,,7,,18.57142857142857,78.05232558139535,43.799881323245806,23.064230324645063,13.445272969374168,80.75630252100841,41.17647058823529,0,-0.0,0,GREEN,43.64,46.95,44.96,,,17.0,5.0,0.0,5.0,Hold,49.96,Hold,score 40-50 (trim if weight >2.5%),,,,,,14.0,32.6,-16.0
AHLUCONT,Construction,Cyclical,5785.784750640708,0.1387376750653783,0.2114106626781878,0.0354541039339485,8.7,17.168120539267086,11.395802830649092,21.75655211171796,0.0360014405849882,-0.0389624852227722,-0.1218619772564456,-0.4222109559072051,True,False,55.7287869019773,244701.0,6424855.0,28245134.770751957,-0.1450000000000001,-0.1100000000000003,21.75655211171796,60.86956521739131,73.91304347826086,67.3913043478261,64.34108527131784,45.43010752688172,False,55.01540515559207,20.99606797724733,Neutral,47.96625174458487,8.461517976031956,26.57070572569907,18.823529411764707,25.882352941176475,37.75649794801642,30.933333333333334,43.683843370934525,100.0,45.6283928787946,100.0,GREEN,Small,2500000.0,GREEN,43.683843370934525,45.6283928787946,Hold,Hold,High,High,ttm(Mar 2026),ttm(Mar 2026),Mar 2026,False,False,Hold,,11.368626494266888,17.168120539267086,March-to-March,full,,,7,,67.3913043478261,63.372093023255815,55.01540515559207,20.99606797724733,8.461517976031956,18.823529411764707,37.75649794801642,0,-0.0,0,GREEN,43.51,45.77,44.41,,,13.0,0.0,0.0,0.0,Hold,44.41,Hold,score 40-50 (trim if weight >2.5%),,,,,,20.3,54.1,17.0
VARROC,Automobile and Auto Components,Cyclical,10299.25284350072,-0.1164274192099482,0.1898984182952322,0.5196629213483146,6.1940298507462686,8.861213291262459,9.038508707382874,44.74898070460905,0.2232936955733553,0.1534493376695318,0.1675812834540631,-0.017116379850555,True,True,61.95913039623864,1123652.0,1930866.0,60052070.75592041,-0.235,0.185,44.74898070460905,6.521739130434782,50.0,28.26086956521739,35.81395348837209,36.693548387096776,False,36.20086040646788,58.415141580536535,Neutral,78.88742029370948,100.0,53.26844207723036,14.6218487394958,50.588235294117645,26.538987688098494,38.266666666666666,43.584551226271245,100.0,49.38810575026276,100.0,GREEN,Small,2500000.0,GREEN,43.584551226271245,49.38810575026276,Hold,Hold,High,High,ttm(Mar 2026),ttm(Mar 2026),Mar 2026,False,False,Hold,,9.02624478783418,8.861213291262459,March-to-March,full,,,7,,28.26086956521739,35.61046511627907,36.20086040646788,58.415141580536535,100.0,14.6218487394958,26.538987688098494,0,-0.0,0,GREEN,43.55,49.62,45.98,,,13.0,0.0,0.0,0.0,Hold,45.98,Hold,score 40-50 (trim if weight >2.5%),,,Y,,,-6.5,-15.0,90.0
ETHOSLTD,Consumer Durables,NotCyclical,7137.1204033738,0.0878401753484946,0.1451054320904677,0.2163978494623656,7.518518518518518,26.890568974280484,28.856914468425263,73.9898861710628,0.0983524708355056,-0.0221322201630118,-0.0264704263006497,-0.0637155381944444,True,True,65.19619149484387,-724824.0,-325292.0,37445306.2097168,0.3860000000000001,-0.3699999999999996,73.9898861710628,29.268292682926827,29.268292682926827,29.268292682926827,81.24031007751938,83.1989247311828,False,21.56572399563054,52.13712259777858,Neutral,52.787155918266286,25.229560585885487,54.25752330226364,62.35294117647059,15.126050420168069,17.783857729138166,21.866666666666667,43.52662311603967,100.0,44.40008869206692,100.0,GREEN,Small,2500000.0,GREEN,43.52662311603967,44.40008869206692,Hold,Hold,High,High,ttm(Mar 2026),ttm(Mar 2026),Mar 2026,False,False,Hold,,28.753993610223638,26.890568974280484,March-to-March,full,,,7,,29.268292682926827,81.25,21.56572399563054,52.13712259777858,25.229560585885487,62.35294117647059,17.783857729138166,0,-0.0,0,GREEN,43.53,44.35,43.86,,,15.0,5.0,0.0,5.0,Hold,48.86,Hold,score 40-50 (trim if weight >2.5%),,,Y,Y,,33.6,-50.6,20.0
RBLBANK,Financial Services,NotCyclical,22426.24397116874,0.0629527985348001,,1.0149253731343284,,,5.362505362505354,29.519933913178903,0.1426771269069882,0.186784341857557,0.3784041593422005,0.4449338382482071,True,True,48.29801168538168,-3715816.0,77299413.0,1719129313.6526642,-0.0866666666666666,2.3450000000000006,29.519933913178903,11.76470588235294,,11.76470588235294,,25.0,False,54.85053241720668,81.76500829330786,Neutral,72.20803170565834,47.73288948069241,28.95792276964048,22.35294117647059,89.74789915966387,75.51299589603283,13.866666666666664,43.48960709119172,85.71428571428571,43.17776336746845,100.0,N/A-financial-sector,Mid,10000000.0,GREEN,43.48960709119172,43.17776336746845,Hold,Hold,High,High,ttm(Jun 2026),ttm(Jun 2026),Jun 2026,False,False,Hold,,5.362505362505354,,engine TTM (no FY pair),full,,,6,growth_3y<-1y,11.76470588235294,26.648721399730825,54.85053241720668,81.76500829330786,47.73288948069241,22.35294117647059,75.51299589603283,0,-0.0,0,N/A-financial-sector,39.78,43.47,41.26,,,10.0,0.0,0.0,0.0,Hold,41.26,Hold,score 40-50 (trim if weight >2.5%),,Y,,,,,,
GAEL,Fast Moving Consumer Goods,NotCyclical,6796.669487356241,0.1089349639354857,0.1441925687754699,0.1338391502276176,16.642857142857142,5.283891767616256,24.19249945805333,22.323794537279976,0.0102228586088513,0.0735857743489678,0.344404352014579,0.0798171345032685,False,True,33.32325794475314,-5179737.0,35156550.0,116729424.9725952,-0.0133333333333333,-0.27,22.323794537279976,20.930232558139537,22.727272727272727,21.82875264270613,25.73643410852713,78.2258064516129,True,65.7894971072541,72.81077285667688,Pulled back,28.39360013145061,58.78482023968043,8.718242343541945,28.403361344537814,18.31932773109244,63.748290013679885,12.0,43.48072264891261,100.0,38.30950860707579,100.0,GREEN,Small,2500000.0,GREEN,43.48072264891261,38.30950860707579,Hold,Sell,High,High,ttm(Mar 2026),ttm(Mar 2026),Mar 2026,False,False,Sell,,24.19249945805333,5.283891767616256,March-to-March,full,,,7,,21.82875264270613,26.01744186046512,65.7894971072541,72.81077285667688,58.78482023968043,28.403361344537814,63.748290013679885,0,-0.0,0,GREEN,43.54,38.3,41.45,,,12.0,0.0,0.0,0.0,Hold,41.45,Hold,score 40-50 (trim if weight >2.5%),,,,Y,,25.5,-32.0,21.0
ARVINDFASN,Consumer Services,NotCyclical,9414.700353990596,0.1154498336891653,0.2617770769836083,1.4167550371155886,4.147058823529412,8.976048186362707,14.004329004328998,51.16684974994888,0.0062192247265295,-0.001808266371686,0.0262743250224097,-0.1001700779806956,True,False,51.23074440482329,-1012892.0,2966690.0,107028087.28118896,0.9133333333333334,-1.1199999999999983,51.16684974994888,65.21739130434783,80.43478260869566,72.82608695652175,36.12403100775194,54.03225806451613,False,29.96807337319325,28.98995658377991,Neutral,42.60542797497661,7.985885486018644,14.776830892143808,78.82352941176471,6.722689075630252,29.00136798905609,20.8,43.413392033021,100.0,41.36016967149381,100.0,GREEN,Small,2500000.0,GREEN,43.413392033021,41.36016967149381,Hold,Hold,High,High,ttm(Mar 2026),ttm(Mar 2026),Mar 2026,False,False,Hold,,13.982683982683985,8.976048186362707,March-to-March,full,,,7,,72.82608695652175,35.901162790697676,29.96807337319325,28.98995658377991,7.985885486018644,78.82352941176471,29.00136798905609,0,-0.0,0,GREEN,43.36,41.45,42.6,,,13.0,0.0,0.0,0.0,Hold,42.6,Hold,score 40-50 (trim if weight >2.5%),,,,,,6.1,2.9,-17.0
CENTRALBK,Financial Services,NotCyclical,29551.18255310059,0.0908880805502912,,0.8167482885054229,,,9.44997503890994,6.470238216339597,-0.072375919863673,-0.1163307985714532,-0.1249064357465403,-0.4526168528124465,True,False,51.92103262106564,-48862735.0,77506848.0,272789918.18438816,0.0216666666666666,-0.025,6.470238216339597,21.008403361344534,,21.008403361344534,,38.844086021505376,False,80.39271874694715,11.32053169000664,Neutral,17.82442566351327,47.73288948069241,28.95792276964048,32.26890756302521,30.756302521008404,75.64979480164159,2.666666666666667,43.33336660452099,85.71428571428571,33.72519406432048,100.0,N/A-financial-sector,Mid,10000000.0,GREEN,43.33336660452099,33.72519406432048,Hold,Sell,High,High,ttm(Jun 2026),ttm(Jun 2026),Jun 2026,False,False,Sell,,9.44997503890994,,engine TTM (no FY pair),full,,,6,growth_3y<-1y,21.008403361344534,39.703903095558545,80.39271874694715,11.32053169000664,47.73288948069241,32.26890756302521,75.64979480164159,0,-0.0,0,N/A-financial-sector,42.53,33.88,39.07,,,9.0,-5.0,6.0,0.0,Hold,39.07,Sell,,,Y,,,,,,
BALAMINES,Chemicals,Cyclical,7768.104811084363,0.1906875956599928,0.2599337043432595,0.0673076923076923,53.0,-15.42964975181621,1.93133047210301,45.95621098291271,1.0731033589445684,0.9444855763216492,0.336418294866921,0.0290549421821522,True,True,63.1034725500807,9147890.0,36674217.0,403606932.57092285,0.2116666666666666,0.3149999999999996,45.95621098291271,68.18181818181817,77.27272727272727,72.72727272727272,1.0852713178294573,14.919354838709678,True,36.35867431084583,72.93925815437531,Neutral,97.62298607832528,26.70386151797603,87.9555259653795,52.43697478991597,57.14285714285714,64.70588235294117,66.66666666666666,43.30862944376543,100.0,64.58583869631893,100.0,GREEN,Small,2500000.0,GREEN,43.30862944376543,64.58583869631893,Hold,Hold,High,High,ttm(Mar 2026),ttm(Mar 2026),Mar 2026,False,False,Hold,,2.1598272138228847,-15.42964975181621,March-to-March,full,,,7,,72.72727272727272,1.0901162790697674,36.35867431084583,72.93925815437531,26.70386151797603,52.43697478991597,64.70588235294117,0,-0.0,0,GREEN,43.31,64.85,51.93,,,15.0,5.0,0.0,5.0,Hold,56.93,Hold,,,,,,,12.5,28.0,-4.0
TRIDENT,Textiles,Cyclical,12894.418646838214,0.1114613741239862,0.1734453959210415,0.3832774518021793,7.62280701754386,1.9059567131395336,-4.093316158580218,34.20270198100322,0.0072080223062802,0.0179230218156787,-0.1850194174471068,-0.3088073698994724,True,False,47.23096318426792,91079137.0,357759698.0,121457055.87952425,-0.0883333333333333,0.0699999999999999,34.20270198100322,45.45454545454545,83.33333333333334,64.3939393939394,15.658914728682172,7.795698924731183,False,65.38273253226524,13.577913758476564,Neutral,40.01023701490654,35.95818908122504,92.14993342210386,22.01680672268908,41.17647058823529,93.98084815321477,92.93333333333334,44.30336415353548,100.0,54.816499090583946,100.0,GREEN,Mid,10000000.0,GREEN,43.30336415353548,53.816499090583946,Hold,Hold,High,High,ttm(Mar 2026),ttm(Mar 2026),Mar 2026,False,False,Hold,,-4.093316158580218,1.9059567131395339,March-to-March,full,,,7,,64.3939393939394,16.13372093023256,65.38273253226524,13.577913758476564,35.95818908122504,22.01680672268908,93.98084815321477,1,-1.0,0,GREEN,43.39,54.03,47.64,,,7.0,-5.0,0.0,-5.0,Hold,42.64,Hold,score 40-50 (trim if weight >2.5%),,,,,,15.8,9.7,7.0
JKCEMENT,Construction Materials,Cyclical,41754.44141689374,0.1402564154752883,0.1754649730686089,0.8786414665340344,5.610849056603773,12.18041699328152,15.92079845460399,44.36136307918607,-0.0492576045029894,-0.0578065514735756,-0.1549119893823997,0.3014407478459486,True,False,53.98843478732988,-472943.0,-2916924.0,286916344.25,0.2550000000000005,0.3250000000000002,44.36136307918607,100.0,75.0,87.5,48.372093023255815,60.752688172043015,False,39.04539385847797,24.68119404717117,Neutral,32.851156521267015,11.058055925432758,11.85699067909454,55.63025210084034,57.39495798319327,13.81668946648427,23.066666666666663,43.27843841608192,100.0,43.70032722294484,100.0,GREEN,Large,50000000.0,GREEN,43.27843841608192,43.70032722294484,Hold,Hold,High,High,ttm(Jun 2026),ttm(Jun 2026),Jun 2026,False,False,Hold,,15.514773970872975,12.180416993281519,March-to-March,full,,,7,,87.5,47.674418604651166,39.04539385847797,24.68119404717117,11.058055925432758,55.63025210084034,13.81668946648427,0,-0.0,0,GREEN,43.15,43.49,43.29,,,12.0,0.0,0.0,0.0,Hold,43.29,Hold,score 40-50 (trim if weight >2.5%),,,,,,9.8,29.4,-127.0
ZEEL,Media Entertainment & Publication,NotCyclical,10169.226921027432,0.0248772687058168,0.0795393766360682,0.0225916453537936,8.866666666666667,0.0453141153675007,-2.351097178683381,37.26056327282543,0.2079908851378085,0.1872546051353796,-0.2134467562227131,-0.2771428199168221,True,True,53.36843700213372,705082722.0,909746281.0,2223119942.549423,0.8366666666666666,1.3249999999999993,37.26056327282543,37.5,37.5,37.5,11.472868217054264,9.005376344086022,False,71.24833110814419,24.494353946622194,Neutral,79.76315629978663,30.089747003994677,42.34007989347536,77.47899159663866,83.52941176470588,99.04240766073872,99.06666666666666,44.27268862826243,100.0,54.78432173098157,100.0,GREEN,Small,2500000.0,GREEN,43.27268862826243,53.78432173098157,Hold,Hold,High,High,ttm(Mar 2026),ttm(Mar 2026),Mar 2026,False,False,Hold,,-2.351097178683381,0.04531411536750074,March-to-March,full,,,7,,37.5,12.209302325581394,71.24833110814419,24.494353946622194,30.089747003994677,77.47899159663866,99.04240766073872,1,-1.0,0,GREEN,43.43,54.08,47.69,no fwd revenue data,,2.0,-15.0,0.0,-15.0,Hold,32.69,Sell,,,,,Y,,50.0,-784.5,120.0
AEGISVOPAK,Oil Gas & Consumable Fuels,Cyclical,32888.18690708706,-0.0655505600920233,0.068977113688746,0.8694942903752039,6.245454545454545,37.76608974631255,25.602409638554224,118.09649551123904,0.3666155683154288,0.1696136300744504,0.0359692700401677,,True,True,57.07642656864518,39577254.0,65744353.0,141446903.9774933,,,118.09649551123904,6.25,6.25,6.25,90.07751937984496,79.97311827956989,False,11.869649729050495,61.14507600793127,Neutral,84.75379525163221,45.74513981358189,57.59600532623169,,,72.50341997264022,85.73333333333333,43.26767277377707,85.71428571428571,52.35805259447266,85.71428571428571,GREEN,Mid,10000000.0,GREEN,43.26767277377707,52.35805259447266,Hold,Hold,High,High,ttm(Mar 2026),ttm(Mar 2026),Mar 2026,False,False,Hold,,16.983523447401772,37.766089746312545,March-to-March,1-2y,,,6,,6.25,89.82558139534885,11.869649729050495,61.14507600793127,45.74513981358189,,72.50341997264022,1,-1.0,0,GREEN,42.83,48.83,45.23,,,20.0,10.0,0.0,10.0,Hold,55.23,Hold,,,Y,,,,9.1,14.3,5.0
NIVABUPA,Financial Services,NotCyclical,16000.450929453677,0.0400656304798763,-0.0751702678450809,0.0660327522451135,-3.6666666666666665,32.887134472698044,24.58131745441012,122.14084678972269,0.0825115536136624,0.1116523374690108,-0.0392200402364757,,True,True,54.31347797618011,8658341.0,121635734.0,87830891.44283295,,,122.14084678972269,8.403361344537815,3.125,5.764180672268908,87.28682170542635,78.49462365591397,False,23.95128463968218,41.1050760664214,Neutral,58.594547519186406,47.73288948069241,28.95792276964048,,,82.48974008207935,65.46666666666667,44.23823207922357,85.71428571428571,42.38248140820806,85.71428571428571,N/A-financial-sector,Mid,10000000.0,GREEN,43.23823207922357,41.38248140820806,Hold,Hold,High,High,ttm(Mar 2026),ttm(Mar 2026),Mar 2026,False,False,Hold,,24.581317454410122,32.887134472698044,March-to-March,1-2y,,,6,,5.764180672268908,87.06395348837209,23.95128463968218,41.1050760664214,47.73288948069241,,82.48974008207935,1,-1.0,0,N/A-financial-sector,43.71,41.99,43.02,,,22.0,10.0,0.0,10.0,Hold,53.02,Hold,,,Y,,,,1.6,27.8,-158.0
ORIENTCEM,Construction Materials,Cyclical,2819.956279671105,0.1056015239368343,0.2129602654347324,0.0335507921714818,42.0,-1.6729413078719113,3.101920236336775,8.343065916186701,-0.0496926775980316,-0.1675834074865947,-0.4078268754318311,-0.5330912456796651,True,False,51.60052736150899,88118.0,1862020.0,26253854.970695496,-0.3633333333333333,0.9700000000000006,8.343065916186701,62.5,100.0,81.25,8.992248062015504,18.010752688172044,False,89.73030707610147,4.009706289177509,Neutral,25.451058374960216,11.058055925432758,11.85699067909454,10.756302521008404,77.81512605042018,26.12859097127223,28.666666666666668,40.17461622599851,100.0,46.60917965681588,100.0,GREEN,Small,2500000.0,GREEN,43.17461622599851,49.60917965681588,Hold,Hold,High,High,ttm(Mar 2026),ttm(Mar 2026),Mar 2026,False,False,Hold,,3.100775193798455,-1.6729413078719113,March-to-March,full,,,7,,81.25,9.738372093023257,89.73030707610147,4.009706289177509,11.058055925432758,10.756302521008404,26.12859097127223,0,-0.0,3,GREEN,43.31,49.86,45.93,,,9.0,-5.0,0.0,-5.0,Hold,40.93,Hold,score 40-50 (trim if weight >2.5%),,,,,,5.0,234.6,-4.0
MRPL,Oil Gas & Consumable Fuels,Cyclical,30388.00123176505,0.0387022205136039,0.1275551877162273,1.0805804043107698,6.874310915104741,-6.657954897906326,23.396515412598127,9.667038585111806,-0.0370555453830294,0.2190850225935252,0.2425354763474427,-0.1833162306494808,True,True,65.79533010504252,320723203.0,921938453.0,820941110.3666611,-0.0316666666666666,0.645,9.667038585111806,18.75,18.75,18.75,3.565891472868217,77.28494623655914,True,68.79358752846933,66.17744085657105,Neutral,43.24661078034543,45.74513981358189,57.59600532623169,26.554621848739497,71.42857142857143,99.04240766073872,98.0,43.12243490203049,100.0,56.72450725729314,100.0,GREEN,Mid,10000000.0,GREEN,43.12243490203049,56.72450725729314,Hold,Hold,High,High,ttm(Jun 2026),ttm(Jun 2026),Jun 2026,False,False,Hold,,-6.35284425762025,-6.657954897906326,March-to-March,full,,,7,,18.75,4.3604651162790695,68.79358752846933,66.17744085657105,45.74513981358189,26.554621848739497,99.04240766073872,1,-1.0,0,GREEN,42.27,46.04,43.77,,,6.0,-5.0,0.0,-5.0,Hold,38.77,Sell,,,,,,,5.2,4075.5,32.0
VTL,Textiles,Cyclical,18586.76364969763,0.1028541103746353,0.1283318440155842,0.1764314247669773,13.467391304347826,-0.8891423810061805,0.8584568216658095,24.674038633524933,0.1563010499289532,0.5301407634807209,0.2926800441417094,0.2557862482772179,True,True,49.712129542080696,2164210.0,35713978.0,206705002.0059204,-0.1883333333333333,-0.1050000000000008,24.674038633524933,36.36363636363637,33.33333333333333,34.848484848484844,10.542635658914728,13.440860215053762,False,68.0045616377392,74.49610868722942,Neutral,71.27323149023638,35.95818908122504,92.14993342210386,16.72268907563025,26.05042016806723,64.15868673050615,45.06666666666666,43.06277610434341,100.0,55.86830687203791,100.0,GREEN,Mid,10000000.0,GREEN,43.06277610434341,55.86830687203791,Hold,Hold,High,High,ttm(Mar 2026),ttm(Mar 2026),Mar 2026,False,False,Hold,,0.8584568216658095,-0.8891423810061805,March-to-March,full,,,7,,34.848484848484844,11.19186046511628,68.0045616377392,74.49610868722942,35.95818908122504,16.72268907563025,64.15868673050615,0,-0.0,0,GREEN,43.18,56.06,48.33,,,10.0,0.0,0.0,0.0,Hold,48.33,Hold,score 40-50 (trim if weight >2.5%),,,,Y,,28.7,-34.8,-110.0
THERMAX,Capital Goods,Cyclical,54544.73292541757,0.1061124436082146,0.1256889277403237,0.4239639639639639,7.467625899280575,10.021142336632716,3.0843373493975923,75.7565735075244,0.0990416832524525,0.559540819290663,0.3393051275998864,-0.1798566471611485,False,True,46.273027895263965,2642872.0,10332280.0,987491877.9150392,0.08,0.04,75.7565735075244,27.102803738317757,13.88888888888889,20.495846313603323,40.0,17.876344086021508,False,27.23818424566088,61.77508224179608,Neutral,36.12944324221964,85.89161118508655,77.5027962716378,38.991596638655466,37.47899159663866,43.50205198358413,46.400000000000006,43.03651431913076,100.0,36.937194771948896,100.0,GREEN,Large,50000000.0,GREEN,43.03651431913076,36.937194771948896,Hold,Sell,High,High,ttm(Mar 2026),ttm(Mar 2026),Mar 2026,False,False,Sell,,3.7258111100413993,10.021142336632716,March-to-March,full,,,7,,20.495846313603323,39.68023255813954,27.23818424566088,61.77508224179608,85.89161118508655,38.991596638655466,43.50205198358413,0,-0.0,0,GREEN,42.98,37.64,40.84,,,9.0,-5.0,-6.0,-11.0,Sell,29.84,Sell,,,,Y,Y,,31.4,94.1,67.0
GREAVESCOT,Capital Goods,Cyclical,1951.0977703592052,0.0082000914503878,0.1272188339346343,0.2753319357092942,9.192307692307692,8.390748627498601,17.75537615986622,55.62472726155775,0.624208162814019,0.4915658178624933,0.2862763479521708,0.5824585053468982,True,True,73.53935868793383,63143432.0,59078588.0,262466730.27233887,-0.7766666666666665,-0.3849999999999998,55.62472726155775,5.607476635514018,15.74074074074074,10.67410868812738,34.72868217054263,65.59139784946237,False,36.26477579862581,75.76309137347984,Extended,93.58415936930184,85.89161118508655,77.5027962716378,5.042016806722689,14.957983193277313,70.86183310533517,89.46666666666667,43.02722996403358,100.0,58.09809595789147,100.0,GREEN,Small,2500000.0,GREEN,43.02722996403358,58.09809595789147,Hold,Hold,High,High,ttm(Mar 2026),ttm(Mar 2026),Mar 2026,False,False,Hold,,17.786154900616857,8.390748627498601,March-to-March,full,,,7,,10.67410868812738,34.593023255813954,36.26477579862581,75.76309137347984,85.89161118508655,5.042016806722689,70.86183310533517,0,-0.0,0,GREEN,43.0,58.07,49.03,,,12.0,0.0,0.0,0.0,Hold,49.03,Hold,score 40-50 (trim if weight >2.5%),,,,,,8.7,77.6,-46.0
INDIASHLTR,Financial Services,NotCyclical,8862.846686548348,0.1323982375955913,,1.9530956848030017,,,31.046312178387648,17.566809818662446,0.0281362120166142,0.0515029109909652,-0.1192338086162433,0.1157100971252578,True,True,62.59185198309728,6020.0,-3012309.0,57863400.70233154,,,17.566809818662446,47.05882352941176,,47.05882352941176,,85.48387096774194,False,50.8187056426112,39.20092814783818,Neutral,46.42566328653876,47.73288948069241,28.95792276964048,,,13.679890560875512,26.53333333333333,43.00485481424533,71.42857142857143,51.79261616829415,85.71428571428571,N/A-financial-sector,Small,2500000.0,GREEN,43.00485481424533,51.79261616829415,Hold,Hold,High,High,ttm(Mar 2026),ttm(Mar 2026),Mar 2026,False,False,Hold,,35.64154786150713,52.172955304460864,March-to-March,full,,,6,,47.05882352941176,94.47674418604652,50.8187056426112,39.20092814783818,47.73288948069241,,13.679890560875512,1,-1.0,0,N/A-financial-sector,53.96,51.01,52.78,,,20.0,10.0,0.0,10.0,Hold,62.78,Hold,,,Y,,,,,,
ICIL,Textiles,Cyclical,7859.116945266724,0.1291916906791002,0.1519034662544006,0.5696095076400679,2.8823529411764706,11.194529359251003,-0.240847784200382,61.97965380171655,0.4766414392108962,0.5797765959874923,0.3948082490993179,-0.0204142911586833,True,True,50.26054001340838,20093094.0,49430643.0,122299897.2453003,0.1433333333333334,0.5200000000000005,61.97965380171655,72.72727272727273,50.0,61.36363636363637,45.42635658914729,11.693548387096774,False,43.00734312416556,74.16556234991118,Neutral,96.06283488754804,35.95818908122504,92.14993342210386,45.37815126050421,65.96638655462185,68.2626538987688,76.8,51.73280066628356,100.0,65.31578170361199,100.0,AMBER,Small,2500000.0,GREEN,42.97288056634103,54.51841444807019,Hold,Hold,High,High,ttm(Mar 2026),ttm(Mar 2026),Mar 2026,False,False,Hold,,-0.24090580582991628,11.194529359251003,March-to-March,full,,,7,,61.36363636363637,44.76744186046512,43.00734312416556,74.16556234991118,35.95818908122504,45.37815126050421,68.2626538987688,1,-1.0,0,AMBER,42.87,54.68,47.6,,,6.0,-5.0,0.0,-5.0,Hold,42.6,Hold,score 40-50 (trim if weight >2.5%),,,,Y,,42.2,-141.7,32.0
GODREJAGRO,Fast Moving Consumer Goods,NotCyclical,10351.952586162372,0.1642924229954641,0.1936848703388255,0.7746062992125984,6.260869565217392,2.965723386458708,9.036658141517483,23.26281480036488,-0.0621617576763194,0.0211625597421296,-0.2574679454916821,-0.2817836481921874,True,False,53.874839172401984,-614631.0,11391490.0,59245665.19592285,1.7666666666666668,-0.0349999999999992,23.26281480036488,46.51162790697674,43.18181818181818,44.84672304439746,17.829457364341085,36.55913978494624,False,57.92211838006232,11.564697732849613,Neutral,31.479182749426464,58.78482023968043,8.718242343541945,90.25210084033614,30.16806722689076,45.1436388508892,22.666666666666664,42.96013898466376,100.0,36.1150588821781,100.0,GREEN,Small,2500000.0,GREEN,42.96013898466376,36.1150588821781,Hold,Sell,High,High,ttm(Mar 2026),ttm(Mar 2026),Mar 2026,False,False,Sell,,9.058936374293936,2.9657233864587074,March-to-March,full,,,7,,44.84672304439746,18.168604651162788,57.92211838006232,11.564697732849613,58.78482023968043,90.25210084033614,45.1436388508892,0,-0.0,0,GREEN,43.03,36.46,40.41,,,9.0,-5.0,0.0,-5.0,Hold,35.41,Sell,,,,,,,19.0,-31.4,23.0
INDIAGLYCO,Fast Moving Consumer Goods,NotCyclical,7757.993688338843,0.0902029798404801,0.1223200292675381,0.5765427889532901,3.88622754491018,16.678768831751988,11.73036093418258,25.485897946851587,0.205995879904197,0.2113548350142615,0.1428322946333506,1.577661739332886,True,True,75.64812948561601,2160287.0,7642702.0,81855227.61477661,-0.9066666666666668,-1.995,25.485897946851587,11.627906976744184,13.636363636363637,12.63213530655391,62.7906976744186,47.17741935483871,False,49.35425011125945,77.42674883191704,Extended,79.4055574218088,58.78482023968043,8.718242343541945,4.201680672268908,1.092436974789916,39.53488372093023,44.93333333333333,42.95162778016692,100.0,40.34506769937322,100.0,GREEN,Small,2500000.0,GREEN,42.95162778016692,40.34506769937322,Hold,Hold,High,High,ttm(Mar 2026),ttm(Mar 2026),Mar 2026,False,False,Hold,,11.756900212314214,16.678768831751988,March-to-March,full,,,7,,12.63213530655391,61.91860465116279,49.35425011125945,77.42674883191704,58.78482023968043,4.201680672268908,39.53488372093023,0,-0.0,0,GREEN,42.76,40.53,41.87,,,12.0,0.0,0.0,0.0,Hold,41.87,Hold,score 40-50 (trim if weight >2.5%),,,,,,13.5,66.7,0.0
UCOBANK,Financial Services,NotCyclical,32697.868498206743,0.0708884293547273,,0.928832766715234,,,14.696865705788142,12.794117834053788,0.0013519504162398,-0.0827575061309626,-0.161055100388606,-0.5029268790251671,True,False,45.43872889195947,113307124.0,168612498.0,130626894.25183678,0.0233333333333333,-0.04,12.794117834053788,14.285714285714285,,14.285714285714285,,55.91397849462365,False,83.21290175518578,9.04388029212996,Neutral,34.59497008601067,47.73288948069241,28.95792276964048,32.77310924369748,29.915966386554626,87.41450068399452,94.4,42.945594068841885,85.71428571428571,44.348358059514965,100.0,N/A-financial-sector,Mid,10000000.0,GREEN,42.945594068841885,44.348358059514965,Hold,Hold,High,High,ttm(Mar 2025),ttm(Mar 2025),Mar 2025,False,False,Hold,,14.696865705788142,,engine TTM (no FY pair),full,,,6,growth_3y<-1y,14.285714285714285,56.258411843876175,83.21290175518578,9.04388029212996,47.73288948069241,32.77310924369748,87.41450068399452,0,-0.0,0,N/A-financial-sector,45.87,44.41,45.29,,,10.0,0.0,0.0,0.0,Hold,45.29,Hold,score 40-50 (trim if weight >2.5%),,Y,,,,,,
JBMA,Automobile and Auto Components,Cyclical,17473.05883129223,0.1363485502671694,0.1569215199020383,1.96816114359974,2.116352201257861,16.432708858933974,11.257309941520475,73.33693040884854,0.1030617211982778,0.117492121021353,0.0580485489693312,-0.3901429229797122,True,True,48.62921232811807,31524933.0,204798371.0,421785564.7050781,0.2166666666666666,0.42,73.33693040884854,52.17391304347826,13.043478260869565,32.608695652173914,62.32558139534884,45.0268817204301,False,14.005340453938585,38.35704816728618,Neutral,63.514856544965966,100.0,53.26844207723036,52.77310924369748,62.18487394957983,89.05608755129958,82.39999999999999,50.50620397999228,100.0,46.391301737527975,100.0,AMBER,Mid,10000000.0,GREEN,42.93027338299344,39.432606476898776,Hold,Sell,High,High,ttm(Mar 2026),ttm(Mar 2026),Mar 2026,False,False,Sell,,11.257309941520477,16.432708858933974,March-to-March,full,,,7,,32.608695652173914,61.19186046511628,14.005340453938585,38.35704816728618,100.0,52.77310924369748,89.05608755129958,0,-0.0,0,AMBER,42.76,39.52,41.46,,,15.0,5.0,-6.0,-1.0,Sell,40.46,Hold,score 40-50 (trim if weight >2.5%) + analyst view,Analyst Sell -> Trim,,Y,Y,Y,41.6,-41.3,77.0
CERA,Consumer Durables,NotCyclical,7969.276856260792,0.1810839208483551,0.2257509443510112,0.0495195861049519,43.142857142857146,10.026170287582705,5.183585313174954,32.07057466442953,0.1659729582638454,0.2232341794889747,-0.0937280786033277,-0.3177085852452495,True,True,47.728415618654026,175567.0,317984.0,53962016.0,-0.0999999999999999,0.7700000000000005,32.07057466442953,68.29268292682927,63.41463414634146,65.85365853658537,40.15503875968992,24.327956989247312,False,50.971901929845856,36.437750226010586,Neutral,75.88786304518067,25.229560585885487,54.25752330226364,21.008403361344534,73.61344537815127,19.699042407660738,30.133333333333333,42.9008850106434,100.0,55.8650100493504,100.0,GREEN,Small,2500000.0,GREEN,42.9008850106434,55.8650100493504,Hold,Hold,High,High,ttm(Jun 2025),ttm(Jun 2025),Jun 2025,False,False,Hold,,2.5013304949441206,10.026170287582703,March-to-March,full,,,7,,65.85365853658537,39.825581395348834,50.971901929845856,36.437750226010586,25.229560585885487,21.008403361344534,19.699042407660738,0,-0.0,0,GREEN,42.83,54.68,47.57,,,10.0,0.0,0.0,0.0,Hold,47.57,Hold,score 40-50 (trim if weight >2.5%),,,,,Y,18.3,-9.6,-1.0
STARCEMENT,Construction Materials,Cyclical,8299.825576201983,0.1159978875125207,0.1983232896617425,0.1889689752428705,20.347826086956523,11.760474947591623,19.37420986093552,21.28160404154355,-0.0631164450211729,-0.0318867548045077,-0.0139597256722772,-0.0080558448915446,False,False,45.60825460118816,891944.0,855081.0,43032735.04373932,0.0833333333333333,0.0349999999999998,21.28160404154355,81.25,93.75,87.5,46.97674418604651,68.41397849462365,False,39.590120160213615,29.39096463004453,Neutral,15.180841206547852,11.058055925432758,11.85699067909454,39.32773109243698,36.47058823529412,21.88782489740082,36.13333333333333,42.88530456241055,100.0,39.6149139434047,100.0,GREEN,Small,2500000.0,GREEN,42.88530456241055,39.6149139434047,Hold,Sell,High,High,ttm(Mar 2026),ttm(Mar 2026),Mar 2026,False,False,Sell,,19.38033512488144,11.760474947591625,March-to-March,full,,,7,,87.5,46.366279069767444,39.590120160213615,29.39096463004453,11.058055925432758,39.32773109243698,21.88782489740082,0,-0.0,0,GREEN,42.78,39.63,41.52,,,14.0,0.0,0.0,0.0,Hold,41.52,Hold,score 40-50 (trim if weight >2.5%),,,,,,1.5,244.8,-2.0
TMPV,Automobile and Auto Components,Cyclical,122560.1590737012,0.0312921464247659,0.1710929988205988,0.7059017739229754,6.621506897771489,-1.010759043928677,-12.51958384492462,1.482971251421153,-0.0594535993924403,-0.043452846351955,-0.5093101092094657,-0.6634462521433884,False,False,36.64488599192892,-67461454.0,-101085346.0,3575092561.7944946,,,1.482971251421153,8.695652173913043,30.434782608695656,19.56521739130435,10.07751937984496,4.166666666666666,False,96.85395341937397,0.9065871080715916,Neutral,13.291066956362664,100.0,53.26844207723036,,,1.094391244870041,1.0666666666666669,43.81468636201495,85.71428571428571,36.40310331849373,85.71428571428571,GREEN,Large,50000000.0,GREEN,42.81468636201495,35.40310331849373,Hold,Sell,High,High,ttm(Mar 2026),ttm(Mar 2026),Mar 2026,False,False,Sell,,-8.33447147453933,-1.0107590439286773,March-to-March,full,,,6,,19.56521739130435,10.755813953488373,96.85395341937397,0.9065871080715916,100.0,,1.094391244870041,1,-1.0,0,GREEN,43.49,36.85,40.84,,,10.0,0.0,0.0,0.0,Hold,40.84,Hold,score 40-50 (trim if weight >2.5%),,Y,Y,Y,Y,104.7,-25274.0,72072.0
IGIL,Services,NotCyclical,,,,,,,19.814814814814817,26.54924334901752,-0.0187595738595897,0.1284653973713303,-0.076213916900049,,False,True,48.02068374851466,1323638.0,36566966.0,134068108.75082396,,,26.54924334901752,,,,,70.02688172043011,False,,35.29962546816479,Neutral,23.649213676430584,32.419973368841546,58.78482023968043,,,64.56908344733242,39.73333333333333,42.73672528743021,42.85714285714285,46.486236400505206,57.14285714285714,GREEN,,,GREEN,42.73672528743021,46.486236400505206,Hold,Hold,Med,Med,ttm(Mar 2026),ttm(Mar 2026),Mar 2026,False,True,Hold,,19.814814814814817,,engine TTM (no FY pair),1-2y,,,3,growth_3y<-1y,,70.5248990578735,,35.29962546816479,32.419973368841546,,64.56908344733242,0,-0.0,0,GREEN,52.48,48.09,50.72,,,20.0,10.0,0.0,10.0,Hold,60.72,Hold,,,Y,,,,,,
NBCC,Construction,Cyclical,27039.925941724458,0.176152137213283,0.1728686985608113,0.0,125.8,13.24020408076354,7.0171067928915365,36.57894851569842,0.042648985961734,-0.0748868825545827,-0.132570138520185,-0.2241429625712258,False,False,40.98239596370206,59095141.0,136662189.0,1218590321.2551308,-0.0066666666666665,0.1550000000000004,36.57894851569842,86.95652173913044,43.47826086956522,65.21739130434783,51.627906976744185,30.241935483870968,False,40.16522029372496,22.745474173025844,Neutral,25.73171209445105,8.461517976031956,26.57070572569907,28.907563025210088,47.56302521008403,84.40492476060192,88.66666666666667,42.73499402280344,100.0,39.66099677507853,100.0,GREEN,Mid,10000000.0,GREEN,42.73499402280344,39.66099677507853,Hold,Sell,High,High,ttm(Mar 2026),ttm(Mar 2026),Mar 2026,False,False,Sell,,7.060387075338492,13.24020408076354,March-to-March,full,,,7,,65.21739130434783,50.872093023255815,40.16522029372496,22.745474173025844,8.461517976031956,28.907563025210088,84.40492476060192,0,-0.0,0,GREEN,42.6,39.86,41.5,,,8.0,-5.0,-6.0,-11.0,Sell,30.5,Sell,,,,Y,Y,Y,39.2,-56.4,250.0
SHILPAMED,Healthcare,NotCyclical,12459.609651718876,0.0317365730009003,0.0914746632311504,0.2546296296296296,7.372881355932203,13.737142187311058,19.50271950271951,51.2741137930818,0.5510029801481764,1.1629365506526097,0.4243052147827695,0.914336973501801,True,True,66.01736066171476,20918923.0,44098122.0,432863847.9016113,-1.221666666666667,-2.6300000000000003,51.2741137930818,10.0,8.571428571428571,9.285714285714285,53.02325581395348,69.08602150537635,False,43.42574412942747,87.58196786228721,Neutral,95.6564798962698,66.50785619174435,90.47589880159788,2.184873949579832,1.092436974789916,65.93707250341997,77.86666666666666,42.70879248592536,100.0,57.081956181596205,100.0,GREEN,Mid,10000000.0,GREEN,42.70879248592536,57.081956181596205,Hold,Hold,High,High,ttm(Mar 2026),ttm(Mar 2026),Mar 2026,False,False,Hold,,20.140515222482435,13.737142187311058,March-to-March,full,,,7,,9.285714285714285,52.18023255813954,43.42574412942747,87.58196786228721,66.50785619174435,2.184873949579832,65.93707250341997,0,-0.0,0,GREEN,42.52,57.53,48.53,,,13.0,0.0,0.0,0.0,Hold,48.53,Hold,score 40-50 (trim if weight >2.5%),,,,,,13.2,55.4,44.0
MOIL,Metals & Mining,Cyclical,5544.212452788331,0.1196346385376615,0.1672387017086667,0.0,541.0,3.2303476552497434,-6.119873817034705,20.764840647147302,-0.1505292785367372,-0.1894860856663194,-0.2476595040707551,-0.489883595939494,False,False,37.50976897912936,-4331641.0,7326778.0,142016468.27896118,0.1133333333333334,0.2099999999999999,20.764840647147302,41.66666666666667,33.33333333333333,37.5,18.6046511627907,6.720430107526881,False,59.55718736092568,6.778562965708157,Neutral,8.776800879864842,94.9462050599201,6.26444740346205,42.85714285714285,51.932773109243705,38.98768809849521,13.2,43.68790072439298,100.0,25.43009145809063,100.0,GREEN,Small,2500000.0,GREEN,42.68790072439298,24.43009145809063,Hold,Sell,High,High,ttm(Mar 2026),ttm(Mar 2026),Mar 2026,False,False,Sell,,-6.890012642225029,3.2303476552497434,March-to-March,full,,,7,,37.5,19.040697674418606,59.55718736092568,6.778562965708157,94.9462050599201,42.85714285714285,38.98768809849521,1,-1.0,0,GREEN,42.77,24.56,35.49,,,8.0,-5.0,-6.0,-11.0,Sell,24.49,Sell,,,,,Y,,27.5,-76.6,-18.0
LT,Construction,Cyclical,612065.7222970967,0.1623152733245376,0.1298459552679919,1.1482935309726416,3.5213802704852823,15.959149368587134,11.78563747629382,32.292166418544724,-0.0588798528759806,-0.0192730936355154,0.0767885768707032,0.0594808201724259,False,False,29.532215980473,-9996446.0,-9565304.0,7977183519.893921,1.196666666666666,-0.2100000000000008,32.292166418544724,73.91304347826086,34.78260869565217,54.34782608695652,60.775193798449614,47.44623655913978,False,39.40558425727056,33.831539286536504,Pulled back,19.493155213546903,8.461517976031956,26.57070572569907,84.2016806722689,20.840336134453786,9.028727770177838,8.799999999999999,42.54216298654721,100.0,32.7751268374543,100.0,GREEN,Large,50000000.0,GREEN,42.54216298654721,32.7751268374543,Hold,Sell,High,High,ttm(Mar 2026),ttm(Mar 2026),Mar 2026,False,False,Sell,,11.785683561825966,15.959149368587134,March-to-March,full,,,7,,54.34782608695652,59.73837209302325,39.40558425727056,33.831539286536504,8.461517976031956,84.2016806722689,9.028727770177838,0,-0.0,0,GREEN,42.36,32.9,38.57,,,12.0,0.0,-6.0,-6.0,Sell,32.57,Sell,,,,Y,,,19.2,-3073.5,1788.0
BALRAMCHIN,Fast Moving Consumer Goods,NotCyclical,12062.113127001068,0.1154032021821638,0.1166786955923837,0.7660705654905752,9.623376623376624,10.356356998492464,15.786558345642533,31.910352187833507,0.1595888808316119,0.4057357982602971,-0.022025124856687,0.4302220868859707,True,True,66.5508044866401,6250218.0,24071799.0,287977283.57525635,0.0099999999999997,0.9399999999999996,31.910352187833507,25.58139534883721,11.363636363636363,18.47251585623679,41.70542635658915,59.94623655913978,False,53.63896960653421,60.88134431252198,Neutral,79.69306769948413,58.78482023968043,8.718242343541945,31.428571428571427,77.31092436974791,57.86593707250341,61.33333333333333,42.52431506488058,100.0,51.42228857529309,100.0,GREEN,Mid,10000000.0,GREEN,42.52431506488058,51.42228857529309,Hold,Hold,High,High,ttm(Mar 2026),ttm(Mar 2026),Mar 2026,False,False,Hold,,15.807940904893814,10.356356998492465,March-to-March,full,,,7,,18.47251585623679,41.27906976744186,53.63896960653421,60.88134431252198,58.78482023968043,31.428571428571427,57.86593707250341,0,-0.0,0,GREEN,42.43,51.41,46.02,,,12.0,0.0,0.0,0.0,Hold,46.02,Hold,score 40-50 (trim if weight >2.5%),,,,,,13.0,-82.4,-45.0
AEGISLOG,Oil Gas & Consumable Fuels,Cyclical,56128.66354044549,0.1546711049972229,0.152574099736748,0.685383980181668,9.945205479452056,-1.149122721467366,23.19976341860121,50.70339976553342,0.7615309451868273,0.7578515324343016,0.758490464900321,0.4798604667028192,True,True,63.74075036346693,122020759.0,132582710.0,587502088.6338501,,,50.70339976553342,50.0,37.5,43.75,9.767441860465116,76.74731182795699,True,23.13144799126108,91.67108861299688,Neutral,96.89259163031996,45.74513981358189,57.59600532623169,,,83.58413132694939,94.93333333333334,42.39815860073141,85.71428571428571,63.56613943955882,85.71428571428571,GREEN,Large,50000000.0,GREEN,42.39815860073141,63.56613943955882,Hold,Hold,High,High,ttm(Mar 2026),ttm(Mar 2026),Mar 2026,False,False,Hold,,23.19633353045536,-1.149122721467366,March-to-March,full,,,6,,43.75,10.465116279069768,23.13144799126108,91.67108861299688,45.74513981358189,,83.58413132694939,0,-0.0,0,GREEN,43.21,62.51,50.93,,,15.0,5.0,0.0,5.0,Hold,55.93,Hold,,,Y,,,,22.7,99.3,118.0
DEEPAKFERT,Chemicals,Cyclical,20260.49455407548,0.1234467178585359,0.1583751295832428,0.8284628872004676,4.770538243626063,0.6010464476635224,11.991434689507496,27.416095472361945,0.3027134062706029,0.3075540837778174,0.0188058150536778,1.1090646755761262,True,True,58.48520272714173,4231155.0,19070238.0,441072617.83966064,-0.008333333333333,-2.71,27.416095472361945,36.36363636363637,38.63636363636363,37.5,13.178294573643411,48.11827956989247,False,66.27002670226969,72.21376543597457,Neutral,84.84036861617471,26.70386151797603,87.9555259653795,28.739495798319325,1.092436974789916,54.30916552667578,54.266666666666666,42.374278959548846,100.0,61.81316512687536,100.0,GREEN,Mid,10000000.0,GREEN,42.374278959548846,61.81316512687536,Hold,Hold,High,High,ttm(Mar 2026),ttm(Mar 2026),Mar 2026,False,False,Hold,,11.991434689507496,0.6010464476635224,March-to-March,full,,,7,,37.5,13.80813953488372,66.27002670226969,72.21376543597457,26.70386151797603,28.739495798319325,54.30916552667578,0,-0.0,0,GREEN,42.49,61.92,50.26,,,14.0,0.0,0.0,0.0,Hold,50.26,Hold,,,,,,,10.2,-471.8,22.0
WELSPUNLIV,Textiles,Cyclical,16480.00030517578,0.1171560286917397,0.1678124538810528,0.4708155379296319,4.925465838509317,5.108898090100311,-10.86770981507824,77.3708934515295,0.2993382782457958,0.3586472969790655,0.1744108336493997,0.0932676326738062,True,True,54.559112688180775,37216971.0,197340627.0,246304341.80893707,-0.2583333333333333,0.3500000000000001,77.3708934515295,63.63636363636363,75.0,69.31818181818181,25.58139534883721,4.973118279569892,True,33.88796172674677,64.41474955406191,Neutral,85.18853317562636,35.95818908122504,92.14993342210386,13.781512605042018,59.15966386554622,88.91928864569083,84.53333333333333,45.31619149664822,100.0,60.98817182736444,100.0,GREEN,Mid,10000000.0,GREEN,42.31619149664822,57.98817182736444,Hold,Hold,High,High,ttm(Mar 2026),ttm(Mar 2026),Mar 2026,False,False,Hold,,-10.867709815078241,5.108898090100311,March-to-March,full,,,7,,69.31818181818181,25.872093023255815,33.88796172674677,64.41474955406191,35.95818908122504,13.781512605042018,88.91928864569083,2,-3.0,0,GREEN,42.37,58.14,48.68,,,6.0,-5.0,0.0,-5.0,Hold,43.68,Hold,score 40-50 (trim if weight >2.5%),,,,,,17.4,-364.8,-102.0
LTM,Information Technology,NotCyclical,119541.9506251731,0.226245940220816,0.2993645446729504,0.096149843912591,27.3731884057971,8.434866606263514,13.868292556901851,23.017573972948554,-0.1274621234577643,-0.3255120227328271,-0.2065130100272088,-0.2240302377853619,True,False,58.30393539567669,2089331.0,-1184286.0,1626635385.640747,,,23.017573972948554,68.57142857142857,65.71428571428571,67.14285714285714,35.038759689922486,53.76344086021505,False,58.99502366792086,19.093943196940856,Neutral,9.643680534506403,13.445272969374168,39.41065246338216,,,16.415868673050614,44.53333333333334,42.19139159078798,85.71428571428571,44.18875104285226,85.71428571428571,GREEN,Large,50000000.0,GREEN,42.19139159078798,44.18875104285226,Hold,Hold,High,High,ttm(Jun 2026),ttm(Jun 2026),Jun 2026,False,False,Hold,,11.313407703641332,8.434866606263514,March-to-March,full,,,6,,67.14285714285714,34.883720930232556,58.99502366792086,19.093943196940856,13.445272969374168,,16.415868673050614,0,-0.0,0,GREEN,42.86,43.29,43.03,,,8.0,-5.0,-6.0,-11.0,Sell,32.03,Sell,,,Y,,,,8.3,325.2,-424.0
IOB,Financial Services,NotCyclical,65150.96973677122,0.1082832641414999,,1.3950150036495363,,,14.824779249448117,10.935275377193314,-0.0290229409102283,-0.0446705700896448,-0.1311390731335056,-0.4552635566582489,False,False,46.68876465863233,11105300.0,14324983.0,105571797.07008173,0.015,-0.005,10.935275377193314,32.77310924369748,,32.77310924369748,,56.58602150537635,False,72.2682220361612,10.888981655140412,Neutral,15.52543023753438,47.73288948069241,28.95792276964048,32.10084033613445,32.436974789915965,49.3844049247606,68.4,42.15342455400019,85.71428571428571,40.74646859554269,100.0,N/A-financial-sector,Large,50000000.0,GREEN,42.15342455400019,40.74646859554269,Hold,Hold,High,High,ttm(Jun 2026),ttm(Jun 2026),Jun 2026,False,False,Hold,,14.824779249448117,,engine TTM (no FY pair),full,,,6,growth_3y<-1y,32.77310924369748,56.93135935397039,72.2682220361612,10.888981655140412,47.73288948069241,32.10084033613445,49.3844049247606,0,-0.0,0,N/A-financial-sector,45.4,40.81,43.57,,,12.0,0.0,0.0,0.0,Hold,43.57,Hold,score 40-50 (trim if weight >2.5%),,Y,,,,,,
OIL,Oil Gas & Consumable Fuels,Cyclical,79675.11160135856,0.1743188669704493,0.1643674177701047,0.6461835548888774,8.67607973421927,-2.0153653619925493,4.410679133858264,10.551597351524109,-0.089569639403478,-0.0265283517150046,0.0205596949275805,-0.0931220118665646,False,False,47.5325685080806,-8513279.0,116897174.0,1498561587.57135,-0.1533333333333333,-0.2600000000000007,10.551597351524109,62.5,50.0,56.25,8.062015503875969,22.177419354838708,False,61.15365942468746,25.69843217849106,Neutral,10.651971907361874,45.74513981358189,57.59600532623169,18.65546218487395,18.991596638655466,81.66894664842681,9.066666666666666,42.11907003371523,100.0,36.34352917475773,100.0,GREEN,Large,50000000.0,GREEN,42.11907003371523,36.34352917475773,Hold,Sell,High,High,ttm(Mar 2026),ttm(Mar 2026),Mar 2026,False,False,Sell,,7.075040217014172,-2.0153653619925493,March-to-March,full,,,7,,56.25,8.866279069767442,61.15365942468746,25.69843217849106,45.74513981358189,18.65546218487395,81.66894664842681,0,-0.0,0,GREEN,42.26,37.7,40.44,,,7.0,-5.0,0.0,-5.0,Hold,35.44,Sell,,,,Y,Y,Y,31.9,-1501.4,1387.0
LENSKART,Consumer Services,NotCyclical,94140.3740251568,0.0234643225657399,0.09716798675167,0.3544289311055161,9.825842696629213,32.51174058463737,32.48158725387042,135.7888102834765,0.0017833906237307,0.1939814517039795,,,True,,56.239366582231405,70228604.0,,2421998627.834961,,,135.7888102834765,23.91304347826087,28.26086956521739,26.086956521739133,87.13178294573643,86.29032258064517,False,24.56300708637157,,Neutral,50.61084595047251,7.985885486018644,14.776830892143808,,,,90.93333333333334,42.09592113520913,57.14285714285714,45.90377562051867,85.71428571428571,GREEN,Large,50000000.0,GREEN,42.09592113520913,45.90377562051867,Hold,Hold,Med,High,annual,ttm(Mar 2026),Mar 2026,False,False,Hold,,32.48158725387042,32.51174058463737,March-to-March,<1y,70.0,6.0,4,"stage_3y<-1y,accumulation_3y<-1y",26.086956521739133,86.9186046511628,24.56300708637157,50.61084595047251,7.985885486018644,,90.93333333333334,0,-0.0,0,GREEN,47.6,46.13,47.01,,,20.0,10.0,0.0,10.0,Hold,57.01,Hold,,,<1y,,,,23.4,454.7,-192.0
CLEAN,Chemicals,Cyclical,8177.718388929459,0.282381824414501,0.3849609833608229,0.0012626262626262,388.0,0.7423389408794723,-1.0341261633919352,35.55529734317157,0.0345361020025891,-0.0994883413402127,-0.4582321336381675,-0.4873351232515392,False,False,47.604361356380856,5428978.0,13326099.0,152979511.85198975,0.3400000000000001,1.245,35.55529734317157,100.0,100.0,100.0,13.488372093023257,10.75268817204301,False,44.32930181418362,2.6734366473555866,Neutral,19.59511941991747,26.70386151797603,87.9555259653795,60.588235294117645,82.35294117647058,47.60601915184679,58.66666666666666,43.0578360765404,100.0,52.2252251314728,100.0,GREEN,Small,2500000.0,GREEN,42.0578360765404,51.2252251314728,Hold,Hold,High,High,ttm(Mar 2026),ttm(Mar 2026),Mar 2026,False,False,Hold,,-1.0341261633919352,0.7423389408794723,March-to-March,full,,,7,,100.0,14.098837209302326,44.32930181418362,2.6734366473555866,26.70386151797603,60.588235294117645,47.60601915184679,1,-1.0,0,GREEN,42.17,51.42,45.87,,,11.0,0.0,0.0,0.0,Hold,45.87,Hold,score 40-50 (trim if weight >2.5%),,,,,,10.6,-29.0,-6.0
ATUL,Chemicals,Cyclical,18295.530944625407,0.1318284316784391,0.1995496346913169,0.0294164925253174,60.8235294117647,4.946564236731188,12.35673352435529,26.55259272127161,-0.0645654834761322,-0.0038289205702647,-0.1721056194989844,-0.0984770661383729,False,False,33.359047704045096,-127214.0,860522.0,150612478.25,0.2599999999999999,0.4149999999999996,26.55259272127161,43.18181818181818,59.09090909090909,51.13636363636364,25.271317829457363,50.134408602150536,False,74.87441588785046,16.557971652580246,Pulled back,15.967798933299196,26.70386151797603,87.9555259653795,55.96638655462185,61.68067226890757,22.29822161422709,24.933333333333334,42.02333973017679,100.0,52.490323478715375,100.0,GREEN,Mid,10000000.0,GREEN,42.02333973017679,52.490323478715375,Hold,Hold,High,High,ttm(Mar 2026),ttm(Mar 2026),Mar 2026,False,False,Hold,,12.376858319899696,4.946564236731188,March-to-March,full,,,7,,51.13636363636364,25.581395348837212,74.87441588785046,16.557971652580246,26.70386151797603,55.96638655462185,22.29822161422709,0,-0.0,0,GREEN,42.08,52.59,46.29,,,13.0,0.0,0.0,0.0,Hold,46.29,Hold,score 40-50 (trim if weight >2.5%),,,,,Y,22.9,2.4,91.0
ONESOURCE,Healthcare,NotCyclical,18950.434221540178,-0.5055585081800663,-0.0178950859812777,0.2579317441262219,2.4918032786885247,231.59781724072167,-1.6098556943627496,-256.08694893973217,0.0645494469092617,-0.0728059838955302,-0.1668182626904496,,False,True,49.47199665128064,-1137490.0,10358217.0,456618580.75024414,,,,2.142857142857143,2.857142857142857,2.5,99.06976744186046,9.67741935483871,True,77.48694337548105,21.042260607076976,Neutral,16.672518644731092,66.50785619174435,90.47589880159788,,,43.77564979480164,20.4,52.8795674202368,85.71428571428571,31.980298456969408,85.71428571428571,AMBER,Mid,10000000.0,GREEN,41.94763230720128,24.183253688424,Hold,Sell,High,High,ttm(Mar 2026),ttm(Mar 2026),Mar 2026,False,False,Sell,Y,-1.591695501730106,,March-to-March,1-2y,,,5,growth_3y<-1y,2.5,11.305518169582772,77.48694337548105,21.042260607076976,66.50785619174435,,43.77564979480164,1,-1.0,0,AMBER,27.32,27.66,27.45,,,11.0,0.0,-6.0,-6.0,Sell,21.45,Sell,,,Y,,,,,-155.6,99.0
GHCL,Chemicals,Cyclical,4003.13685310098,0.1982270603830128,0.2347526824136588,0.0233671171171171,69.0,-12.354967080982194,-3.707194470625197,8.678813343359531,-0.1047066248635457,-0.1846959019045621,-0.2481973654884439,-0.1887882420659971,False,False,50.18291298764266,-2248643.0,-2310558.0,86825461.79997253,0.0750000000000001,-0.4649999999999998,8.678813343359531,72.72727272727273,70.45454545454545,71.5909090909091,1.0852713178294573,8.064516129032258,False,95.24385455116628,11.809445762307815,Neutral,5.352079071606104,26.70386151797603,87.9555259653795,38.4873949579832,13.277310924369749,14.774281805745554,17.2,42.88440412398957,100.0,46.527659901109146,100.0,GREEN,Small,2500000.0,GREEN,41.88440412398957,45.527659901109146,Hold,Hold,High,High,ttm(Mar 2026),ttm(Mar 2026),Mar 2026,False,False,Hold,,-3.738611372918632,-12.354967080982194,March-to-March,full,,,7,,71.5909090909091,2.3255813953488373,95.24385455116628,11.809445762307815,26.70386151797603,38.4873949579832,14.774281805745554,1,-1.0,0,GREEN,42.11,45.76,43.57,,,9.0,-5.0,0.0,-5.0,Hold,38.57,Sell,,,,,,,11.4,-154.2,-15.0
ETERNAL,Consumer Services,NotCyclical,275896.5907046669,-0.0008763100587853,-0.0011588376022707,0.1482246610716591,3.0816326530612246,97.29367559591172,168.55703206046533,734.4872107872596,0.1238622360303778,-0.0274994938775239,0.087715988487335,0.3776271932721309,True,True,61.2939821738856,275621522.0,-743612515.0,7599817285.291656,,,734.4872107872596,19.565217391304348,10.869565217391305,15.217391304347826,99.06976744186046,99.05913978494624,True,21.228561158467706,73.69403986688486,Neutral,57.06383849758727,7.985885486018644,14.776830892143808,,,1.094391244870041,97.86666666666667,41.79023651035397,85.71428571428571,47.567377043897245,85.71428571428571,GREEN,Large,50000000.0,GREEN,41.79023651035397,47.567377043897245,Hold,Hold,High,High,ttm(Mar 2026),ttm(Mar 2026),Mar 2026,False,False,Hold,,168.55703206046533,97.29367559591171,March-to-March,full,,,6,,15.217391304347826,99.05523255813954,21.228561158467706,73.69403986688486,7.985885486018644,,1.094391244870041,0,-0.0,0,GREEN,42.53,47.76,44.62,,,30.0,15.0,0.0,15.0,Hold,59.62,Hold,,,Y,,Y,,227.0,-532.2,330.0
CAMPUS,Consumer Durables,NotCyclical,6924.134233090153,0.1684659956638791,0.260745250127573,0.260485651214128,12.166666666666666,6.130425362296332,11.424984306340246,46.160894887267695,-0.104928549072475,-0.1048578332217951,-0.1993649352861403,-0.2031774124485293,False,False,38.72638340910908,2319081.0,4018926.0,43942643.86647034,0.4400000000000002,-2.455,46.160894887267695,60.97560975609756,80.48780487804879,70.73170731707317,28.992248062015506,45.83333333333333,False,37.7357689039932,14.75374265853472,Neutral,9.255274938221884,25.229560585885487,54.25752330226364,65.04201680672269,1.092436974789916,31.053351573187417,45.6,41.67064744291757,100.0,38.19118317190604,100.0,GREEN,Small,2500000.0,GREEN,41.67064744291757,38.19118317190604,Hold,Sell,High,High,ttm(Mar 2026),ttm(Mar 2026),Mar 2026,False,False,Sell,,11.36220966729442,6.130425362296332,March-to-March,full,,,7,,70.73170731707317,29.069767441860467,37.7357689039932,14.75374265853472,25.229560585885487,65.04201680672269,31.053351573187417,0,-0.0,0,GREEN,41.69,38.27,40.32,,,13.0,0.0,0.0,0.0,Hold,40.32,Hold,score 40-50 (trim if weight >2.5%),,,,,,11.4,20.3,8.0
SWSOLAR,Construction,Cyclical,4932.141859522405,-0.1407955044806441,-0.1196632905238684,1.835130970724191,1.903030303030303,55.3050628422314,3.203693340794622,-17.949593396690798,0.0410222410087146,0.0895720942561348,-0.3302593572969229,-0.6773401552366871,True,True,41.70567174780051,38751099.0,157105833.0,393896252.3326264,2.63,5.69,,4.3478260869565215,4.3478260869565215,4.3478260869565215,95.03875968992249,18.548387096774192,True,65.45291157440691,15.480251447310051,Neutral,59.617838622321386,8.461517976031956,26.57070572569907,94.6218487394958,97.98319327731092,86.45690834473324,85.33333333333334,50.10945861491864,100.0,46.30643935918014,100.0,AMBER,Small,2500000.0,GREEN,41.59303982268084,38.36047345530312,Hold,Sell,High,High,ttm(Jun 2026),ttm(Jun 2026),Jun 2026,False,False,Sell,,19.771501110758493,55.3050628422314,March-to-March,full,,,7,,4.3478260869565215,95.20348837209302,65.45291157440691,15.480251447310051,8.461517976031956,94.6218487394958,86.45690834473324,1,-1.0,0,AMBER,41.62,44.47,42.76,,,6.0,-5.0,-6.0,-11.0,Sell,31.76,Sell,,,,,,,,-2.2,-448.0
ACC,Construction Materials,Cyclical,25788.595820261013,0.1254813548791295,0.1619213676956904,0.0208748965987056,26.410714285714285,,17.340328467153277,12.067662994974736,-0.0332823654505467,-0.1909763025213831,-0.303280628665881,-0.4811837896872191,True,False,52.88357887641189,-480980.0,-6433813.0,216321086.22180176,-0.4750000000000002,0.1649999999999982,12.067662994974736,87.5,62.5,75.0,,64.65053763440861,False,67.32866043613707,8.050436392290747,Neutral,34.14497544569214,11.058055925432758,11.85699067909454,7.0588235294117645,48.0672268907563,10.259917920656637,22.933333333333334,38.54791029210225,85.71428571428571,47.427478185231664,100.0,GREEN,Mid,10000000.0,GREEN,41.54791029210225,50.427478185231664,Hold,Hold,High,High,ttm(Mar 2026),ttm(Mar 2026),Mar 2026,False,False,Hold,,19.29969671905156,,March-to-March,full,,,6,growth_3y<-1y,75.0,68.371467025572,67.32866043613707,8.050436392290747,11.058055925432758,7.0588235294117645,10.259917920656637,0,-0.0,3,GREEN,46.92,50.95,48.53,,,8.0,-5.0,0.0,-5.0,Hold,43.53,Hold,score 40-50 (trim if weight >2.5%),,Y,,,,19.9,-693.8,-746.0
PCJEWELLER,Consumer Durables,NotCyclical,8877.686484463244,-0.0222336899832804,0.0324396665053745,0.1427697577685343,5.045112781954887,10.695091180407744,49.37611408199643,10.5306119334941,0.0650154945018064,0.0029154259555301,-0.4051873505520922,0.8376067258490392,True,True,63.51202492773467,3189604322.0,2321012878.0,367964779.11096525,-0.025,-0.3849999999999999,10.5306119334941,9.75609756097561,4.878048780487805,7.317073170731707,43.100775193798455,92.8763440860215,True,76.18703726180361,36.14052302648203,Neutral,49.3924289435409,25.229560585885487,54.25752330226364,27.39495798319328,14.789915966386555,99.04240766073872,99.06666666666666,41.51382089601781,100.0,53.76302463071914,100.0,GREEN,Small,2500000.0,GREEN,41.51382089601781,53.76302463071914,Hold,Hold,High,High,ttm(Mar 2026),ttm(Mar 2026),Mar 2026,False,False,Hold,,49.420677361853826,10.695091180407745,March-to-March,full,,,7,,7.317073170731707,42.587209302325576,76.18703726180361,36.14052302648203,25.229560585885487,27.39495798319328,99.04240766073872,0,-0.0,0,GREEN,41.4,53.71,46.33,,,13.0,0.0,0.0,0.0,Hold,46.33,Hold,score 40-50 (trim if weight >2.5%),,,,Y,,27.5,79.3,70.0
BSOFT,Information Technology,NotCyclical,8091.132075471698,0.1537906001667629,0.2167655360616929,0.0342815463165572,43.3,3.4590858023934468,-1.190697674418606,15.586336740182894,-0.2294834807491139,-0.3083295324169901,-0.287119191412569,-0.573720671916067,False,False,46.51140113849458,22522154.0,49266058.0,344595773.74305725,0.3166666666666664,3.65,15.586336740182894,34.285714285714285,45.71428571428572,40.0,19.53488372093023,10.349462365591398,False,87.92701379617267,10.74999618970611,Neutral,1.630341367632023,13.445272969374168,39.41065246338216,58.991596638655466,95.2941176470588,68.12585499316005,78.8,42.47642314695888,100.0,39.80490513048618,100.0,GREEN,Small,2500000.0,GREEN,41.47642314695888,38.80490513048618,Hold,Sell,High,High,ttm(Mar 2026),ttm(Mar 2026),Mar 2026,False,False,Sell,,-1.2093023255813962,3.4590858023934468,March-to-March,full,,,7,,40.0,20.058139534883722,87.92701379617267,10.74999618970611,13.445272969374168,58.991596638655466,68.12585499316005,1,-1.0,0,GREEN,41.59,39.1,40.59,,,8.0,-5.0,0.0,-5.0,Hold,35.59,Sell,,,,,,,3.0,176.4,-84.0
OPTIEMUS,Telecommunication,NotCyclical,5173.991935483871,0.1057072407045486,0.0949905303486667,0.4800514800514801,4.260869565217392,14.644505485482217,-6.504494976203068,77.97459893048129,0.4546701140860367,0.268900267039601,-0.0394433658194085,0.5628348899314728,True,True,73.57022814427131,5645674.0,6319626.0,59703861.37875366,-0.0483333333333333,-0.02,77.97459893048129,45.45454545454545,23.07692307692308,34.26573426573427,55.65891472868218,6.451612903225806,True,22.37116154873164,60.64717209243261,Extended,81.28400282659852,93.40532623169108,96.33475366178428,24.873949579831933,31.76470588235294,37.2093023255814,59.2,44.44595713945182,100.0,46.04448570436939,100.0,GREEN,Small,2500000.0,GREEN,41.44595713945182,43.04448570436939,Hold,Hold,High,High,ttm(Mar 2026),ttm(Mar 2026),Mar 2026,False,False,Hold,,-6.402116402116398,14.644505485482217,March-to-March,full,,,7,,34.26573426573427,54.79651162790697,22.37116154873164,60.64717209243261,93.40532623169108,24.873949579831933,37.2093023255814,2,-3.0,0,GREEN,41.26,43.31,42.08,,,5.0,-5.0,0.0,-5.0,Hold,37.08,Sell,,,,Y,Y,,44.0,-3.1,19.0
BLACKBUCK,Services,NotCyclical,10414.51202876984,-0.3350082092970359,-0.1426107676878918,0.0414908579465541,33.4,54.73134808315952,52.693208430913344,64.72378529717446,-0.0708853327359217,-0.1271760158328582,0.3150841636449684,,True,False,57.381002587309226,4713004.0,5138264.0,248622008.8391876,,,64.72378529717446,6.25,6.0,6.125,94.72868217054264,93.27956989247312,False,27.76368491321762,42.93071161048689,Neutral,18.47215615152549,32.419973368841546,58.78482023968043,,,34.33652530779754,56.13333333333333,41.35562776579303,85.71428571428571,39.04114671156778,85.71428571428571,GREEN,Small,2500000.0,GREEN,41.35562776579303,39.04114671156778,Hold,Sell,High,High,ttm(Mar 2026),ttm(Mar 2026),Mar 2026,False,False,Sell,,52.693208430913344,54.73134808315952,March-to-March,1-2y,,,6,,6.125,94.91279069767442,27.76368491321762,42.93071161048689,32.419973368841546,,34.33652530779754,0,-0.0,0,GREEN,42.17,39.92,41.27,,,20.0,10.0,0.0,10.0,Hold,51.27,Hold,,,Y,Y,Y,,35.3,25.0,367.0
AARTIIND,Chemicals,Cyclical,18295.004325259517,0.1386785530980486,0.1552883715293021,0.8339210747271201,3.4323529411764704,7.7748720561739315,14.124604593590972,43.663494809688586,0.1326152965621791,0.390495867768595,0.1476091268368207,-0.2845437749138925,True,True,63.086373800406655,17849380.0,82232341.0,364100194.59477234,-0.1050000000000001,-0.1699999999999999,43.663494809688586,47.72727272727273,36.36363636363637,42.04545454545455,33.64341085271318,54.3010752688172,False,43.37491655540721,57.210828957329305,Neutral,69.46173299032971,26.70386151797603,87.9555259653795,20.672268907563023,22.689075630252105,76.74418604651163,74.53333333333333,41.33660742110347,100.0,58.0152411087521,100.0,GREEN,Mid,10000000.0,GREEN,41.33660742110347,58.0152411087521,Hold,Hold,High,High,ttm(Mar 2026),ttm(Mar 2026),Mar 2026,False,False,Hold,,13.959565396781738,7.7748720561739315,March-to-March,full,,,7,,42.04545454545455,33.575581395348834,43.37491655540721,57.210828957329305,26.70386151797603,20.672268907563023,76.74418604651163,0,-0.0,0,GREEN,41.32,58.03,48.0,,,11.0,0.0,0.0,0.0,Hold,48.0,Hold,score 40-50 (trim if weight >2.5%),,,,,,3.3,27.4,-4.0
AKUMS,Healthcare,NotCyclical,10785.638687538556,0.0820111681042851,0.1537700429877186,0.0473747736873868,5.553191489361702,6.047352140836781,5.876639145216123,42.131401123197485,0.2573143822784391,0.542669476695832,0.2215030636772619,,True,True,68.76403240194946,6677136.0,13543893.0,123989840.18353271,,,42.131401123197485,17.142857142857142,22.857142857142858,20.0,28.37209302325581,25.940860215053764,False,52.22195250232633,68.35171054838169,Neutral,81.48948095385826,66.50785619174435,90.47589880159788,,,48.01641586867305,61.86666666666667,41.30496747539323,85.71428571428571,52.84035876084607,85.71428571428571,GREEN,Small,2500000.0,GREEN,41.30496747539323,52.84035876084607,Hold,Hold,High,High,ttm(Mar 2026),ttm(Mar 2026),Mar 2026,False,False,Hold,,5.852355512384655,6.047352140836781,March-to-March,1-2y,,,6,,20.0,28.488372093023255,52.22195250232633,68.35171054838169,66.50785619174435,,48.01641586867305,0,-0.0,0,GREEN,42.11,52.93,46.44,,,10.0,0.0,0.0,0.0,Hold,46.44,Hold,score 40-50 (trim if weight >2.5%),,Y,Y,Y,Y,28.3,29.8,39.0
HINDPETRO,Oil Gas & Consumable Fuels,Cyclical,84989.64379023528,0.1616792974299422,0.1391462976532649,0.8536823479162853,9.020318021201414,0.0802606774916281,1.7703865132715713,4.709350240496219,0.0524374015717639,-0.1101704612556625,-0.0499212534976768,0.2997444613174855,True,False,53.24042702553243,10772544.0,-42730449.0,2141265331.25,0.1450000000000004,0.0500000000000016,4.709350240496219,56.25,25.0,40.625,11.782945736434108,14.516129032258066,False,85.97099162519723,24.2148464762992,Neutral,47.1609246177082,45.74513981358189,57.59600532623169,45.71428571428572,38.15126050420168,3.967168262653898,68.13333333333334,41.22909880020496,100.0,51.04699674075345,100.0,GREEN,Large,50000000.0,GREEN,41.22909880020496,51.04699674075345,Hold,Hold,High,High,ttm(Mar 2026),ttm(Mar 2026),Mar 2026,False,False,Hold,,1.7656977788834904,0.08026067749162813,March-to-March,full,,,7,,40.625,12.5,85.97099162519723,24.2148464762992,45.74513981358189,45.71428571428572,3.967168262653898,0,-0.0,0,GREEN,41.36,51.26,45.32,,,7.0,-5.0,0.0,-5.0,Hold,40.32,Hold,score 40-50 (trim if weight >2.5%),,,,,,15.9,13894.6,1677.0
DLF,Realty,Cyclical,160480.167818952,0.0520846537209887,0.0392390107455484,0.0067292679172256,7.28140703517588,12.893103026347983,2.501876407305481,36.34884888311483,0.0866867019709933,-0.0065911230337353,-0.1990670728630394,-0.2143456298559715,True,True,52.88804276983944,-7580825.0,-28109490.0,2108082099.1192927,0.2783333333333333,0.6349999999999998,36.34884888311483,47.05882352941176,35.294117647058826,41.17647058823529,50.3875968992248,15.994623655913978,False,65.71539830885625,37.27823588205897,Neutral,48.19747023281997,5.798402130492676,68.91424766977363,57.22689075630252,71.00840336134453,5.60875512995896,9.866666666666667,41.16605097518263,100.0,49.25755695814505,100.0,GREEN,Large,50000000.0,GREEN,41.16605097518263,49.25755695814505,Hold,Hold,High,High,ttm(Mar 2026),ttm(Mar 2026),Mar 2026,False,False,Hold,,2.501876407305481,12.893103026347985,March-to-March,full,,,7,,41.17647058823529,49.7093023255814,65.71539830885625,37.27823588205897,5.798402130492676,57.22689075630252,5.60875512995896,0,-0.0,0,GREEN,41.04,49.52,44.44,,,8.0,-5.0,-6.0,-11.0,Sell,33.44,Sell,,,,Y,Y,Y,62.2,-712.8,1125.0
BIOCON,Healthcare,NotCyclical,68327.01869932543,0.0446164986721807,0.0769765400074947,0.4535276659516323,3.506060606060606,14.8480896671779,10.923268462092928,162.02206331140857,0.2288735447670158,0.1694329996004404,0.1791208396409285,0.2050102081831852,True,True,62.78703538157956,23167529.0,136063311.0,1353682657.9525146,-0.3216666666666665,-0.02,162.02206331140857,12.857142857142856,5.714285714285714,9.285714285714285,56.27906976744186,42.876344086021504,False,32.60106809078772,63.59175036831744,Neutral,72.1203574947059,66.50785619174435,90.47589880159788,11.596638655462185,31.428571428571427,84.26812585499316,79.33333333333333,41.15124903605624,100.0,47.71918201720613,100.0,GREEN,Large,50000000.0,GREEN,41.15124903605624,47.71918201720613,Hold,Hold,High,High,ttm(Mar 2026),ttm(Mar 2026),Mar 2026,False,False,Hold,,10.909448302974711,14.848089667177899,March-to-March,full,,,7,,9.285714285714285,55.377906976744185,32.60106809078772,63.59175036831744,66.50785619174435,11.596638655462185,84.26812585499316,0,-0.0,0,GREEN,40.95,47.9,43.73,,,15.0,5.0,0.0,5.0,Hold,48.73,Hold,score 40-50 (trim if weight >2.5%),,,,,,-17.0,-138.0,-1293.0
INDIGOPNTS,Consumer Durables,NotCyclical,5178.784332124959,0.1502174081455114,0.2313739034117124,0.0181975736568457,85.0,9.402068669182562,4.69448584202683,34.980290697375985,0.2739128790207736,-0.1294251736714959,-0.1100800789403771,-0.2289420598200821,True,True,57.136425678659975,-452749.0,6258249.0,90493567.10266112,-0.2516666666666665,-0.4800000000000004,34.980290697375985,51.21951219512195,68.29268292682927,59.75609756097561,37.98449612403101,22.8494623655914,False,46.78237650200267,36.73605982342951,Neutral,62.452753096090646,25.229560585885487,54.25752330226364,14.285714285714285,12.773109243697478,36.79890560875513,23.466666666666665,41.06257312439333,100.0,45.47938485089123,100.0,GREEN,Small,2500000.0,GREEN,41.06257312439333,45.47938485089123,Hold,Hold,High,High,ttm(Mar 2026),ttm(Mar 2026),Mar 2026,False,False,Hold,,4.7725577926920115,9.402068669182562,March-to-March,full,,,7,,59.75609756097561,37.645348837209305,46.78237650200267,36.73605982342951,25.229560585885487,14.285714285714285,36.79890560875513,0,-0.0,0,GREEN,40.99,45.87,42.94,,,11.0,0.0,0.0,0.0,Hold,42.94,Hold,score 40-50 (trim if weight >2.5%),,,,,,3.5,10.9,-11.0
JINDALSTEL,Metals & Mining,Cyclical,104668.52468948804,0.0749431123785673,0.1726639006702405,0.4442130493722863,6.357284113381675,0.008142863442595,6.952677584647837,31.13264688067837,-0.201677379062983,0.0170162370545596,0.0976548564659751,0.0060872069376178,False,False,35.73283513772627,-12534494.0,7129996.0,1239291831.7560425,0.0683333333333336,0.0650000000000003,31.13264688067837,16.666666666666664,41.66666666666667,29.166666666666668,11.317829457364342,29.83870967741936,False,52.13053301838348,25.332347871008317,Neutral,10.112827597338486,94.9462050599201,6.26444740346205,37.47899159663866,40.7563025210084,38.850889192886456,7.733333333333333,41.048152068224326,100.0,25.242115037927405,100.0,GREEN,Large,50000000.0,GREEN,41.048152068224326,25.242115037927405,Hold,Sell,High,High,ttm(Mar 2026),ttm(Mar 2026),Mar 2026,False,False,Sell,,6.176065750364068,0.008142863442595072,March-to-March,full,,,7,,29.166666666666668,11.918604651162791,52.13053301838348,25.332347871008317,94.9462050599201,37.47899159663866,38.850889192886456,0,-0.0,0,GREEN,41.16,25.06,34.72,,,16.0,5.0,-6.0,-1.0,Sell,33.72,Sell,,,,Y,,,-12.3,-430.0,522.0
HAPPSTMNDS,Information Technology,NotCyclical,5819.355207732892,0.1716164451294871,0.1705831228667669,0.8845470692717584,4.154639175257732,17.446367454520683,12.31813773035888,27.30135962036395,0.0077949044637348,-0.1118873371631963,-0.3870874356532572,-0.5293879418443082,True,False,58.70954518926968,7939336.0,99384297.0,203811270.80995175,-0.0333333333333334,1.0799999999999996,27.30135962036395,42.85714285714285,20.0,31.428571428571427,64.65116279069767,49.73118279569893,False,50.420115709835336,4.880288587648391,Neutral,36.46237881440637,13.445272969374168,39.41065246338216,25.882352941176475,80.0,80.30095759233926,64.13333333333333,41.027842754273294,100.0,45.3184455531802,100.0,GREEN,Small,2500000.0,GREEN,41.027842754273294,45.3184455531802,Hold,Hold,High,High,ttm(Mar 2026),ttm(Mar 2026),Mar 2026,False,False,Hold,,12.324114507520623,17.446367454520683,March-to-March,full,,,7,,31.428571428571427,63.80813953488372,50.420115709835336,4.880288587648391,13.445272969374168,25.882352941176475,80.30095759233926,0,-0.0,0,GREEN,40.84,45.4,42.67,,,14.0,0.0,0.0,0.0,Hold,42.67,Hold,score 40-50 (trim if weight >2.5%),,,,,,23.2,5.4,-23.0
ZFCVINDIA,Automobile and Auto Components,Cyclical,26516.73086461887,0.125647861403978,0.1772245364049062,0.0149051490514905,131.4,6.147446146816682,7.51761942051683,51.28961482518156,-0.06813198012356,-0.0088558992208116,0.082977867002348,-0.1073455255990638,False,False,39.33618918123743,-968140.0,-1102582.0,211615139.72827148,0.0883333333333335,0.1599999999999998,51.28961482518156,36.95652173913043,41.30434782608695,39.13043478260869,29.147286821705425,31.98924731182796,False,32.24685545639801,24.407043280893618,Neutral,13.216381081876255,100.0,53.26844207723036,40.588235294117645,47.73109243697479,16.55266757865937,21.066666666666663,40.96782931109069,100.0,32.65036095023523,100.0,GREEN,Mid,10000000.0,GREEN,40.96782931109069,32.65036095023523,Hold,Sell,High,High,ttm(Mar 2026),ttm(Mar 2026),Mar 2026,False,False,Sell,,7.51761942051683,6.147446146816682,March-to-March,full,,,7,,39.13043478260869,29.21511627906977,32.24685545639801,24.407043280893618,100.0,40.588235294117645,16.55266757865937,0,-0.0,0,GREEN,40.98,32.84,37.73,,,11.0,0.0,6.0,6.0,Hold,43.73,Hold,score 40-50 (trim if weight >2.5%),Sell->Hold (analyst),,Y,,,25.0,-22.5,65.0
PRESTIGE,Realty,Cyclical,77176.4566383032,0.1339690917063998,0.1153225459806051,1.085171756897929,2.333754740834387,15.117868405369684,72.6456178551987,59.139047232416246,0.1950064731561722,0.0817025788952914,-0.0303306339763664,-0.0749700507862455,True,True,56.78282414188236,9010069.0,11979729.0,952347210.7580566,0.2033333333333331,0.3149999999999995,59.139047232416246,82.35294117647058,82.35294117647058,82.35294117647058,57.98449612403101,96.63978494623656,True,34.30796617712505,54.58604967179332,Neutral,73.80014895836078,5.798402130492676,68.91424766977363,51.42857142857142,56.97478991596638,46.23803009575924,66.26666666666667,48.15512770640288,100.0,68.18712713461376,100.0,AMBER,Large,50000000.0,GREEN,40.93185855044245,57.9590580644217,Hold,Hold,High,High,ttm(Mar 2026),ttm(Mar 2026),Mar 2026,False,False,Hold,,72.60851816573684,15.117868405369684,March-to-March,full,,,7,,82.35294117647058,56.97674418604651,34.30796617712505,54.58604967179332,5.798402130492676,51.42857142857142,46.23803009575924,0,-0.0,0,AMBER,40.78,57.96,47.65,,,16.0,5.0,0.0,5.0,Hold,52.65,Hold,,,,,Y,,29.8,-650.8,124.0
SUMICHEM,Chemicals,Cyclical,26977.816486358643,0.1833549442315867,0.2539875321073281,0.0185840707964601,83.875,-2.662092696086016,2.890724269377376,49.68290328979492,0.2113164992559524,0.2232405414325333,-0.0017510329798354,0.0869721729106853,True,True,69.2378710787241,31606642.0,33046590.0,126270324.27270508,0.0983333333333332,0.3699999999999999,49.68290328979492,65.9090909090909,72.72727272727273,69.31818181818181,6.976744186046512,16.93548387096774,False,36.2812917222964,57.55478363984505,Neutral,75.57250918842388,26.70386151797603,87.9555259653795,41.68067226890757,60.16806722689076,62.7906976744186,82.53333333333333,40.77178890989656,100.0,60.11935702821764,100.0,GREEN,Mid,10000000.0,GREEN,40.77178890989656,60.11935702821764,Hold,Hold,High,High,ttm(Mar 2026),ttm(Mar 2026),Mar 2026,False,False,Hold,,2.82629406160686,-2.662092696086016,March-to-March,full,,,7,,69.31818181818181,7.703488372093023,36.2812917222964,57.55478363984505,26.70386151797603,41.68067226890757,62.7906976744186,0,-0.0,0,GREEN,40.9,60.41,48.7,,,10.0,0.0,0.0,0.0,Hold,48.7,Hold,score 40-50 (trim if weight >2.5%),,,,,,18.0,20.1,11.0
AARTIDRUGS,Healthcare,NotCyclical,3833.356685852737,0.1304788401396701,0.1592195877703437,0.3724983860555197,9.088235294117649,-1.8886613661022176,7.498952660242986,19.658239414629417,0.149780886804691,0.0724084923278658,-0.1086284212053837,-0.2334879064717381,True,True,74.3167289853408,1905433.0,940534.0,52032544.210739136,0.4816666666666667,0.8100000000000003,19.658239414629417,34.285714285714285,28.57142857142857,31.428571428571427,8.372093023255815,31.85483870967742,False,80.45201683052152,29.083407105771283,Extended,52.46660566171631,66.50785619174435,90.47589880159788,66.38655462184873,74.6218487394958,22.5718194254446,43.46666666666666,40.517212232075366,100.0,54.74037163491746,100.0,GREEN,Small,2500000.0,GREEN,40.517212232075366,54.74037163491746,Hold,Hold,High,High,ttm(Mar 2026),ttm(Mar 2026),Mar 2026,False,False,Hold,,7.457059069962302,-1.8886613661022178,March-to-March,full,,,7,,31.428571428571427,9.156976744186046,80.45201683052152,29.083407105771283,66.50785619174435,66.38655462184873,22.5718194254446,0,-0.0,0,GREEN,40.69,54.97,46.4,,,8.0,-5.0,0.0,-5.0,Hold,41.4,Hold,score 40-50 (trim if weight >2.5%),,,,,,0.9,-2.6,-14.0
HERITGFOOD,Fast Moving Consumer Goods,NotCyclical,3111.7119335273583,0.1354585318719575,0.2074218722095474,0.3272892112420671,14.77777777777778,11.775127224466718,11.535739561217271,23.148275441136853,-0.0481691244672736,-0.2383209649531822,-0.2864736592372923,-0.3446989724148163,True,False,56.74321970469999,2776693.0,-3551530.0,74979696.5,-0.215,-0.83,23.148275441136853,34.88372093023256,56.81818181818182,45.85095137420719,47.13178294573643,46.50537634408602,False,60.32220738762795,9.364444437638175,Neutral,23.681233585085558,58.78482023968043,8.718242343541945,15.378151260504202,8.739495798319327,12.859097127222984,47.73333333333333,40.50619248723736,100.0,36.22571839794683,100.0,GREEN,Small,2500000.0,GREEN,40.50619248723736,36.22571839794683,Hold,Sell,High,High,ttm(Jun 2026),ttm(Jun 2026),Jun 2026,False,False,Sell,,9.455864570737615,11.775127224466718,March-to-March,full,,,7,,45.85095137420719,46.51162790697674,60.32220738762795,9.364444437638175,58.78482023968043,15.378151260504202,12.859097127222984,0,-0.0,0,GREEN,40.37,35.03,38.23,,,9.0,-5.0,-6.0,-11.0,Sell,27.23,Sell,,,,,,Y,16.9,-90.8,15.0
PRAJIND,Capital Goods,Cyclical,6573.230543870192,0.1343307806633134,0.1744995520262806,0.1321619556913674,7.6,-3.52409404723113,-1.8587360594795488,273.8846059945913,-0.0012623063310834,0.1565696954160387,-0.2724157218200648,-0.4947480332623982,False,True,51.292840977580944,5990525.0,194571314.0,343472438.1611023,0.9099999999999998,1.2350000000000003,273.8846059945913,42.05607476635514,45.37037037037037,43.71322256836275,5.891472868217054,9.543010752688172,False,22.58409586766095,12.600656009946375,Neutral,23.898493680019687,85.89161118508655,77.5027962716378,78.4873949579832,82.18487394957982,88.37209302325581,60.93333333333333,41.342042585977794,100.0,39.504393349102536,100.0,GREEN,Small,2500000.0,GREEN,40.342042585977794,38.504393349102536,Hold,Sell,High,High,ttm(Mar 2026),ttm(Mar 2026),Mar 2026,False,False,Sell,,-1.8587360594795488,-3.52409404723113,March-to-March,full,,,7,,43.71322256836275,6.686046511627906,22.58409586766095,12.600656009946375,85.89161118508655,78.4873949579832,88.37209302325581,1,-1.0,0,GREEN,40.49,38.73,39.78,,,10.0,0.0,-6.0,-6.0,Sell,33.78,Sell,,,,,Y,,48.0,-157.1,-65.0
SANOFICONR,Healthcare,NotCyclical,10494.388489208632,,,,154.5,,38.31360946745561,40.7081621718164,-0.0202047054440313,0.0935973920867416,-0.1070414045372144,,False,True,45.90780451013913,198788.0,1278597.0,18272183.69921875,,,40.7081621718164,,,,,89.38172043010752,False,,30.19872547375482,Neutral,16.81485335180299,66.50785619174435,90.47589880159788,,,24.350205198358413,30.4,40.198511697281056,42.85714285714285,55.13767511668388,57.14285714285714,GREEN,Small,2500000.0,GREEN,40.198511697281056,55.13767511668388,Hold,Hold,Med,Med,ttm(Mar 2026),ttm(Mar 2026),Mar 2026,False,False,Hold,,38.31360946745561,,engine TTM (no FY pair),1-2y,,,3,growth_3y<-1y,,88.82907133243607,,30.19872547375482,66.50785619174435,,24.350205198358413,0,-0.0,0,GREEN,55.8,52.83,54.61,,,12.0,0.0,0.0,0.0,Hold,54.61,Hold,,,Y,,,,,,
POLICYBZR,Financial Services,NotCyclical,72233.217102388,0.0170742333919113,-0.0166614151606922,0.049234135667396,13.72972972972973,38.48678531427956,36.50793650793651,107.58786875161525,-0.0344508112073348,-0.0682781405037675,-0.1479176920535296,0.131682939464202,False,False,43.70046269893744,-30521718.0,-25244626.0,2395776884.946533,6.47,0.665,107.58786875161525,6.722689075630252,6.25,6.486344537815127,90.54263565891472,88.30645161290323,False,16.817790952908965,18.6549129357962,Neutral,14.748778339839957,47.73288948069241,28.95792276964048,99.07563025210084,71.76470588235294,5.88235294117647,4.4,40.17383689436542,100.0,32.35718029838476,100.0,N/A-financial-sector,Large,50000000.0,GREEN,40.17383689436542,32.35718029838476,Hold,Sell,High,High,ttm(Mar 2026),ttm(Mar 2026),Mar 2026,False,False,Sell,,36.50793650793651,38.48678531427956,March-to-March,full,,,7,,6.486344537815127,90.40697674418605,16.817790952908965,18.6549129357962,47.73288948069241,99.07563025210084,5.88235294117647,0,-0.0,0,N/A-financial-sector,40.14,32.28,37.0,,,22.0,10.0,-6.0,0.0,Sell,37.0,Sell,,,,,,,52.6,379.7,-77.0
PVRINOX,Media Entertainment & Publication,NotCyclical,9844.153558640252,-0.0112659220194117,0.1089866404148712,0.9188126863648686,2.858117326057299,21.00530879006,16.12847222222222,29.562022698619376,0.070690966972202,-0.0354847422053296,0.0163719173390917,-0.314848227724652,True,False,55.81124791587408,229259.0,-4249799.0,193945932.58273315,-0.051666666666667,-0.4749999999999996,29.562022698619376,25.0,50.0,37.5,73.7984496124031,61.96236559139785,False,76.4853137516689,25.13062289080179,Neutral,45.50776409730148,30.089747003994677,42.34007989347536,24.201680672268907,13.109243697478991,11.76470588235294,30.8,47.21978886946924,100.0,48.228810033178576,100.0,AMBER,Small,2500000.0,GREEN,40.136820539048855,40.994488528201785,Hold,Hold,High,High,ttm(Mar 2026),ttm(Mar 2026),Mar 2026,False,False,Hold,,14.982698961937713,21.005308790059996,March-to-March,full,,,7,,37.5,73.11046511627907,76.4853137516689,25.13062289080179,30.089747003994677,24.201680672268907,11.76470588235294,0,-0.0,0,AMBER,40.01,40.27,40.11,,,12.0,0.0,0.0,0.0,Hold,40.11,Hold,score 40-50 (trim if weight >2.5%),,,,Y,,76.0,322.0,119.0
JMFINANCIL,Financial Services,NotCyclical,12025.28725004234,0.0707609838864054,0.1070158305186822,1.0916682304372305,2.643643643643644,8.65600963369313,-6.578346276838742,10.012728767728843,-0.0413840608950161,-0.0556929048067226,-0.2293267396687539,0.3680742303696036,False,False,49.65364432063046,33415605.0,115852969.0,279592837.2859802,-0.6216666666666661,-0.9149999999999988,10.012728767728843,13.445378151260504,37.5,25.472689075630253,35.348837209302324,6.317204301075269,True,89.58009052720702,18.06356876747069,Neutral,13.806903703841453,47.73288948069241,28.95792276964048,5.714285714285714,8.235294117647058,81.25854993160054,83.2,43.05780129483658,100.0,31.489505068872173,100.0,N/A-financial-sector,Mid,10000000.0,GREEN,40.05780129483658,28.489505068872173,Hold,Sell,High,High,ttm(Mar 2026),ttm(Mar 2026),Mar 2026,False,False,Sell,,-4.240362811791387,8.65600963369313,March-to-March,full,,,7,,25.472689075630253,35.174418604651166,89.58009052720702,18.06356876747069,47.73288948069241,5.714285714285714,81.25854993160054,1,-1.0,0,N/A-financial-sector,42.02,31.0,37.61,,,7.0,-5.0,-6.0,-11.0,Sell,26.61,Sell,,,,,,,1.1,416.5,-26.0
MAPMYINDIA,Information Technology,NotCyclical,6446.767079878827,0.1844429032331265,0.2081530243124555,0.0077348066298342,84.5,19.03938484537704,2.37068965517242,48.01221797034114,0.2331432560317115,-0.239499366020411,-0.3407749898514176,-0.5192856087426314,True,False,78.79681724035439,18281356.0,23249432.0,204586238.4154663,0.1933333333333333,0.0350000000000001,48.01221797034114,51.42857142857142,42.85714285714285,47.14285714285714,69.30232558139535,15.725806451612904,True,21.74410324877615,6.327401106830213,Extended,55.86846642411271,13.445272969374168,39.41065246338216,50.7563025210084,36.89075630252101,57.045143638850895,75.06666666666668,41.04107476253765,100.0,39.15635742429034,100.0,GREEN,Small,2500000.0,GREEN,40.04107476253765,38.15635742429034,Hold,Sell,High,High,ttm(Mar 2026),ttm(Mar 2026),Mar 2026,False,False,Sell,,2.3758099352051865,19.03938484537704,March-to-March,full,,,7,,47.14285714285714,68.31395348837209,21.74410324877615,6.327401106830213,13.445272969374168,50.7563025210084,57.045143638850895,1,-1.0,0,GREEN,39.82,38.48,39.28,,,9.0,-5.0,-6.0,-11.0,Sell,28.28,Sell,,,,,Y,,27.5,-11.2,0.0
MFSL,Financial Services,NotCyclical,68852.01752588092,0.0816418248088696,0.0848382445458297,0.3519500189322226,1.8928571428571428,14.916266910813912,2.593070798364528,646.8852559074026,-0.0653718742432949,-0.0411274844638624,0.0071465502751022,0.5897668965369702,False,False,44.261041554096806,-4738413.0,1000520.0,985426004.6072998,1.558333333333333,2.4349999999999987,646.8852559074026,17.647058823529413,35.41666666666667,26.53186274509804,56.74418604651162,16.129032258064516,False,22.21617523930212,30.33602208043835,Neutral,12.462050114562771,47.73288948069241,28.95792276964048,88.40336134453781,89.91596638655463,23.119015047879618,12.533333333333331,40.0237071116288,100.0,25.370454774909508,100.0,N/A-financial-sector,Large,50000000.0,GREEN,40.0237071116288,25.370454774909508,Hold,Sell,High,High,ttm(Mar 2026),ttm(Mar 2026),Mar 2026,False,False,Sell,,2.593126600529394,14.916266910813913,March-to-March,full,,,7,,26.53186274509804,55.81395348837209,22.21617523930212,30.33602208043835,47.73288948069241,88.40336134453781,23.119015047879618,0,-0.0,0,N/A-financial-sector,39.82,25.76,34.2,,,12.0,0.0,-6.0,-6.0,Sell,28.2,Sell,,,,,,,19.0,-276.3,2.0
TATACONSUM,Fast Moving Consumer Goods,NotCyclical,108012.15522771009,0.0730282818376209,0.1112258051913019,0.1294290435101891,20.37956204379562,13.757340509039718,15.171983199001016,69.77564102564102,-0.0202512716582952,-0.0770888684418343,0.0194190529443312,-0.0390631886836737,False,False,42.42264645185153,-5546514.0,30609376.0,1697937189.1870117,0.5116666666666667,0.6250000000000009,69.77564102564102,6.976744186046512,9.090909090909092,8.033826638477802,53.17829457364341,57.795698924731184,False,39.722407654650645,26.49419991230125,Neutral,18.88366128074077,58.78482023968043,8.718242343541945,67.56302521008404,70.25210084033613,61.55950752393981,11.466666666666669,39.90746699363569,100.0,29.78098824542672,100.0,GREEN,Large,50000000.0,GREEN,39.90746699363569,29.78098824542672,Sell,Sell,High,High,ttm(Mar 2026),ttm(Mar 2026),Mar 2026,False,False,Sell,,15.166307185832672,13.757340509039718,March-to-March,full,,,7,,8.033826638477802,52.32558139534884,39.722407654650645,26.49419991230125,58.78482023968043,67.56302521008404,61.55950752393981,0,-0.0,0,GREEN,39.72,29.82,35.76,,,13.0,0.0,6.0,6.0,Hold,41.76,Hold,score 40-50 (trim if weight >2.5%),Sell->Hold (analyst),,,,,6.7,-63.0,-43.0
DIVISLAB,Healthcare,NotCyclical,194226.07257314172,0.1400676109588648,0.1880579590373449,0.0004176361792255,143.41666666666666,10.777501844579929,12.82051282051282,75.63320583066267,0.1745063413067908,0.1280548916814432,0.0737544895735258,0.5971704720250461,True,True,74.91991232272142,2779815.0,2442416.0,2219198701.0,-0.0866666666666668,0.2899999999999991,75.63320583066267,42.85714285714285,41.42857142857143,42.14285714285714,43.41085271317829,51.88172043010753,False,18.704939919893192,63.260756004690926,Extended,59.356522069762285,66.50785619174435,90.47589880159788,22.18487394957983,55.79831932773109,27.49658002735978,47.86666666666667,39.7508892007611,100.0,50.80019074551803,100.0,GREEN,Large,50000000.0,GREEN,39.7508892007611,50.80019074551803,Sell,Hold,High,High,ttm(Mar 2026),ttm(Mar 2026),Mar 2026,False,False,Sell,,12.82051282051282,10.777501844579929,March-to-March,full,,,7,,42.14285714285714,42.877906976744185,18.704939919893192,63.260756004690926,66.50785619174435,22.18487394957983,27.49658002735978,0,-0.0,0,GREEN,39.63,50.86,44.12,,,14.0,0.0,0.0,0.0,Hold,44.12,Hold,score 40-50 (trim if weight >2.5%),,,,,,12.8,87.8,85.0
BBOX,Information Technology,NotCyclical,15444.187320631378,0.2018654409958757,0.299275189139915,0.8958818958818959,3.5253164556962027,0.1799136062205386,5.966147142617739,68.71337890625,0.6481815510499311,0.6807398404563281,0.6566842811333193,1.180667362532502,False,True,34.32604461887624,7836225.0,50250545.0,604893452.35849,-0.1283333333333334,-0.33,68.71337890625,62.85714285714285,62.85714285714285,62.85714285714285,12.248062015503876,26.61290322580645,False,21.072541165999105,94.04262956804102,Pulled back,50.26924738996423,13.445272969374168,39.41065246338216,19.327731092436977,16.63865546218487,68.67305061559507,63.46666666666667,39.732877577728665,100.0,40.5063107510341,100.0,GREEN,Mid,10000000.0,GREEN,39.732877577728665,40.5063107510341,Sell,Hold,High,High,ttm(Mar 2026),ttm(Mar 2026),Mar 2026,False,False,Sell,,5.9493883023294725,0.17991360622053865,March-to-March,full,,,7,,62.85714285714285,12.936046511627907,21.072541165999105,94.04262956804102,13.445272969374168,19.327731092436977,68.67305061559507,0,-0.0,0,GREEN,39.88,40.78,40.24,,,9.0,-5.0,-6.0,-11.0,Sell,29.24,Sell,,,,Y,,,-18.4,-13.0,24.0
RKFORGE,Automobile and Auto Components,Cyclical,10748.962247824364,0.101616752328752,0.1633166229248268,0.7443768996960486,2.9761904761904763,9.89738147499759,5.081804660386724,148.91414449672507,0.1145383032509215,0.1890279284149842,-0.1063626597185706,-0.3819728507111507,True,True,60.21868836183331,14561659.0,36043590.0,184602713.1399231,1.5833333333333337,3.725000000000001,148.91414449672507,26.08695652173913,21.73913043478261,23.913043478260867,39.22480620155039,24.05913978494624,False,27.11244622459576,20.80951814315171,Neutral,68.18924227492778,100.0,53.26844207723036,88.73949579831933,95.7983193277311,64.43228454172366,71.86666666666667,46.69670621189597,100.0,48.013038197413536,100.0,AMBER,Small,2500000.0,GREEN,39.69220028011158,40.81108246780151,Sell,Hold,High,High,ttm(Mar 2026),ttm(Mar 2026),Mar 2026,False,False,Sell,,5.057015369360429,9.89738147499759,March-to-March,full,,,7,,23.913043478260867,38.80813953488372,27.11244622459576,20.80951814315171,100.0,88.73949579831933,64.43228454172366,0,-0.0,0,AMBER,39.63,41.02,40.19,,,13.0,0.0,-6.0,-6.0,Sell,34.19,Sell,,,,,,,2.4,35.6,-107.0
LATENTVIEW,Information Technology,NotCyclical,6445.214339907017,0.1186053574358498,0.1189887681268976,0.0187927107061503,23.7,25.28691052822778,25.117924528301884,31.87369583544005,0.0079220788901777,-0.3051541753976313,-0.2934983862118733,-0.4015678469308855,True,False,55.50005421738644,12424027.0,122915894.0,210185852.7482605,0.1499999999999999,0.3399999999999999,31.87369583544005,11.428571428571429,5.714285714285714,8.571428571428571,79.84496124031007,79.3010752688172,False,38.41744548286604,11.284512238262892,Neutral,31.17592050418728,13.445272969374168,39.41065246338216,46.05042016806723,58.4873949579832,82.62653898768811,70.26666666666667,39.65849207880636,100.0,41.74751467112419,100.0,GREEN,Small,2500000.0,GREEN,39.65849207880636,41.74751467112419,Sell,Hold,High,High,ttm(Mar 2026),ttm(Mar 2026),Mar 2026,False,False,Sell,,25.0,25.28691052822778,March-to-March,full,,,7,,8.571428571428571,79.65116279069767,38.41744548286604,11.284512238262892,13.445272969374168,46.05042016806723,82.62653898768811,0,-0.0,0,GREEN,39.62,41.72,40.46,,,18.0,5.0,0.0,5.0,Hold,45.46,Hold,score 40-50 (trim if weight >2.5%),,,,Y,,29.1,-8.0,7.0
CONCOR,Services,NotCyclical,37479.37330000239,0.1029608365088728,0.1487619606646876,0.0745576759638414,25.0,3.5832913760850182,2.1717114886913524,30.07975385232937,-0.0214549451390104,-0.0461955037555775,-0.190900072710542,-0.5156611871514005,True,False,58.761185131992455,12087441.0,44947286.0,624356797.3659515,0.2850000000000007,0.3800000000000025,30.07975385232937,29.166666666666668,32.0,30.583333333333336,20.31007751937985,15.188172043010754,False,76.15153538050735,8.73202209756545,Neutral,33.49994986286913,32.419973368841546,58.78482023968043,57.815126050420176,60.33613445378151,66.62106703146374,69.6,39.62102683040441,100.0,43.20715941308372,100.0,GREEN,Large,50000000.0,GREEN,39.62102683040441,43.20715941308372,Sell,Hold,High,High,ttm(Mar 2026),ttm(Mar 2026),Mar 2026,False,False,Sell,,2.1604590975582205,3.5832913760850182,March-to-March,full,,,7,,30.583333333333336,20.78488372093023,76.15153538050735,8.73202209756545,32.419973368841546,57.815126050420176,66.62106703146374,0,-0.0,0,GREEN,39.73,43.53,41.25,,,9.0,-5.0,0.0,-5.0,Hold,36.25,Sell,,,,,,,22.5,-21.7,-82.0
EMIL,Consumer Services,NotCyclical,5073.647763917772,0.1021041385041625,0.1326516514108798,1.2281672816728166,2.844155844155844,9.667028586038228,6.715198336057049,47.417268821661416,0.252327613993524,0.3362392831756655,-0.0705119128723404,-0.4559411821496661,True,True,59.37288052381046,32619932.0,69595801.0,93233727.15296936,2.425,2.9750000000000005,47.417268821661416,60.86956521739131,39.130434782608695,50.0,39.06976744186046,28.62903225806452,False,40.55175015963313,37.57802347113645,Neutral,86.75546557080736,7.985885486018644,14.776830892143808,93.781512605042,92.94117647058825,73.87140902872777,82.8,46.59702499826196,100.0,54.29600842906149,100.0,AMBER,Small,2500000.0,GREEN,39.60747124852266,46.15160716470227,Sell,Hold,High,High,ttm(Mar 2026),ttm(Mar 2026),Mar 2026,False,False,Sell,,3.1299353912419337,9.667028586038228,March-to-March,full,,,7,,50.0,38.662790697674424,40.55175015963313,37.57802347113645,7.985885486018644,93.781512605042,73.87140902872777,0,-0.0,0,AMBER,39.53,44.86,41.66,,,8.0,-5.0,-6.0,-11.0,Sell,30.66,Sell,,,,,,,10.5,-27.1,7.0
AMBUJACEM,Construction Materials,Cyclical,127768.07289103596,0.102673204506026,0.1236305420058277,0.0145921445060407,29.361607142857142,,15.052637536789671,22.94179926473628,-0.0421053610920111,-0.1895354727128151,-0.2578620928342208,-0.3601910663103217,True,False,52.41055574762765,-2127500.0,9783794.0,1268617419.3934326,-0.385,0.6349999999999998,22.94179926473628,56.25,37.5,46.875,,57.25806451612904,False,79.7890520694259,11.228631938712292,Neutral,31.486722203015013,11.058055925432758,11.85699067909454,10.252100840336134,71.00840336134453,43.22845417236662,18.133333333333333,39.597231714884245,85.71428571428571,45.77981969840194,100.0,GREEN,Large,50000000.0,GREEN,39.597231714884245,45.77981969840194,Sell,Hold,High,High,ttm(Mar 2026),ttm(Mar 2026),Mar 2026,False,False,Sell,,15.05546751188589,,March-to-March,full,,,6,growth_3y<-1y,46.875,57.469717362045756,79.7890520694259,11.228631938712292,11.058055925432758,10.252100840336134,43.22845417236662,0,-0.0,0,GREEN,42.81,45.81,44.01,,,11.0,0.0,0.0,0.0,Hold,44.01,Hold,score 40-50 (trim if weight >2.5%),,Y,,,,15.6,-293.0,-2130.0
HOMEFIRST,Financial Services,NotCyclical,12769.228053737334,0.1362704460811941,,2.4305714941473493,,,25.098039215686278,23.52410263902559,0.0913176545848664,0.1585618906494881,-0.1042838582172854,0.1693028974980734,True,True,58.12240403356781,1290719.0,-3171822.0,187192249.1668701,-4.0666666666666655,1.4400000000000004,23.52410263902559,51.26050420168067,,51.26050420168067,,79.16666666666666,False,49.4154808036732,43.03845889524165,Neutral,63.19988080876443,47.73288948069241,28.95792276964048,1.092436974789916,84.53781512605042,13.406292749658002,39.33333333333333,39.597071526269694,85.71428571428571,58.34700869433401,100.0,N/A-financial-sector,Mid,10000000.0,GREEN,39.597071526269694,58.34700869433401,Sell,Hold,High,High,ttm(Mar 2026),ttm(Mar 2026),Mar 2026,False,False,Sell,,40.23210831721471,33.604619438140524,March-to-March,full,,,7,,51.26050420168067,87.3546511627907,49.4154808036732,43.03845889524165,47.73288948069241,1.092436974789916,13.406292749658002,0,-0.0,0,N/A-financial-sector,50.1,60.13,54.12,,,22.0,10.0,0.0,10.0,Hold,64.12,Hold,,,,,,,,,
GRASIM,Construction Materials,Cyclical,433692.36769170495,0.1063742503100751,0.1128927692501414,2.20211655552334,2.3967247754886425,14.25269141500536,18.152857662414636,42.10605511569951,0.1133291524293322,0.1076706641299227,0.1166106258737245,0.1290156144070116,False,True,43.135217584871135,-2646593.0,1756368.0,2097176957.381592,0.3216666666666663,-0.1000000000000005,42.10605511569951,68.75,25.0,46.875,54.4186046511628,66.26344086021506,False,50.67957276368492,72.94861932329715,Neutral,37.11147824151289,11.058055925432758,11.85699067909454,59.32773109243698,26.47058823529412,25.718194254445965,16.400000000000002,46.57447260461439,100.0,39.210020890972,100.0,AMBER,Large,50000000.0,GREEN,39.58830171392223,33.3285177573262,Sell,Sell,High,High,ttm(Mar 2026),ttm(Mar 2026),Mar 2026,False,False,Sell,,18.152857662414633,14.252691415005359,March-to-March,full,,,7,,46.875,53.48837209302325,50.67957276368492,72.94861932329715,11.058055925432758,59.32773109243698,25.718194254445965,0,-0.0,0,AMBER,39.45,33.29,36.98,,,13.0,0.0,6.0,6.0,Hold,42.98,Hold,score 40-50 (trim if weight >2.5%),Sell->Hold (analyst),,,,,7.2,2903.6,-470.0
INDUSINDBK,Financial Services,NotCyclical,78965.95092024539,0.082660970614813,,0.6523906812221748,,,-4.966302293087866,88.82559158632777,0.1915506397669824,0.1148663514638828,0.1819777054639579,-0.2940846779514373,True,True,64.35524098445521,28551826.0,118017047.0,1643747251.8858335,0.2449999999999998,0.4750000000000014,88.82559158632777,18.487394957983195,,18.487394957983195,,6.989247311827956,False,31.02667964065081,53.7010609987837,Neutral,74.067873514043,47.73288948069241,28.95792276964048,54.78991596638656,64.87394957983193,82.07934336525308,82.0,40.4325895448421,85.71428571428571,39.24583667992686,100.0,N/A-financial-sector,Large,50000000.0,GREEN,39.4325895448421,38.24583667992686,Sell,Sell,High,High,ttm(Mar 2026),ttm(Mar 2026),Mar 2026,False,False,Sell,,-4.966302293087866,,engine TTM (no FY pair),full,,,6,growth_3y<-1y,18.487394957983195,8.344549125168237,31.02667964065081,53.7010609987837,47.73288948069241,54.78991596638656,82.07934336525308,1,-1.0,0,N/A-financial-sector,32.37,38.49,34.82,,,12.0,0.0,6.0,6.0,Hold,40.82,Hold,score 40-50 (trim if weight >2.5%),Sell->Hold (analyst),Y,,,,,,
CRISIL,Financial Services,NotCyclical,,,,,,,16.761619190404797,36.85948338406001,-0.0220098468371355,-0.1130430163174095,-0.2814313800951862,0.0210258223015606,True,False,62.412966172117805,150995.0,214844.0,172360183.2685547,1.1133333333333333,0.1349999999999998,36.85948338406001,,,,,62.903225806451616,False,,11.802530672617356,Neutral,27.31591183090576,47.73288948069241,28.95792276964048,83.02521008403362,46.21848739495798,19.015047879616965,29.73333333333333,39.42624639238542,57.14285714285714,39.961165429528265,71.42857142857143,N/A-financial-sector,,,GREEN,39.42624639238542,39.961165429528265,Sell,Sell,Med,High,ttm(Mar 2026),ttm(Mar 2026),Mar 2026,False,True,Sell,,16.761619190404797,,engine TTM (no FY pair),full,,,4,growth_3y<-1y,,62.44952893674294,,11.802530672617356,47.73288948069241,83.02521008403362,19.015047879616965,0,-0.0,0,N/A-financial-sector,48.83,43.39,46.65,,,12.0,0.0,0.0,0.0,Hold,46.65,Hold,score 40-50 (trim if weight >2.5%),,Y,,,,,,
SHREECEM,Construction Materials,Cyclical,97721.6290042215,0.1019950966490881,0.1970190084455058,0.0802853827309064,21.87735849056604,5.467181035092916,8.613804905875643,55.87170201758924,0.0592389172224401,-0.0057079727490333,-0.1307471047540286,0.0014130181084508,True,True,63.335414072414096,-91399.0,-161531.0,470969930.0,0.205,0.0949999999999997,55.87170201758924,50.0,87.5,68.75,26.356589147286822,35.483870967741936,False,41.40854472630173,49.11299032131873,Neutral,54.377569703869696,11.058055925432758,11.85699067909454,51.932773109243705,43.02521008403362,18.05745554035568,25.6,39.37521313021421,100.0,42.13011747778774,100.0,GREEN,Large,50000000.0,GREEN,39.37521313021421,42.13011747778774,Sell,Hold,High,High,ttm(Mar 2026),ttm(Mar 2026),Mar 2026,False,False,Sell,,8.608618990820926,5.467181035092916,March-to-March,full,,,7,,68.75,26.598837209302324,41.40854472630173,49.11299032131873,11.058055925432758,51.932773109243705,18.05745554035568,0,-0.0,0,GREEN,39.42,42.31,40.57,,,11.0,0.0,-6.0,-6.0,Sell,34.57,Sell,,,,,Y,,28.8,365.3,72.0
WELENT,Construction,Cyclical,9720.065268987342,0.1305459695896488,0.0922245479235353,0.6527595269382391,3.767676767676768,9.43880611027328,-2.1650879566982417,24.732990506329116,0.3035867068233102,0.3865801844334686,0.2258878179556895,0.3066101494622242,True,True,72.75621002633433,7284188.0,7048773.0,116415785.06295776,0.2183333333333332,0.815,24.732990506329116,56.52173913043478,13.043478260869565,34.78260869565217,38.13953488372093,9.274193548387096,False,40.50323508267434,80.73161452981374,Extended,87.96399252393662,8.461517976031956,26.57070572569907,52.94117647058824,74.78991596638656,38.7140902872777,62.93333333333333,40.36590457720605,100.0,48.35609804570786,100.0,GREEN,Small,2500000.0,GREEN,39.36590457720605,47.35609804570786,Sell,Hold,High,High,ttm(Mar 2026),ttm(Mar 2026),Mar 2026,False,False,Sell,,0.8649553571428603,9.43880611027328,March-to-March,full,,,7,,34.78260869565217,37.7906976744186,40.50323508267434,80.73161452981374,8.461517976031956,52.94117647058824,38.7140902872777,0,-0.0,0,GREEN,40.3,49.15,43.84,,,10.0,0.0,-6.0,-6.0,Sell,37.84,Sell,,,,,,,6.6,221.5,-144.0
POONAWALLA,Financial Services,NotCyclical,38366.61119818509,0.0865706969157518,,4.680258962218572,,,72.44807777286788,50.33582024482775,0.1290052130910628,0.0238534102690874,0.0381486512075579,0.1160619489901606,True,True,62.278238197727454,20419029.0,65703913.0,561909746.7865753,0.34,0.8000000000000003,50.33582024482775,20.16806722689076,,20.16806722689076,,96.50537634408605,False,24.184336177049627,55.63791386597643,Neutral,59.930302901990345,47.73288948069241,28.95792276964048,60.25210084033613,74.45378151260505,72.36662106703147,77.06666666666668,39.2563914276491,85.71428571428571,51.85137132983264,100.0,N/A-financial-sector,Large,50000000.0,GREEN,39.2563914276491,51.85137132983264,Sell,Hold,High,High,ttm(Jun 2026),ttm(Jun 2026),Jun 2026,False,False,Sell,,72.44807777286788,3.042682580531886,engine TTM (no FY pair),full,,,7,,20.16806722689076,18.6046511627907,24.184336177049627,55.63791386597643,47.73288948069241,60.25210084033613,72.36662106703147,0,-0.0,0,N/A-financial-sector,34.71,51.85,41.57,,,30.0,15.0,-6.0,0.0,Sell,41.57,Hold,score 40-50 (trim if weight >2.5%) + analyst view,Analyst Sell -> Trim,,,,,,,
SAMHI,Consumer Services,NotCyclical,4246.489338150294,0.0363269357092059,0.1084835641302775,0.84967919340055,2.52046783625731,19.08490530403808,11.130899376669646,7.479488202849304,0.0389705927039238,-0.0928254548369731,-0.26869663972983,-0.10451548934254,True,False,46.72564275850407,14808978.0,-1980355.0,110285475.21211244,,,7.479488202849304,28.26086956521739,34.78260869565217,31.52173913043478,69.45736434108527,44.22043010752688,False,86.75973762117607,15.500092855737108,Neutral,43.67043089323172,7.985885486018644,14.776830892143808,,,15.868673050615596,72.26666666666667,45.97868865799171,85.71428571428571,46.86233664178051,85.71428571428571,AMBER,Small,2500000.0,GREEN,39.08188535929296,39.83298614551343,Sell,Sell,High,High,ttm(Mar 2026),ttm(Mar 2026),Mar 2026,False,False,Sell,,10.442477876106192,19.08490530403808,March-to-March,full,,,6,,31.52173913043478,68.45930232558139,86.75973762117607,15.500092855737108,7.985885486018644,,15.868673050615596,0,-0.0,0,AMBER,39.2,39.73,39.41,,,14.0,0.0,-6.0,-6.0,Sell,33.41,Sell,,,Y,Y,Y,,49.8,-17.4,133.0
AXISCADES,Capital Goods,Cyclical,6645.957654587766,0.0403296388185034,0.1542903387865249,0.5337001375515819,5.709677419354839,12.1339720449668,12.440697369825273,92.30496742483008,-0.1582407953663021,0.1507516246810853,0.0874530719443109,1.537861532123196,False,False,35.316489745614874,1841004.0,4495240.0,295027847.9100342,,,92.30496742483008,9.345794392523365,33.33333333333333,21.339563862928348,47.906976744186046,50.67204301075269,False,20.241460158259795,35.12675114935169,Neutral,14.42112880321629,85.89161118508655,77.5027962716378,,,32.14774281805746,42.66666666666667,39.04059238658688,85.71428571428571,34.69821091516521,85.71428571428571,GREEN,Small,2500000.0,GREEN,39.04059238658688,34.69821091516521,Sell,Sell,High,High,ttm(Mar 2026),ttm(Mar 2026),Mar 2026,False,False,Sell,,12.415130940834151,12.1339720449668,March-to-March,full,,,6,,21.339563862928348,47.23837209302326,20.241460158259795,35.12675114935169,85.89161118508655,,32.14774281805746,0,-0.0,0,GREEN,39.91,35.97,38.33,,,15.0,5.0,-6.0,-1.0,Sell,37.33,Sell,,,Y,,,,10.5,15.1,-4.0
ALKYLAMINE,Chemicals,Cyclical,9662.915476142904,0.2243228586642708,0.3030031343538034,0.0006523157208088,285.0,-3.000603274397051,-2.2900763358778664,53.66761294278232,0.3496475594810964,0.1793182475973558,-0.1496893816798707,-0.089016506774434,True,True,57.28154544719445,4056537.0,14362524.0,144697710.17803955,0.1299999999999999,0.0549999999999999,53.66761294278232,84.0909090909091,97.72727272727272,90.9090909090909,6.3565891472868215,9.13978494623656,False,31.38773266315873,35.206490217608255,Neutral,83.77554915898426,26.70386151797603,87.9555259653795,44.36974789915966,38.90756302521009,49.52120383036936,53.73333333333333,40.01753932539487,100.0,59.948799487046415,100.0,GREEN,Small,2500000.0,GREEN,39.01753932539487,58.948799487046415,Sell,Hold,High,High,ttm(Mar 2026),ttm(Mar 2026),Mar 2026,False,False,Sell,,-2.2900763358778664,-3.000603274397051,March-to-March,full,,,7,,90.9090909090909,7.122093023255814,31.38773266315873,35.206490217608255,26.70386151797603,44.36974789915966,49.52120383036936,1,-1.0,0,GREEN,39.16,59.18,47.16,,,8.0,-5.0,-6.0,-11.0,Sell,36.16,Sell,,,,,,,13.2,0.7,2.0
TATACOMM,Telecommunication,NotCyclical,52202.058177029605,0.6567141069699262,0.3390560153353597,3.553524804177546,6.328083989501312,11.61417441536463,7.335122035658648,52.344239670385846,0.2249328794371983,0.0678884045404841,0.0846072089057115,0.0146169164155445,False,True,41.37870316718151,3868092.0,11012818.0,919653672.5776368,0.0350000000000004,0.0350000000000019,52.344239670385846,100.0,92.3076923076923,96.15384615384616,46.35658914728682,31.317204301075268,False,28.943035157988422,62.90666248552475,Neutral,34.16298438413656,93.40532623169108,96.33475366178428,33.78151260504202,37.142857142857146,44.59644322845418,52.8,59.45784438321568,100.0,52.60295105127872,100.0,RED,Large,50000000.0,GREEN,39.0,39.0,Sell,Sell,High,High,ttm(Mar 2026),ttm(Mar 2026),Mar 2026,False,False,Sell,,7.330477303215188,11.61417441536463,March-to-March,full,,,7,,96.15384615384616,45.63953488372093,28.943035157988422,62.90666248552475,93.40532623169108,33.78151260504202,44.59644322845418,1,-1.0,0,GREEN,58.3,51.83,55.71,,,7.0,-5.0,-6.0,-11.0,Sell,44.71,Hold,score 40-50 (trim if weight >2.5%) + analyst view,Analyst Sell -> Trim,,,,,11.6,-81.9,-871.0
ADANIGREEN,Power,NotCyclical,305815.73309855594,0.1314333776438673,0.0906270327165296,5.186326070623592,1.6633251079580509,18.384306175088103,15.305030324652158,152.99305759879832,0.3392036232867848,0.6480195698243285,0.5511454303024459,-0.1211249998088795,True,True,54.87513351707562,11349725.0,156309916.0,3966369513.5913086,0.3883333333333331,0.5350000000000006,152.99305759879832,57.14285714285714,38.095238095238095,47.61904761904762,67.13178294573643,58.73655913978495,False,11.32236921956548,73.32043582275209,Neutral,92.59185172765751,35.61571238348868,2.060452729693742,62.85714285714285,67.22689075630252,86.18331053351574,68.53333333333333,51.58186941480559,100.0,51.75937239270922,100.0,RED,Large,50000000.0,GREEN,39.0,39.0,Sell,Sell,High,High,ttm(Mar 2026),ttm(Mar 2026),Mar 2026,False,False,Sell,,15.305030324652158,18.384306175088106,March-to-March,full,,,7,,47.61904761904762,66.27906976744185,11.32236921956548,73.32043582275209,35.61571238348868,62.85714285714285,86.18331053351574,1,-1.0,0,AMBER,42.69,43.01,42.81,,,12.0,0.0,-6.0,-6.0,Sell,36.81,Sell,,,,,Y,,53.6,535.5,-244.0
WEWORK,Services,NotCyclical,9927.95437899503,0.4458389261744966,3.1817176224494967,18.624161073825505,2.6189683860232944,22.881930191326227,27.15385975597775,116.487998046875,0.3492402163332166,0.1844951742855765,,,True,,63.97213540165315,3992193.0,7408642.0,120418968.63098145,,,116.487998046875,95.83333333333334,100.0,97.91666666666669,77.98449612403101,81.45161290322581,False,26.635514018691588,,Neutral,83.54979500684323,32.419973368841546,58.78482023968043,,,39.12448700410397,53.46666666666666,63.14946445938588,71.42857142857143,71.61223439511966,85.71428571428571,RED,Small,2500000.0,GREEN,39.0,39.0,Sell,Sell,High,High,ttm(Jun 2026),ttm(Jun 2026),Jun 2026,False,False,Sell,,25.19240636223705,22.881930191326227,March-to-March,<1y,74.0,6.0,5,stage_3y<-1y,97.91666666666669,77.18023255813954,26.635514018691588,83.54979500684323,32.419973368841546,,39.12448700410397,1,-1.0,0,RED,39.0,39.0,39.0,,,16.0,5.0,-6.0,-1.0,Sell,38.0,Sell,,,<1y,,Y,,90.6,22.9,20.0
SMARTWORKS,Services,NotCyclical,5546.032681672469,-1.1797071540880502,0.1843223777543409,9.015094339622642,3.1557377049180326,36.19011205175684,30.808448652585582,527.1022796630859,0.0532470765940635,0.0162120576154742,,,True,False,48.162986517884505,826740.0,531643.0,26582221.35569763,,,527.1022796630859,6.25,60.0,33.125,89.6124031007752,85.21505376344086,False,25.624165554072096,,Neutral,48.761479125989325,32.419973368841546,58.78482023968043,,,20.930232558139537,35.86666666666667,45.672555862188034,71.42857142857143,49.138184700811536,85.71428571428571,RED,Small,2500000.0,GREEN,39.0,39.0,Sell,Sell,High,High,ttm(Mar 2026),ttm(Mar 2026),Mar 2026,False,False,Sell,,30.7132459970888,36.19011205175684,March-to-March,<1y,20.96551724137931,9.0,5,stage_3y<-1y,33.125,89.38953488372093,25.624165554072096,48.761479125989325,32.419973368841546,,20.930232558139537,1,-1.0,0,RED,39.0,39.0,39.0,,,19.0,5.0,-6.0,-1.0,Sell,38.0,Sell,,,<1y,,Y,,385.7,34.8,18.0
ATHERENERG,Automobile and Auto Components,Cyclical,48489.31808866985,-1.1764712578558416,-0.4550744429365556,0.2581648522550544,-4.975609756097561,27.27592177342544,62.882483370288256,-92.692024549081,0.4245881816807522,0.9393893363959744,2.8119735224199083,,True,True,70.56727345642753,68821209.0,149627220.0,3202020994.9758,,,,3.260869565217391,3.260869565217391,3.260869565217391,81.86046511627907,95.29569892473118,True,61.988577362409146,98.97651207267512,Extended,94.49327265435724,100.0,53.26844207723036,,,85.3625170998632,90.4,67.08310363240149,85.71428571428571,66.62726680092732,85.71428571428571,RED,Large,50000000.0,GREEN,39.0,39.0,Sell,Sell,High,High,ttm(Mar 2026),ttm(Mar 2026),Mar 2026,False,False,Sell,,62.83813747228382,27.275921773425438,March-to-March,1-2y,,,6,,3.260869565217391,81.8313953488372,61.988577362409146,98.97651207267512,100.0,,85.3625170998632,1,-1.0,0,RED,39.0,39.0,39.0,,,24.0,10.0,-6.0,0.0,Sell,39.0,Sell,,,Y,,,,,538.1,96.0
NAZARA,Media Entertainment & Publication,NotCyclical,9752.933976456929,0.0335491440324865,0.0419019328053294,0.0619061330262021,-1.318181818181818,18.79449571707994,12.623152709359609,118.4807645357572,0.1405879854431326,0.1661934314247533,-0.0763118806807533,0.3188483006219602,True,True,59.998246453594994,24692171.0,138218305.0,506358325.730896,1.715,3.345,118.4807645357572,50.0,25.0,37.5,68.37209302325581,51.61290322580645,False,23.96862483311081,54.51866763247589,Neutral,66.14461979908495,30.089747003994677,42.34007989347536,89.57983193277312,94.28571428571428,84.54172366621067,80.0,51.51186637225453,100.0,51.66383103887187,100.0,RED,Small,2500000.0,GREEN,39.0,39.0,Sell,Sell,High,High,ttm(Mar 2026),ttm(Mar 2026),Mar 2026,False,False,Sell,,12.623152709359609,18.79449571707994,March-to-March,full,,,7,,37.5,67.44186046511628,23.96862483311081,54.51866763247589,30.089747003994677,89.57983193277312,84.54172366621067,1,-1.0,0,RED,39.0,39.0,39.0,,,15.0,5.0,-6.0,-1.0,Sell,38.0,Sell,,,,,Y,Y,571.7,-158.5,263.0
INDIGO,Services,NotCyclical,203743.44593502508,1.5085102611131616,0.2138092305427801,11.153206139721703,2.0341198438295707,15.989742092665017,5.144547299638624,-85.11962495958616,0.1351975057906027,0.0856701030927835,-0.0968496019561576,0.2201064835196291,True,True,56.974808275821225,14350991.0,6151881.0,4320230083.918213,1.7266666666666666,1.84,,100.0,76.0,88.0,61.08527131782946,24.193548387096776,False,83.09968847352025,43.462538393724486,Neutral,61.77089524079395,32.419973368841546,58.78482023968043,89.91596638655463,87.39495798319328,36.38850889192887,71.6,67.33889812780579,100.0,65.61602163584357,100.0,RED,Large,50000000.0,GREEN,39.0,39.0,Sell,Sell,High,High,ttm(Mar 2026),ttm(Mar 2026),Mar 2026,False,False,Sell,,5.147086123039979,15.989742092665015,March-to-March,full,,,7,,88.0,60.029069767441854,83.09968847352025,43.462538393724486,32.419973368841546,89.91596638655463,36.38850889192887,1,-1.0,0,RED,39.0,39.0,39.0,,,9.0,-5.0,6.0,0.0,Hold,39.0,Sell,,,,,,,,-7050.7,-540.0
ASHOKLEY,Capital Goods,Cyclical,97507.82602894328,0.1572828906357759,0.1274256322062503,4.489572361491469,2.283740701381509,10.58864661451018,16.059551510409165,26.204736906461505,-0.1048424829306345,-0.15179364977621,0.2879607189213502,0.4409469717754521,True,False,46.519475042449535,-2419797.0,295876790.0,3347099239.8683167,0.2216666666666669,-0.1399999999999979,26.204736906461505,60.74766355140186,16.666666666666664,38.70716510903426,42.63565891472868,61.55913978494624,False,64.3871829105474,37.29215353052175,Neutral,13.194877892580443,85.89161118508655,77.5027962716378,53.52941176470589,24.53781512605042,92.74965800273598,16.53333333333333,56.900520424109416,100.0,44.62775741259334,100.0,RED,Large,50000000.0,GREEN,39.0,39.0,Sell,Sell,High,High,ttm(Mar 2026),ttm(Mar 2026),Mar 2026,False,False,Sell,,16.1265066446894,10.588646614510179,March-to-March,full,,,7,,38.70716510903426,42.151162790697676,64.3871829105474,37.29215353052175,85.89161118508655,53.52941176470589,92.74965800273598,1,-1.0,0,RED,39.0,39.0,39.0,,,10.0,0.0,6.0,6.0,Hold,45.0,Hold,score 40-50 (trim if weight >2.5%),Sell->Hold (analyst),,,,,4.9,52.1,-153.0
IDEA,Telecommunication,NotCyclical,150447.4269161404,,0.1141965844851934,-5.3841937468538505,0.8840660618748546,2.086850749906821,2.98356742862389,4.354232082546319,0.4667370593095781,0.2861111201867152,0.9372385209934706,-0.1612318362757681,False,True,46.7769528476243,3138465508.0,2240362358.0,6237214426.811726,-0.1699999999999999,0.7200000000000001,4.354232082546319,,30.76923076923077,30.76923076923077,16.434108527131784,17.607526881720432,False,95.39830885625278,72.44936844455906,Neutral,43.69153548446834,93.40532623169108,96.33475366178428,17.983193277310924,72.77310924369748,99.04240766073872,99.06666666666666,53.78191244458834,100.0,55.70029623891709,100.0,RED,Large,50000000.0,GREEN,39.0,39.0,Sell,Sell,High,High,ttm(Mar 2026),ttm(Mar 2026),Mar 2026,False,False,Sell,,2.988226113699488,2.086850749906821,March-to-March,full,,,7,,30.76923076923077,16.86046511627907,95.39830885625278,72.44936844455906,93.40532623169108,17.983193277310924,99.04240766073872,1,-1.0,0,RED,39.0,39.0,39.0,,,7.0,-5.0,-6.0,-11.0,Sell,28.0,Sell,,,,Y,Y,Y,171.2,414.7,58048.0
ACMESOLAR,Power,NotCyclical,23841.069258809235,0.1054901031226371,0.0892602654584071,3.931238885595732,1.5859305431878896,16.03135701436862,43.95448079658606,47.81553398058252,0.3175054876536722,0.755854165521991,0.3350054431808029,,True,True,69.18612891311369,48331762.0,90982923.0,540577967.1831665,,,47.81553398058252,38.095238095238095,33.33333333333333,35.71428571428571,61.240310077519375,90.99462365591395,True,24.129951045838894,80.99585339753878,Neutral,89.84011726741878,35.61571238348868,2.060452729693742,,,78.11217510259918,86.93333333333332,48.78513968795842,85.71428571428571,56.80661103212209,85.71428571428571,RED,Mid,10000000.0,GREEN,39.0,39.0,Sell,Sell,High,High,ttm(Mar 2026),ttm(Mar 2026),Mar 2026,False,False,Sell,,43.985765124555165,16.03135701436862,March-to-March,1-2y,,,6,,35.71428571428571,60.17441860465116,24.129951045838894,80.99585339753878,35.61571238348868,,78.11217510259918,1,-1.0,0,AMBER,40.36,46.8,42.94,,,20.0,10.0,-6.0,0.0,Sell,42.94,Hold,score 40-50 (trim if weight >2.5%) + analyst view,Analyst Sell -> Trim,Y,Y,Y,Y,71.8,-0.1,339.0
URBANCO,Consumer Services,NotCyclical,20548.58609249717,-0.0702352897512327,-0.1223805005863798,0.0634624358376108,-21.166666666666668,34.675951770920975,36.01398601398602,-90.41496847762542,-0.0106445787908505,-0.0191867090998619,,,True,True,52.364506856872616,12219160.0,196052792.0,385161479.7254639,,,,17.391304347826086,5.434782608695652,11.41304347826087,88.68217054263566,88.03763440860214,False,70.26635514018692,,Neutral,36.7046121162451,7.985885486018644,14.776830892143808,,,88.50889192886456,69.73333333333333,53.22807811583042,71.42857142857143,46.53483492215948,85.71428571428571,RED,Mid,10000000.0,GREEN,39.0,39.0,Sell,Sell,High,High,annual,ttm(Mar 2026),Mar 2026,False,False,Sell,,36.01398601398602,34.675951770920975,March-to-March,<1y,30.482758620689655,9.0,5,stage_3y<-1y,11.41304347826087,88.51744186046511,70.26635514018692,36.7046121162451,7.985885486018644,,88.50889192886456,1,-1.0,0,RED,39.0,39.0,39.0,,,24.0,10.0,-6.0,0.0,Sell,39.0,Sell,,,<1y,,,,,-199.6,21.0
RBA,Consumer Services,NotCyclical,4363.439485068633,-0.3027801868898513,0.0984267035435258,2.7281553398058254,1.7354497354497354,11.182596719024907,10.662485299882407,-21.32298250376068,0.0851905036407236,0.0335692209346543,-0.1840760259404849,-0.3952258927124195,False,True,35.92681436803882,111042318.0,167763397.0,197930822.9752922,2.6133333333333333,7.35,,5.434782608695652,30.434782608695656,17.934782608695656,45.27131782945737,42.473118279569896,False,65.85418238811168,29.852944862181133,Neutral,29.965772669476312,7.985885486018644,14.776830892143808,94.45378151260503,99.07563025210084,87.27770177838578,94.13333333333334,45.42405285932764,100.0,42.73973536702273,100.0,RED,Small,2500000.0,GREEN,39.0,39.0,Sell,Sell,High,High,ttm(Mar 2026),ttm(Mar 2026),Mar 2026,False,False,Sell,,10.662485299882407,11.182596719024907,March-to-March,full,,,7,,17.934782608695656,44.622093023255815,65.85418238811168,29.852944862181133,7.985885486018644,94.45378151260503,87.27770177838578,1,-1.0,0,RED,39.0,39.0,39.0,,,14.0,0.0,-6.0,-6.0,Sell,33.0,Sell,,,,Y,,,,31.4,15.0
AEQUS,Capital Goods,Cyclical,15692.29010407036,-0.1616657296811977,0.0551957796339691,0.4714189643577673,0.967391304347826,14.84612880724876,32.97297297297297,-143.9815965898198,0.2060743453321467,0.6576493813120468,,,True,,53.9174311872913,137874850.0,,834392658.8542404,,,,1.8691588785046729,2.7777777777777777,2.3234683281412254,56.12403100775194,86.55913978494624,True,67.38540275923454,,Neutral,83.29238386539787,85.89161118508655,77.5027962716378,,,,95.33333333333334,51.68494369832696,57.14285714285714,67.83051941077284,85.71428571428571,RED,Mid,10000000.0,GREEN,39.0,39.0,Sell,Sell,Med,High,annual,ttm(Mar 2026),Mar 2026,False,False,Sell,,32.97297297297297,14.84612880724876,March-to-March,<1y,94.93333333333334,6.0,4,"stage_3y<-1y,accumulation_3y<-1y",2.3234683281412254,55.23255813953488,67.38540275923454,83.29238386539787,85.89161118508655,,95.33333333333334,1,-1.0,0,RED,39.0,39.0,39.0,,,22.0,10.0,-6.0,0.0,Sell,39.0,Sell,,,<1y,Y,,,,-16.0,75.0
SWIGGY,Consumer Services,NotCyclical,75340.5850169033,-0.2659056132562066,-0.2713684183349769,0.1392923446543627,-16.175,40.76505816769163,51.41543513957308,-17.124215273216947,-0.0221744674073023,-0.2208934302846039,-0.2911971250872793,,True,False,59.05416062568597,44458309.0,-103995678.0,2509541398.681755,,,,5.434782608695652,5.434782608695652,5.434782608695652,91.47286821705426,93.14516129032258,False,72.34261066036765,12.153158399561525,Neutral,24.02212016931546,7.985885486018644,14.776830892143808,,,1.094391244870041,86.26666666666667,40.15255971857271,85.71428571428571,44.3885084825878,85.71428571428571,RED,Large,50000000.0,GREEN,39.0,39.0,Sell,Sell,High,High,ttm(Mar 2026),ttm(Mar 2026),Mar 2026,False,False,Sell,,51.39554738293821,40.76505816769163,March-to-March,1-2y,,,6,,5.434782608695652,91.27906976744185,72.34261066036765,12.153158399561525,7.985885486018644,,1.094391244870041,1,-1.0,0,RED,39.0,39.0,39.0,,,20.0,10.0,-6.0,0.0,Sell,39.0,Sell,,,Y,,,,,985.9,114.0
GMRAIRPORT,Services,NotCyclical,310798.12442555145,,0.0974836437251311,-17.45282258064516,1.4918372635397772,30.42483361416446,42.19725343320848,658.4706025965075,0.1486916977622894,0.1276317742197161,0.2354044993640347,0.1318503611156689,True,True,56.88060112044048,481207262.0,919383256.0,1681924623.5542946,,,658.4706025965075,,24.0,24.0,85.42635658914729,90.45698924731182,False,35.6836893635959,71.50986772531336,Neutral,67.1444185204346,32.419973368841546,58.78482023968043,,,99.04240766073872,99.06666666666666,54.33421780318568,85.71428571428571,58.05926976314088,85.71428571428571,RED,Large,50000000.0,GREEN,39.0,39.0,Sell,Sell,High,High,ttm(Mar 2026),ttm(Mar 2026),Mar 2026,False,False,Sell,,42.18359900134434,30.42483361416446,March-to-March,full,,,6,,24.0,85.31976744186046,35.6836893635959,71.50986772531336,32.419973368841546,,99.04240766073872,1,-1.0,0,RED,39.0,39.0,39.0,,,16.0,5.0,-6.0,-1.0,Sell,38.0,Sell,,,Y,,Y,,89.4,389.6,-681.0
PFOCUS,Media Entertainment & Publication,NotCyclical,31043.55989280322,1.588731521591357,0.1418113963116426,2.736716132120632,2.763106796116505,0.2291615003130687,29.93329627570873,72.34825779549519,-0.1120744705332764,0.1981050312580459,0.8267695752352384,0.9855270673196168,True,True,70.35401079117294,5224576.0,179747734.0,104364560.78515624,,,72.34825779549519,93.75,62.5,78.125,12.558139534883722,84.2741935483871,True,22.82209612817089,95.7532469720196,Extended,38.50904336532715,30.089747003994677,42.34007989347536,,,87.96169630642954,57.73333333333333,49.57954736542992,85.71428571428571,54.41934309586003,85.71428571428571,RED,Mid,10000000.0,GREEN,39.0,39.0,Sell,Sell,High,High,ttm(Mar 2026),ttm(Mar 2026),Mar 2026,False,False,Sell,,29.924979160878017,0.2291615003130687,March-to-March,full,,,6,,78.125,13.226744186046513,22.82209612817089,95.7532469720196,30.089747003994677,,87.96169630642954,1,-1.0,0,RED,39.0,39.0,39.0,,,13.0,0.0,-6.0,-6.0,Sell,33.0,Sell,,,Y,,,,24.9,400.5,237.0
TVSMOTOR,Automobile and Auto Components,Cyclical,178707.87029749723,0.232961759485485,0.1607773280272656,3.4282279142707788,3.745291479820628,20.589972232574016,26.87529699273641,56.09161026286794,-0.052739282674731,-0.0477830243454366,0.2982230755232482,0.4972517056822154,True,False,51.04233492473949,-1573127.0,-11124098.0,3127387565.68396,0.1883333333333334,0.1000000000000014,56.09161026286794,91.30434782608695,17.391304347826086,54.34782608695652,73.0232558139535,81.18279569892472,False,19.70850022251891,38.72567138018368,Neutral,25.37354428530383,100.0,53.26844207723036,50.08403361344538,43.8655462184874,7.797537619699042,19.2,50.844026389300815,100.0,41.80074715061073,100.0,RED,Large,50000000.0,GREEN,39.0,39.0,Sell,Sell,High,High,ttm(Mar 2026),ttm(Mar 2026),Mar 2026,False,False,Sell,,27.17457869309805,20.589972232574016,March-to-March,full,,,7,,54.34782608695652,72.23837209302324,19.70850022251891,38.72567138018368,100.0,50.08403361344538,7.797537619699042,1,-1.0,0,RED,39.0,39.0,39.0,,,16.0,5.0,-6.0,-1.0,Sell,38.0,Sell,,,,,,,-0.6,-26.3,-114.0
MEESHO,Consumer Services,NotCyclical,84548.0757485335,-0.988408051966576,-0.4398101423644353,0.0143638850889192,-165.0,30.09006207410485,34.46219382321618,-36.61584230932859,0.1373477769686517,0.122230981777152,,,True,,49.17411170361434,-16115265.0,,2387042055.0467377,,,,5.434782608695652,5.434782608695652,5.434782608695652,85.11627906976744,87.36559139784946,False,64.46595460614152,,Neutral,71.61882071369652,7.985885486018644,14.776830892143808,,,,6.666666666666667,44.85858738638332,57.14285714285714,49.46095802159464,85.71428571428571,RED,Large,50000000.0,GREEN,39.0,39.0,Sell,Sell,Med,High,annual,ttm(Mar 2026),Mar 2026,False,False,Sell,,34.46219382321618,30.09006207410485,March-to-March,<1y,64.4,6.0,4,"stage_3y<-1y,accumulation_3y<-1y",5.434782608695652,85.02906976744185,64.46595460614152,71.61882071369652,7.985885486018644,,6.666666666666667,1,-1.0,0,RED,39.0,39.0,39.0,,,22.0,10.0,-6.0,0.0,Sell,39.0,Sell,,,<1y,Y,,,,-707.8,1167.0
JSWENERGY,Power,NotCyclical,117807.76039494824,0.0811362407669159,0.0846624411218092,2.5022275698351275,1.731086657496561,22.30197252616206,60.92805449127288,42.4863193443364,0.0040478515531388,0.1034061634252259,0.0411459513720735,-0.2624591333896929,False,True,42.17680513874544,-7125893.0,10778499.0,1534605106.6823423,0.425,1.415,42.4863193443364,23.809523809523807,28.57142857142857,26.19047619047619,76.89922480620154,94.75806451612904,True,42.34008981672533,53.5213165220493,Neutral,30.96327186707784,35.61571238348868,2.060452729693742,64.03361344537815,84.03361344537815,44.18604651162791,10.133333333333333,48.953523011138095,100.0,43.38461453176089,100.0,RED,Large,50000000.0,GREEN,39.0,39.0,Sell,Sell,High,High,ttm(Mar 2026),ttm(Mar 2026),Mar 2026,False,False,Sell,,60.928054491272874,22.30197252616206,March-to-March,full,,,7,,26.19047619047619,76.16279069767442,42.34008981672533,53.5213165220493,35.61571238348868,64.03361344537815,44.18604651162791,1,-1.0,0,AMBER,40.47,35.83,38.62,,,14.0,0.0,-6.0,-6.0,Sell,32.62,Sell,,,,,Y,,46.3,1665.9,4.0
GODIGIT,Financial Services,NotCyclical,26313.344088232174,0.0743746109816328,-0.0013408668680768,0.075075075075075,,19.350307403555544,6.78834454050592,48.28813455872617,-0.113151769972033,-0.1409618599739572,-0.1669590821740223,-0.18014390245616,False,False,33.987813987691084,18751314.0,17190731.0,74735123.82145691,,,48.28813455872617,15.966386554621849,10.416666666666668,13.191526610644257,70.85271317829456,29.301075268817208,False,37.67820508645674,13.498826615826024,Pulled back,6.605442660000405,47.73288948069241,28.95792276964048,,,52.667578659370726,75.6,38.89885957031652,85.71428571428571,24.23230405945992,85.71428571428571,N/A-financial-sector,Mid,10000000.0,GREEN,38.89885957031652,24.23230405945992,Sell,Sell,High,High,ttm(Mar 2026),ttm(Mar 2026),Mar 2026,False,False,Sell,,6.776947705442904,19.350307403555544,March-to-March,full,,,6,,13.191526610644257,69.91279069767442,37.67820508645674,13.498826615826024,47.73288948069241,,52.667578659370726,0,-0.0,0,N/A-financial-sector,39.69,26.52,34.42,,,15.0,5.0,-6.0,-1.0,Sell,33.42,Sell,,,Y,,,,74.7,51.9,147.0
SFL,Consumer Durables,NotCyclical,8386.425994163335,0.0670337198500056,0.089373090605064,0.2792127921279212,4.157894736842105,9.971581470269795,11.046511627906971,51.98293432033917,0.3950058456765974,0.3386815570771651,0.125745385135352,-0.2698741236840485,True,True,57.80920067323892,5687876.0,13842024.0,132751596.63046265,0.8699999999999996,2.7899999999999987,51.98293432033917,19.51219512195122,17.073170731707318,18.29268292682927,39.84496124031008,43.54838709677419,False,33.47948780191771,60.554982709709606,Neutral,89.26894443132109,25.229560585885487,54.25752330226364,77.98319327731093,92.10084033613444,48.42681258549932,59.6,38.82385730297982,100.0,53.51928949116736,100.0,GREEN,Small,2500000.0,GREEN,38.82385730297982,53.51928949116736,Sell,Hold,High,High,ttm(Mar 2026),ttm(Mar 2026),Mar 2026,False,False,Sell,,11.107880197731902,9.971581470269797,March-to-March,full,,,7,,18.29268292682927,39.38953488372093,33.47948780191771,60.554982709709606,25.229560585885487,77.98319327731093,48.42681258549932,0,-0.0,0,GREEN,38.72,53.68,44.7,,,9.0,-5.0,-6.0,-11.0,Sell,33.7,Sell,,,,,Y,,33.0,115.0,-94.0
UTIAMC,Financial Services,NotCyclical,14059.41475826972,0.1445187768764927,0.2004848332546519,0.0312985571587125,62.76923076923077,10.403435916074956,0.6448146157979506,29.70187123374564,-0.0560738987627454,-0.0974295746271598,-0.2777577620624862,0.002851833234063,True,False,51.248170332383246,1083561.0,-2166741.0,103060127.24716188,-3.8533333333333335,0.1550000000000002,29.70187123374564,58.82352941176471,62.5,60.66176470588236,41.86046511627907,13.172043010752688,False,48.48594874466769,11.693831169331313,Neutral,22.22008654802889,47.73288948069241,28.95792276964048,1.092436974789916,47.39495798319327,15.18467852257182,37.86666666666667,38.78435407340012,100.0,35.63537621789585,100.0,N/A-financial-sector,Mid,10000000.0,GREEN,38.78435407340012,35.63537621789585,Sell,Sell,High,High,ttm(Mar 2026),ttm(Mar 2026),Mar 2026,False,False,Sell,,-7.887628309022155,10.403435916074955,March-to-March,full,,,7,,60.66176470588236,41.424418604651166,48.48594874466769,11.693831169331313,47.73288948069241,1.092436974789916,15.18467852257182,2,-3.0,0,N/A-financial-sector,35.69,31.55,34.03,,,9.0,-5.0,-6.0,-11.0,Sell,23.03,Sell,,,,,,,-15.3,-199.1,-109.0
JUBLFOOD,Consumer Services,NotCyclical,28948.93640832651,0.1635897804122841,0.2339676034804332,2.1387434554973823,4.330275229357798,22.634327256065845,17.150233587410856,65.20030722596061,-0.072344624447126,-0.1985795570142341,-0.3753496313846358,-0.2601867073931501,False,False,46.33315520956531,61522602.0,-14394916.0,807363600.9875183,0.1399999999999999,0.6300000000000008,65.20030722596061,76.08695652173914,78.26086956521739,77.17391304347827,77.67441860465117,63.70967741935484,False,24.306408544726303,9.7253074271305,Neutral,9.51451056599999,7.985885486018644,14.776830892143808,44.87394957983194,70.67226890756302,7.250341997264022,89.06666666666668,45.62072196376603,100.0,43.940714455155145,100.0,AMBER,Mid,10000000.0,GREEN,38.77761366920112,37.34960728688187,Sell,Sell,High,High,ttm(Mar 2026),ttm(Mar 2026),Mar 2026,False,False,Sell,,16.83861459100957,22.634327256065845,March-to-March,full,,,7,,77.17391304347827,76.88953488372093,24.306408544726303,9.7253074271305,7.985885486018644,44.87394957983194,7.250341997264022,0,-0.0,0,AMBER,38.63,37.2,38.06,,,14.0,0.0,-6.0,-6.0,Sell,32.06,Sell,,,,,,Y,17.7,39.6,64.0
MPHASIS,Information Technology,NotCyclical,44890.64645015879,0.183358354585145,0.246565396176021,0.2438570364854802,14.598039215686274,4.796019212621272,11.603064164734,24.05153901216893,-0.0008042278696798,-0.1596004203658844,-0.1492686104158651,-0.0356432315438159,True,False,59.73622361723497,7021047.0,5671720.0,1006946143.1514893,0.0033333333333338,0.2150000000000016,24.05153901216893,48.57142857142857,57.14285714285714,52.85714285714285,24.65116279069768,46.774193548387096,False,64.40344702026945,24.096465009870663,Neutral,32.100451712350576,13.445272969374168,39.41065246338216,30.58823529411765,52.268907563025216,35.294117647058826,62.4,38.61017544130959,100.0,47.78655177466462,100.0,GREEN,Large,50000000.0,GREEN,38.61017544130959,47.78655177466462,Sell,Hold,High,High,ttm(Mar 2026),ttm(Mar 2026),Mar 2026,False,False,Sell,,11.595221363316943,4.796019212621272,March-to-March,full,,,7,,52.85714285714285,24.8546511627907,64.40344702026945,24.096465009870663,13.445272969374168,30.58823529411765,35.294117647058826,0,-0.0,0,GREEN,38.65,47.97,42.38,,,13.0,0.0,0.0,0.0,Hold,42.38,Hold,score 40-50 (trim if weight >2.5%),,,,,,11.6,24.1,35.0
TECHM,Information Technology,NotCyclical,147830.99866940873,0.1453833517386098,0.2321172555786062,0.0738114532685035,26.80415430267062,2.1580113677795554,10.953613079836511,28.81702058439468,0.0300109308360299,-0.0404084886973005,-0.0229185412837472,0.1164533961723746,True,True,62.527776400725415,5378837.0,33015331.0,3086861724.2156982,0.1549999999999993,0.3499999999999996,28.81702058439468,22.857142857142858,51.42857142857142,37.14285714285714,16.74418604651163,43.27956989247312,False,50.6827284864668,62.06504893620605,Neutral,43.53240754511264,13.445272969374168,39.41065246338216,46.55462184873949,58.73949579831933,62.653898768809846,58.4,38.58892701877139,100.0,44.92348716583619,100.0,GREEN,Large,50000000.0,GREEN,38.58892701877139,44.92348716583619,Sell,Hold,High,High,ttm(Jun 2026),ttm(Jun 2026),Jun 2026,False,False,Sell,,7.2223899750887055,2.1580113677795554,March-to-March,full,,,7,,37.14285714285714,17.151162790697676,50.6827284864668,62.06504893620605,13.445272969374168,46.55462184873949,62.653898768809846,0,-0.0,0,GREEN,38.68,42.92,40.38,,,10.0,0.0,-6.0,-6.0,Sell,34.38,Sell,,,,,,,-3.7,1566.0,-1104.0
TECHNOE,Construction,Cyclical,12018.080413631134,0.1198849568316281,0.1091334283177376,0.017320182824152,24.31578947368421,57.64885283074364,43.342151675485006,25.360823543737727,-0.1827566136666996,0.0446915583133216,-0.3495236152703181,-0.3020144909955552,False,False,40.31093554002723,-1845879.0,2096932.0,218987876.2543335,-0.2833333333333332,-0.1300000000000014,25.360823543737727,34.78260869565217,21.73913043478261,28.26086956521739,95.1937984496124,90.7258064516129,False,50.72096128170895,10.221925554076895,Neutral,11.351515141649452,8.461517976031956,26.57070572569907,12.605042016806722,24.705882352941178,26.94938440492476,18.53333333333333,38.574890228868526,100.0,36.17393109089062,100.0,GREEN,Mid,10000000.0,GREEN,38.574890228868526,36.17393109089062,Sell,Sell,High,High,ttm(Mar 2026),ttm(Mar 2026),Mar 2026,False,False,Sell,,43.32304980167474,57.648852830743635,March-to-March,full,,,7,,28.26086956521739,95.34883720930233,50.72096128170895,10.221925554076895,8.461517976031956,12.605042016806722,26.94938440492476,0,-0.0,0,GREEN,38.6,36.15,37.62,,,20.0,10.0,-6.0,0.0,Sell,37.62,Sell,,,,,Y,,29.2,-23.9,-30.0
VBL,Fast Moving Consumer Goods,NotCyclical,,,,,,,6.745695738075086,49.63297742478391,0.0009567023441825,-0.067079843863103,0.0348864664376111,-0.2654678590808512,False,False,31.894342276118167,-32482773.0,-25381872.0,2520227341.014252,0.4449999999999999,0.6200000000000003,49.63297742478391,,,,,28.897849462365592,False,,24.09909383918868,Pulled back,22.87723243905485,58.78482023968043,8.718242343541945,65.21008403361344,69.91596638655462,5.745554035567715,3.6,38.56780008041249,57.14285714285714,26.45486205064985,71.42857142857143,GREEN,,,GREEN,38.56780008041249,26.45486205064985,Sell,Sell,Med,High,ttm(Mar 2026),ttm(Mar 2026),Mar 2026,False,True,Sell,,6.745695738075086,,engine TTM (no FY pair),full,,,4,growth_3y<-1y,,30.41722745625841,,24.09909383918868,58.78482023968043,65.21008403361344,5.745554035567715,0,-0.0,0,GREEN,41.46,34.97,38.86,,,14.5,0.0,6.0,6.0,Hold,44.86,Hold,score 40-50 (trim if weight >2.5%),Sell->Hold (analyst),Y,,,,,,
CESC,Power,NotCyclical,23095.80147137236,0.1256298307899924,0.093426189692059,1.7295291300877893,2.534558823529412,9.237810777915744,9.22886889006529,14.298879802483714,-0.0747408527419684,0.0369143546409305,-0.0184459035732938,0.0271815815564047,False,False,46.544696780703376,20814.0,57732005.0,281740054.79502106,-0.2649999999999999,-0.3650000000000002,14.298879802483714,47.61904761904761,42.85714285714285,45.238095238095234,37.51937984496124,37.634408602150536,False,76.06586559857588,26.115654050984137,Neutral,22.10743508383442,35.61571238348868,2.060452729693742,13.445378151260504,15.294117647058824,70.31463748290014,26.8,45.26427237076473,100.0,35.414859420710265,100.0,AMBER,Mid,10000000.0,GREEN,38.474631515150016,30.102630507603724,Sell,Sell,High,High,ttm(Mar 2026),ttm(Mar 2026),Mar 2026,False,False,Sell,,9.22886889006529,9.237810777915744,March-to-March,full,,,7,,45.238095238095234,37.2093023255814,76.06586559857588,26.115654050984137,35.61571238348868,13.445378151260504,70.31463748290014,0,-0.0,0,AMBER,38.42,30.32,35.18,,,9.0,-5.0,-6.0,-11.0,Sell,24.18,Sell,,,,,Y,,59.5,335.1,-358.0
TVSSCS,Services,NotCyclical,6260.629178198148,0.0151263844954325,0.1692953677426311,1.355140186915888,4.715151515151515,3.258050799187062,10.074029611844736,53.50965109571066,0.1979427211792357,0.3047448196684668,0.0274297350803169,-0.2790032491011984,True,True,57.02682353365216,12412066.0,94481259.0,60515971.17153549,,,53.50965109571066,20.833333333333336,44.0,32.41666666666667,18.75968992248062,40.456989247311824,False,49.50934579439252,47.99306807270523,Neutral,79.8203945697117,32.419973368841546,58.78482023968043,,,78.79616963064295,70.13333333333334,38.456457165840085,85.71428571428571,54.01587793733784,85.71428571428571,GREEN,Small,2500000.0,GREEN,38.456457165840085,54.01587793733784,Sell,Hold,High,High,ttm(Mar 2026),ttm(Mar 2026),Mar 2026,False,False,Sell,,10.074029611844736,3.258050799187062,March-to-March,full,,,6,,32.41666666666667,19.186046511627907,49.50934579439252,47.99306807270523,32.419973368841546,,78.79616963064295,0,-0.0,0,GREEN,39.59,53.85,45.29,,,9.0,-5.0,-6.0,-11.0,Sell,34.29,Sell,,,Y,,Y,Y,75.0,37.2,63.0
TATACHEM,Chemicals,Cyclical,16013.73443172882,0.1075374455967617,0.0917082693465332,0.3772988776761294,3.059322033898305,-4.5848635917642095,-2.035332840733528,-9.337454479142169,0.0020346837213331,-0.0751409212174409,-0.2215794801632606,-0.3391759822263255,False,False,40.48384882357456,12049806.0,49652463.0,398592154.3348694,0.26,0.3550000000000004,,20.454545454545457,6.8181818181818175,13.636363636363637,4.651162790697675,9.408602150537634,False,97.81542056074768,10.75026837959978,Neutral,18.18124474727217,26.70386151797603,87.9555259653795,56.134453781512605,59.32773109243698,68.39945280437757,69.46666666666667,39.385622957383006,100.0,48.46715983124256,100.0,GREEN,Mid,10000000.0,GREEN,38.385622957383006,47.46715983124256,Sell,Hold,High,High,ttm(Mar 2026),ttm(Mar 2026),Mar 2026,False,False,Sell,,-2.035332840733528,-4.5848635917642095,March-to-March,full,,,7,,13.636363636363637,5.377906976744186,97.81542056074768,10.75026837959978,26.70386151797603,56.134453781512605,68.39945280437757,1,-1.0,0,GREEN,38.52,47.68,42.18,no fwd revenue data,,4.0,-15.0,-6.0,-20.0,Sell,22.18,Sell,,,,,,,,-108.2,-1760.0
RPOWER,Power,NotCyclical,10230.65438447175,-0.0133445023942571,0.0600604462621106,0.923441396508728,1.4183673469387754,0.4680393165516827,0.4879335355400194,-30.35802487973814,-0.1245995009251557,-0.2650926232691067,-0.6205832266795499,-0.13201552351536,False,False,42.242486492624266,89023405.0,526072174.0,944172704.4608784,0.5616666666666666,1.1500000000000004,,4.761904761904762,9.523809523809524,7.142857142857142,12.713178294573645,12.768817204301076,False,94.43257676902536,7.1528307542323,Neutral,6.72178309676932,35.61571238348868,2.060452729693742,68.82352941176471,81.17647058823529,96.44322845417236,92.4,39.33942160696005,100.0,31.651519796543187,100.0,RED,Small,2500000.0,GREEN,38.33942160696005,30.651519796543187,Sell,Sell,High,High,ttm(Mar 2026),ttm(Mar 2026),Mar 2026,False,False,Sell,,0.4879335355400194,0.46803931655168274,March-to-March,full,,,7,,7.142857142857142,13.372093023255813,94.43257676902536,7.1528307542323,35.61571238348868,68.82352941176471,96.44322845417236,1,-1.0,0,RED,38.48,30.9,35.45,no fwd revenue data,,3.0,-15.0,-6.0,-20.0,Sell,15.45,Sell,,,,,,,,210.5,-3884.0
NIACL,Financial Services,NotCyclical,29454.419969093564,0.0414107717905108,0.0358258546568737,0.0,-399.4166666666667,6.66001469438573,14.254894310435851,20.762237691101216,0.0888586059836293,0.198900053349107,-0.0124330450098764,-0.3377523891684074,True,True,51.14502267346064,263688807.0,393538906.0,152666494.19891357,-0.0633333333333333,0.0199999999999999,20.762237691101216,9.243697478991598,25.0,17.1218487394958,30.387596899224807,54.43548387096774,False,59.5092643850337,36.237854524065405,Neutral,65.0888035177779,47.73288948069241,28.95792276964048,23.19327731092437,35.294117647058826,94.5280437756498,97.46666666666668,39.26672662816425,100.0,48.42567971773119,100.0,N/A-financial-sector,Mid,10000000.0,GREEN,38.26672662816425,47.42567971773119,Sell,Hold,High,High,ttm(Mar 2026),ttm(Mar 2026),Mar 2026,False,False,Sell,,14.278496130084296,6.66001469438573,March-to-March,full,,,7,,17.1218487394958,30.377906976744185,59.5092643850337,36.237854524065405,47.73288948069241,23.19327731092437,94.5280437756498,1,-1.0,0,N/A-financial-sector,38.26,47.54,41.97,,,8.0,-5.0,-6.0,-11.0,Sell,30.97,Sell,,,,,,,72.0,-704.2,804.0
JWL,Capital Goods,Cyclical,10578.349746704102,0.1177128253972532,0.1692198184000864,0.3344526527871054,5.057142857142857,12.136155285376216,-26.463168516649848,63.56608326595621,-0.0862162296400884,-0.1335826535686581,-0.3124747298813638,-0.6459761321260938,False,False,39.534156351855536,11355201.0,411353239.0,337831122.6465454,-2.318333333333334,1.005,63.56608326595621,30.8411214953271,40.74074074074074,35.790931118033924,48.06201550387597,1.0752688172043012,True,28.466247679833277,3.886817227363192,Neutral,9.467219285449367,85.89161118508655,77.5027962716378,1.092436974789916,78.4873949579832,94.93844049247606,68.66666666666667,41.256080605033645,100.0,34.954760012043565,100.0,GREEN,Small,2500000.0,GREEN,38.256080605033645,31.954760012043565,Sell,Sell,High,High,ttm(Mar 2026),ttm(Mar 2026),Mar 2026,False,False,Sell,,-26.419379258137777,12.136155285376216,March-to-March,full,,,7,,35.790931118033924,47.383720930232556,28.466247679833277,3.886817227363192,85.89161118508655,1.092436974789916,94.93844049247606,2,-3.0,0,GREEN,38.13,32.14,35.74,,,8.0,-5.0,-6.0,-11.0,Sell,24.74,Sell,,,,,,,11.4,-62.5,-16.0
GNFC,Chemicals,Cyclical,7537.806873977086,0.119089054531367,0.143899022205223,0.0006582556226001,146.5,-8.740068752498653,-1.5078560567663437,9.328968903436987,0.065974025974026,0.0813659498316483,-0.0154396315151924,-0.2387521101893104,False,True,47.73356852574316,3053567.0,12243876.0,164265845.40319824,-0.4600000000000002,-0.055000000000001,9.328968903436987,31.818181818181817,27.27272727272727,29.545454545454543,3.10077519379845,9.811827956989246,False,93.15165318463836,47.03684929751671,Neutral,26.797013517796053,26.70386151797603,87.9555259653795,7.73109243697479,29.2436974789916,46.51162790697674,49.06666666666666,39.23785960194411,100.0,48.50583018580785,100.0,GREEN,Small,2500000.0,GREEN,38.23785960194411,47.50583018580785,Sell,Hold,High,High,ttm(Mar 2026),ttm(Mar 2026),Mar 2026,False,False,Sell,,-1.5078560567663435,-8.740068752498653,March-to-March,full,,,7,,29.545454545454543,3.77906976744186,93.15165318463836,47.03684929751671,26.70386151797603,7.73109243697479,46.51162790697674,1,-1.0,0,GREEN,38.36,47.73,42.11,,,6.0,-5.0,0.0,-5.0,Hold,37.11,Sell,,,,,Y,,46.9,273.3,-2.0
ELLEN,Chemicals,Cyclical,4140.350877192982,0.211888488301458,0.1256071512754685,0.1883316274309109,12.88888888888889,18.60165472655502,9.294871794871783,39.8110661268556,0.1327420354661539,0.0468417770717894,-0.5189955880129857,,True,False,62.60544276194392,2943905.0,5561385.0,83776909.89793396,,,39.8110661268556,77.27272727272727,13.636363636363637,45.45454545454545,67.75193798449612,38.17204301075269,False,36.79062279117254,0.8490806945863126,Neutral,58.56167794602783,26.70386151797603,87.9555259653795,,,35.15731874145007,48.53333333333333,38.19364131907333,85.71428571428571,53.5351024387376,85.71428571428571,GREEN,Small,2500000.0,GREEN,38.19364131907333,53.5351024387376,Sell,Hold,High,High,ttm(Mar 2026),ttm(Mar 2026),Mar 2026,False,False,Sell,,9.615384615384626,18.60165472655502,March-to-March,1-2y,,,6,,45.45454545454545,66.86046511627907,36.79062279117254,0.8490806945863126,26.70386151797603,,35.15731874145007,0,-0.0,0,GREEN,39.1,53.54,44.87,,,14.0,0.0,-6.0,-6.0,Sell,38.87,Sell,,,Y,Y,Y,Y,37.0,-4.6,14.0
TITAGARH,Capital Goods,Cyclical,11798.165388828038,0.0401901849914775,0.1057132511588851,0.2536644951140065,4.661971830985915,4.648656828435782,-17.657704239917273,70.682001614205,0.1993289309226982,0.1056751638116422,-0.0578694132623295,-0.5188957060727704,True,True,54.31543551184964,18210914.0,74911744.0,586481309.0047607,3.303333333333333,7.545,70.682001614205,8.411214953271028,7.4074074074074066,7.909311180339217,24.34108527131783,2.553763440860215,True,24.626656680451987,28.248978216248048,Neutral,71.5771866075452,85.89161118508655,77.5027962716378,96.47058823529412,99.07563025210084,74.96580027359782,74.93333333333332,41.07098917911936,100.0,47.39558449236143,100.0,GREEN,Small,2500000.0,GREEN,38.07098917911936,44.39558449236143,Sell,Hold,High,High,ttm(Mar 2026),ttm(Mar 2026),Mar 2026,False,False,Sell,,-17.631851085832473,4.648656828435782,March-to-March,full,,,7,,7.909311180339217,24.563953488372093,24.626656680451987,28.248978216248048,85.89161118508655,96.47058823529412,74.96580027359782,2,-3.0,0,GREEN,38.11,44.55,40.69,,,8.0,-5.0,-6.0,-11.0,Sell,29.69,Sell,,,,,,,-7.7,-5.9,-90.0
BATAINDIA,Consumer Durables,NotCyclical,8718.342911877395,0.1727554826381806,0.2669897850629728,0.8695924764890283,4.938775510204081,0.61421885537285,0.7658859712735611,65.06226053639847,-0.1035961728802375,-0.2518449369594718,-0.4476469723459977,-0.5465874661015133,False,False,45.48337940337365,7934245.0,4214112.0,85009459.875,0.568333333333333,0.5350000000000001,65.06226053639847,65.85365853658537,85.36585365853658,75.60975609756098,13.333333333333334,13.306451612903224,False,35.97615001820609,2.28698668111243,Neutral,6.163857181613855,25.229560585885487,54.25752330226364,69.24369747899159,66.80672268907563,31.326949384404923,64.0,38.05960195056316,100.0,38.44775148191837,100.0,GREEN,Small,2500000.0,GREEN,38.05960195056316,38.44775148191837,Sell,Sell,High,High,ttm(Mar 2026),ttm(Mar 2026),Mar 2026,False,False,Sell,,0.7738607050730817,0.61421885537285,March-to-March,full,,,7,,75.60975609756098,13.953488372093023,35.97615001820609,2.28698668111243,25.229560585885487,69.24369747899159,31.326949384404923,0,-0.0,0,GREEN,38.2,38.67,38.39,,,5.0,-5.0,-6.0,-11.0,Sell,27.39,Sell,,,,,,,13.2,-30.8,-164.0
JUBLPHARMA,Healthcare,NotCyclical,16236.554950375636,0.0477898512190466,0.1082672348352297,0.5096574087128155,5.943396226415095,9.642131091243169,14.429854872149273,40.795364196923714,0.1205401085191513,-0.0283674324540397,-0.1252245374763378,0.3721231658897963,True,True,64.82717730662333,201841.0,856200.0,90497269.70022584,0.1266666666666666,1.1102230246251563e-16,40.795364196923714,14.285714285714285,12.857142857142856,13.57142857142857,38.91472868217054,54.83870967741935,False,54.69213853765805,43.17915983313056,Neutral,43.029332347584926,66.50785619174435,90.47589880159788,44.03361344537815,33.78151260504202,22.16142270861833,30.53333333333333,37.99860748395939,100.0,45.27856431972253,100.0,GREEN,Mid,10000000.0,GREEN,37.99860748395939,45.27856431972253,Sell,Hold,High,High,ttm(Mar 2026),ttm(Mar 2026),Mar 2026,False,False,Sell,,14.459496820569528,9.642131091243167,March-to-March,full,,,7,,13.57142857142857,38.51744186046512,54.69213853765805,43.17915983313056,66.50785619174435,44.03361344537815,22.16142270861833,0,-0.0,0,GREEN,37.91,45.39,40.9,,,10.0,0.0,-6.0,-6.0,Sell,34.9,Sell,,,,,,,1.1,-82.6,-409.0
JSWCEMENT,Construction Materials,Cyclical,20484.6314658775,0.0323026193936515,0.1106923123835273,0.6815267175572519,3.2857142857142856,3.816889153865133,12.024772062618272,-15.9517929692974,0.1032668475015667,0.1673851576569867,,,True,True,70.78782623157107,75237197.0,125605174.0,205326075.1912918,,,,18.75,18.75,18.75,21.705426356589147,48.252688172043015,False,69.23230974632844,,Extended,70.68788404350956,11.058055925432758,11.85699067909454,,,82.9001367989056,91.6,37.97582349922539,71.42857142857143,49.9747020380281,85.71428571428571,GREEN,Mid,10000000.0,GREEN,37.97582349922539,49.9747020380281,Sell,Hold,High,High,ttm(Mar 2026),ttm(Mar 2026),Mar 2026,False,False,Sell,,12.376836646499578,3.816889153865133,March-to-March,<1y,60.827586206896555,9.0,5,stage_3y<-1y,18.75,22.093023255813954,69.23230974632844,70.68788404350956,11.058055925432758,,82.9001367989056,0,-0.0,0,GREEN,43.05,50.32,45.96,,,12.0,0.0,-6.0,-6.0,Sell,39.96,Sell,,,<1y,,,,,548.6,-1423.0
JIOFIN,Financial Services,NotCyclical,149532.3741757773,0.0091323517497327,0.0096268498353563,0.1626261645237686,3.093959731543624,327.3875616734298,119.26687527939204,73.64062309265137,-0.006325110852226,-0.1719958227591428,-0.2755755783365193,-0.3223730784334804,False,False,46.75739385426932,56992634.0,-79184417.0,2681574218.49308,,,73.64062309265137,5.042016806722689,14.583333333333334,9.81267507002801,99.06976744186046,99.05913978494624,True,33.51485596614695,7.315426630922382,Neutral,14.580458961680506,47.73288948069241,28.95792276964048,,,2.7359781121751023,88.13333333333333,38.90601473501097,85.71428571428571,39.13366751270956,85.71428571428571,N/A-financial-sector,Large,50000000.0,GREEN,37.90601473501097,38.13366751270956,Sell,Sell,High,High,ttm(Jun 2026),ttm(Jun 2026),Jun 2026,False,False,Sell,Y,71.95301027900148,,March-to-March,full,,,5,growth_3y<-1y,9.81267507002801,96.23149394347242,33.51485596614695,7.315426630922382,47.73288948069241,,2.7359781121751023,0,-0.0,0,N/A-financial-sector,39.28,39.49,39.37,,,28.0,15.0,-6.0,0.0,Sell,39.37,Sell,,,Y,,,,19.9,-358.6,-47.0
RITES,Construction,Cyclical,11662.05828843128,0.1979866205393141,0.2441166125360106,0.0026099925428784,138.5,-2.778140176751298,9.569160997732418,25.71746718841588,0.0021012811081404,-0.0240066431975113,-0.1864424811372282,-0.4017444690636506,True,False,51.611068926243725,188846142.0,219680866.0,102379034.58229828,-0.2733333333333333,-1.28,25.71746718841588,91.30434782608695,91.30434782608695,91.30434782608695,6.666666666666667,39.247311827956985,False,40.62082777036048,17.545756616073984,Neutral,43.968361706409446,8.461517976031956,26.57070572569907,12.941176470588236,5.042016806722689,89.87688098495212,96.66666666666669,37.81011611219382,100.0,46.035604031455904,100.0,GREEN,Small,2500000.0,GREEN,37.81011611219382,46.035604031455904,Sell,Hold,High,High,ttm(Mar 2026),ttm(Mar 2026),Mar 2026,False,False,Sell,,8.881875563570784,-2.778140176751298,March-to-March,full,,,7,,91.30434782608695,7.412790697674419,40.62082777036048,17.545756616073984,8.461517976031956,12.941176470588236,89.87688098495212,0,-0.0,0,GREEN,37.94,45.84,41.1,,,8.0,-5.0,0.0,-5.0,Hold,36.1,Sell,,,,,,,20.2,-37.2,5.0
PCBL,Chemicals,Cyclical,12812.922465208749,0.1501841566082795,0.1768936976179241,1.245381927109336,2.465721040189125,12.353006193571137,-2.5464064731080427,62.71676300578035,0.1486748971618878,0.1589816376219957,-0.2173615962149184,0.2429006216376901,True,True,60.356538688047664,23152520.0,178585326.0,273606989.7892914,0.0383333333333332,0.1800000000000001,62.71676300578035,52.27272727272727,52.27272727272727,52.27272727272727,48.68217054263566,8.736559139784946,False,42.807076101468624,38.94029109040985,Neutral,66.80138316823226,26.70386151797603,87.9555259653795,33.94957983193277,50.16806722689076,87.82489740082079,79.2,45.65419710837918,100.0,54.75330605001847,100.0,AMBER,Mid,10000000.0,GREEN,37.8060675421223,45.5403101425157,Sell,Hold,High,High,ttm(Mar 2026),ttm(Mar 2026),Mar 2026,False,False,Sell,,-2.5583055687767753,12.353006193571137,March-to-March,full,,,7,,52.27272727272727,47.96511627906977,42.807076101468624,38.94029109040985,26.70386151797603,33.94957983193277,87.82489740082079,1,-1.0,0,AMBER,37.7,45.73,40.91,,,10.0,0.0,-6.0,-6.0,Sell,34.91,Sell,,,,,,,5.4,-259.8,-33.0
ASHOKA,Construction,Cyclical,3594.319682959049,0.3114372504075781,0.2889409271742399,0.2444140446876425,2.0592105263157894,-2.4461813942360022,-25.079713033080907,1.3954640537267424,-0.0552325839284556,-0.159092393068766,-0.3820991713405834,-0.4477846003829954,False,False,44.79621457611524,36111711.0,43598916.0,102633940.39087676,-0.1116666666666662,0.6799999999999997,1.3954640537267424,100.0,95.65217391304348,97.82608695652176,7.286821705426356,1.0752688172043012,True,95.37023723939612,6.592700840590941,Neutral,14.8913930351421,8.461517976031956,26.57070572569907,20.16806722689076,72.26890756302521,65.80027359781123,84.26666666666667,48.0029579351843,100.0,49.786628066728206,100.0,AMBER,Small,2500000.0,GREEN,37.802514244906654,39.318633856718975,Sell,Sell,High,High,ttm(Mar 2026),ttm(Mar 2026),Mar 2026,False,False,Sell,,-25.077214307063866,-2.4461813942360022,March-to-March,full,,,7,,97.82608695652176,8.13953488372093,95.37023723939612,6.592700840590941,8.461517976031956,20.16806722689076,65.80027359781123,2,-3.0,0,AMBER,37.93,39.49,38.56,,,6.0,-5.0,-6.0,-11.0,Sell,27.56,Sell,,,,Y,Y,Y,74.3,-309.7,2157.0
KNRCON,Construction,Cyclical,3497.4061261426223,0.1745178242215701,0.2270490477060984,0.4915526950925181,3.35377358490566,-12.749616990736968,-43.2358510414475,7.998070916178909,0.0281911680548871,-0.1235376455526165,-0.4218179660426133,-0.6519994109697618,False,False,37.94092709799856,1519600.0,134823919.0,157006783.47231293,1.0362081563168128e-15,-0.7099999999999969,7.998070916178909,82.6086956521739,78.26086956521739,80.43478260869566,1.0852713178294573,1.0752688172043012,True,72.51258087706685,2.362337089882025,Neutral,22.017501493098692,8.461517976031956,26.57070572569907,30.084033613445374,10.084033613445378,83.99452804377565,40.53333333333333,40.796469927101015,100.0,37.55770019646653,100.0,GREEN,Small,2500000.0,GREEN,37.796469927101015,34.55770019646653,Sell,Sell,High,High,ttm(Mar 2026),ttm(Mar 2026),Mar 2026,False,False,Sell,,-43.2358510414475,-12.749616990736968,March-to-March,full,,,7,,80.43478260869566,2.1802325581395348,72.51258087706685,2.362337089882025,8.461517976031956,30.084033613445374,83.99452804377565,2,-3.0,0,GREEN,37.99,34.56,36.62,,,7.0,-5.0,-6.0,-11.0,Sell,25.62,Sell,,,,,,,12.9,-202.9,-107.0
ANURAS,Chemicals,Cyclical,18856.62650602409,0.0753345320001316,0.1026503620169369,0.5599880023995201,3.523489932885906,13.864814887978373,64.46453407510431,84.26294820717132,-0.014751552795031,-0.0334374465669271,0.1094077892540463,0.6664371150361448,False,True,44.758538211586895,455354.0,11566096.0,325619313.3374634,0.4349999999999999,-0.7400000000000001,84.26294820717132,9.090909090909092,9.090909090909092,9.090909090909092,53.95348837209303,95.43010752688171,True,19.49974966622163,76.05033668048509,Neutral,17.6130350677302,26.70386151797603,87.9555259653795,64.70588235294117,9.57983193277311,45.55403556771546,32.53333333333333,37.77537224460372,100.0,39.03096055507731,100.0,GREEN,Mid,10000000.0,GREEN,37.77537224460372,39.03096055507731,Sell,Sell,High,High,ttm(Mar 2026),ttm(Mar 2026),Mar 2026,False,False,Sell,,64.57898399443285,13.864814887978373,March-to-March,full,,,7,,9.090909090909092,53.05232558139535,19.49974966622163,76.05033668048509,26.70386151797603,64.70588235294117,45.55403556771546,0,-0.0,0,GREEN,37.61,39.01,38.17,,,15.0,5.0,-6.0,-1.0,Sell,37.17,Sell,,,,,,,7.1,-135.0,7.0
SBILIFE,Financial Services,NotCyclical,182727.8497644038,0.1326820520208482,0.122883143490671,0.0,184.25,11.67850590362043,-3.913114151032171,73.97888654429303,-0.0809079568292875,-0.1237835727122056,-0.0057579759740301,0.2067102845428978,True,False,52.15935672993714,-1929461.0,-10446992.0,1607860252.9440308,0.6383333333333336,0.1050000000000004,73.97888654429303,47.89915966386555,43.75,45.82457983193277,46.51162790697674,7.93010752688172,True,30.14301554615193,26.57449831065376,Neutral,15.916295731964963,47.73288948069241,28.95792276964048,71.76470588235294,44.20168067226891,8.344733242134064,18.266666666666666,40.54351135540349,100.0,26.25255932041749,100.0,N/A-financial-sector,Large,50000000.0,GREEN,37.54351135540349,23.25255932041749,Sell,Sell,High,High,ttm(Mar 2026),ttm(Mar 2026),Mar 2026,False,False,Sell,,-3.9122921086852336,11.67850590362043,March-to-March,full,,,7,,45.82457983193277,45.93023255813954,30.14301554615193,26.57449831065376,47.73288948069241,71.76470588235294,8.344733242134064,2,-3.0,0,N/A-financial-sector,37.42,23.55,31.87,,,13.0,0.0,6.0,6.0,Hold,37.87,Sell,,,,,,,72.2,-1918.4,1948.0
HGINFRA,Construction,Cyclical,3621.601814394944,0.2037365700639341,0.2328595141416281,1.5402756508422664,2.1577825159914714,4.238682831154317,3.520569620253156,10.972386347001356,-0.109349968720214,-0.2042626130451279,-0.4874771121309614,-0.6695770512416248,False,False,43.110522994967006,5720064.0,13854715.0,58661336.863342285,-0.0149999999999999,-0.3149999999999996,10.972386347001356,95.65217391304348,82.6086956521739,89.13043478260869,23.10077519379845,19.62365591397849,False,60.357399609736056,1.0993098956139906,Neutral,8.983633690841463,8.461517976031956,26.57070572569907,28.235294117647054,17.478991596638654,48.56361149110807,59.86666666666667,40.61946680779289,100.0,37.49251628635029,100.0,AMBER,Small,2500000.0,GREEN,37.52654678662395,34.86863884339775,Sell,Sell,High,High,ttm(Mar 2026),ttm(Mar 2026),Mar 2026,False,False,Sell,,3.5403481012658222,4.238682831154317,March-to-March,full,,,7,,89.13043478260869,23.401162790697676,60.357399609736056,1.0993098956139906,8.461517976031956,28.235294117647054,48.56361149110807,0,-0.0,3,AMBER,37.57,35.16,36.61,,,8.0,-5.0,-6.0,-11.0,Sell,25.61,Sell,,,,,,Y,17.4,-83.5,47.0
PIIND,Chemicals,Cyclical,39933.46961293307,0.1593123481114669,0.2043661807390614,0.0304541406945681,106.25,1.127112885141468,-15.856104286788664,30.229727186171893,-0.133421123204437,-0.1931054486335002,-0.3466689236593439,-0.2937940619062802,False,False,45.46114918763052,-153895.0,-7505884.0,674286862.2412109,0.2250000000000002,0.2350000000000012,30.229727186171893,59.09090909090909,63.63636363636363,61.36363636363636,14.108527131782948,2.82258064516129,True,79.94841606991139,6.480987672660095,Neutral,3.950181377533245,26.70386151797603,87.9555259653795,53.94957983193277,54.03361344537815,9.712722298221614,24.666666666666668,40.522895905824406,100.0,44.75321952854711,100.0,GREEN,Large,50000000.0,GREEN,37.522895905824406,41.75321952854711,Sell,Hold,High,High,ttm(Mar 2026),ttm(Mar 2026),Mar 2026,False,False,Sell,,-15.84356981699674,1.127112885141468,March-to-March,full,,,7,,61.36363636363636,14.680232558139537,79.94841606991139,6.480987672660095,26.70386151797603,53.94957983193277,9.712722298221614,2,-3.0,0,GREEN,37.63,41.94,39.35,,,12.0,0.0,6.0,6.0,Hold,45.35,Hold,score 40-50 (trim if weight >2.5%),Sell->Hold (analyst),,,,,24.8,-156.5,75.0
BIRLACORPN,Construction Materials,Cyclical,7922.274923989695,0.0663016485882325,0.1211840162043692,0.4604209097080787,5.511363636363637,3.607809503682824,4.7856755290287545,14.197625311809489,0.0710528467748878,-0.0222084601899741,-0.2548940293836848,-0.345371690562658,True,False,60.747119304539865,810160.0,1613088.0,52899921.69580078,0.3550000000000001,0.2349999999999994,14.197625311809489,37.5,31.25,34.375,20.62015503875969,23.25268817204301,False,80.89452603471295,12.756634323287797,Neutral,56.45306584732379,11.058055925432758,11.85699067909454,61.34453781512605,53.445378151260506,25.3077975376197,35.6,37.51153452899251,100.0,44.93932085479516,100.0,GREEN,Small,2500000.0,GREEN,37.51153452899251,44.93932085479516,Sell,Hold,High,High,ttm(Mar 2026),ttm(Mar 2026),Mar 2026,False,False,Sell,,4.797047970479706,3.607809503682824,March-to-March,full,,,7,,34.375,21.075581395348838,80.89452603471295,12.756634323287797,11.058055925432758,61.34453781512605,25.3077975376197,0,-0.0,0,GREEN,37.59,45.21,40.64,,,7.0,-5.0,-6.0,-11.0,Sell,29.64,Sell,,,,,,,14.3,175.4,54.0
AAVAS,Financial Services,NotCyclical,11901.017336348934,0.1307330303314733,,3.105523658681449,,,14.018691588785035,18.149716396518624,0.106947923571274,0.0371804069302867,-0.2530359917872899,-0.1648999646996964,True,True,57.05991341065267,626849.0,-3708701.0,117420584.24005128,-0.029999999999999,-0.8499999999999979,18.149716396518624,44.537815126050425,,44.537815126050425,,54.16666666666666,False,49.98782587309395,20.923730736799243,Neutral,57.937167520275416,47.73288948069241,28.95792276964048,26.722689075630253,8.571428571428571,12.448700410396716,34.0,37.48719823089385,85.71428571428571,45.10687133368269,100.0,N/A-financial-sector,Small,2500000.0,GREEN,37.48719823089385,45.10687133368269,Sell,Hold,High,High,ttm(Mar 2026),ttm(Mar 2026),Mar 2026,False,False,Sell,,15.294117647058814,15.260907301461168,March-to-March,full,,,7,,44.537815126050425,57.412790697674424,49.98782587309395,20.923730736799243,47.73288948069241,26.722689075630253,12.448700410396716,0,-0.0,0,N/A-financial-sector,41.87,45.92,43.49,,,16.0,5.0,0.0,5.0,Hold,48.49,Hold,score 40-50 (trim if weight >2.5%),,,,,,,,
NHPC,Power,NotCyclical,88800.05745442708,0.1016452440193119,0.0716451675987173,1.2628086010087602,3.679550245959241,3.0723588360677345,11.907514450867062,21.04266764322917,-0.050421117797211,-0.0133200795228628,-0.0821150427234072,-0.2009306169068561,True,True,51.45431131706009,95408857.0,97706749.0,1212689534.7878723,-0.0733333333333334,-0.5249999999999999,21.04266764322917,33.33333333333333,19.047619047619047,26.19047619047619,18.294573643410853,47.8494623655914,False,63.14479912610754,36.9761614644791,Neutral,45.17520378892891,35.61571238348868,2.060452729693742,22.689075630252105,11.428571428571429,79.34336525307798,93.2,37.07695747063488,100.0,39.88349394817981,100.0,GREEN,Large,50000000.0,GREEN,37.07695747063488,39.88349394817981,Sell,Sell,High,High,ttm(Mar 2026),ttm(Mar 2026),Mar 2026,False,False,Sell,,11.897880539499027,3.0723588360677345,March-to-March,full,,,7,,26.19047619047619,18.75,63.14479912610754,36.9761614644791,35.61571238348868,22.689075630252105,79.34336525307798,0,-0.0,0,GREEN,37.18,40.02,38.31,,,12.0,0.0,-6.0,-6.0,Sell,32.31,Sell,,,,,Y,,52.8,-832.2,331.0
ABDL,Fast Moving Consumer Goods,NotCyclical,16952.940847359452,0.0671270852186241,0.1798629816124695,0.6921226698737222,4.014814814814815,7.623519049497496,11.417211019596696,77.05882203345205,0.1053408874863794,0.3043590667673377,0.4304117724566711,0.8588409780952952,True,True,49.346368891416105,4616037.0,6395344.0,178526146.25408936,,,77.05882203345205,4.651162790697675,36.36363636363637,20.50739957716702,33.17829457364341,45.69892473118279,False,19.975261132490377,89.22062206894509,Neutral,73.63573348122875,58.78482023968043,8.718242343541945,,,37.61969904240766,55.73333333333333,37.06148558829236,85.71428571428571,39.130593671317385,85.71428571428571,GREEN,Mid,10000000.0,GREEN,37.06148558829236,39.130593671317385,Sell,Sell,High,High,ttm(Mar 2026),ttm(Mar 2026),Mar 2026,False,False,Sell,,11.448863636363637,7.623519049497496,March-to-March,full,,,6,,20.50739957716702,32.99418604651162,19.975261132490377,89.22062206894509,58.78482023968043,,37.61969904240766,0,-0.0,0,GREEN,38.19,40.21,38.99,,,12.0,0.0,-6.0,-6.0,Sell,32.99,Sell,,,Y,,,,6.6,61.7,2.0
QUESS,Services,NotCyclical,4390.633423180593,0.1049076888822683,0.1727704388522034,0.1063464837049742,6.36734693877551,-3.737850118436825,2.2583015968463904,19.75100942126514,0.5388724417350998,0.4300930591682035,0.0013759615201403,-0.4955352276877044,True,True,69.73990831582314,38375155.0,64780992.0,73637464.9835968,-1.0016666666666667,1.314999999999999,19.75100942126514,33.33333333333333,52.0,42.66666666666666,5.271317829457364,15.456989247311828,False,73.4913217623498,35.00183428884808,Neutral,92.9148980573066,32.419973368841546,58.78482023968043,3.613445378151261,83.36134453781513,71.9562243502052,85.2,37.05116858005598,100.0,61.41320055572933,100.0,GREEN,Small,2500000.0,GREEN,37.05116858005598,61.41320055572933,Sell,Hold,High,High,ttm(Mar 2026),ttm(Mar 2026),Mar 2026,False,False,Sell,,2.2583015968463904,-3.737850118436825,March-to-March,full,,,7,,42.66666666666666,6.104651162790697,73.4913217623498,35.00183428884808,32.419973368841546,3.613445378151261,71.9562243502052,0,-0.0,0,GREEN,37.23,61.73,47.03,,,13.0,0.0,0.0,0.0,Hold,47.03,Hold,score 40-50 (trim if weight >2.5%),,,Y,,,3.5,43.1,149.0
PURVA,Realty,Cyclical,4779.524111836373,0.0199883415921764,0.071228144464228,3.129194630872483,1.0176730486008836,44.63865583893642,85.65044687189672,83.54073983651621,0.0016875605967339,-0.026709827147384,-0.2244799971628148,-0.5724791357162342,True,False,53.069765869741694,12269220.0,95690891.0,28087218.858177185,-0.2683333333333331,-0.1549999999999997,83.54073983651621,29.411764705882355,52.94117647058824,41.1764705882353,92.55813953488372,97.8494623655914,True,49.49933244325768,12.776722593759295,Neutral,36.34661818426767,5.798402130492676,68.91424766977363,13.277310924369749,23.52941176470588,78.9329685362517,69.86666666666666,44.32166811085904,100.0,53.99365804365252,100.0,RED,Small,2500000.0,GREEN,37.0,37.0,Sell,Sell,High,High,ttm(Mar 2026),ttm(Mar 2026),Mar 2026,False,False,Sell,,85.70009930486593,44.63865583893642,March-to-March,full,,,7,,41.1764705882353,92.44186046511628,49.49933244325768,12.776722593759295,5.798402130492676,13.277310924369749,78.9329685362517,2,-3.0,0,RED,37.0,37.0,37.0,,,15.0,5.0,-6.0,-1.0,Sell,36.0,Sell,,,,,Y,,139.0,150.6,21.0
TTML,Telecommunication,NotCyclical,7953.045186129482,,0.6596845253722486,-1.044337687033979,0.4533431300514328,1.6016951948769176,-11.382734912146674,-36.99090784246271,-0.0814898571675708,-0.1286938337911106,-0.3663967945613894,-0.4618436939790445,False,False,39.323261686411406,75905694.0,394035786.0,86689111.17092896,0.1166666666666666,0.0449999999999999,,,100.0,100.0,15.038759689922482,4.704301075268817,False,95.49933244325769,5.497572626824013,Neutral,8.171947335632364,93.40532623169108,96.33475366178428,43.02521008403362,37.73109243697479,94.66484268125856,91.73333333333332,63.95507564343588,100.0,55.20819223608599,100.0,RED,Small,2500000.0,GREEN,37.0,37.0,Sell,Sell,High,High,ttm(Mar 2026),ttm(Mar 2026),Mar 2026,False,False,Sell,,-11.314984709480125,1.6016951948769176,March-to-March,full,,,7,,100.0,15.55232558139535,95.49933244325769,5.497572626824013,93.40532623169108,43.02521008403362,94.66484268125856,2,-3.0,0,RED,37.0,37.0,37.0,no fwd revenue data,,-3.0,-15.0,-6.0,-20.0,Sell,17.0,Sell,,,,Y,,,,110.6,654.0
GODREJIND,Diversified,NotCyclical,87710.88020020194,0.1627833780279592,0.0415762963924624,4.613402523038382,0.9076923076923076,9.92764247851583,13.119340726421802,36.3643781924552,0.4564733474061668,0.338229481578671,0.2224352671346623,0.4873674614601408,True,True,66.00959299132543,2687684.0,20765623.0,163485405.1687622,0.0766666666666667,0.0950000000000002,36.3643781924552,63.15068493150685,7.368421052631578,35.25955299206922,39.37984496124031,52.68817204301075,False,34.21293608869797,76.36841691513793,Neutral,89.77681847864524,37.21358189081225,83.95126498002664,38.655462184873954,43.36134453781513,55.54035567715459,46.66666666666666,42.60355985726372,100.0,57.342804104676645,100.0,RED,Large,50000000.0,GREEN,37.0,37.0,Sell,Sell,High,High,ttm(Mar 2026),ttm(Mar 2026),Mar 2026,False,False,Sell,,13.125095385867635,9.92764247851583,March-to-March,full,,,7,,35.25955299206922,38.95348837209303,34.21293608869797,76.36841691513793,37.21358189081225,38.655462184873954,55.54035567715459,2,-3.0,0,RED,37.0,37.0,37.0,,,12.0,0.0,-6.0,-6.0,Sell,31.0,Sell,,,,Y,Y,Y,121.5,-138.2,1487.0
GODREJPROP,Realty,Cyclical,62644.34950175123,0.0619223829486786,0.0016024825437955,0.8297139277510963,-3.3065693430656933,31.586461818825185,4.225066016656509,34.027348996062585,0.1878729935953491,0.1125718514495037,-0.0525767109789139,-0.3688707582040685,True,True,66.27494376515273,2758779.0,-2269264.0,1179505621.491211,0.1533333333333336,1.04,34.027348996062585,58.82352941176471,23.52941176470588,41.1764705882353,86.66666666666667,21.63978494623656,True,64.61615487316422,42.86757604343896,Neutral,72.1345971267527,5.798402130492676,68.91424766977363,46.38655462184874,79.32773109243698,14.91108071135431,47.333333333333336,47.904719025603214,100.0,58.12281329237333,100.0,RED,Large,50000000.0,GREEN,37.0,37.0,Sell,Sell,High,High,ttm(Mar 2026),ttm(Mar 2026),Mar 2026,False,False,Sell,,4.225066016656509,31.586461818825185,March-to-March,full,,,7,,41.1764705882353,86.48255813953489,64.61615487316422,42.86757604343896,5.798402130492676,46.38655462184874,14.91108071135431,2,-3.0,0,RED,37.0,37.0,37.0,,,12.0,0.0,6.0,6.0,Hold,43.0,Hold,score 40-50 (trim if weight >2.5%),Sell->Hold (analyst),,Y,Y,Y,127.6,-375.9,1212.0
GMRP&UI,Power,NotCyclical,7843.86979042321,1.4854715777095822,0.1050000006969643,6.089285714285714,0.966847498493068,9.951054682415062,15.55800756620429,11.51699857722972,-0.0844362062470589,-0.0745172260801235,-0.136579373196082,0.0397967228327791,False,False,38.576117190871145,-14785409.0,28289271.0,128711308.37993622,-1.9866666666666664,-3.665000000000001,11.51699857722972,97.61904761904762,52.38095238095239,75.0,39.53488372093023,59.2741935483871,False,63.39563862928349,19.63510286055474,Neutral,17.072547011071617,35.61571238348868,2.060452729693742,1.092436974789916,1.092436974789916,59.78112175102599,7.333333333333333,47.604973868863866,100.0,39.67005425685768,100.0,RED,Small,2500000.0,GREEN,37.0,36.67005425685768,Sell,Sell,High,High,ttm(Mar 2026),ttm(Mar 2026),Mar 2026,False,False,Sell,,15.573770491803284,9.951054682415062,March-to-March,full,,,7,,75.0,39.098837209302324,63.39563862928349,19.63510286055474,35.61571238348868,1.092436974789916,59.78112175102599,2,-3.0,0,RED,37.0,36.71,36.88,,,11.0,0.0,-6.0,-6.0,Sell,30.88,Sell,,,,,Y,,189.1,-168.9,-700.0
AWFIS,Services,NotCyclical,2088.7626262626263,0.1382693724465876,0.2424023880250375,2.7142857142857144,2.956989247311828,39.92256842816944,23.67549668874172,29.389505549949547,-0.1609529727560805,-0.3678098713200882,-0.540615141955836,-0.4920648978039054,False,False,39.699666480047625,-6291346.0,-2676752.0,84130760.33430481,,,29.389505549949547,41.66666666666667,80.0,60.833333333333336,91.0077519379845,77.95698924731182,True,61.65220293724967,2.1810606868850217,Neutral,2.4710589930208786,32.419973368841546,58.78482023968043,,,13.953488372093023,10.666666666666668,54.26896919807552,85.71428571428571,46.76407716945912,85.71428571428571,RED,Small,2500000.0,GREEN,37.0,37.0,Sell,Sell,High,High,ttm(Mar 2026),ttm(Mar 2026),Mar 2026,False,False,Sell,,23.592715231788077,39.922568428169434,March-to-March,full,,,6,,60.833333333333336,90.84302325581395,61.65220293724967,2.1810606868850217,32.419973368841546,,13.953488372093023,2,-3.0,0,RED,37.0,37.0,37.0,,,20.0,10.0,-6.0,0.0,Sell,37.0,Sell,,,Y,Y,Y,Y,129.2,47.0,19.0
CANHLIFE,Financial Services,NotCyclical,14662.29352449116,0.0757862805768616,0.0480617332055168,0.1557632398753894,-11.833333333333334,11.064214330508037,9.072329838279725,110.4676280947898,0.0198592291554762,0.0841629439948699,,,True,,73.36254946747817,31940901.0,72621840.0,66731159.138031006,,,110.4676280947898,16.80672268907563,31.25,24.028361344537814,44.8062015503876,36.82795698924731,False,26.21446481487512,,Extended,46.22866699999231,47.73288948069241,28.95792276964048,,,74.28180574555402,82.66666666666667,37.92624453739141,71.42857142857143,36.23916688249863,85.71428571428571,N/A-financial-sector,Mid,10000000.0,GREEN,36.92624453739141,35.23916688249863,Sell,Sell,High,High,ttm(Jun 2026),ttm(Jun 2026),Jun 2026,False,False,Sell,,7.89915966386554,11.064214330508037,March-to-March,<1y,57.46666666666667,6.0,5,stage_3y<-1y,24.028361344537814,44.18604651162791,26.21446481487512,46.22866699999231,47.73288948069241,,74.28180574555402,1,-1.0,0,N/A-financial-sector,38.79,35.99,37.67,,,18.0,5.0,6.0,11.0,Hold,48.67,Hold,score 40-50 (trim if weight >2.5%),Sell->Hold (analyst),<1y,,,,51.8,-73.3,54.0
JPPOWER,Power,NotCyclical,11609.833176930744,0.049023699568346,0.1040801781706156,0.2663367891925856,3.645333333333333,-1.3072631595951625,8.809073724007565,18.074467841615068,-0.1095387925023604,0.0204204300527126,-0.2809987145777377,-0.0899839474188832,False,False,39.04010773933514,-424564078.0,2831432944.0,1298104177.8775492,0.325,-0.4449999999999998,18.074467841615068,14.285714285714285,47.61904761904761,30.95238095238095,9.30232558139535,36.155913978494624,False,54.25901201602136,11.79611839345175,Neutral,17.68329081336807,35.61571238348868,2.060452729693742,59.49579831932773,13.529411764705882,99.04240766073872,1.0666666666666669,36.713183009230704,100.0,26.4999517814956,100.0,GREEN,Small,2500000.0,GREEN,36.713183009230704,26.4999517814956,Sell,Sell,High,High,ttm(Jun 2026),ttm(Jun 2026),Jun 2026,False,False,Sell,,1.8491395093372498,-1.3072631595951623,March-to-March,full,,,7,,30.95238095238095,10.029069767441861,54.25901201602136,11.79611839345175,35.61571238348868,59.49579831932773,99.04240766073872,0,-0.0,0,GREEN,36.87,22.9,31.28,,,10.0,0.0,6.0,6.0,Hold,37.28,Sell,,,,,Y,,30.5,-522.3,-17.0
MMTC,Services,NotCyclical,9629.999542236328,0.3644727281018959,-0.0811869050697732,0.0,-184.0,-93.43051215481417,0.0,24.78764360935992,-0.0370481669197592,0.0102281309045646,-0.0553266949217712,-0.2298464913846234,False,True,40.83479457117036,265488491.0,825405124.0,132967342.59580994,-0.015,-0.02,24.78764360935992,91.66666666666666,6.0,48.83333333333333,1.0852713178294573,12.231182795698924,True,47.28304405874499,38.00351696810771,Neutral,17.737033363395785,32.419973368841546,58.78482023968043,28.067226890756302,31.428571428571427,97.81121751025992,97.6,37.430506577839694,100.0,36.98536690018993,100.0,RED,Small,2500000.0,GREEN,36.430506577839694,35.98536690018993,Sell,Sell,High,High,ttm(Mar 2026),ttm(Mar 2026),Mar 2026,False,False,Sell,,0.0,-93.43051215481415,March-to-March,full,,,7,,48.83333333333333,1.0901162790697674,47.28304405874499,38.00351696810771,32.419973368841546,28.067226890756302,97.81121751025992,1,-1.0,0,RED,36.43,36.22,36.35,no fwd revenue data,,2.0,-15.0,-6.0,-20.0,Sell,16.35,Sell,,,,Y,Y,Y,129.6,-46.0,565.0
IFBIND,Consumer Durables,NotCyclical,5528.738555779,0.0945693867392314,0.2312418027326753,0.1567839195979899,12.84,10.232338894120565,10.349567949725058,38.39401774846528,0.2388889333589481,-0.0428510444948537,-0.0911945453949367,-0.1826102098667613,True,False,60.25344846993781,5392300.0,4266295.0,75144601.87475586,-0.9900000000000002,0.135,38.39401774846528,31.70731707317073,65.85365853658537,48.78048780487805,41.3953488372093,41.53225806451613,False,48.060140793785656,21.001559391800253,Neutral,65.63915379799268,25.229560585885487,54.25752330226364,3.865546218487395,46.38655462184874,31.463748290013683,58.53333333333334,36.4231452908821,100.0,52.13664563474733,100.0,GREEN,Small,2500000.0,GREEN,36.4231452908821,52.13664563474733,Sell,Hold,High,High,ttm(Mar 2026),ttm(Mar 2026),Mar 2026,False,False,Sell,,10.349567949725058,10.232338894120563,March-to-March,full,,,7,,48.78048780487805,40.98837209302326,48.060140793785656,21.001559391800253,25.229560585885487,3.865546218487395,31.463748290013683,0,-0.0,0,GREEN,36.33,52.22,42.69,,,9.0,-5.0,-6.0,-11.0,Sell,31.69,Sell,,,,,,,9.9,4.3,-16.0
RTNINDIA,Consumer Services,NotCyclical,4443.266518910727,-0.0805252315637808,0.108149549196489,1.43359375,-1.1216216216216215,22.230052133602097,5.426758191944048,-26.76666577657064,-0.0662791422343079,-0.1667963795702028,-0.5002333808998269,-0.5992014078298875,False,False,39.91037086967156,20867344.0,-10754981.0,64352081.761089325,0.0683333333333335,-0.0499999999999997,,15.217391304347828,32.608695652173914,23.91304347826087,76.74418604651163,25.26881720430108,True,67.44267719277877,1.24679712760775,Neutral,11.496885618346855,7.985885486018644,14.776830892143808,37.3109243697479,29.411764705882355,7.934336525307797,77.60000000000001,39.3720103180132,100.0,30.385369975314557,100.0,RED,Small,2500000.0,GREEN,36.3720103180132,27.385369975314557,Sell,Sell,High,High,ttm(Mar 2026),ttm(Mar 2026),Mar 2026,False,False,Sell,,9.685406350131087,22.230052133602097,March-to-March,full,,,7,,23.91304347826087,76.01744186046511,67.44267719277877,1.24679712760775,7.985885486018644,37.3109243697479,7.934336525307797,1,-1.0,0,RED,38.21,32.18,35.8,,,8.0,-5.0,-6.0,-11.0,Sell,24.8,Sell,,,,,,,,-360.5,-2.0
JKLAKSHMI,Construction Materials,Cyclical,7173.681831877072,0.1291803104150579,0.1847582478109874,0.6654657745753989,4.739336492890995,1.581590761174989,9.203939932181491,17.031019202363368,-0.130205174083264,-0.2424939107195315,-0.4110435568485269,-0.3216129670548293,False,False,44.68108606896891,-1016833.0,-4225535.0,58344135.92965698,-2.96059473233375e-16,-0.7350000000000003,17.031019202363368,93.75,81.25,87.5,14.883720930232558,37.5,False,56.49265687583444,5.398925069300556,Neutral,3.729113615325332,11.058055925432758,11.85699067909454,29.57983193277311,9.747899159663866,11.901504787961697,20.666666666666668,36.10283180623026,100.0,32.83887584884819,100.0,GREEN,Small,2500000.0,GREEN,36.10283180623026,32.83887584884819,Sell,Sell,High,High,ttm(Mar 2026),ttm(Mar 2026),Mar 2026,False,False,Sell,,9.203939932181493,1.581590761174989,March-to-March,full,,,7,,87.5,15.406976744186046,56.49265687583444,5.398925069300556,11.058055925432758,29.57983193277311,11.901504787961697,0,-0.0,0,GREEN,36.2,33.03,34.93,,,9.0,-5.0,6.0,0.0,Hold,34.93,Sell,,,,,,,16.6,56.5,82.0
TATAINVEST,Financial Services,NotCyclical,33717.29226396131,0.012652578276534,0.0112760852252166,3.422079255355554e-05,361.0,13.311787953225895,30.592105263157897,77.68961351143159,-0.0615806596165497,0.0001999764172697,0.0131462826609127,0.0329240384502484,False,False,46.424815809355366,4398415.0,74732877.0,201929689.65448,-0.0333333333333333,0.055,77.68961351143159,5.88235294117647,16.666666666666664,11.274509803921568,52.093023255813954,84.94623655913979,True,35.47771011755511,25.37816709871176,Neutral,14.254488116034162,47.73288948069241,28.95792276964048,26.218487394957982,39.2436974789916,74.82900136798905,54.66666666666666,35.8731326014469,100.0,35.44564596520005,100.0,N/A-financial-sector,Mid,10000000.0,GREEN,35.8731326014469,35.44564596520005,Sell,Sell,High,High,ttm(Mar 2026),ttm(Mar 2026),Mar 2026,False,False,Sell,,31.699346405228756,13.311787953225895,March-to-March,full,,,7,,11.274509803921568,51.30813953488372,35.47771011755511,25.37816709871176,47.73288948069241,26.218487394957982,74.82900136798905,0,-0.0,0,N/A-financial-sector,35.7,35.47,35.61,,,8.0,-5.0,-6.0,-11.0,Sell,24.61,Sell,,,,,,,24.9,9.4,15.0
PINELABS,Financial Services,NotCyclical,17937.020126654177,-0.0485224678038946,0.0251061671500208,0.0747964721845318,4.261904761904762,19.26625455799771,19.21723834652596,137.6637146536228,-0.1981443424814755,-0.2770367668244692,,,True,,52.54061809333835,62157705.0,,1869202042.247223,,,137.6637146536228,3.361344537815126,20.833333333333336,12.09733893557423,70.3875968992248,68.01075268817203,False,18.01931029991208,,Neutral,1.2214202843300763,47.73288948069241,28.95792276964048,,,,89.2,35.84318775035836,57.14285714285714,27.55414967355693,85.71428571428571,N/A-financial-sector,Mid,10000000.0,GREEN,35.84318775035836,27.55414967355693,Sell,Sell,Med,High,annual,ttm(Mar 2026),Mar 2026,False,False,Sell,,19.217238346525956,19.26625455799771,March-to-March,<1y,1.6,6.0,4,"stage_3y<-1y,accumulation_3y<-1y",12.09733893557423,69.47674418604652,18.01931029991208,1.2214202843300763,47.73288948069241,,89.2,0,-0.0,0,N/A-financial-sector,37.38,29.37,34.17,,,17.0,5.0,-6.0,-1.0,Sell,33.17,Sell,,,<1y,,,,97.1,98.1,117.0
ORKLAINDIA,Fast Moving Consumer Goods,NotCyclical,8103.333333333332,0.1100034037714765,0.1396512821267412,0.0229090909090909,59.71428571428572,4.925314622207999,4.759916492693117,28.333333333333336,-0.067555818195288,-0.0338539730047833,,,False,,39.2734099973989,-670091.0,,22595500.71777344,,,28.333333333333336,23.25581395348837,20.454545454545457,21.855179704016912,25.116279069767444,23.118279569892472,False,55.15264797507788,,Neutral,14.368955296556406,58.78482023968043,8.718242343541945,,,,22.26666666666667,35.79219886716387,57.14285714285714,24.473258534442653,85.71428571428571,GREEN,Small,2500000.0,GREEN,35.79219886716387,24.473258534442653,Sell,Sell,Med,High,annual,ttm(Mar 2026),Mar 2026,False,False,Sell,,4.759916492693117,4.925314622207999,March-to-March,<1y,36.266666666666666,6.0,4,"stage_3y<-1y,accumulation_3y<-1y",21.855179704016912,25.436046511627907,55.15264797507788,14.368955296556406,58.78482023968043,,22.26666666666667,0,-0.0,0,GREEN,33.7,26.84,30.96,,,7.0,-5.0,-6.0,-11.0,Sell,19.96,Sell,,,<1y,,,,6.5,3.2,-2.0
HDFCLIFE,Financial Services,NotCyclical,122488.84348987728,0.1081075872590975,0.0462485372374183,0.1745915492957746,86.78571428571429,12.30055944308539,4.3006103508260285,62.10065378401941,-0.0658089514623496,-0.2389806733639005,-0.2495086065278745,-0.0800491257330897,False,False,47.100891667954016,-49873191.0,-40670496.0,1801506591.8563845,0.5466666666666672,0.565,62.10065378401941,31.93277310924369,29.166666666666668,30.54971988795518,48.52713178294574,21.774193548387096,False,32.59260935484601,11.67908296274454,Neutral,7.529212945233984,47.73288948069241,28.95792276964048,68.40336134453781,67.89915966386555,4.240766073871409,2.533333333333333,35.64529723643236,100.0,25.4143090360367,100.0,N/A-financial-sector,Large,50000000.0,GREEN,35.64529723643236,25.4143090360367,Sell,Sell,High,High,ttm(Jun 2026),ttm(Jun 2026),Jun 2026,False,False,Sell,,2.589711314252696,12.30055944308539,March-to-March,full,,,7,,30.54971988795518,47.81976744186046,32.59260935484601,11.67908296274454,47.73288948069241,68.40336134453781,4.240766073871409,0,-0.0,0,N/A-financial-sector,35.49,24.77,31.2,,,12.0,0.0,6.0,6.0,Hold,37.2,Sell,,,,,,,22.6,698.4,99.0
MAHSCOOTER,Financial Services,NotCyclical,14838.135717965702,0.0089487179999308,0.0086223869291247,0.0,,12.986928118619968,70.59946544482625,47.71104732464856,-0.006700129405751,0.0058771429372379,-0.0867368074062854,0.4297640637721365,True,False,56.21840289672005,68294.0,37298.0,36810768.0,0.3183333333333334,0.3,47.71104732464856,4.201680672268908,12.5,8.350840336134453,50.542635658914726,95.96774193548389,True,48.69875280862288,24.85122781156901,Neutral,37.881740977545626,47.73288948069241,28.95792276964048,59.15966386554622,56.30252100840336,18.467852257181946,27.866666666666667,35.63724166883291,100.0,44.44836060513385,100.0,N/A-financial-sector,Mid,10000000.0,GREEN,35.63724166883291,44.44836060513385,Sell,Hold,High,High,ttm(Mar 2026),ttm(Mar 2026),Mar 2026,False,False,Sell,,70.1086956521739,12.986928118619968,March-to-March,full,,,7,,8.350840336134453,49.854651162790695,48.69875280862288,24.85122781156901,47.73288948069241,59.15966386554622,18.467852257181946,0,-0.0,0,N/A-financial-sector,35.49,44.42,39.06,,,5.0,-5.0,-6.0,-11.0,Sell,28.06,Sell,,,,,,,0.0,14.7,-44.0
NTPCGREEN,Power,NotCyclical,78192.01869349326,0.0357974903978614,0.0500425536907336,1.672343791194305,2.790304396843292,156.17560332242198,29.379809868718887,152.54098860943904,-0.1765486455596654,0.0151647319890195,-0.1705294812032135,,False,False,37.38118696182885,-26226939.0,515171861.0,337735216.3359909,,,152.54098860943904,9.523809523809524,4.761904761904762,7.142857142857142,99.06976744186046,83.73655913978494,True,18.173928874863456,14.165329052969502,Neutral,9.944420986356796,35.61571238348868,2.060452729693742,,,96.3064295485636,5.2,43.052338298645694,85.71428571428571,24.034150814576822,85.71428571428571,AMBER,Large,50000000.0,GREEN,35.59448755384884,19.429028192390295,Sell,Sell,High,High,ttm(Mar 2026),ttm(Mar 2026),Mar 2026,False,False,Sell,,29.321266968325798,156.17560332242198,March-to-March,1-2y,,,6,,7.142857142857142,99.05523255813954,18.173928874863456,14.165329052969502,35.61571238348868,,96.3064295485636,1,-1.0,0,AMBER,36.12,21.15,30.13,,,15.0,5.0,-6.0,-1.0,Sell,29.13,Sell,,,Y,,Y,Y,28.8,-8.0,-60.0
DCMSHRIRAM,Diversified,NotCyclical,15910.995606628563,0.1032177779346706,0.1494544060565265,0.3790197095435684,8.505681818181818,5.445596510722983,12.097375175954284,18.591008548848112,-0.1519673153577094,-0.1354123450104289,-0.2437683897508771,0.0169180228568932,False,False,41.05529973043004,-84700.0,13479354.0,46326643.84423828,-0.0916666666666667,-0.0600000000000002,18.591008548848112,29.315068493150687,33.53383458646616,31.424451539808423,26.046511627906977,48.52150537634409,False,65.58218929587275,14.890658603282626,Neutral,5.361136693623664,37.21358189081225,83.95126498002664,21.680672268907564,28.907563025210088,47.8796169630643,25.73333333333333,35.53147516333358,100.0,39.264639343665024,100.0,GREEN,Mid,10000000.0,GREEN,35.53147516333358,39.264639343665024,Sell,Sell,High,High,ttm(Mar 2026),ttm(Mar 2026),Mar 2026,False,False,Sell,,12.097375175954284,5.445596510722983,March-to-March,full,,,7,,31.424451539808423,26.308139534883722,65.58218929587275,14.890658603282626,37.21358189081225,21.680672268907564,47.8796169630643,0,-0.0,0,GREEN,35.59,39.37,37.1,,,11.0,0.0,6.0,6.0,Hold,43.1,Hold,score 40-50 (trim if weight >2.5%),Sell->Hold (analyst),,,,,17.4,6.1,31.0
JUBLINGREA,Chemicals,Cyclical,12083.04317441574,0.0830266056875442,0.135544754256802,0.2533589251439539,11.571428571428571,-2.7644530359330237,5.075412975819971,43.489106204531616,0.1365101370403247,0.1125519134249659,-0.0543623262188556,0.4488036022688015,True,True,73.84383527755664,-697095.0,8939715.0,153665911.25878906,0.5999999999999998,0.8899999999999997,43.489106204531616,11.363636363636363,20.454545454545457,15.90909090909091,6.821705426356589,23.9247311827957,False,50.62917222963952,60.3470098454348,Extended,61.73413499076285,26.70386151797603,87.9555259653795,71.26050420168067,75.7983193277311,41.58686730506156,22.0,35.44424606512985,100.0,51.24921991495792,100.0,GREEN,Mid,10000000.0,GREEN,35.44424606512985,51.24921991495792,Sell,Hold,High,High,ttm(Mar 2026),ttm(Mar 2026),Mar 2026,False,False,Sell,,5.026328386787937,-2.7644530359330233,March-to-March,full,,,7,,15.90909090909091,7.55813953488372,50.62917222963952,60.3470098454348,26.70386151797603,71.26050420168067,41.58686730506156,0,-0.0,0,GREEN,35.58,51.5,41.95,,,10.0,0.0,-6.0,-6.0,Sell,35.95,Sell,,,,,,,7.3,21.9,-11.0
FLUOROCHEM,Chemicals,Cyclical,45305.90346516148,0.1232285680889861,0.1516822824288847,0.2911263666412408,9.347826086956522,-4.215040438058548,5.467595524593616,78.93014540968899,0.2604988190318651,0.1938341576657258,0.2198845868512144,0.2792350359090927,True,True,68.88878511879578,353070.0,1851512.0,380307547.8947754,0.6683333333333333,0.8900000000000001,78.93014540968899,34.090909090909086,34.090909090909086,34.090909090909086,5.116279069767442,25.40322580645161,False,32.36193712829227,76.19400207965475,Neutral,78.54075111775005,26.70386151797603,87.9555259653795,73.27731092436974,75.96638655462185,25.85499316005472,32.13333333333333,35.398478963936014,100.0,55.08458895376318,100.0,GREEN,Large,50000000.0,GREEN,35.398478963936014,55.08458895376318,Sell,Hold,High,High,ttm(Mar 2026),ttm(Mar 2026),Mar 2026,False,False,Sell,,5.467595524593616,-4.215040438058548,March-to-March,full,,,7,,34.090909090909086,5.959302325581396,32.36193712829227,76.19400207965475,26.70386151797603,73.27731092436974,25.85499316005472,0,-0.0,0,GREEN,35.55,55.32,43.46,,,16.0,5.0,-6.0,-1.0,Sell,42.46,Hold,score 40-50 (trim if weight >2.5%) + analyst view,Analyst Sell -> Trim,,,,,2.7,129.9,-93.0
RCF,Chemicals,Cyclical,7087.098333543347,0.0997599767899598,0.1139100789784673,0.8059351815696993,3.2013651877133107,-4.8494303088988495,9.135467107594186,16.597419984879032,-0.013119468337602,-0.0572890182880359,-0.1394143494372026,-0.4234657399693086,False,False,44.66316039541091,39886441.0,133244838.0,151599669.5017395,0.1699999999999999,-0.325,16.597419984879032,18.181818181818183,11.363636363636363,14.772727272727272,4.496124031007752,37.36559139784946,False,73.54983114741223,13.47322699732871,Neutral,17.28183210860706,26.70386151797603,87.9555259653795,48.739495798319325,16.974789915966387,83.72093023255815,85.86666666666667,35.353414668278354,100.0,45.14567291902612,100.0,GREEN,Small,2500000.0,GREEN,35.353414668278354,45.14567291902612,Sell,Hold,High,High,ttm(Mar 2026),ttm(Mar 2026),Mar 2026,False,False,Sell,,9.129561828274468,-4.8494303088988495,March-to-March,full,,,7,,14.772727272727272,5.232558139534884,73.54983114741223,13.47322699732871,26.70386151797603,48.739495798319325,83.72093023255815,0,-0.0,0,GREEN,35.49,45.34,39.43,no fwd revenue data,,3.0,-15.0,-6.0,-20.0,Sell,19.43,Sell,,,,,Y,,42.0,194.8,87.0
NUVOCO,Construction Materials,Cyclical,12809.344373213842,0.0122307010876735,0.1083327028731758,0.480594388503275,4.665829145728643,2.313950632258721,9.45907674879638,33.143519648799185,0.1614211487006067,0.0143100549670969,-0.0069357744911493,-0.0122791991291374,True,True,64.30832286876159,70472172.0,88397001.0,90512866.54058838,-0.0599999999999999,-0.2350000000000003,33.143519648799185,12.5,12.5,12.5,17.05426356589147,38.97849462365591,False,60.883400089007566,61.13512532123452,Neutral,71.01361215756829,11.058055925432758,11.85699067909454,23.52941176470588,19.495798319327733,77.70177838577291,91.06666666666666,35.32341365834614,100.0,43.82821788957433,100.0,GREEN,Mid,10000000.0,GREEN,35.32341365834614,43.82821788957433,Sell,Hold,High,High,ttm(Jun 2026),ttm(Jun 2026),Jun 2026,False,False,Sell,,9.471854784203915,2.313950632258721,March-to-March,full,,,7,,12.5,17.441860465116278,60.883400089007566,61.13512532123452,11.058055925432758,23.52941176470588,77.70177838577291,0,-0.0,0,GREEN,35.39,43.97,38.82,,,8.0,-5.0,-6.0,-11.0,Sell,27.82,Sell,,,,,,,-4.4,354.0,-43.0
WIPRO,Information Technology,NotCyclical,187432.3460152873,0.1516573381373918,0.1757414103583283,0.2305297719810495,12.216049382716047,0.7807333556995699,6.39480170289044,13.896794800091014,-0.1221848614994323,-0.309883403138675,-0.2802355596735828,-0.2992999899000854,False,False,47.96997292756809,-64163374.0,-170226325.0,3421846413.943657,0.5233333333333332,0.0549999999999997,13.896794800091014,28.57142857142857,22.857142857142858,25.714285714285715,13.643410852713178,27.956989247311824,False,95.9946595460614,14.535311597812653,Neutral,6.521521225761712,13.445272969374168,39.41065246338216,67.73109243697479,38.57142857142858,1.094391244870041,1.0666666666666669,35.18718328209407,100.0,34.25128714954509,100.0,GREEN,Large,50000000.0,GREEN,35.18718328209407,34.25128714954509,Sell,Sell,High,High,ttm(Jun 2026),ttm(Jun 2026),Jun 2026,False,False,Sell,,3.9691091954022983,0.7807333556995699,March-to-March,full,,,7,,25.714285714285715,14.244186046511627,95.9946595460614,14.535311597812653,13.445272969374168,67.73109243697479,1.094391244870041,0,-0.0,0,GREEN,35.32,33.48,34.58,,,7.0,-5.0,-6.0,-11.0,Sell,23.58,Sell,,,,,,,22.5,-925.3,-10.0
ITCHOTELS,Consumer Services,NotCyclical,36467.47856918647,0.0599962059909697,0.110830143189618,0.0063475724824155,26.90909090909091,,16.076294277929158,41.85576805701623,0.0809277175232512,-0.0892661591589897,-0.2457648196693551,,True,False,49.51260633653421,47873593.0,-10734666.0,390359975.2904816,,,41.85576805701623,41.30434782608695,36.95652173913043,39.13043478260869,,61.82795698924731,False,67.92338502618877,15.281583995615236,Neutral,47.95212100885866,7.985885486018644,14.776830892143808,,,8.071135430916552,86.66666666666667,35.17623778615457,71.42857142857143,50.455792428757626,85.71428571428571,GREEN,Large,50000000.0,GREEN,35.17623778615457,50.455792428757626,Sell,Hold,High,High,ttm(Jun 2026),ttm(Jun 2026),Jun 2026,False,False,Sell,,16.26404494382023,,March-to-March,1-2y,,,5,growth_3y<-1y,39.13043478260869,61.911170928667566,67.92338502618877,15.281583995615236,7.985885486018644,,8.071135430916552,0,-0.0,0,GREEN,42.39,50.43,45.61,,,15.0,5.0,-6.0,-1.0,Sell,44.61,Hold,score 40-50 (trim if weight >2.5%) + analyst view,Analyst Sell -> Trim,Y,,,,10.2,23.2,38.0
PPLPHARMA,Healthcare,NotCyclical,23257.77053521604,-0.0134819648564479,0.0808690854618666,0.6952952707669688,2.7038123167155423,7.788619768244298,-3.082771839260079,-71.34285440250319,0.1747429341568711,0.038191925947201,-0.1297480334306345,0.1364125135329874,True,True,55.68044662877101,144203720.0,239169336.0,577412237.7075958,-2.056666666666667,-1.9400000000000024,,7.142857142857142,7.142857142857142,7.142857142857142,33.798449612403104,8.60215053763441,False,88.66341396371634,37.69678027831632,Neutral,57.17217442945466,66.50785619174435,90.47589880159788,1.092436974789916,2.5210084033613445,90.42407660738714,95.73333333333332,42.50252891524861,100.0,45.18197251399758,100.0,AMBER,Mid,10000000.0,GREEN,35.12714957796132,37.40467663689794,Sell,Sell,High,High,ttm(Mar 2026),ttm(Mar 2026),Mar 2026,False,False,Sell,,-3.081630422904602,7.788619768244298,March-to-March,full,,,7,,7.142857142857142,33.72093023255814,88.66341396371634,37.69678027831632,66.50785619174435,1.092436974789916,90.42407660738714,1,-1.0,0,AMBER,35.11,37.65,36.13,,,10.0,0.0,6.0,6.0,Hold,42.13,Hold,score 40-50 (trim if weight >2.5%),Sell->Hold (analyst),,,,,,-478.5,-134.0
FIRSTCRY,Consumer Services,NotCyclical,16167.568958381737,-0.0852175377167304,0.0049246508918489,0.330225813134452,1.6794871794871795,14.914523547995916,11.62031596814206,-79.25278901167518,-0.1579841210723037,-0.2077666384020901,-0.4387521415932047,,False,False,44.74730951871844,1298291.0,219063035.0,235652441.8182144,,,,13.043478260869565,13.043478260869565,13.043478260869565,56.58914728682171,46.90860215053764,False,76.26635514018692,3.996814195670047,Neutral,3.590003347645064,7.985885486018644,14.776830892143808,,,89.74008207934337,39.46666666666667,41.225430934008,85.71428571428571,29.94446910926024,85.71428571428571,AMBER,Mid,10000000.0,GREEN,35.0416162939068,25.4527987428712,Sell,Sell,High,High,ttm(Mar 2026),ttm(Mar 2026),Mar 2026,False,False,Sell,,11.592689295039161,14.914523547995916,March-to-March,1-2y,,,6,,13.043478260869565,55.66860465116279,76.26635514018692,3.996814195670047,7.985885486018644,,89.74008207934337,0,-0.0,0,AMBER,35.54,26.93,32.1,,,12.0,0.0,-6.0,-6.0,Sell,26.1,Sell,,,Y,,,,,5.3,33.0
KANSAINER,Consumer Durables,NotCyclical,15873.579764660491,0.1430777977490825,0.1572173211643016,0.0451295799821269,30.46875,2.2005468246584448,2.9272657548255143,27.55829820253558,0.000998019091382,-0.1254723868368874,-0.1879661027716271,-0.2329719624425945,False,False,41.655457882390415,-2726964.0,-1702081.0,50750203.185058594,-0.0966666666666665,-0.2650000000000001,27.55829820253558,46.34146341463415,34.14634146341464,40.2439024390244,16.899224806201552,17.20430107526882,False,81.67131933487074,15.26847642116257,Neutral,16.827408141300257,25.229560585885487,54.25752330226364,21.34453781512605,18.65546218487395,16.142270861833104,16.133333333333333,34.83734742998225,100.0,35.948261827746975,100.0,GREEN,Mid,10000000.0,GREEN,34.83734742998225,35.948261827746975,Sell,Sell,High,High,ttm(Mar 2026),ttm(Mar 2026),Mar 2026,False,False,Sell,,2.9272657548255143,2.2005468246584448,March-to-March,full,,,7,,40.2439024390244,17.296511627906977,81.67131933487074,15.26847642116257,25.229560585885487,21.34453781512605,16.142270861833104,0,-0.0,0,GREEN,34.92,36.32,35.48,,,9.0,-5.0,6.0,0.0,Hold,35.48,Sell,,,,,,,10.4,5.4,-686.0
RALLIS,Chemicals,Cyclical,4589.107869896274,0.0976869243922144,0.1629323821834242,0.0298580518844836,32.90909090909091,-0.7926955500948907,4.406062742333461,21.429609667702657,-0.0857288075623351,-0.0420402126466772,-0.3044300101367239,-0.2819523718947965,False,False,56.16539705078658,5582794.0,55573207.0,95913127.8939209,0.0866666666666666,0.5549999999999997,21.429609667702657,15.909090909090908,40.909090909090914,28.40909090909091,10.69767441860465,22.04301075268817,False,66.34689389774601,7.975273726772976,Neutral,9.76123807269912,26.70386151797603,87.9555259653795,39.66386554621849,67.73109243697479,69.49384404924761,58.93333333333334,34.796894360340744,100.0,44.44993942675397,100.0,GREEN,Small,2500000.0,GREEN,34.796894360340744,44.44993942675397,Sell,Hold,High,High,ttm(Jun 2026),ttm(Jun 2026),Jun 2026,False,False,Sell,,8.78708223807736,-0.7926955500948907,March-to-March,full,,,7,,28.40909090909091,11.337209302325581,66.34689389774601,7.975273726772976,26.70386151797603,39.66386554621849,69.49384404924761,0,-0.0,0,GREEN,34.91,46.58,39.58,,,7.0,-5.0,-6.0,-11.0,Sell,28.58,Sell,,,,,,,6.4,48.7,-17.0
PNCINFRA,Construction,Cyclical,6262.840049786012,0.162312558149765,0.1674667427983582,0.758843387641274,1.9536082474226804,-12.291992668103102,-20.682523267838683,7.527451982915879,0.2083580172973735,0.0323181031594859,-0.194470651732441,-0.5153279231322824,True,True,66.12262362509051,8266444.0,20494495.0,91434569.70943452,0.3433333333333337,-0.0149999999999996,7.527451982915879,69.56521739130434,39.130434782608695,54.34782608695652,1.0852713178294573,1.0752688172043012,False,82.22809900379994,29.31652151452364,Neutral,71.75585357951992,8.461517976031956,26.57070572569907,61.00840336134454,32.10084033613445,55.26675786593708,64.93333333333334,41.86055035384275,100.0,50.67002376605856,100.0,AMBER,Small,2500000.0,GREEN,34.58146780076633,42.06952020114977,Sell,Hold,High,High,ttm(Mar 2026),ttm(Mar 2026),Mar 2026,False,False,Sell,,-20.69729649874428,-12.291992668103102,March-to-March,full,,,7,,54.34782608695652,2.4709302325581395,82.22809900379994,29.31652151452364,8.461517976031956,61.00840336134454,55.26675786593708,1,-1.0,0,AMBER,34.79,42.28,37.79,,,12.0,0.0,6.0,6.0,Hold,43.79,Hold,score 40-50 (trim if weight >2.5%),Sell->Hold (analyst),,,Y,Y,59.4,-501.4,462.0
DALBHARAT,Construction Materials,Cyclical,34870.033862903685,0.0532438832588298,0.1256436856758469,0.4119250236386896,6.422916666666667,2.989249760589208,5.8941344778254745,30.17309674955696,-0.0689941804910249,-0.1147453660543413,-0.1531465556582741,-0.0056203624151237,True,False,62.17556731010845,1469975.0,-3629151.0,500209022.9996948,0.6416666666666666,1.075000000000001,30.17309674955696,31.25,43.75,37.5,17.984496124031008,26.0752688172043,False,60.28482421005785,22.927244243047017,Neutral,20.89355438010027,11.058055925432758,11.85699067909454,72.10084033613445,79.83193277310924,12.585499316005471,40.400000000000006,34.442335100696496,100.0,35.67278041604752,100.0,GREEN,Mid,10000000.0,GREEN,34.442335100696496,35.67278041604752,Sell,Sell,High,High,ttm(Mar 2026),ttm(Mar 2026),Mar 2026,False,False,Sell,,5.8941344778254745,2.9892497605892077,March-to-March,full,,,7,,37.5,18.313953488372093,60.28482421005785,22.927244243047017,11.058055925432758,72.10084033613445,12.585499316005471,0,-0.0,0,GREEN,34.5,35.94,35.08,,,9.0,-5.0,-6.0,-11.0,Sell,24.08,Sell,,,,,,,13.5,534.1,55.0
WOCKPHARMA,Healthcare,NotCyclical,28482.34972222719,-0.0746202713478148,0.0467235896819672,0.4520242914979757,3.061032863849765,8.359968759318615,11.98539176626825,143.1273855388301,0.3369433732911027,0.3522629413579521,0.0678959936746583,1.131546121133605,True,True,49.26742604269123,17115407.0,97666313.0,1764352560.4954834,0.0433333333333332,0.12,143.1273855388301,4.285714285714286,4.285714285714286,4.285714285714286,34.57364341085271,47.983870967741936,False,17.211183538836096,66.03057057753196,Neutral,85.05604299823479,66.50785619174435,90.47589880159788,34.6218487394958,45.21008403361345,79.20656634746922,74.0,34.39149038823005,100.0,49.03721733515189,100.0,GREEN,Mid,10000000.0,GREEN,34.39149038823005,49.03721733515189,Sell,Hold,High,High,ttm(Mar 2026),ttm(Mar 2026),Mar 2026,False,False,Sell,,11.98539176626825,8.359968759318615,March-to-March,full,,,7,,4.285714285714286,34.44767441860465,17.211183538836096,66.03057057753196,66.50785619174435,34.6218487394958,79.20656634746922,0,-0.0,0,GREEN,34.36,49.17,40.29,,,13.0,0.0,-6.0,-6.0,Sell,34.29,Sell,,,,,,,10.9,211.9,-36.0
NAUKRI,Consumer Services,NotCyclical,95167.3076923077,0.0246173813462898,0.0261561856315276,0.0068312496703064,43.407407407407405,11.875705929170222,15.22807017543859,53.956191327670986,0.1302556160744159,-0.0921249811198792,-0.1166492695908286,-0.1113734560522894,True,True,76.62797428137306,34795123.0,-17575889.0,1474141791.2085571,-0.0333333333333338,0.3399999999999998,53.956191327670986,26.08695652173913,15.217391304347828,20.65217391304348,47.75193798449613,58.06451612903226,False,59.534764301119445,43.58091747494299,Extended,52.74396585688686,7.985885486018644,14.776830892143808,25.71428571428571,58.31932773109244,6.703146374829001,83.6,34.33485197104809,100.0,46.503197998590366,100.0,GREEN,Large,50000000.0,GREEN,34.33485197104809,46.503197998590366,Sell,Hold,High,High,ttm(Mar 2026),ttm(Mar 2026),Mar 2026,False,False,Sell,,15.263157894736846,11.875705929170222,March-to-March,full,,,7,,20.65217391304348,47.093023255813954,59.534764301119445,43.58091747494299,7.985885486018644,25.71428571428571,6.703146374829001,0,-0.0,0,GREEN,34.19,46.54,39.13,,,14.0,0.0,6.0,6.0,Hold,45.13,Hold,score 40-50 (trim if weight >2.5%),Sell->Hold (analyst),,,Y,Y,51.8,164.6,-121.0
IRFC,Financial Services,NotCyclical,115609.27531114264,0.1291764397819721,,7.691254471444431,,,0.4861520329994206,16.463687832795042,-0.1418170593770867,-0.2635875873506936,-0.3339359368749224,-0.54697963908103,False,False,35.03940799823003,-206926906.0,-199883517.0,944045602.891365,-0.255,-0.5000000000000001,16.463687832795042,42.85714285714285,,42.85714285714285,,12.634408602150538,False,60.94612025072978,2.8267951884652285,Neutral,3.669245609727043,47.73288948069241,28.95792276964048,13.949579831932772,11.76470588235294,1.094391244870041,1.0666666666666669,34.3299557829888,85.71428571428571,25.19223773018025,100.0,N/A-financial-sector,Large,50000000.0,GREEN,34.3299557829888,25.19223773018025,Sell,Sell,High,High,ttm(Mar 2026),ttm(Mar 2026),Mar 2026,False,False,Sell,,7.041820418204181,3.332012203314072,March-to-March,full,,,7,,42.85714285714285,19.476744186046513,60.94612025072978,2.8267951884652285,47.73288948069241,13.949579831932772,1.094391244870041,0,-0.0,0,N/A-financial-sector,31.06,28.59,30.07,,,9.0,-5.0,-6.0,-11.0,Sell,19.07,Sell,,,,,,,,,
PTC,Power,NotCyclical,5975.35024738032,0.1231707110003887,0.1184476358589604,0.2957699381374352,2.8483870967741933,1.6425650628982158,4.635637634140255,8.333821823403516,-0.1126665733902795,0.0946578317228061,-0.0295441423928434,-0.131270510725769,False,False,36.91487697029206,-5129290.0,18328064.0,187956828.0334625,-1.285,-0.9650000000000007,8.333821823403516,42.85714285714285,71.42857142857143,57.14285714285714,15.193798449612403,22.71505376344086,False,76.93035157988429,21.92835330595804,Neutral,18.330734525193016,35.61571238348868,2.060452729693742,1.092436974789916,7.73109243697479,53.76196990424077,12.133333333333333,40.34976598439076,100.0,32.922581590029054,100.0,AMBER,Small,2500000.0,GREEN,34.29730108673214,27.984194351524696,Sell,Sell,High,High,ttm(Mar 2026),ttm(Mar 2026),Mar 2026,False,False,Sell,,3.2633458530878734,1.6425650628982158,March-to-March,full,,,7,,57.14285714285714,15.69767441860465,76.93035157988429,21.92835330595804,35.61571238348868,1.092436974789916,53.76196990424077,0,-0.0,0,AMBER,34.39,27.7,31.72,,,5.0,-5.0,-6.0,-11.0,Sell,20.72,Sell,,,,,Y,Y,39.3,-291.1,-103.0
SOBHA,Realty,Cyclical,15928.634604754008,0.0586340723302736,0.1024231634506504,0.2239406779661017,2.2627737226277373,16.175117756587664,32.13361561985415,69.21650440426518,0.1431444825347547,-0.0324514821803022,-0.0133475700530021,-0.2556386758406662,True,True,64.41029165962826,1703624.0,3364374.0,141292405.95861816,-0.5633333333333335,-0.6049999999999995,69.21650440426518,52.94117647058824,64.70588235294117,58.82352941176471,61.70542635658914,85.88709677419355,True,40.809707060394246,52.69868576947482,Neutral,56.84393815429862,5.798402130492676,68.91424766977363,6.218487394957983,10.588235294117649,29.82216142270862,41.86666666666667,40.34630589095534,100.0,55.62254894856726,100.0,AMBER,Mid,10000000.0,GREEN,34.294360007312044,47.27916660628217,Sell,Hold,High,High,ttm(Jun 2026),ttm(Jun 2026),Jun 2026,False,False,Sell,,28.49715276058431,16.175117756587664,March-to-March,full,,,7,,58.82352941176471,60.610465116279066,40.809707060394246,52.69868576947482,5.798402130492676,6.218487394957983,29.82216142270862,0,-0.0,0,AMBER,34.13,46.89,39.23,,,17.0,5.0,6.0,11.0,Hold,50.23,Hold,,Sell->Hold (analyst),,Y,Y,,74.2,-67.8,69.0
SIGNATURE,Realty,Cyclical,11148.899572957618,-0.1513411991995611,-0.032944402229444,1.6102702702702705,-0.8,18.654594067254536,3.883106485188148,10.180336598819952,-0.0101091738982059,-0.2128324299007337,-0.3640044583904278,-0.4660720131847442,False,False,48.78564206458884,4400803.0,5767989.0,191674664.51882932,,,10.180336598819952,5.88235294117647,8.823529411764707,7.352941176470589,67.90697674418604,20.967741935483872,False,66.4485981308411,7.098557462841613,Neutral,12.31228546674373,5.798402130492676,68.91424766977363,,,35.70451436388509,54.8,35.187862830896265,85.71428571428571,36.20799719534316,85.71428571428571,RED,Small,2500000.0,GREEN,34.187862830896265,35.20799719534316,Sell,Sell,High,High,ttm(Mar 2026),ttm(Mar 2026),Mar 2026,False,False,Sell,,3.9231385108086547,18.654594067254536,March-to-March,full,,,6,,7.352941176470589,67.00581395348837,66.4485981308411,7.098557462841613,5.798402130492676,,35.70451436388509,1,-1.0,0,RED,35.36,36.65,35.88,,,8.0,-5.0,-6.0,-11.0,Sell,24.88,Sell,,,Y,Y,Y,Y,110.7,-93.7,1310.0
KEC,Construction,Cyclical,13269.40203522064,0.1248739640840721,0.192487983352355,0.8731937002760188,2.4984939759036147,10.797061819302044,7.598645060880704,21.89670302841689,-0.1097310253524697,-0.2737809096413656,-0.4202363056694124,-0.4398550471996011,False,False,44.88101252350315,10897524.0,23225589.0,445389683.3747864,-0.0283333333333333,0.0100000000000006,21.89670302841689,47.82608695652174,60.86956521739131,54.34782608695653,43.565891472868216,32.25806451612903,False,64.13134178905207,4.8204479221063625,Neutral,7.193058167939539,8.461517976031956,26.57070572569907,27.058823529411764,34.95798319327731,56.771545827633375,68.26666666666667,39.83213498762435,100.0,36.49739848956473,100.0,AMBER,Mid,10000000.0,GREEN,33.8573147394807,31.02278871613002,Sell,Sell,High,High,ttm(Mar 2026),ttm(Mar 2026),Mar 2026,False,False,Sell,,7.593719961550782,10.797061819302044,March-to-March,full,,,7,,54.34782608695653,43.02325581395349,64.13134178905207,4.8204479221063625,8.461517976031956,27.058823529411764,56.771545827633375,0,-0.0,0,AMBER,33.77,31.19,32.74,,,11.0,0.0,-6.0,-6.0,Sell,26.74,Sell,,,,,,,-1.0,-151.8,-76.0
LINDEINDIA,Chemicals,Cyclical,60793.41308062762,0.1243153686945092,0.2028312205212623,0.0185185185185185,64.92857142857143,,1.810865191146882,110.73481435451296,0.0089171974522292,0.1675675675675676,0.0547606714708694,-0.2063324024132302,False,True,50.6414104548928,33239.0,2506794.0,175006321.0,-0.0949999999999999,-0.2249999999999996,110.73481435451296,40.909090909090914,61.36363636363637,51.13636363636364,,14.650537634408604,False,18.941619128535017,54.78410564891201,Neutral,25.180303398955164,26.70386151797603,87.9555259653795,21.51260504201681,20.16806722689076,27.906976744186046,27.33333333333333,33.73611140882962,85.71428571428571,35.90534282735766,100.0,GREEN,Large,50000000.0,GREEN,33.73611140882962,35.90534282735766,Sell,Sell,High,High,ttm(Mar 2026),ttm(Mar 2026),Mar 2026,False,False,Sell,,1.8511066398390286,,March-to-March,full,,,6,growth_3y<-1y,51.13636363636364,16.28532974427995,18.941619128535017,54.78410564891201,26.70386151797603,21.51260504201681,27.906976744186046,0,-0.0,0,GREEN,30.59,36.13,32.81,,,12.0,0.0,6.0,6.0,Hold,38.81,Sell,,,Y,,,,10.1,129.8,-1.0
BEML,Capital Goods,Cyclical,15126.965029912622,0.0579407332990925,0.1026770323856246,0.1053169734151329,6.644444444444445,3.723847035458294,8.128262490678594,107.28343992845832,0.0451862344526641,0.0314329204195897,-0.1753531565296607,-0.2908371146687284,True,True,51.56406802031739,-650875.0,4788021.0,420934252.12005615,0.0983333333333337,0.3300000000000009,107.28343992845832,10.2803738317757,6.481481481481481,8.38092765662859,21.085271317829456,34.00537634408602,False,33.60258121940365,24.091873011895927,Neutral,48.06184716622223,85.89161118508655,77.5027962716378,41.84873949579832,57.647058823529406,33.10533515731874,22.53333333333333,33.69112156602419,100.0,41.99229508769115,100.0,GREEN,Mid,10000000.0,GREEN,33.69112156602419,41.99229508769115,Sell,Hold,High,High,ttm(Mar 2026),ttm(Mar 2026),Mar 2026,False,False,Sell,,8.180009945300837,3.723847035458294,March-to-March,full,,,7,,8.38092765662859,21.511627906976745,33.60258121940365,24.091873011895927,85.89161118508655,41.84873949579832,33.10533515731874,0,-0.0,0,GREEN,33.77,42.22,37.15,,,10.0,0.0,-6.0,-6.0,Sell,31.15,Sell,,,,,,,14.5,-248.4,5.0
INTELLECT,Information Technology,NotCyclical,10541.043267286695,0.1228312875143208,0.1975527971525195,0.0501577287066246,58.4,10.839884974117876,21.520000000000007,30.645161290322584,0.1179758953326959,-0.183673469387755,-0.3363993371156002,-0.293271714976657,True,False,52.603759118832855,4082311.0,19874841.0,311515313.24346924,0.0449999999999997,0.7650000000000008,30.645161290322584,14.285714285714285,37.142857142857146,25.714285714285715,43.72093023255814,73.11827956989248,False,45.01780151312861,10.271965742650345,Neutral,46.10258705107968,13.445272969374168,39.41065246338216,34.95798319327731,73.44537815126051,54.44596443228454,54.0,33.47798107872459,100.0,48.76424989521671,100.0,GREEN,Small,2500000.0,GREEN,33.47798107872459,48.76424989521671,Sell,Hold,High,High,ttm(Mar 2026),ttm(Mar 2026),Mar 2026,False,False,Sell,,21.520000000000007,10.839884974117876,March-to-March,full,,,7,,25.714285714285715,43.16860465116279,45.01780151312861,10.271965742650345,13.445272969374168,34.95798319327731,54.44596443228454,0,-0.0,0,GREEN,33.36,48.85,39.56,,,17.0,5.0,6.0,11.0,Hold,50.56,Hold,,Sell->Hold (analyst),,Y,,,20.7,-61.3,18.0
AWL,Fast Moving Consumer Goods,NotCyclical,24674.47713595718,0.0798143265047106,0.1495319839971762,0.1062260536398467,3.014144271570014,8.700093677054221,17.34999921486111,23.67082248602128,0.0336458303908651,-0.131714911613103,-0.2929540766820377,-0.4375723526916376,False,False,53.54521315615098,-32060983.0,-82619285.0,495911235.7631378,-0.2883333333333333,-0.345,23.67082248602128,9.30232558139535,25.0,17.151162790697676,35.50387596899225,64.91935483870968,False,78.7748370376188,7.648965353890982,Neutral,21.70473794364416,58.78482023968043,8.718242343541945,12.26890756302521,15.966386554621849,2.462380300957592,3.8666666666666663,33.36830293705827,100.0,34.96991936975016,100.0,GREEN,Mid,10000000.0,GREEN,33.36830293705827,34.96991936975016,Sell,Sell,High,High,ttm(Mar 2026),ttm(Mar 2026),Mar 2026,False,False,Sell,,17.368702098253543,8.700093677054221,March-to-March,full,,,7,,17.151162790697676,35.31976744186046,78.7748370376188,7.648965353890982,58.78482023968043,12.26890756302521,2.462380300957592,0,-0.0,0,GREEN,33.33,34.89,33.95,,,9.0,-5.0,6.0,0.0,Hold,33.95,Sell,,,,,Y,,28.7,-786.8,159.0
DBREALTY,Realty,Cyclical,6666.127712168593,-0.037910580946556,-0.0350184640746407,0.182595942312393,0.2525252525252525,31.659878828651262,81.64196123147092,241.75000190734875,0.0896798125958733,0.0593390537308149,-0.5190849013870138,-0.4861621574872153,False,False,51.32005443215207,9678810.0,83426557.0,68207092.29758835,-0.215,-0.2049999999999999,241.75000190734875,23.52941176470588,8.823529411764707,16.176470588235293,86.82170542635659,97.31182795698923,True,33.83845126835781,2.678207946588504,Neutral,28.449693903190024,5.798402130492676,68.91424766977363,15.630252100840336,21.680672268907564,77.01778385772914,67.46666666666667,34.347053098535234,100.0,45.27966081609475,100.0,RED,Small,2500000.0,GREEN,33.347053098535234,39.0,Sell,Sell,High,High,ttm(Mar 2026),ttm(Mar 2026),Mar 2026,False,False,Sell,,40.60017652250663,31.659878828651266,March-to-March,full,,,7,,16.176470588235293,86.62790697674419,33.83845126835781,2.678207946588504,5.798402130492676,15.630252100840336,77.01778385772914,1,-1.0,0,RED,33.31,39.0,35.59,,,10.0,0.0,-6.0,-6.0,Sell,29.59,Sell,,,,,Y,,250.9,192.3,59.0
CAPILLARY,Information Technology,NotCyclical,3894.4847523082394,-0.1397672872685903,-0.0096453382139286,0.052734375,18.6,31.53104551474697,22.909698996655514,62.96815131120621,-0.1222587829819056,-0.2625690037374131,,,False,,37.812513553490085,5820057.0,,18744930.625,,,62.96815131120621,2.857142857142857,2.857142857142857,2.857142857142857,86.51162790697674,75.94086021505376,False,16.940364931019136,,Neutral,7.474304200206548,13.445272969374168,39.41065246338216,,,,60.266666666666666,33.26255729375675,57.14285714285714,28.25028852269865,85.71428571428571,GREEN,Small,2500000.0,GREEN,33.26255729375675,28.25028852269865,Sell,Sell,Med,High,annual,ttm(Mar 2026),Mar 2026,False,False,Sell,,22.909698996655514,31.53104551474697,March-to-March,<1y,6.666666666666667,6.0,4,"stage_3y<-1y,accumulation_3y<-1y",2.857142857142857,86.33720930232558,16.940364931019136,7.474304200206548,13.445272969374168,,60.266666666666666,0,-0.0,0,GREEN,34.05,30.06,32.46,,,18.0,5.0,-6.0,-1.0,Sell,31.46,Sell,,,<1y,Y,Y,,76.5,13.1,26.0
RAMCOCEM,Construction Materials,Cyclical,22063.29499271459,0.0901684038523476,0.1331911479865294,0.4782554978996787,3.427207637231504,3.4434659731970907,5.999060812397272,31.564084395872083,-0.0763026727593296,-0.1385787027356367,-0.1541116012453118,0.1605641195486824,True,False,55.35987989729131,2340413.0,4897026.0,149609666.73272705,0.1599999999999991,0.6049999999999982,31.564084395872083,43.75,50.0,46.875,19.379844961240316,26.747311827956988,False,47.384290164664,24.341450529416942,Neutral,17.269567565826428,11.058055925432758,11.85699067909454,47.05882352941176,69.07563025210084,33.515731874145004,45.73333333333333,33.26222758827197,100.0,33.164670598488335,100.0,GREEN,Mid,10000000.0,GREEN,33.26222758827197,33.164670598488335,Sell,Sell,High,High,ttm(Mar 2026),ttm(Mar 2026),Mar 2026,False,False,Sell,,5.999060812397272,3.4434659731970907,March-to-March,full,,,7,,46.875,19.912790697674417,47.384290164664,24.341450529416942,11.058055925432758,47.05882352941176,33.515731874145004,0,-0.0,0,GREEN,33.36,33.38,33.37,,,7.0,-5.0,-6.0,-11.0,Sell,22.37,Sell,,,,Y,Y,Y,68.3,128.0,354.0
OLAELEC,Automobile and Auto Components,Cyclical,17580.938172340393,-0.8417329282738383,-0.2086527642130809,0.8245299910474485,-2.557894736842105,-5.038671612615142,-50.0886132033673,-9.614458199006965,0.0173381000512775,0.0233393128555488,0.0025126203702345,,False,True,43.060535662402565,582219827.0,3309430555.0,3411987451.3662453,,,,3.260869565217391,3.260869565217391,3.260869565217391,4.341085271317829,1.0752688172043012,True,73.83564050312698,38.819328233325365,Neutral,21.16061310042641,100.0,53.26844207723036,,,99.04240766073872,99.06666666666666,47.75334986493532,85.71428571428571,36.07680682491923,85.71428571428571,RED,Mid,10000000.0,GREEN,33.0,29.07680682491923,Sell,Sell,High,High,ttm(Mar 2026),ttm(Mar 2026),Mar 2026,False,False,Sell,,-50.0886132033673,-5.038671612615142,March-to-March,1-2y,,,6,,3.260869565217391,5.087209302325581,73.83564050312698,38.819328233325365,100.0,,99.04240766073872,3,-7.0,0,RED,33.0,30.19,31.88,,,5.0,-5.0,-6.0,-11.0,Sell,20.88,Sell,,,Y,,,,,-106.0,-184.0
EMBDL,Realty,Cyclical,8928.280678524332,-0.0669363311279056,0.0037583391614334,0.539319010944467,-0.8633879781420765,43.42887615099762,-20.65167508031207,-10.174051115784463,0.3480084281616142,-0.1064479729039865,-0.4579785506156606,-0.564038235426481,True,False,53.96730832642531,23901235.0,-60078009.0,152544769.48427582,,,,11.76470588235294,29.411764705882355,20.58823529411765,92.4031007751938,2.1505376344086025,True,87.70360480640853,3.2979647816541173,Neutral,68.30915152029864,5.798402130492676,68.91424766977363,,,3.283173734610123,79.73333333333333,44.20481700292103,85.71428571428571,55.71114758903633,85.71428571428571,RED,Small,2500000.0,GREEN,33.0,33.0,Sell,Sell,High,High,ttm(Mar 2026),ttm(Mar 2026),Mar 2026,False,False,Sell,,-20.55045871559633,43.42887615099762,March-to-March,full,,,6,,20.58823529411765,92.29651162790698,87.70360480640853,3.2979647816541173,5.798402130492676,,3.283173734610123,3,-7.0,0,RED,33.0,33.0,33.0,,,15.0,5.0,-6.0,-1.0,Sell,32.0,Sell,,,Y,,,,,-706.8,-37.0
ITI,Telecommunication,NotCyclical,27550.674930371737,-0.1122769373295187,-0.0319413495506094,0.4013641133263378,0.2233502538071066,16.11619841358809,-39.61846834393143,93.7213134765625,-0.0207598146091912,-0.062786865234375,-0.0939777936497127,-0.0858650625371222,False,False,38.72946015141346,13608044.0,284249813.0,130926804.50549316,0.0083333333333333,0.0049999999999999,93.7213134765625,9.090909090909092,7.6923076923076925,8.391608391608392,61.55038759689923,1.0752688172043012,True,22.68768614563007,19.64570329355633,Neutral,15.328763386568056,93.40532623169108,96.33475366178428,31.26050420168067,34.03361344537815,92.0656634746922,70.93333333333334,40.3011438868712,100.0,25.809777988807024,100.0,RED,Mid,10000000.0,GREEN,33.0,18.809777988807024,Sell,Sell,High,High,ttm(Mar 2026),ttm(Mar 2026),Mar 2026,False,False,Sell,,-39.60176991150443,16.11619841358809,March-to-March,full,,,7,,8.391608391608392,60.46511627906976,22.68768614563007,19.64570329355633,93.40532623169108,31.26050420168067,92.0656634746922,3,-7.0,0,RED,33.0,18.81,27.32,no fwd revenue data,,4.0,-15.0,-6.0,-20.0,Sell,7.32,Sell,,,,Y,Y,Y,171.7,80.2,365.0
TEJASNET,Telecommunication,NotCyclical,9729.001325921336,-0.0465119009981455,0.0337362944050785,1.4251108836574549,-2.2508250825082508,6.233762124125963,-87.62747954723747,-10.669590167367204,0.319392473262637,0.4576563930384487,-0.2109133477674235,-0.6137958673775155,True,True,44.211055204514814,140155560.0,658497892.0,2052750145.2812347,-0.68,0.3349999999999997,,18.181818181818183,15.384615384615383,16.783216783216783,29.612403100775197,1.0752688172043012,True,68.16555407209613,19.108444913239147,Neutral,83.12248422313826,93.40532623169108,96.33475366178428,5.378151260504202,57.815126050420176,97.2640218878249,95.46666666666668,41.41823194106758,100.0,53.40238591892837,100.0,RED,Small,2500000.0,GREEN,33.0,33.0,Sell,Sell,High,High,ttm(Mar 2026),ttm(Mar 2026),Mar 2026,False,False,Sell,,-87.63868654040121,6.233762124125963,March-to-March,full,,,7,,16.783216783216783,29.651162790697676,68.16555407209613,19.108444913239147,93.40532623169108,5.378151260504202,97.2640218878249,3,-7.0,0,RED,33.0,33.0,33.0,,,9.0,-5.0,-6.0,-11.0,Sell,22.0,Sell,,,,,,,,-837.5,-12.0
SWANCORP,Chemicals,Cyclical,9709.542857142857,0.0004729485885835,0.0224244943603657,0.2790605095541401,-2.5185185185185186,44.85738473300094,-11.48238153098421,35.82857142857143,-0.0962813331915219,-0.2556980272690348,-0.3091016895074704,-0.5471882146558822,False,False,45.548489387926,15116738.0,57673102.0,207103802.30851743,,,35.82857142857143,2.272727272727273,2.272727272727273,2.272727272727273,92.86821705426355,4.56989247311828,True,44.52328594989398,4.232648103935775,Neutral,5.3192251352814734,26.70386151797603,87.9555259653795,,,70.04103967168263,72.66666666666667,39.91758416160399,85.71428571428571,30.86980719039113,85.71428571428571,RED,Small,2500000.0,GREEN,32.91758416160399,23.86980719039113,Sell,Sell,High,High,ttm(Mar 2026),ttm(Mar 2026),Mar 2026,False,False,Sell,,-11.48238153098421,44.85738473300094,March-to-March,full,,,6,,2.272727272727273,92.73255813953489,44.52328594989398,4.232648103935775,26.70386151797603,,70.04103967168263,3,-7.0,0,RED,33.0,25.55,30.02,,,6.0,-5.0,-6.0,-11.0,Sell,19.02,Sell,,,Y,,Y,Y,212.1,-79.2,-1170.0
HCG,Healthcare,NotCyclical,16502.499389648438,0.0352599514369932,0.1538908784044145,1.3025525525525523,2.632768361581921,14.599149106119768,14.511100614076522,709.7849199848789,0.1577654079105155,-0.0115304168130928,0.1806474770351256,0.7652091296643255,True,True,56.10838936817549,-121464.0,-2574286.0,80866463.03894043,0.2299999999999999,1.165,709.7849199848789,11.428571428571429,24.285714285714285,17.857142857142858,55.34883720930232,55.51075268817204,False,13.649375638105708,71.33248108462958,Neutral,49.98196231513863,66.50785619174435,90.47589880159788,54.285714285714285,81.5126050420168,14.09028727770178,25.333333333333336,38.58599190254507,100.0,44.80456799951069,100.0,AMBER,Mid,10000000.0,GREEN,32.798093117163305,38.08388279958408,Sell,Sell,High,High,ttm(Mar 2026),ttm(Mar 2026),Mar 2026,False,False,Sell,,14.743011722272325,14.599149106119768,March-to-March,full,,,7,,17.857142857142858,54.50581395348837,13.649375638105708,71.33248108462958,66.50785619174435,54.285714285714285,14.09028727770178,0,-0.0,0,AMBER,32.64,38.26,34.89,,,14.0,0.0,-6.0,-6.0,Sell,28.89,Sell,,,,,,,-66.7,25.4,-57.0
GODREJCP,Fast Moving Consumer Goods,NotCyclical,108212.18301983832,0.0950850462146257,0.1811532240642843,0.3495414294750158,9.21220930232558,4.45925416553159,7.738095238095233,58.1153819325206,-0.0378734402893615,-0.1386333853651903,-0.1620695957766351,-0.2330536847851226,True,False,51.79341025055278,-4654083.0,-2535251.0,1151273495.593872,0.1783333333333336,0.1650000000000013,58.1153819325206,16.27906976744186,38.63636363636363,27.457716701902747,23.72093023255814,32.93010752688172,False,47.42489986648864,16.38948464991202,Neutral,28.96139971568546,58.78482023968043,8.718242343541945,49.57983193277311,48.57142857142857,14.36388508891929,12.666666666666668,32.77513428269307,100.0,30.871545718283304,100.0,GREEN,Large,50000000.0,GREEN,32.77513428269307,30.871545718283304,Sell,Sell,High,High,ttm(Mar 2026),ttm(Mar 2026),Mar 2026,False,False,Sell,,8.437522326212754,4.45925416553159,March-to-March,full,,,7,,27.457716701902747,23.982558139534884,47.42489986648864,16.38948464991202,58.78482023968043,49.57983193277311,14.36388508891929,0,-0.0,0,GREEN,32.83,31.51,32.3,,,12.0,0.0,6.0,6.0,Hold,38.3,Sell,,,,,,,1.3,-100.4,-219.0
NEOGEN,Chemicals,Cyclical,6176.201575043005,0.1235736615676202,0.1372522549833204,1.7095588235294117,1.8266666666666669,7.909840357170417,11.068211068211076,213.1680351096189,0.5533992668756444,0.7825384437577672,0.4628612448973266,0.432563392385584,True,True,76.78696487623789,3003855.0,14411820.0,113917518.81524658,0.8433333333333337,2.25,213.1680351096189,38.63636363636363,25.0,31.818181818181817,34.10852713178294,43.68279569892473,False,7.332129113327575,85.59083583846484,Extended,93.66204425311692,26.70386151797603,87.9555259653795,77.64705882352942,88.57142857142857,49.65800273597812,48.93333333333334,38.37687115092077,100.0,58.047397111516894,100.0,AMBER,Small,2500000.0,GREEN,32.62034047828266,49.34028754478936,Sell,Hold,High,High,ttm(Mar 2026),ttm(Mar 2026),Mar 2026,False,False,Sell,,10.796915167095111,7.909840357170417,March-to-March,full,,,7,,31.818181818181817,34.01162790697674,7.332129113327575,85.59083583846484,26.70386151797603,77.64705882352942,49.65800273597812,0,-0.0,0,AMBER,32.61,49.35,39.3,,,19.0,5.0,-6.0,-1.0,Sell,38.3,Sell,,,,,,,14.6,-13.7,16.0
TATAPOWER,Power,NotCyclical,164535.19447892523,0.1318817991498303,0.1150651256213346,1.9291831357048748,2.5244435990108425,4.244851731472532,-4.659509155607145,32.120954523297755,-0.1249152928270932,0.0298187759880663,-0.0438787155298436,-0.1194604605967735,False,False,38.834904072576,-53694622.0,4314563.0,2176440618.950943,-0.1716666666666668,1.035,32.120954523297755,66.66666666666666,61.90476190476191,64.28571428571428,23.25581395348837,7.39247311827957,False,55.67787352834082,21.04896588623826,Neutral,13.624446100678908,35.61571238348868,2.060452729693742,17.394957983193276,79.15966386554622,31.60054719562244,2.4,39.53840094672045,100.0,32.26643615277673,100.0,AMBER,Large,50000000.0,GREEN,32.60764080471238,26.426470729860217,Sell,Sell,High,High,ttm(Mar 2026),ttm(Mar 2026),Mar 2026,False,False,Sell,,-4.656525856012705,4.244851731472532,March-to-March,full,,,7,,64.28571428571428,23.546511627906977,55.67787352834082,21.04896588623826,35.61571238348868,17.394957983193276,31.60054719562244,1,-1.0,0,AMBER,32.66,26.63,30.25,,,10.0,0.0,-6.0,-6.0,Sell,24.25,Sell,,,,Y,Y,,51.7,1400.7,744.0
STLTECH,Telecommunication,NotCyclical,26361.39011548913,-0.0011392934391157,0.1199196179752886,0.8562610229276896,2.540178571428572,-11.839885340823496,18.918918918918926,474.8683996367872,0.99296825039446,4.826605900853185,4.261444054789271,2.8745345752668268,True,True,46.41548692319258,19379684.0,336686372.0,1299213352.0447693,-1.1249999999999998,-1.36,474.8683996367872,27.27272727272727,46.15384615384615,36.71328671328671,2.1705426356589146,67.74193548387096,True,13.728561158467702,98.06539578093408,Neutral,98.45417780340723,93.40532623169108,96.33475366178428,2.689075630252101,4.033613445378151,93.57045143638852,76.0,38.31404215081381,100.0,58.72961552118628,100.0,AMBER,Mid,10000000.0,GREEN,32.56693582819174,49.92017319300833,Sell,Hold,High,High,ttm(Mar 2026),ttm(Mar 2026),Mar 2026,False,False,Sell,,18.743743743743746,-11.839885340823496,March-to-March,full,,,7,,36.71328671328671,2.616279069767442,13.728561158467702,98.06539578093408,93.40532623169108,2.689075630252101,93.57045143638852,0,-0.0,0,AMBER,32.65,49.81,39.51,,,24.0,10.0,6.0,16.0,Hold,55.51,Hold,,Sell->Hold (analyst),,,Y,,70.1,75.0,90.0
AGL,Services,NotCyclical,,,,,,,,,,,,,,,,,,3537749.037525177,,,,,,,,,False,,,Neutral,,32.419973368841546,58.78482023968043,,,,,32.419973368841546,14.285714285714285,58.78482023968043,14.285714285714285,GREEN,,,GREEN,32.419973368841546,58.78482023968043,Sell,Hold,Low,Low,annual,annual,,False,True,Sell,,,,engine TTM (no FY pair),<1y,,,1,,,,,,32.419973368841546,,,0,-0.0,0,GREEN,48.42,50.97,49.44,,,5.0,-5.0,0.0,-5.0,Hold,44.44,Hold,score 40-50 (trim if weight >2.5%),,<1y,,,,,,
ABREL,Realty,Cyclical,18128.67934982498,0.2486543667608478,0.07312436306683,1.5228316671169957,-5.75,-52.64240531244803,-66.5936482151501,-157.6406899984781,0.039569165452562,-0.0597724016493209,-0.3364314041400567,-0.3426759270154248,True,False,63.68998944390452,940011.0,1156357.0,263549154.25183105,,,,94.11764705882352,58.82352941176471,76.47058823529412,1.0852713178294573,1.0752688172043012,False,68.00164925783398,9.920373380725367,Neutral,38.00093569613243,5.798402130492676,68.91424766977363,,,24.076607387140903,36.93333333333334,35.350275558939195,85.71428571428571,49.749895877435286,85.71428571428571,RED,Mid,10000000.0,GREEN,32.350275558939195,37.0,Sell,Sell,High,High,ttm(Mar 2026),ttm(Mar 2026),Mar 2026,False,False,Sell,,-66.61197703035275,-52.64240531244803,March-to-March,full,,,6,,76.47058823529412,1.0901162790697674,68.00164925783398,9.920373380725367,5.798402130492676,,24.076607387140903,2,-3.0,0,RED,33.67,37.0,35.0,,,15.0,5.0,-6.0,-1.0,Sell,34.0,Sell,,,Y,,,,,-373.3,340.0
FACT,Chemicals,Cyclical,54177.65703201294,0.2819954359064259,0.168774907641688,1.3165572574762947,0.3861788617886179,-2.900649990626547,30.369458128078808,1966.744214434956,-0.0508949848013177,-0.0257473370200288,-0.0761303159791304,-0.2378043293049472,False,False,40.14774990409903,14633416.0,74920118.0,137510620.84622192,,,1966.744214434956,97.72727272727272,45.45454545454545,71.5909090909091,6.511627906976744,84.40860215053763,True,18.903386333292875,21.096187095420625,Neutral,15.34818797255306,26.70386151797603,87.9555259653795,,,75.10259917920656,72.0,33.303800865840216,85.71428571428571,50.85654809239309,85.71428571428571,RED,Large,50000000.0,GREEN,32.303800865840216,39.0,Sell,Sell,High,High,ttm(Dec 2025),ttm(Dec 2025),Dec 2025,False,False,Sell,,-19.798059790140567,-2.900649990626547,March-to-March,full,,,6,,71.5909090909091,7.267441860465117,18.903386333292875,21.096187095420625,26.70386151797603,,75.10259917920656,3,-7.0,0,RED,27.94,32.42,29.73,,,6.0,-5.0,-6.0,-11.0,Sell,18.73,Sell,,,Y,Y,Y,Y,446.3,-192.1,283.0
WHIRLPOOL,Consumer Durables,NotCyclical,9902.569883276525,0.0717881448905478,0.1121280868887961,0.0170632059601057,10.688888888888888,6.409093981299896,1.4393939393939403,33.553539533071564,-0.1604364778704691,-0.0402026157557164,-0.4316235710576002,-0.6091873107366435,False,False,38.12920975715367,-136182.0,-4169239.0,182601949.1906128,0.2783333333333333,0.435,33.553539533071564,21.951219512195124,19.51219512195122,20.731707317073173,30.077519379844965,14.112903225806454,False,66.8618764413157,2.396007791491599,Neutral,7.682471978214172,25.229560585885487,54.25752330226364,57.22689075630252,62.85714285714285,12.175102599179208,24.8,32.07913439172488,100.0,31.181114748309263,100.0,GREEN,Small,2500000.0,GREEN,32.07913439172488,31.181114748309263,Sell,Sell,High,High,ttm(Mar 2026),ttm(Mar 2026),Mar 2026,False,False,Sell,,1.4522035610556872,6.409093981299896,March-to-March,full,,,7,,20.731707317073173,30.08720930232558,66.8618764413157,2.396007791491599,25.229560585885487,57.22689075630252,12.175102599179208,0,-0.0,0,GREEN,32.08,31.48,31.84,,,7.0,-5.0,-6.0,-11.0,Sell,20.84,Sell,,,,,Y,,42.8,-77.0,-28.0
GAIL,Oil Gas & Consumable Fuels,Cyclical,112914.59418079282,0.136195754319489,0.1467526755803182,0.2788464777818953,11.939834024896266,-0.9401527620775064,-0.214232357542532,14.892455048904354,0.0888396324460496,0.0714161805242949,-0.0209280226572265,-0.1981569102398855,True,True,49.92942678269692,33976282.0,-54750174.0,1321593068.5231476,-0.2700000000000002,-0.2149999999999989,14.892455048904354,37.5,31.25,34.375,10.387596899224809,11.827956989247312,False,56.891006190071614,42.73251262670053,Neutral,63.630586733495015,45.74513981358189,57.59600532623169,13.109243697478991,20.672268907563023,3.556771545827633,83.46666666666667,33.00097348732035,100.0,47.59152166878247,100.0,GREEN,Large,50000000.0,GREEN,32.00097348732035,46.59152166878247,Sell,Hold,High,High,ttm(Mar 2026),ttm(Mar 2026),Mar 2026,False,False,Sell,,-0.2149355545689624,-0.9401527620775063,March-to-March,full,,,7,,34.375,11.046511627906977,56.891006190071614,42.73251262670053,45.74513981358189,13.109243697478991,3.556771545827633,1,-1.0,0,GREEN,32.12,46.78,37.98,,,7.0,-5.0,-6.0,-11.0,Sell,26.98,Sell,,,,,Y,,31.0,-3949.7,-2135.0
IFCI,Financial Services,NotCyclical,47752.61392166365,0.0275209252263939,,0.3938953488372093,,,10.117145899893496,109.77612395784746,0.2159034718284709,0.2753598992025583,0.2112977861186236,0.1388975064474171,True,True,45.024506757349386,941405903.0,2511549026.0,2660397141.041128,-1.1050000000000002,-0.205,109.77612395784746,7.563025210084033,,7.563025210084033,,40.86021505376344,False,17.785974519698584,67.7369068771769,Neutral,85.08487714795652,47.73288948069241,28.95792276964048,3.0252100840336134,21.428571428571427,99.04240766073872,99.06666666666666,31.902118643639707,85.71428571428571,41.06008171905466,100.0,N/A-financial-sector,Large,50000000.0,GREEN,31.902118643639707,41.06008171905466,Sell,Hold,High,High,ttm(Mar 2026),ttm(Mar 2026),Mar 2026,False,False,Sell,,-14.615384615384619,97.53929321991617,March-to-March,full,,,7,,7.563025210084033,99.05523255813954,17.785974519698584,67.7369068771769,47.73288948069241,3.0252100840336134,99.04240766073872,2,-3.0,0,N/A-financial-sector,43.68,31.55,38.83,,,8.0,-5.0,-6.0,-11.0,Sell,27.83,Sell,,,,,,,,,
CYIENT,Information Technology,NotCyclical,10333.640612827838,0.1292198153796077,0.2037004836199381,0.075853572685674,14.737704918032788,6.5047630137841095,-1.2499999999999956,22.313084112149536,-0.0934022350436504,-0.2685106382978723,-0.3148736140249885,-0.5057398146316521,False,False,47.97304668620581,-1405379.0,-6813126.0,278841248.4882202,-0.0116666666666667,-0.1049999999999986,22.313084112149536,17.142857142857142,40.0,28.57142857142857,30.23255813953488,10.21505376344086,False,77.82287494437027,8.233612928688144,Neutral,8.713806442490528,13.445272969374168,39.41065246338216,28.57142857142857,26.218487394957982,9.986320109439124,19.466666666666665,32.716815021695965,100.0,29.12910067476486,100.0,GREEN,Small,2500000.0,GREEN,31.716815021695965,28.12910067476486,Sell,Sell,High,High,ttm(Mar 2026),ttm(Mar 2026),Mar 2026,False,False,Sell,,-1.2499999999999956,6.5047630137841095,March-to-March,full,,,7,,28.57142857142857,30.23255813953488,77.82287494437027,8.233612928688144,13.445272969374168,28.57142857142857,9.986320109439124,1,-1.0,0,GREEN,31.72,28.42,30.4,,,8.5,-5.0,-6.0,-11.0,Sell,19.4,Sell,,,,,,,13.0,-224.8,-13.0
RENUKA,Fast Moving Consumer Goods,NotCyclical,4798.838904596144,,0.1079627288651791,-2.6798655211057154,0.0258152173913043,0.5587734995608384,-15.20982224665567,-6.059140031055738,-0.1924041189983268,-0.1009173837293345,-0.3073140663382167,-0.5342012564614934,False,False,44.90385134009465,-5556812.0,132237184.0,143831841.99191475,0.1049999999999999,-0.5800000000000001,,,6.8181818181818175,6.8181818181818175,12.868217054263567,3.091397849462365,True,98.93190921228305,4.756623220565406,Neutral,5.161466717842387,58.78482023968043,8.718242343541945,42.52100840336134,10.92436974789916,83.44733242134062,11.333333333333332,38.523472954173954,100.0,21.26777188171502,100.0,RED,Small,2500000.0,GREEN,31.523472954173958,14.26777188171502,Sell,Sell,High,High,ttm(Mar 2026),ttm(Mar 2026),Mar 2026,False,False,Sell,,-15.934720821490789,0.5587734995608384,March-to-March,full,,,7,,6.8181818181818175,13.517441860465116,98.93190921228305,4.756623220565406,58.78482023968043,42.52100840336134,83.44733242134062,3,-7.0,0,RED,31.67,14.41,24.77,no fwd revenue data,,4.0,-15.0,-6.0,-20.0,Sell,5.0,Sell,,,,,,,,-493.0,17.0
SJVN,Power,NotCyclical,27590.246600753693,0.0663933559990976,0.0649353536699315,2.266872673642812,2.536979969183359,15.509634304070175,47.41126668837512,42.97546199494345,-0.0900233827354282,-0.1042714347314549,-0.2704367783504499,-0.4922670432897154,False,False,37.904266027505145,-10835530.0,219682225.0,181218512.3921585,5.551115123125783e-17,0.4200000000000003,42.97546199494345,19.047619047619047,14.285714285714285,16.666666666666664,59.06976744186046,92.33870967741936,True,34.68402314196706,7.257954757238823,Neutral,15.279414667090755,35.61571238348868,2.060452729693742,29.915966386554626,62.35294117647059,90.01367989056087,8.4,36.969126839941744,100.0,34.48622857913171,100.0,AMBER,Mid,10000000.0,GREEN,31.42375781395048,29.313294292261958,Sell,Sell,High,High,ttm(Mar 2026),ttm(Mar 2026),Mar 2026,False,False,Sell,,47.39583333333333,15.509634304070175,March-to-March,full,,,7,,16.666666666666664,58.139534883720934,34.68402314196706,7.257954757238823,35.61571238348868,29.915966386554626,90.01367989056087,0,-0.0,0,AMBER,31.25,29.29,30.47,,,13.0,0.0,-6.0,-6.0,Sell,24.47,Sell,,,,,,,17.0,16.4,-113.0
RELAXO,Consumer Durables,NotCyclical,9115.326237148707,0.0862851959853815,0.1685587547994879,0.1056210335448776,17.0,-0.979743697663582,-3.1193976335604168,50.9236102634006,0.186454374477536,-0.0689436128442895,-0.2888656665885355,-0.553585812170091,True,True,45.506595861824046,56881302.0,58801017.0,57597645.68196106,0.2683333333333331,0.4949999999999999,50.9236102634006,26.82926829268293,41.46341463414634,34.14634146341464,10.232558139534884,8.46774193548387,False,43.55261560869037,12.458540097189726,Neutral,62.03416426205607,25.229560585885487,54.25752330226364,56.47058823529412,65.3781512605042,70.58823529411765,88.0,32.31480376497376,100.0,44.846854368188566,100.0,GREEN,Small,2500000.0,GREEN,31.31480376497376,43.846854368188566,Sell,Hold,High,High,ttm(Mar 2026),ttm(Mar 2026),Mar 2026,False,False,Sell,,-3.1541218637992863,-0.979743697663582,March-to-March,full,,,7,,34.14634146341464,10.901162790697674,43.55261560869037,12.458540097189726,25.229560585885487,56.47058823529412,70.58823529411765,1,-1.0,0,GREEN,31.46,44.14,36.53,,,9.0,-5.0,-6.0,-11.0,Sell,25.53,Sell,,,,Y,,,19.1,1.1,19.0
VOLTAS,Consumer Durables,NotCyclical,44748.5043163031,0.0634095900557609,0.0823259919789049,0.1555834378920953,5.931034482758621,14.45937209434125,-7.57801855576461,120.94190355757593,-0.0415743402248364,-0.056468745108911,0.0063644679228276,-0.0505193381687296,True,True,64.13470532923975,9058674.0,5079065.0,1229661601.8568726,-0.0599999999999999,-0.0299999999999993,120.94190355757593,17.073170731707318,14.634146341463412,15.853658536585366,54.88372093023256,5.779569892473118,True,28.17673564753004,55.099508938611706,Neutral,28.622301824799603,25.229560585885487,54.25752330226364,23.69747899159664,30.42016806722689,34.06292749658002,66.4,33.981986229568285,100.0,26.865865834532247,100.0,GREEN,Large,50000000.0,GREEN,30.981986229568285,23.865865834532247,Sell,Sell,High,High,ttm(Mar 2026),ttm(Mar 2026),Mar 2026,False,False,Sell,,-7.5845065853500255,14.45937209434125,March-to-March,full,,,7,,15.853658536585366,54.06976744186046,28.17673564753004,55.099508938611706,25.229560585885487,23.69747899159664,34.06292749658002,2,-3.0,0,GREEN,30.8,24.13,28.14,,,13.0,0.0,-6.0,-6.0,Sell,22.14,Sell,,,,,Y,,38.1,-398.9,-112.0
ACI,Chemicals,Cyclical,6658.2855154129975,0.2627604499060679,0.2664871544932433,0.2408268733850129,9.192307692307692,-9.13696526741371,3.842459173871271,63.70649935197942,-0.0797356118073372,0.0701018462827729,-0.1728587904175157,-0.2578676664183345,True,False,60.38137984739297,3862747.0,3472119.0,69522935.84286499,-0.843333333333334,-1.2100000000000004,63.70649935197942,93.18181818181816,79.54545454545455,86.36363636363636,2.7906976744186047,20.6989247311828,False,31.544019476949657,13.98186249061373,Neutral,28.591491644890333,26.70386151797603,87.9555259653795,4.53781512605042,5.546218487394958,30.095759233926128,52.66666666666666,30.90445242845824,100.0,44.99399521545444,100.0,GREEN,Small,2500000.0,GREEN,30.90445242845824,44.99399521545444,Sell,Hold,High,High,ttm(Mar 2026),ttm(Mar 2026),Mar 2026,False,False,Sell,,3.842459173871271,-9.13696526741371,March-to-March,full,,,7,,86.36363636363636,3.488372093023256,31.544019476949657,13.98186249061373,26.70386151797603,4.53781512605042,30.095759233926128,0,-0.0,0,GREEN,31.03,45.34,36.75,,,14.0,0.0,6.0,6.0,Hold,42.75,Hold,score 40-50 (trim if weight >2.5%),Sell->Hold (analyst),,,,,18.4,-88.1,30.0
ADANIENT,Metals & Mining,Cyclical,433682.4841408195,0.0790893765691256,0.084176618225202,1.3175246521513482,2.3244725037381624,-7.6446860482450525,2.630396142766656,43.62402965592123,0.4140691850377083,0.4606480624944482,0.2321917540804472,0.0130947494327497,True,True,58.75618771287515,37979559.0,78384528.0,5399021970.981689,-0.3566666666666669,-1.3650000000000002,43.62402965592123,25.0,12.5,18.75,3.255813953488372,16.666666666666664,False,22.422717469446443,58.72681636709735,Neutral,93.56882567315692,94.9462050599201,6.26444740346205,11.092436974789916,3.865546218487395,75.9233926128591,85.06666666666666,36.08169458941197,100.0,37.24005642945207,100.0,AMBER,Large,50000000.0,GREEN,30.669440401000177,31.654047965034252,Sell,Sell,High,High,ttm(Mar 2026),ttm(Mar 2026),Mar 2026,False,False,Sell,,2.6293477705705115,-7.6446860482450525,March-to-March,full,,,7,,18.75,4.069767441860465,22.422717469446443,58.72681636709735,94.9462050599201,11.092436974789916,75.9233926128591,0,-0.0,0,AMBER,30.79,31.86,31.22,,,14.0,0.0,-6.0,-6.0,Sell,25.22,Sell,,,,Y,Y,Y,86.4,-635.7,5285.0
NFL,Chemicals,Cyclical,3590.426734871212,0.0604983418083514,0.1263172941117204,1.3952833509327702,3.3493975903614457,-10.076456786388333,8.684011113917656,16.976851004141352,-0.0389202111875661,-0.117661285918251,-0.2346559497915984,-0.496152964387888,False,False,42.671578605639006,18294697.0,89954527.0,72227339.94241333,-0.61,-1.325,16.976851004141352,6.8181818181818175,15.909090909090908,11.363636363636363,2.48062015503876,35.61827956989247,True,78.3495641247153,8.026094205195665,Neutral,13.769879176473136,26.70386151797603,87.9555259653795,5.88235294117647,4.53781512605042,77.83857729138167,75.2,30.403544504708275,100.0,42.96456578128825,100.0,GREEN,Small,2500000.0,GREEN,30.403544504708275,42.96456578128825,Sell,Hold,High,High,ttm(Mar 2026),ttm(Mar 2026),Mar 2026,False,False,Sell,,8.66754217597736,-10.076456786388333,March-to-March,full,,,7,,11.363636363636363,3.0523255813953485,78.3495641247153,8.026094205195665,26.70386151797603,5.88235294117647,77.83857729138167,0,-0.0,0,GREEN,30.51,43.16,35.57,no fwd revenue data,,4.0,-15.0,-6.0,-20.0,Sell,15.57,Sell,,,,,Y,,34.9,165.7,-107.0
NCC,Construction,Cyclical,9480.631559577574,0.0946536485419402,0.1825055858496025,0.4393188461049688,2.4644295302013424,10.215593182492078,-6.2027027027027,13.10697617641715,-0.1222824707661066,-0.0598518817171458,-0.3584332134318224,-0.5741080250236076,False,False,34.81503797260838,9508156.0,-10217634.0,286525328.4659195,2.345,1.1949999999999994,13.10697617641715,17.391304347826086,52.17391304347826,34.78260869565217,41.24031007751938,6.586021505376344,True,69.27184964568141,6.377008125150907,Pulled back,11.363906830758484,8.461517976031956,26.57070572569907,93.27731092436974,81.68067226890756,8.618331053351573,67.33333333333333,39.265491763887965,100.0,35.83303066449661,100.0,AMBER,Small,2500000.0,GREEN,30.375667999304767,27.45807606482212,Sell,Sell,High,High,ttm(Mar 2026),ttm(Mar 2026),Mar 2026,False,False,Sell,,-6.198477408892289,10.215593182492078,March-to-March,full,,,7,,34.78260869565217,40.843023255813954,69.27184964568141,6.377008125150907,8.461517976031956,93.27731092436974,8.618331053351573,2,-3.0,0,AMBER,30.31,27.65,29.25,,,9.0,-5.0,-6.0,-11.0,Sell,18.25,Sell,,,,,,,10.1,36.9,-69.0
BAJAJHFL,Financial Services,NotCyclical,72021.89154112378,0.1208441862315418,,4.604359987568263,,,16.56916005014626,28.133551383251472,-0.0352953878677542,-0.0834129293254791,-0.2849573467013748,,True,False,46.88632933117958,86829177.0,-509493733.0,329569859.2828102,,,28.133551383251472,36.97478991596639,,36.97478991596639,,62.76881720430107,False,41.31440791111312,4.9685542408272845,Neutral,27.38464530379664,47.73288948069241,28.95792276964048,,,1.094391244870041,92.26666666666668,30.247604962341384,71.42857142857143,42.42508228744883,85.71428571428571,N/A-financial-sector,Large,50000000.0,GREEN,30.247604962341384,42.42508228744883,Sell,Hold,High,High,ttm(Mar 2026),ttm(Mar 2026),Mar 2026,False,False,Sell,,20.149253731343286,24.95362773074612,March-to-March,1-2y,,,6,,36.97478991596639,79.36046511627907,41.31440791111312,4.9685542408272845,47.73288948069241,,1.094391244870041,0,-0.0,0,N/A-financial-sector,42.83,44.65,43.56,,,21.0,10.0,0.0,10.0,Hold,53.56,Hold,,,Y,,,,,,
PAYTM,Financial Services,NotCyclical,86959.16510687933,-0.0632087926188301,-0.0655891807115104,0.0121053288406339,27.77777777777778,1.8310972180126672,22.550225502255028,133.96653303011195,0.1719981092686722,0.0620318363876788,0.4310045110122524,1.881549609396325,True,True,74.44711044951381,-3659173.0,-114374361.0,2363041512.39917,9.913333333333332,-5.024999999999999,133.96653303011195,2.5210084033613445,3.125,2.823004201680672,15.348837209302326,75.13440860215054,True,15.541626122966216,90.7166737055058,Extended,67.30808968966754,47.73288948069241,28.95792276964048,99.07563025210084,1.092436974789916,1.094391244870041,14.000000000000002,30.10268003771362,100.0,36.0008516176482,100.0,N/A-financial-sector,Large,50000000.0,GREEN,30.10268003771362,36.0008516176482,Sell,Sell,High,High,ttm(Jun 2026),ttm(Jun 2026),Jun 2026,False,False,Sell,,22.275362318840575,1.8310972180126672,March-to-March,full,,,7,,2.823004201680672,15.843023255813954,15.541626122966216,90.7166737055058,47.73288948069241,99.07563025210084,1.094391244870041,0,-0.0,0,N/A-financial-sector,30.21,36.04,32.54,,,20.0,10.0,6.0,16.0,Hold,48.54,Hold,score 40-50 (trim if weight >2.5%),Sell->Hold (analyst),,,,,114.8,2341.5,-882.0
RTNPOWER,Power,NotCyclical,4596.800079345703,0.6994521418381208,0.0787888143641454,0.8001293661060802,0.8785249457700651,-2.539982505160332,-8.863844045080715,88.4000015258789,-0.0704521619525473,-0.0078563070732879,-0.4516129223099789,-0.4599878008923874,False,False,39.49810229400176,97415144.0,117548622.0,117494394.63801098,-1.0016666666666667,0.0599999999999997,88.4000015258789,97.61904761904762,23.809523809523807,60.71428571428572,7.131782945736434,5.241935483870968,False,36.870271473075206,3.798274752404429,Neutral,22.20574532615538,35.61571238348868,2.060452729693742,3.613445378151261,39.83193277310925,81.94254445964432,93.46666666666668,32.673764805584895,100.0,31.57236528896722,100.0,RED,Small,2500000.0,GREEN,29.67376480558489,28.57236528896722,Sell,Sell,High,High,ttm(Mar 2026),ttm(Mar 2026),Mar 2026,False,False,Sell,,-8.92204628501827,-2.539982505160332,March-to-March,full,,,7,,60.71428571428572,7.848837209302325,36.870271473075206,3.798274752404429,35.61571238348868,3.613445378151261,81.94254445964432,2,-3.0,0,RED,29.83,28.79,29.42,no fwd revenue data,,2.0,-15.0,-6.0,-20.0,Sell,9.42,Sell,,,,,Y,,682.7,-127.8,-2.0
HCC,Construction,Cyclical,6047.1430581713485,0.1013841277551007,0.2932283203542219,0.4790785143394452,1.2046908315565032,-21.7000173659593,-29.17558886509636,36.428572639586434,0.1928274966713097,0.1679389927975989,-0.2116111205171739,-0.5289408828424442,False,True,40.79369796655417,470169496.0,901654017.0,843938385.2896166,-1.7483333333333335,-4.819999999999999,36.428572639586434,21.73913043478261,100.0,60.869565217391305,1.0852713178294573,1.0752688172043012,False,42.98705966930267,27.24599778762304,Neutral,40.10227271542188,8.461517976031956,26.57070572569907,1.092436974789916,1.092436974789916,99.04240766073872,99.06666666666666,32.654997298642726,100.0,35.75640476114052,100.0,RED,Small,2500000.0,GREEN,29.654997298642726,32.75640476114052,Sell,Sell,High,High,ttm(Mar 2026),ttm(Mar 2026),Mar 2026,False,False,Sell,,-29.145100838836335,-21.7000173659593,March-to-March,full,,,7,,60.869565217391305,1.0901162790697674,42.98705966930267,27.24599778762304,8.461517976031956,1.092436974789916,99.04240766073872,2,-3.0,0,RED,29.66,32.91,30.96,no fwd revenue data,,3.0,-15.0,-6.0,-20.0,Sell,10.96,Sell,,,,,Y,,69.5,115.8,-498.0
GSFC,Chemicals,Cyclical,6387.1207314079975,0.0576808416249003,0.0737470891965091,0.0022010271460014,56.42857142857143,-1.2559219851605574,14.799664359135733,9.484902128374316,-0.0661070116691402,-0.076177881522954,-0.1850338208650751,-0.3523190744047926,False,False,44.1482260862396,-4317012.0,4601538.0,88979032.31030273,-1.123333333333333,0.1750000000000009,9.484902128374316,4.545454545454546,4.545454545454546,4.545454545454546,9.612403100775191,56.451612903225815,True,89.81622555564282,11.819766827515762,Neutral,11.896288502487153,26.70386151797603,87.9555259653795,2.857142857142857,49.57983193277311,32.55813953488372,13.333333333333334,29.42852839475844,100.0,47.165718914733546,100.0,GREEN,Small,2500000.0,GREEN,29.42852839475844,47.165718914733546,Sell,Hold,High,High,ttm(Mar 2026),ttm(Mar 2026),Mar 2026,False,False,Sell,,14.810153136144333,-1.2559219851605574,March-to-March,full,,,7,,4.545454545454546,10.319767441860465,89.81622555564282,11.819766827515762,26.70386151797603,2.857142857142857,32.55813953488372,0,-0.0,0,GREEN,29.56,47.21,36.62,,,6.0,-5.0,-6.0,-11.0,Sell,25.62,Sell,,,,,Y,,33.3,59.8,-36.0
BDL,Capital Goods,Cyclical,46240.28077661835,0.1459074487433377,0.1718314780949414,0.0,74.33333333333333,-0.6334401782916665,-26.99551569506726,110.09590661099608,-0.0781135904408379,-0.1676215882577433,-0.3171345794725658,-0.2497651359151242,False,False,39.21423045011144,-6941108.0,-4655276.0,1436736412.2227783,-0.4316666666666664,-0.5149999999999997,110.09590661099608,48.598130841121495,43.51851851851852,46.05832467982,10.852713178294572,1.0752688172043012,True,33.735647530040055,8.063495796554653,Neutral,9.55238647879838,85.89161118508655,77.5027962716378,8.403361344537815,11.596638655462185,11.49110807113543,10.266666666666667,31.99650902396695,100.0,29.14256070443498,100.0,GREEN,Large,50000000.0,GREEN,28.99650902396695,26.14256070443498,Sell,Sell,High,High,ttm(Mar 2026),ttm(Mar 2026),Mar 2026,False,False,Sell,,-26.99551569506726,-0.6334401782916665,March-to-March,full,,,7,,46.05832467982,11.482558139534884,33.735647530040055,8.063495796554653,85.89161118508655,8.403361344537815,11.49110807113543,2,-3.0,0,GREEN,29.11,26.31,27.99,,,15.0,5.0,-6.0,-1.0,Sell,26.99,Sell,,,,,Y,,74.6,-122.3,74.0
WESTLIFE,Consumer Services,NotCyclical,7312.850052838165,0.0967058948186889,0.1740001483383767,2.9159935379644586,2.3241379310344827,4.852872816680609,5.3933847141939495,227.4278787466196,0.0348938557787747,-0.0539000244140625,-0.3971053718363778,-0.445239443628298,True,False,44.7865892214495,-232739.0,10891664.0,25663803.18511963,0.2216666666666669,0.1700000000000008,227.4278787466196,58.69565217391305,50.0,54.34782608695652,24.8062015503876,25.134408602150536,False,12.490567132988913,6.152899502564421,Neutral,44.14839421795166,7.985885486018644,14.776830892143808,53.52941176470589,49.07563025210084,44.45964432284541,24.133333333333333,29.9756336686982,100.0,33.761070401286496,100.0,RED,Small,2500000.0,GREEN,28.9756336686982,32.761070401286496,Sell,Sell,High,High,ttm(Mar 2026),ttm(Mar 2026),Mar 2026,False,False,Sell,,5.419510236852676,4.852872816680609,March-to-March,full,,,7,,54.34782608695652,25.0,12.490567132988913,6.152899502564421,7.985885486018644,53.52941176470589,44.45964432284541,1,-1.0,0,RED,29.02,33.06,30.63,,,12.0,0.0,-6.0,-6.0,Sell,24.63,Sell,,,,Y,Y,Y,187.5,-9.8,60.0
ABLBL,Consumer Services,NotCyclical,11656.0928944179,0.084019604686736,0.296975482165164,2.1358811040339702,3.692307692307693,,7.242304253416787,67.68085128026651,-0.0887997971322714,-0.1939352918560805,-0.3988661398099163,,False,False,44.38540651508709,1951730.0,-39310167.0,72139676.9044075,,,67.68085128026651,47.82608695652174,86.95652173913044,67.3913043478261,,31.048387096774192,False,34.940790619376564,5.813236503151549,Neutral,7.888995580375348,7.985885486018644,14.776830892143808,,,4.377564979480164,43.86666666666667,34.05468582454282,71.42857142857143,32.19221491039353,85.71428571428571,AMBER,Small,2500000.0,GREEN,28.9464829508614,27.3633826738345,Sell,Sell,High,High,ttm(Mar 2026),ttm(Mar 2026),Mar 2026,False,False,Sell,,7.228607918263097,,March-to-March,1-2y,,,5,growth_3y<-1y,67.3913043478261,32.3014804845222,34.940790619376564,5.813236503151549,7.985885486018644,,4.377564979480164,0,-0.0,0,AMBER,29.84,28.77,29.41,,,8.0,-5.0,-6.0,-11.0,Sell,18.41,Sell,,,Y,,,,16.4,32.6,57.0
UPL,Chemicals,Cyclical,60991.52527659268,0.0934915993897285,0.1452372295045097,0.6795019598801014,2.669214936783299,-1.0926020954660665,11.15423376289213,27.461604896267552,-0.0469048163907528,-0.1908333237980288,-0.0412837204518733,0.1150361546612197,True,False,59.945487118812245,-11182518.0,-4721776.0,1042467546.1904602,-0.3766666666666663,-1.1199999999999992,27.461604896267552,13.636363636363637,29.545454545454547,21.59090909090909,9.92248062015504,44.354838709677416,False,89.98664886515354,27.40516552244817,Neutral,20.338784621452103,26.70386151797603,87.9555259653795,10.588235294117649,6.5546218487394965,11.354309165526676,8.133333333333333,33.45805279459694,100.0,46.21509685463634,100.0,AMBER,Large,50000000.0,GREEN,28.4393448754074,39.28283232644089,Sell,Sell,High,High,ttm(Mar 2026),ttm(Mar 2026),Mar 2026,False,False,Sell,,11.15423376289213,-1.0926020954660665,March-to-March,full,,,7,,21.59090909090909,10.61046511627907,89.98664886515354,27.40516552244817,26.70386151797603,10.588235294117649,11.354309165526676,0,-0.0,0,AMBER,28.54,39.34,32.86,,,11.0,0.0,6.0,6.0,Hold,38.86,Sell,,,,,,Y,22.9,1154.9,646.0
IRB,Construction,Cyclical,24407.1433203561,0.0941929350784867,0.1091738112324278,0.9559883526659984,2.268945868945869,6.107008324105223,0.4597399185603645,28.30985969221088,-0.0842457906954332,-0.0134566481044814,-0.1493712902703479,-0.3938178002457818,False,False,36.96815973645275,-33722190.0,540914814.0,220025056.32657143,-0.0433333333333333,-0.4150000000000022,28.30985969221088,13.043478260869565,26.08695652173913,19.565217391304348,28.837209302325583,12.5,False,52.67773698264352,19.14123696578677,Neutral,17.069367601233953,8.461517976031956,26.57070572569907,25.3781512605042,14.117647058823527,96.58002735978113,3.4666666666666663,33.26675832597528,100.0,24.1486066999321,100.0,AMBER,Mid,10000000.0,GREEN,28.27674457707899,20.526315694942284,Sell,Sell,High,High,ttm(Mar 2026),ttm(Mar 2026),Mar 2026,False,False,Sell,,0.45973991856036456,6.107008324105223,March-to-March,full,,,7,,19.565217391304348,28.924418604651166,52.67773698264352,19.14123696578677,8.461517976031956,25.3781512605042,96.58002735978113,0,-0.0,0,AMBER,28.29,20.7,25.26,,,7.0,-5.0,-6.0,-11.0,Sell,14.26,Sell,,,,,,,13.1,494.0,-6059.0
LXCHEM,Chemicals,Cyclical,4722.321863774653,0.1123603030276438,0.1699601804303967,0.2735516372795969,7.818181818181818,0.592360693992533,-4.623115577889447,59.56794659019762,0.2075152175649157,0.1292688249099556,-0.1106336104511178,-0.3773640530561526,True,True,65.31396082852964,55241774.0,65169365.0,85261727.28535461,-0.2833333333333333,-0.0849999999999999,59.56794659019762,22.727272727272727,47.72727272727273,35.22727272727273,13.023255813953488,7.526881720430108,False,27.311709730621224,34.503553892104,Neutral,71.17971502825814,26.70386151797603,87.9555259653795,12.436974789915968,27.39495798319328,72.2298221614227,87.86666666666667,29.197234764426558,100.0,48.915752204727895,100.0,GREEN,Small,2500000.0,GREEN,28.197234764426558,47.915752204727895,Sell,Hold,High,High,ttm(Mar 2026),ttm(Mar 2026),Mar 2026,False,False,Sell,,-4.623115577889447,0.592360693992533,March-to-March,full,,,7,,35.22727272727273,13.662790697674417,27.311709730621224,34.503553892104,26.70386151797603,12.436974789915968,72.2298221614227,1,-1.0,0,GREEN,28.31,48.11,36.23,,,7.0,-5.0,-6.0,-11.0,Sell,25.23,Sell,,,,,,,15.9,-100.8,-5.0
UBL,Fast Moving Consumer Goods,NotCyclical,35640.07806564399,0.0919881548030137,0.1560504644905642,0.2912428129146395,11.194444444444445,7.202168219307259,3.6455412226584327,86.35083539232554,-0.1139722751329879,-0.1206154610187594,-0.3083273249320463,-0.3545593199646477,True,False,51.16090075254567,1000314.0,-4208535.0,169050629.64233398,0.3416666666666669,0.9150000000000004,86.35083539232554,13.953488372093023,29.545454545454547,21.749471458773783,31.937984496124034,20.29569892473118,False,20.678159114112937,6.303452589333525,Neutral,13.187613628449135,58.78482023968043,8.718242343541945,60.84033613445378,76.63865546218489,12.038303693570452,37.2,28.173511819189997,100.0,23.07738107118441,100.0,GREEN,Mid,10000000.0,GREEN,28.173511819189997,23.07738107118441,Sell,Sell,High,High,ttm(Mar 2026),ttm(Mar 2026),Mar 2026,False,False,Sell,,3.6455412226584327,7.202168219307259,March-to-March,full,,,7,,21.749471458773783,31.831395348837212,20.678159114112937,6.303452589333525,58.78482023968043,60.84033613445378,12.038303693570452,0,-0.0,0,GREEN,28.15,23.49,26.29,,,10.0,0.0,-6.0,-6.0,Sell,20.29,Sell,,,,,,Y,17.8,-65.7,90.0
ELECTCAST,Capital Goods,Cyclical,4648.026725798275,0.0622382140109173,0.0996852418218944,0.2635043889264011,2.493055555555556,-6.654348722863013,-19.15038929108045,28.759541402336293,-0.0384124822969034,0.0715301308465037,-0.3799144072147423,-0.5833111127949966,False,False,43.760788214184686,-23352559.0,9139745.0,174866047.75151825,-0.3949999999999998,-0.1199999999999997,28.759541402336293,13.084112149532707,5.555555555555555,9.319833852544132,3.72093023255814,2.419354838709677,False,73.01100654531245,2.762814894505404,Neutral,19.779079908740265,85.89161118508655,77.5027962716378,9.747899159663866,25.3781512605042,41.99726402188782,5.6000000000000005,34.27310430920757,100.0,34.97325634278494,100.0,AMBER,Small,2500000.0,GREEN,28.13213866282643,28.7272678913672,Sell,Sell,High,High,ttm(Mar 2026),ttm(Mar 2026),Mar 2026,False,False,Sell,,-19.153005464480877,-6.654348722863013,March-to-March,full,,,7,,9.319833852544132,4.505813953488372,73.01100654531245,2.762814894505404,85.89161118508655,9.747899159663866,41.99726402188782,1,-1.0,0,AMBER,28.25,28.84,28.49,,,8.0,-5.0,-6.0,-11.0,Sell,17.49,Sell,,,,,Y,Y,80.4,-489.9,67.0
PRSMJOHNSN,Construction Materials,Cyclical,2296.965447787581,0.033542330821429,0.1635626441386228,1.0975130890052356,3.856353591160221,0.0904855038315943,6.347438752783963,76.56551492625269,-0.1135420110448341,-0.1522603012259112,-0.3048215481240909,-0.3357664410166184,False,False,31.0579645978154,-3643033.0,18710346.0,31928917.46592331,-0.1566666666666666,0.3499999999999998,76.56551492625269,25.0,68.75,46.875,11.937984496124033,27.688172043010752,False,42.53805073431242,8.566671720319617,Pulled back,7.977536873551793,11.058055925432758,11.85699067909454,18.487394957983195,58.991596638655466,54.17236662106704,14.533333333333337,28.093111175410726,100.0,27.778795481607528,100.0,GREEN,Small,2500000.0,GREEN,28.093111175410726,27.778795481607528,Sell,Sell,High,High,ttm(Mar 2026),ttm(Mar 2026),Mar 2026,False,False,Sell,,8.368815151960064,0.09048550383159437,March-to-March,full,,,7,,46.875,12.645348837209303,42.53805073431242,8.566671720319617,11.058055925432758,18.487394957983195,54.17236662106704,0,-0.0,0,GREEN,28.22,28.97,28.52,,,8.0,-5.0,-6.0,-11.0,Sell,17.52,Sell,,,,,Y,,120.0,199.5,-161.0
EUREKAFORB,Consumer Durables,NotCyclical,9086.135316320322,0.0254288923913977,0.0521287264838222,0.0063057186344857,39.125,9.11915190559709,11.161263848994674,55.743161449817926,-0.0674358933576098,-0.1772551810525789,-0.1822067373868839,,True,False,53.80745561485256,-687166.0,5011669.0,69751668.22789001,,,55.743161449817926,12.195121951219512,7.317073170731707,9.75609756097561,36.89922480620155,44.623655913978496,False,46.475300400534046,16.57488172678888,Neutral,20.442018666157026,25.229560585885487,54.25752330226364,,,33.78932968536252,22.133333333333333,28.04871405053883,85.71428571428571,31.628938248172528,85.71428571428571,GREEN,Small,2500000.0,GREEN,28.04871405053883,31.628938248172528,Sell,Sell,High,High,ttm(Mar 2026),ttm(Mar 2026),Mar 2026,False,False,Sell,,11.161263848994674,9.11915190559709,March-to-March,1-2y,,,6,,9.75609756097561,36.627906976744185,46.475300400534046,16.57488172678888,25.229560585885487,,33.78932968536252,0,-0.0,0,GREEN,29.96,33.16,31.24,,,14.0,0.0,-6.0,-6.0,Sell,25.24,Sell,,,Y,,,,-7.8,17.3,-36.0
INDIACEM,Construction Materials,Cyclical,12283.848114716842,-0.0021952047594425,0.035372140362524,0.1289016199130778,3.98989898989899,-7.177880514526724,7.025089605734758,133.50671345755558,-0.0447778965101666,-0.1482551896705676,0.1480306452678159,0.436281610482006,True,False,61.28858031868814,2272959.0,59531024.0,57397036.22967529,0.2233333333333333,0.4699999999999988,133.50671345755558,6.25,6.25,6.25,3.4108527131782944,30.376344086021508,False,43.66822429906542,41.08339088882525,Neutral,29.848919745908965,11.058055925432758,11.85699067909454,53.78151260504202,64.36974789915966,71.13543091655266,45.2,27.918585935173443,100.0,29.89508986847149,100.0,GREEN,Mid,10000000.0,GREEN,27.918585935173443,29.89508986847149,Sell,Sell,High,High,ttm(Jun 2026),ttm(Jun 2026),Jun 2026,False,False,Sell,,8.307172180632705,-7.177880514526724,March-to-March,full,,,7,,6.25,4.215116279069767,43.66822429906542,41.08339088882525,11.058055925432758,53.78151260504202,71.13543091655266,0,-0.0,0,GREEN,28.06,30.69,29.11,,,6.0,-5.0,-6.0,-11.0,Sell,18.11,Sell,,,,,,,,774.1,-716.0
IRCON,Construction,Cyclical,12197.25733270389,0.119367544511113,0.0990043570278453,0.8624792890495556,2.1885714285714286,-4.35695534086703,-15.697026022304827,20.603475224161976,-0.1390851314291458,-0.1898286358518249,-0.3084955118009648,-0.5892557119094148,False,False,41.61399124558089,-1784652.0,246311552.0,244972180.47149655,0.19,-0.7450000000000002,20.603475224161976,30.434782608695656,17.391304347826086,23.91304347826087,4.961240310077519,2.956989247311828,False,68.58227636849132,9.712419071363197,Neutral,6.514929377857369,8.461517976031956,26.57070572569907,50.588235294117645,9.411764705882351,90.8344733242134,18.8,33.769450966899804,100.0,24.30027423486174,100.0,AMBER,Mid,10000000.0,GREEN,27.70403332186483,19.65523309963248,Sell,Sell,High,High,ttm(Mar 2026),ttm(Mar 2026),Mar 2026,False,False,Sell,,-15.697026022304827,-4.35695534086703,March-to-March,full,,,7,,23.91304347826087,5.813953488372093,68.58227636849132,9.712419071363197,8.461517976031956,50.588235294117645,90.8344733242134,1,-1.0,0,AMBER,27.83,19.82,24.63,,,7.0,-5.0,-6.0,-11.0,Sell,13.63,Sell,,,,,Y,,67.1,52.0,83.0
RELIANCE,Oil Gas & Consumable Fuels,Cyclical,2079990.518717639,0.0951140440567121,0.1188145931210758,0.4457396325343185,6.6170873212372046,6.403933073685808,15.003363914059944,23.480622520571124,-0.0445281019506141,-0.1033900631440475,-0.1253361693472515,-0.1803136150666607,False,False,46.81679281609994,-145591004.0,-323915174.0,20214891013.82873,0.0216666666666667,0.0200000000000022,23.480622520571124,25.0,12.5,18.75,29.92248062015504,56.98924731182796,False,35.1583930088603,14.37808442110736,Neutral,12.639889345840984,45.74513981358189,57.59600532623169,32.436974789915965,35.46218487394958,1.094391244870041,1.0666666666666669,27.28087777860496,100.0,32.42283171378758,100.0,GREEN,Large,50000000.0,GREEN,27.28087777860496,32.42283171378758,Sell,Sell,High,High,ttm(Jun 2026),ttm(Jun 2026),Jun 2026,False,False,Sell,,9.654971853513628,6.403933073685808,March-to-March,full,,,7,,18.75,29.941860465116278,35.1583930088603,14.37808442110736,45.74513981358189,32.436974789915965,1.094391244870041,0,-0.0,0,GREEN,27.28,30.12,28.42,,,11.0,0.0,-6.0,-6.0,Sell,22.42,Sell,,,,Y,,,23.4,-2521.4,11022.0
KITEX,Textiles,Cyclical,-6571.93349202474,0.0956161376243513,0.1210455406660332,1.1640776699029127,0.6222222222222222,6.191611859813517,-32.138460129628314,522.9655298693425,-0.0931595391013756,-0.0229980813224769,-0.46736606380167,1.1111092584889066,False,False,42.02153893365318,5735858.0,61203898.0,88260086.63124084,,,522.9655298693425,27.27272727272727,25.0,26.136363636363637,29.30232558139535,1.0752688172043012,True,39.4336893635959,17.402441101546604,Neutral,10.720068328856904,35.95818908122504,92.14993342210386,,,71.54582763337893,60.0,34.182576307449644,85.71428571428571,34.3682992054837,85.71428571428571,RED,Small,2500000.0,GREEN,27.182576307449644,27.3682992054837,Sell,Sell,High,High,ttm(Mar 2026),ttm(Mar 2026),Mar 2026,False,False,Sell,,-32.14649033570702,6.191611859813517,March-to-March,full,,,6,,26.136363636363637,29.360465116279073,39.4336893635959,17.402441101546604,35.95818908122504,,71.54582763337893,3,-7.0,0,RED,28.62,28.62,28.62,,,6.0,-5.0,-6.0,-11.0,Sell,17.62,Sell,,,Y,,Y,Y,875.0,-108.4,51.0
AARTIPHARM,Healthcare,NotCyclical,6515.049521144833,0.1166144680030327,0.1758074423259923,0.3549905838041431,7.851063829787234,-2.207766664168098,-13.995271867612292,34.876034244728366,0.0610071707617645,-0.0598658843708213,-0.2225344506883523,0.1532036749439997,True,False,59.124869914806304,307900.0,-600779.0,112343697.559906,-1.2050000000000003,-1.2050000000000003,34.876034244728366,30.0,34.285714285714285,32.14285714285714,7.596899224806202,3.629032258064517,False,54.05060282396732,15.355756005948058,Neutral,31.94635494905145,66.50785619174435,90.47589880159788,2.3529411764705883,5.966386554621849,16.963064295485637,31.73333333333333,28.036933548061107,100.0,34.77245321292325,100.0,GREEN,Small,2500000.0,GREEN,27.036933548061107,33.77245321292325,Sell,Sell,High,High,ttm(Mar 2026),ttm(Mar 2026),Mar 2026,False,False,Sell,,-13.995271867612292,-2.207766664168098,March-to-March,full,,,7,,32.14285714285714,8.430232558139535,54.05060282396732,15.355756005948058,66.50785619174435,2.3529411764705883,16.963064295485637,1,-1.0,0,GREEN,27.22,34.04,29.95,,,9.0,-5.0,-6.0,-11.0,Sell,18.95,Sell,,,,,,,6.4,-30.1,5.0
ALOKINDS,Textiles,Cyclical,6209.920227050781,,0.0100353323145197,-1.2127096204766108,0.0455284552845528,-18.99448404640971,3.851444291609352,-8.694444762335882,-0.0887918001220758,-0.2110900725868149,-0.3977874022885247,-0.5523775200171027,False,False,44.88375668018524,-16867343.0,-23781997.0,74798405.82992077,0.0083333333333333,0.035,,,8.333333333333332,8.333333333333332,1.0852713178294573,20.833333333333336,True,82.3319982198487,5.969662640589817,Neutral,7.133846554203699,35.95818908122504,92.14993342210386,31.09243697478992,36.63865546218487,6.155950752393981,6.4,28.026369839542426,100.0,39.43361795262488,100.0,RED,Small,2500000.0,GREEN,27.026369839542426,38.43361795262488,Sell,Sell,High,High,ttm(Jun 2026),ttm(Jun 2026),Jun 2026,False,False,Sell,,0.16176867080075485,-18.99448404640971,March-to-March,full,,,7,,8.333333333333332,1.0901162790697674,82.3319982198487,5.969662640589817,35.95818908122504,31.09243697478992,6.155950752393981,1,-1.0,0,RED,27.03,37.44,31.19,no fwd revenue data,,3.0,-15.0,-6.0,-20.0,Sell,11.19,Sell,,,,,,,,117.1,-99.0
ABFRL,Consumer Services,NotCyclical,7657.924568128285,-0.1024265836367844,0.0752529538554321,1.0597602739726026,1.2732558139534884,-13.001029371018069,11.176070700203944,-9.211930974124927,-0.0941648439189319,-0.1996726602643712,-0.2364345937503692,-0.8179053520397959,False,False,44.00379644761874,21512059.0,14909275.0,216013979.8197517,-0.2766666666666664,-0.8999999999999995,,10.869565217391305,23.91304347826087,17.391304347826086,1.0852713178294573,44.75806451612903,True,89.24943402797933,10.898674224137592,Neutral,7.320393302098029,7.985885486018644,14.776830892143808,12.773109243697478,8.403361344537815,50.75239398084816,78.13333333333333,27.431013023756204,100.0,33.52878631531493,100.0,RED,Small,2500000.0,GREEN,26.431013023756204,32.52878631531493,Sell,Sell,High,High,ttm(Mar 2026),ttm(Mar 2026),Mar 2026,False,False,Sell,,11.23656645354374,-13.001029371018069,March-to-March,full,,,7,,17.391304347826086,1.0901162790697674,89.24943402797933,10.898674224137592,7.985885486018644,12.773109243697478,50.75239398084816,1,-1.0,0,RED,26.43,32.68,28.93,,,10.0,0.0,-6.0,-6.0,Sell,22.93,Sell,,,,,,,,-120.5,-255.0
HEMIPROP,Services,NotCyclical,3843.512941018129,-0.0224697694241247,-0.0221807319828316,0.2004608294930875,-1.125,-20.62994740159002,9.890109890109876,-349.4102673652844,0.0514660328304135,-0.0021235595439168,0.0170161854304364,-0.3331212356139575,False,False,44.37186578849646,-40436.0,29857527.0,60062252.62426758,-0.2299999999999999,-0.3350000000000001,,16.666666666666664,12.0,14.333333333333332,1.0852713178294573,39.91935483870967,True,66.90921228304407,22.101390784008743,Neutral,23.632898891235826,32.419973368841546,58.78482023968043,15.042016806722687,16.30252100840336,61.01231190150479,25.866666666666667,27.16280162169921,100.0,35.11372315494281,100.0,RED,Small,2500000.0,GREEN,26.16280162169921,34.11372315494281,Sell,Sell,High,High,ttm(Mar 2026),ttm(Mar 2026),Mar 2026,False,False,Sell,,0.0,-20.62994740159002,March-to-March,full,,,7,,14.333333333333332,1.0901162790697674,66.90921228304407,22.101390784008743,32.419973368841546,15.042016806722687,61.01231190150479,1,-1.0,0,RED,26.16,29.36,27.44,no fwd revenue data,,2.0,-15.0,-6.0,-20.0,Sell,7.44,Sell,,,,,,,,1.0,-3.0
ICICIPRULI,Financial Services,NotCyclical,73780.95670103274,0.0938144911995342,-0.0120786469760007,0.1903748807864426,23.52173913043478,7.869207622462593,-10.485044576628,45.88367954044325,-0.0847537199932111,-0.2506920786085896,-0.2271591991154183,-0.1965228621909728,True,False,53.58155919194704,-4251662.0,7678930.0,677472403.3622894,0.1316666666666663,0.2700000000000004,45.88367954044325,23.52941176470588,8.333333333333332,15.931372549019606,33.95348837209302,5.10752688172043,True,27.89753569731393,11.555635252871724,Neutral,10.33422240954726,47.73288948069241,28.95792276964048,44.537815126050425,55.46218487394958,39.67168262653899,13.466666666666663,28.90475745619735,100.0,19.08247211669925,100.0,N/A-financial-sector,Large,50000000.0,GREEN,25.90475745619735,16.082472116699254,Sell,Sell,High,High,ttm(Mar 2026),ttm(Mar 2026),Mar 2026,False,False,Sell,,-10.484896436745883,7.869207622462593,March-to-March,full,,,7,,15.931372549019606,33.866279069767444,27.89753569731393,11.555635252871724,47.73288948069241,44.537815126050425,39.67168262653899,2,-3.0,0,N/A-financial-sector,25.89,16.28,22.04,,,14.0,0.0,6.0,6.0,Hold,28.04,Sell,,,,,,,25.5,2.8,139.0
SBFC,Financial Services,NotCyclical,10191.604038454452,0.0934230669069985,,1.650156739811912,,,28.26300294406281,29.356250762939453,-0.0231880604138262,-0.0784775339258824,-0.2107208444718201,0.1255691765144453,True,False,57.67308001841732,16622278.0,-13700532.0,83423167.82691574,,,29.356250762939453,22.689075630252105,,22.689075630252105,,82.79569892473118,False,31.711896563839503,16.37709005445572,Neutral,29.02552946372301,47.73288948069241,28.95792276964048,,,7.387140902872777,73.46666666666667,25.5290434897556,71.42857142857143,41.11155460985208,85.71428571428571,N/A-financial-sector,Small,2500000.0,GREEN,25.5290434897556,41.11155460985208,Sell,Hold,High,High,ttm(Mar 2025),ttm(Mar 2025),Mar 2025,False,False,Sell,,44.37689969604863,69.81418239374352,March-to-March,full,,,6,,22.689075630252105,97.52906976744185,31.711896563839503,16.37709005445572,47.73288948069241,,7.387140902872777,1,-1.0,0,N/A-financial-sector,42.57,42.34,42.48,,,17.0,5.0,0.0,5.0,Hold,47.48,Hold,score 40-50 (trim if weight >2.5%),,Y,,,,,,
RAYMONDLSL,Textiles,Cyclical,4413.997213318354,0.0941539940294767,0.0605813600755846,0.2268576172685761,2.7338709677419355,,11.512305699481873,95.95646115909469,-0.0872142302916848,-0.2509092001703744,-0.4267426718715801,,False,False,35.42786137489122,-123940.0,1733128.0,105134230.75,,,95.95646115909469,18.181818181818183,16.666666666666664,17.424242424242422,,46.236559139784944,False,50.5028927458834,5.184925093632958,Neutral,9.046102751399768,35.95818908122504,92.14993342210386,,,25.58139534883721,25.2,29.37646605960765,71.42857142857143,39.87295200929808,85.71428571428571,AMBER,Small,2500000.0,GREEN,24.969996150666503,33.89200920790337,Sell,Sell,High,High,ttm(Mar 2026),ttm(Mar 2026),Mar 2026,False,False,Sell,,11.510441962117524,,March-to-March,1-2y,,,5,growth_3y<-1y,17.424242424242422,46.97173620457604,50.5028927458834,5.184925093632958,35.95818908122504,,25.58139534883721,0,-0.0,0,AMBER,29.24,34.67,31.41,,,9.0,-5.0,-6.0,-11.0,Sell,20.41,Sell,,,Y,,,,18.1,138.3,-106.0
BAJAJELEC,Consumer Durables,NotCyclical,3883.977057761128,0.0560470918745845,0.1446189861138879,0.0997490589711417,2.4642857142857144,-3.007669325007889,-7.56006628003314,-42.62690277874167,-0.1546495816361522,-0.2298521183145844,-0.4948979825969989,-0.6917448004972963,True,False,55.68903156730813,-453301.0,-23523629.0,55442377.07589722,-0.0216666666666665,-0.5300000000000002,,14.634146341463412,26.82926829268293,20.731707317073173,6.2015503875969,5.913978494623656,False,96.12999150382328,0.8132687056826406,Neutral,4.790446436765122,25.229560585885487,54.25752330226364,27.73109243697479,11.260504201680671,6.292749658002736,23.33333333333333,28.79537054120907,100.0,29.52197640639398,100.0,AMBER,Small,2500000.0,GREEN,23.47606496002771,24.09367994543488,Sell,Sell,High,High,ttm(Mar 2026),ttm(Mar 2026),Mar 2026,False,False,Sell,,-7.563199336924987,-3.007669325007889,March-to-March,full,,,7,,20.731707317073173,6.976744186046512,96.12999150382328,0.8132687056826406,25.229560585885487,27.73109243697479,6.292749658002736,1,-1.0,0,AMBER,23.62,24.32,23.9,,,5.0,-5.0,-6.0,-11.0,Sell,12.9,Sell,,,,,,,,-145.8,-105.0
INOXGREEN,Services,NotCyclical,7694.302182665059,0.0186489843298552,0.0298743926057019,0.0515524311657879,2.555555555555556,3.4246836315814377,24.56896551724137,70.29151494212697,0.18346171438593,0.018281916047707,0.2573597722321059,0.1368465520927926,True,False,47.102562253233735,8062898.0,82211023.0,265461290.9093628,-1.356666666666667,-1.95,70.29151494212697,25.0,20.0,22.5,19.224806201550383,78.36021505376344,True,27.386515353805077,36.763161022485015,Neutral,66.37521386014672,32.419973368841546,58.78482023968043,1.092436974789916,2.3529411764705883,76.60738714090287,64.53333333333333,27.52268574269841,100.0,47.909212541269135,100.0,AMBER,Small,2500000.0,GREEN,23.39428288129365,40.72283066007876,Sell,Hold,High,High,ttm(Mar 2026),ttm(Mar 2026),Mar 2026,False,False,Sell,,19.067796610169484,3.4246836315814377,March-to-March,full,,,7,,22.5,19.767441860465116,27.386515353805077,36.763161022485015,32.419973368841546,1.092436974789916,76.60738714090287,0,-0.0,0,AMBER,23.5,39.07,29.73,,,18.0,5.0,6.0,11.0,Hold,40.73,Hold,score 40-50 (trim if weight >2.5%),Sell->Hold (analyst),,Y,Y,Y,91.7,-38.9,87.0
AFCONS,Construction,Cyclical,10473.011471932394,0.1141062799983198,0.2091102476744872,0.6655045871559633,1.8412462908011868,-1.851482794040582,-4.781638508128783,41.66423268561816,-0.1462757872631692,-0.2093088121776081,-0.324413513251107,,False,False,28.76791139769449,28210250.0,67432393.0,163272098.3244629,,,41.66423268561816,26.08695652173913,69.56521739130434,47.826086956521735,8.527131782945736,7.123655913978495,False,34.21074252849954,12.521372740595996,Pulled back,6.541566348153256,8.461517976031956,26.57070572569907,,,73.46101231190151,81.73333333333333,28.45263025775512,85.71428571428571,26.19669629197852,85.71428571428571,AMBER,Small,2500000.0,GREEN,23.18473571909185,21.267191848181746,Sell,Sell,High,High,ttm(Mar 2026),ttm(Mar 2026),Mar 2026,False,False,Sell,,-4.781638508128783,-1.851482794040582,March-to-March,1-2y,,,6,,47.826086956521735,9.30232558139535,34.21074252849954,12.521372740595996,8.461517976031956,,73.46101231190151,1,-1.0,0,AMBER,24.95,23.05,24.19,,,11.0,0.0,-6.0,-6.0,Sell,18.19,Sell,,,Y,,Y,,70.8,-54.9,-195.0
NETWORK18,Media Entertainment & Publication,NotCyclical,4745.504966889968,-0.0970663723297084,-0.0115543708657449,0.6685644570963807,0.2146341463414634,-30.14776777135584,-48.52871381110584,-131.78260637366253,-0.1554750632098217,-0.2545499365546229,-0.4469987464603041,-0.6427392648011518,False,False,39.25168932376749,89509369.0,34003269.0,119447942.3926115,0.0699999999999999,-0.2600000000000002,,12.5,12.5,12.5,1.0852713178294573,1.0752688172043012,True,79.76635514018692,2.879353862394645,Neutral,6.708164400956584,30.089747003994677,42.34007989347536,37.81512605042017,19.15966386554622,63.611491108071135,92.53333333333332,28.98879040356256,100.0,27.690891585939347,100.0,RED,Small,2500000.0,GREEN,21.98879040356256,20.690891585939347,Sell,Sell,High,High,ttm(Jun 2026),ttm(Jun 2026),Jun 2026,False,False,Sell,,-69.20731707317074,-30.147767771355838,March-to-March,full,,,7,,12.5,1.0901162790697674,79.76635514018692,2.879353862394645,30.089747003994677,37.81512605042017,63.611491108071135,3,-7.0,0,RED,21.99,20.69,21.47,,,6.0,-5.0,-6.0,-11.0,Sell,10.47,Sell,,,,Y,Y,Y,289.7,147.8,1183.0
HEXT,Information Technology,NotCyclical,,,,,,,11.275534823870023,24.58424507658643,0.1727601494742578,-0.2160449713298913,-0.3377153616778057,,True,False,62.58310063150057,22277748.0,13082820.0,246131677.76605225,,,24.58424507658643,,,,,45.16129032258064,False,,8.851324237560192,Neutral,51.95650475166476,13.445272969374168,39.41065246338216,,,47.33242134062928,78.66666666666666,21.322549787948702,42.85714285714285,49.7325148337768,57.14285714285714,GREEN,,,GREEN,21.322549787948702,49.7325148337768,Sell,Hold,Med,Med,ttm(Mar 2026),ttm(Mar 2026),Mar 2026,False,True,Sell,,11.275534823870023,,engine TTM (no FY pair),1-2y,,,3,growth_3y<-1y,,46.02960969044415,,8.851324237560192,13.445272969374168,,47.33242134062928,0,-0.0,0,GREEN,41.1,50.0,44.66,,,8.0,-5.0,-6.0,-11.0,Sell,33.66,Sell,,,Y,,,,,,
DBL,Construction,Cyclical,7120.784689194397,0.0892232520513527,0.129713115140985,1.1774784009371797,1.2587312900926586,-5.4534920536216,-20.61500397631881,5.092916015259612,-0.1064551288763334,-0.0836979430131727,-0.1883587755467963,-0.2494888926056936,False,False,34.00266648626885,-6684.0,12254292.0,44475299.09039307,-0.8549999999999996,-0.9899999999999995,5.092916015259612,8.695652173913043,30.434782608695656,19.56521739130435,4.186046511627907,2.28494623655914,True,70.16997021669918,19.049744790526088,Pulled back,13.574612578426253,8.461517976031956,26.57070572569907,4.369747899159663,7.394957983193278,46.6484268125855,26.266666666666666,26.606654595473447,100.0,25.80546715599668,100.0,RED,Small,2500000.0,GREEN,19.606654595473447,18.80546715599668,Sell,Sell,High,High,ttm(Mar 2026),ttm(Mar 2026),Mar 2026,False,False,Sell,,-20.615003976318814,-5.4534920536216,March-to-March,full,,,7,,19.56521739130435,4.941860465116279,70.16997021669918,19.049744790526088,8.461517976031956,4.369747899159663,46.6484268125855,3,-7.0,0,RED,19.74,18.9,19.41,,,7.0,-5.0,-6.0,-11.0,Sell,8.41,Sell,,,,Y,Y,Y,95.6,52.1,979.0
TARC,Realty,Cyclical,3457.1229787973257,-0.0551793759177464,-0.0209328007332047,1.7843691148775895,-4.981132075471698,-3.654997743899502,879.0442267735235,181.9538409893329,-0.1271586963611335,-0.3301048167731036,-0.3958727381010559,-0.4913556060988169,False,False,33.51045457573892,54863144.0,81759277.0,42899982.71173859,-0.3933333333333333,0.4399999999999999,181.9538409893329,17.647058823529413,17.647058823529413,17.647058823529413,5.5813953488372094,99.05913978494624,True,36.44859813084112,5.574512603248937,Pulled back,4.184902254844409,5.798402130492676,68.91424766977363,9.915966386554622,63.193277310924366,76.47058823529412,87.6,20.32612920277492,100.0,44.7302198032468,100.0,RED,Small,2500000.0,GREEN,19.32612920277492,39.0,Sell,Sell,High,High,ttm(Mar 2026),ttm(Mar 2026),Mar 2026,False,False,Sell,Y,,-3.654997743899502,March-to-March,full,,,7,,17.647058823529413,6.395348837209303,36.44859813084112,5.574512603248937,5.798402130492676,9.915966386554622,76.47058823529412,1,-1.0,0,RED,19.47,36.86,26.43,,,8.0,-5.0,-6.0,-11.0,Sell,15.43,Sell,,,,Y,Y,Y,2280.0,1026.9,337.0
VIPIND,Consumer Durables,NotCyclical,4218.96192206711,-0.2411969142862113,0.0691923795063392,2.55363321799308,-3.442857142857143,-3.72319678252212,-14.738292011019285,-12.482135864103878,-0.0742010531347427,-0.2042073775581832,-0.3383466571215368,-0.3836014276968733,False,False,42.3335026545503,26329621.0,57105664.0,85069094.8894043,-1.255,-3.73,,2.4390243902439024,12.195121951219512,7.317073170731708,5.426356589147287,3.225806451612903,False,71.24438645466682,6.697102365434669,Neutral,9.860416672214347,25.229560585885487,54.25752330226364,1.092436974789916,1.092436974789916,69.76744186046511,81.06666666666666,24.38777123021653,100.0,25.746942585650864,100.0,RED,Small,2500000.0,GREEN,17.38777123021653,18.746942585650864,Sell,Sell,High,High,ttm(Mar 2026),ttm(Mar 2026),Mar 2026,False,False,Sell,,-14.692378328741961,-3.72319678252212,March-to-March,full,,,7,,7.317073170731708,6.25,71.24438645466682,6.697102365434669,25.229560585885487,1.092436974789916,69.76744186046511,3,-7.0,0,RED,17.57,18.97,18.13,,,6.0,-5.0,-6.0,-11.0,Sell,7.13,Sell,,,,,,,,-316.1,82.0
RVNL,Construction,Cyclical,46951.04635329473,0.1551935471154279,0.0789440586760977,0.4905314599877825,1.83054892601432,0.2131992808882987,2.454449631079658,53.90476045154389,-0.23598689246634,-0.3122018912634317,-0.4018132488648145,-0.5950053051770623,False,False,35.89787752987287,-126596493.0,-97271766.0,1586352839.463837,-0.17,0.055,53.90476045154389,65.21739130434783,8.695652173913043,36.95652173913044,12.4031007751938,15.86021505376344,False,20.604864456957102,4.3564594107440655,Neutral,2.490405483727689,8.461517976031956,26.57070572569907,17.81512605042017,39.2436974789916,2.188782489740082,1.0666666666666669,16.69760517819014,100.0,19.35110676168615,100.0,AMBER,Large,50000000.0,GREEN,14.19296440146162,16.448440747433228,Sell,Sell,High,High,ttm(Mar 2026),ttm(Mar 2026),Mar 2026,False,False,Sell,,2.454449631079658,0.21319928088829876,March-to-March,full,,,7,,36.95652173913044,13.08139534883721,20.604864456957102,4.3564594107440655,8.461517976031956,17.81512605042017,2.188782489740082,0,-0.0,0,AMBER,14.3,16.66,15.24,,,13.0,0.0,-6.0,-6.0,Sell,9.24,Sell,,,,,Y,,73.6,-385.6,-226.0
BLUESTONE,Consumer Durables,NotCyclical,8110.927998650935,-0.1187703662869043,0.0683384480206858,0.9438888888888888,1.8285714285714283,,40.02078947780801,163.1266879264235,0.160498585248382,0.2674345805382854,,,True,True,66.80677453194986,4105276.0,-5678748.0,144215330.06704712,,,163.1266879264235,4.878048780487805,9.75609756097561,7.317073170731707,,89.91935483870968,False,12.358599344580654,,Neutral,74.01146346821422,25.229560585885487,54.25752330226364,,,10.6703146374829,54.13333333333333,12.123724715553683,57.14285714285714,49.18558097407024,85.71428571428571,AMBER,Small,2500000.0,GREEN,10.305166008220631,41.8077438279597,Sell,Hold,Med,High,ttm(Jun 2026),ttm(Jun 2026),Jun 2026,False,False,Sell,,37.62711864406781,,March-to-March,<1y,27.586206896551722,9.0,4,"stage_3y<-1y,growth_3y<-1y",7.317073170731707,88.42530282637954,12.358599344580654,74.01146346821422,25.229560585885487,,10.6703146374829,0,-0.0,0,AMBER,33.26,41.63,36.61,,,24.0,10.0,-6.0,0.0,Sell,36.61,Sell,,,<1y,,Y,,384.6,279.4,-8.0
