symbol,company_name,isin,series,listing_date
20MICRONS,20 Microns Limited,INE144J01027,EQ,06-OCT-2008
21STCENMGM,21st Century Management Services Limited,INE253B01015,EQ,03-MAY-1995
360ONE,360 ONE WAM LIMITED,INE466L01038,EQ,19-SEP-2019
3BBLACKBIO,3B Blackbio Dx Limited,INE994E01018,EQ,20-APR-2026
3IINFOLTD,3i Infotech Limited,INE748C01038,EQ,22-OCT-2021
3MINDIA,3M India Limited,INE470A01017,EQ,13-AUG-2004
3PLAND,3P Land Holdings Limited,INE105C01023,EQ,19-JUL-1995
5PAISA,5Paisa Capital Limited,INE618L01018,EQ,16-NOV-2017
63MOONS,63 moons technologies limited,INE111B01023,EQ,20-JUN-2005
A2ZINFRA,A2Z Infra Engineering Limited,INE619I01012,EQ,23-DEC-2010
AAATECH,AAA Technologies Limited,INE0D0U01013,EQ,28-NOV-2022
AADHARHFC,Aadhar Housing Finance Limited,INE883F01010,EQ,15-MAY-2024
AAKASH,Aakash Exploration Services Limited,INE087Z01024,EQ,29-SEP-2020
AAREYDRUGS,Aarey Drugs & Pharmaceuticals Limited,INE198H01019,BE,06-AUG-2021
AARNAV,Aarnav Fashions Limited,INE750R01016,EQ,25-FEB-2026
AARON,Aaron Industries Limited,INE721Z01010,EQ,06-NOV-2020
AARTECH,Aartech Solonics Limited,INE01C001026,BE,10-JUL-2023
AARTIDRUGS,Aarti Drugs Limited,INE767A01016,EQ,19-SEP-2003
AARTIIND,Aarti Industries Limited,INE769A01020,EQ,08-FEB-1995
AARTIPHARM,Aarti Pharmalabs Limited,INE0LRU01027,EQ,30-JAN-2023
AARTISURF,Aarti Surfactants Limited,INE09EO01013,EQ,14-JUL-2020
AARVI,Aarvi Encon Limited,INE754X01016,EQ,24-JUN-2020
AASTHA,Aastha Spintex Limited,INE2FMX01012,EQ,06-JUL-2026
AAVAS,Aavas Financiers Limited,INE216P01012,EQ,08-OCT-2018
ABAN,Aban Offshore Limited,INE421A01028,BE,29-MAR-1995
ABANSENT,Abans Enterprises Limited,INE365O01028,EQ,20-APR-2026
ABB,ABB India Limited,INE117A01022,EQ,08-FEB-1995
ABBOTINDIA,Abbott India Limited,INE358A01014,EQ,08-JAN-2010
ABCAPITAL,Aditya Birla Capital Limited,INE674K01013,EQ,01-SEP-2017
ABCOTS,A B Cotspin India Limited,INE08PH01015,EQ,24-SEP-2025
ABDL,Allied Blenders and Distillers Limited,INE552Z01027,EQ,02-JUL-2024
ABFRL,Aditya Birla Fashion and Retail Limited,INE647O01011,EQ,17-JUL-2013
ABINFRA,A B Infrabuild Limited,INE00YB01025,EQ,08-NOV-2024
ABLBL,Aditya Birla Lifestyle Brands Limited,INE14LE01019,EQ,23-JUN-2025
ABMINTLLTD,ABM International Limited,INE251C01025,EQ,09-SEP-2021
ABMKNO,ABM Knowledgeware Limited,INE850B01026,EQ,20-APR-2026
ABREL,Aditya Birla Real Estate Limited,INE055A01016,EQ,27-JUN-2003
ABSLAMC,Aditya Birla Sun Life AMC Limited,INE404A01024,EQ,11-OCT-2021
ACC,ACC Limited,INE012A01025,EQ,20-NOV-1996
ACCELYA,Accelya Solutions India Limited,INE793A01012,EQ,01-DEC-1999
ACCURACY,Accuracy Shipping Limited,INE648Z01023,BE,11-DEC-2020
ACE,Action Construction Equipment Limited,INE731H01025,EQ,26-SEP-2006
ACEINTEG,Ace Integrated Solutions Limited,INE543V01017,EQ,04-NOV-2022
ACI,Archean Chemical Industries Limited,INE128X01021,EQ,21-NOV-2022
ACL,Andhra Cements Limited,INE666E01020,EQ,10-MAY-2023
ACMESOLAR,Acme Solar Holdings Limited,INE622W01025,EQ,13-NOV-2024
ACSTECH,ACS Technologies Limited,INE366C01021,EQ,20-APR-2026
ACUTAAS,Acutaas Chemicals Limited,INE00FF01025,EQ,14-SEP-2021
ADANIENSOL,Adani Energy Solutions Limited,INE931S01010,EQ,31-JUL-2015
ADANIENT,Adani Enterprises Limited,INE423A01024,EQ,04-JUN-1997
ADANIGREEN,Adani Green Energy Limited,INE364U01010,EQ,18-JUN-2018
ADANIPORTS,Adani Ports and Special Economic Zone Limited,INE742F01042,EQ,27-NOV-2007
ADANIPOWER,Adani Power Limited,INE814H01029,EQ,20-AUG-2009
ADFFOODS,ADF Foods Limited,INE982B01027,EQ,15-SEP-2010
ADL,Archidply Decor Limited,INE0CHO01012,EQ,01-OCT-2020
ADOR,Ador Welding Limited,INE045A01017,EQ,10-MAY-1995
ADROITINFO,Adroit Infotech Limited,INE737B01033,EQ,13-AUG-1997
ADSL,Allied Digital Services Limited,INE102I01027,EQ,25-JUL-2007
ADVAIT,Advait Energy Transitions Limited,INE0ALI01010,EQ,20-JAN-2026
ADVANCE,Advance Agrolife Limited,INE1B0W01010,EQ,08-OCT-2025
ADVANIHOTR,Advani Hotels & Resorts (India) Limited,INE199C01026,EQ,25-JUN-2007
ADVENTHTL,Advent Hotels International Limited,INE28GN01010,EQ,13-NOV-2025
ADVENZYMES,Advanced Enzyme Technologies Limited,INE837H01020,EQ,01-AUG-2016
AEGISLOG,Aegis Logistics Limited,INE208C01025,EQ,03-APR-1996
AEGISVOPAK,Aegis Vopak Terminals Limited,INE0INX01018,EQ,02-JUN-2025
AEPL,Artemis Electricals and Projects Limited,INE757T01025,EQ,12-MAR-2026
AEQUS,Aequs Limited,INE947N01017,EQ,10-DEC-2025
AEROENTER,Aeroflex Enterprises Limited,INE065D01027,EQ,21-NOV-2022
AEROFLEX,Aeroflex Industries Limited,INE024001021,EQ,31-AUG-2023
AERONEU,Aeroflex Neu Limited,INE035801013,EQ,12-JAN-2023
AEROPLANE,Amir Chand Jagdish Kumar (Exports) Limited,INE05TO01019,EQ,02-APR-2026
AETHER,Aether Industries Limited,INE0BWX01014,EQ,03-JUN-2022
AFCONS,Afcons Infrastructure Limited,INE101I01011,EQ,04-NOV-2024
AFFLE,Affle 3i Limited,INE00WC01027,EQ,08-AUG-2019
AFFORDABLE,Affordable Robotic & Automation Limited,INE692Z01013,BE,23-OCT-2024
AFIL,Akme Fintrade (India) Limited,INE916Y01027,EQ,26-JUN-2024
AFSL,Abans Financial Services Limited,INE00ZE01026,EQ,23-DEC-2022
AGARIND,Agarwal Industrial Corporation Limited,INE204E01012,EQ,26-MAY-2014
AGARWALEYE,Dr. Agarwal's Health Care Limited,INE943P01029,EQ,04-FEB-2025
AGI,AGI Greenpac Limited,INE415A01038,EQ,31-MAY-2000
AGIIL,Agi Infra Limited,INE976R01033,EQ,15-JUL-2024
AGL,Allcargo Global Limited,INE1YPB01014,EQ,03-JUL-2026
AGRITECH,Agri-Tech (India) Limited,INE449G01018,EQ,28-JAN-2014
AGROPHOS,Agro Phos India Limited,INE740V01019,EQ,08-MAR-2019
AGSTRA,AGS Transact Technologies Limited,INE583L01014,BZ,31-JAN-2022
AHCL,Anlon Healthcare Limited,INE0Y8W01025,EQ,03-SEP-2025
AHLADA,Ahlada Engineers Limited,INE00PV01013,EQ,28-JAN-2021
AHLEAST,Asian Hotels (East) Limited,INE926K01017,EQ,11-AUG-2010
AHLUCONT,Ahluwalia Contracts (India) Limited,INE758C01029,EQ,14-DEC-2009
AHLWEST,Asian Hotels (West) Limited,INE915K01010,BE,05-AUG-2010
AIAENG,AIA Engineering Limited,INE212H01026,EQ,14-DEC-2005
AIIL,Authum Investment & Infrastructure Limited,INE206F01022,EQ,23-APR-2024
AIRAN,Airan Limited,INE645W01026,EQ,03-MAY-2019
AIROLAM,Airo Lam limited,INE801L01010,EQ,13-OCT-2021
AJANTPHARM,Ajanta Pharma Limited,INE031B01049,EQ,29-MAY-2000
AJAXENGG,Ajax Engineering Limited,INE274Y01021,EQ,17-FEB-2025
AJMERA,Ajmera Realty & Infra India Limited,INE298G01035,EQ,16-JUN-2009
AJOONI,Ajooni Biotech Limited,INE820Y01021,EQ,07-MAY-2021
AKASH,Akash Infra-Projects Limited,INE737W01013,EQ,11-OCT-2019
AKCAPIT,AK Capital Services Limited,INE701G01012,EQ,20-APR-2026
AKG,Akg Exim Limited,INE00Y801016,EQ,16-FEB-2021
AKI,AKI India Limited,INE642Z01026,EQ,06-APR-2023
AKSHAR,Akshar Spintex Limited,INE256Z01025,EQ,23-MAY-2022
AKSHARCHEM,AksharChem India Limited,INE542B01011,BE,28-MAR-2017
AKSHOPTFBR,Aksh Optifibre Limited,INE523B01011,BE,18-AUG-2000
AKUMS,Akums Drugs and Pharmaceuticals Limited,INE09XN01023,EQ,06-AUG-2024
ALANKIT,Alankit Limited,INE914E01040,EQ,30-JUN-2015
ALBERTDAVD,Albert David Limited,INE155C01010,EQ,14-JUN-2016
ALEMBICLTD,Alembic Limited,INE426A01027,EQ,22-SEP-1999
ALGOQUANT,Algoquant Fintech Limited,INE598D01035,EQ,06-JAN-2026
ALICON,Alicon Castalloy Limited,INE062D01024,EQ,29-SEP-2006
ALIVUS,Alivus Life Sciences Limited,INE03Q201024,EQ,06-AUG-2021
ALKALI,Alkali Metals Limited,INE773I01017,BE,06-NOV-2008
ALKEM,Alkem Laboratories Limited,INE540L01014,EQ,23-DEC-2015
ALKYLAMINE,Alkyl Amines Chemicals Limited,INE150B01039,EQ,26-NOV-2007
ALLCARGO,Allcargo Logistics Limited,INE418H01029,EQ,23-JUN-2006
ALLDIGI,Alldigi Tech Limited,INE835G01018,EQ,09-MAY-2005
ALLTIME,All Time Plastics Limited,INE0GV601021,EQ,14-AUG-2025
ALMONDZ,Almondz Global Securities Limited,INE326B01035,EQ,16-JUN-2008
ALOKINDS,Alok Industries Limited,INE270A01029,EQ,19-FEB-2020
ALPA,Alpa Laboratories Limited,INE385I01010,EQ,06-AUG-2007
ALPHAGEO,Alphageo (India) Limited,INE137C01018,EQ,11-MAY-2007
ALPINETEX,Alpine Texworld Limited,INE1JCQ01037,EQ,21-JUL-2026
AMAGI,Amagi Media Labs Limited,INE121R01077,EQ,21-JAN-2026
AMANTA,Amanta Healthcare Limited,INE084K01015,BE,09-SEP-2025
AMBALALSA,Ambalal Sarabhai Enterprises Limited,INE432A01017,EQ,20-APR-2026
AMBER,Amber Enterprises India Limited,INE371P01015,EQ,30-JAN-2018
AMBICAAGAR,Ambica Agarbathies & Aroma industries Limited,INE792B01012,EQ,29-JUN-2004
AMBIKCO,Ambika Cotton Mills Limited,INE540G01014,EQ,29-JAN-2008
AMBUJACEM,Ambuja Cements Limited,INE079A01024,EQ,18-FEB-1998
AMDIND,AMD Industries Limited,INE005I01014,EQ,19-MAR-2007
AMJLAND,Amj Land Holdings Limited,INE606A01024,EQ,08-FEB-1995
AMNPLST,Amines & Plasticizers Limited,INE275D01022,EQ,10-NOV-2023
AMRUTANJAN,Amrutanjan Health Care Limited,INE098F01031,EQ,02-JAN-2015
ANANDRATHI,Anand Rathi Wealth Limited,INE463V01026,EQ,14-DEC-2021
ANANTRAJ,Anant Raj Limited,INE242C01024,EQ,27-SEP-2006
ANDHRAPAP,ANDHRA PAPER LIMITED,INE435A01051,EQ,13-MAY-2004
ANDHRSUGAR,The Andhra Sugars Limited,INE715B01021,EQ,01-NOV-1995
ANGELONE,Angel One Limited,INE732I01021,EQ,05-OCT-2020
ANIKINDS,Anik Industries Limited,INE087B01017,EQ,21-MAY-2008
ANKITMETAL,Ankit Metal & Power Limited,INE106I01010,BZ,14-MAR-2013
ANMOL,Anmol India Limited,INE02AR01019,EQ,04-JUN-2021
ANNAPURNA,Annapurna Swadisht Limited,INE0MGM01017,EQ,12-AUG-2026
ANSALAPI,Ansal Properties & Infrastructure Limited,INE436A01026,BZ,27-JAN-2006
ANTELOPUS,Antelopus Selan Energy Limited,INE818A01017,EQ,26-SEP-2006
ANTGRAPHIC,Antarctica Limited,INE414B01021,EQ,31-DEC-1997
ANTHEM,Anthem Biosciences Limited,INE0CZ201020,EQ,21-JUL-2025
ANUHPHR,Anuh Pharma Limited,INE489G01022,EQ,20-DEC-2024
ANUP,The Anup Engineering Limited,INE294Z01018,EQ,01-MAR-2019
ANURAS,Anupam Rasayan India Limited,INE930P01018,EQ,24-MAR-2021
APARINDS,Apar Industries Limited,INE372A01015,EQ,12-JUL-2004
APCL,Anjani Portland Cement Limited,INE071F01012,EQ,10-APR-2017
APCOTEXIND,Apcotex Industries Limited,INE116A01032,EQ,06-SEP-1995
APEX,Apex Frozen Foods Limited,INE346W01013,EQ,04-SEP-2017
APLAPOLLO,APL Apollo Tubes Limited,INE702C01027,EQ,14-DEC-2011
APLLTD,Alembic Pharmaceuticals Limited,INE901L01018,EQ,20-SEP-2011
APOLLO,Apollo Micro Systems Limited,INE713T01028,EQ,22-JAN-2018
APOLLOHOSP,Apollo Hospitals Enterprise Limited,INE437A01024,EQ,10-JAN-1996
APOLLOPIPE,Apollo Pipes Limited,INE126J01016,EQ,11-NOV-2019
APOLLOTYRE,Apollo Tyres Limited,INE438A01022,EQ,31-MAY-1995
APOLSINHOT,Apollo Sindoori Hotels Limited,INE451F01024,EQ,28-JAN-2015
APTECHT,Aptech Limited,INE266F01018,BE,27-SEP-2002
APTUS,Aptus Value Housing Finance India Limited,INE852O01025,EQ,24-AUG-2021
AQYLON,Aqylon Nexus Limited,INE416A01051,EQ,01-APR-2024
ARCHIDPLY,Archidply Industries Limited,INE877I01016,EQ,04-JUL-2008
ARCHIES,Archies Limited,INE731A01020,EQ,02-SEP-1998
ARDEE,Ardee Industries Limited,INE0XNF01022,EQ,12-AUG-2026
ARE&M,Amara Raja Energy & Mobility Limited,INE885A01032,EQ,05-SEP-2003
ARENTERP,Rajdarshan Industries Limited,INE610C01014,EQ,18-OCT-1995
ARFIN,Arfin India Limited,INE784R01023,EQ,22-JUL-2025
ARIES,Aries Agro Limited,INE298I01015,EQ,11-JAN-2008
ARIHANT,Arihant Foundations & Housing Limited,INE413D01011,EQ,20-APR-2026
ARIHANTCAP,Arihant Capital Markets Limited,INE420B01036,EQ,15-JUN-2021
ARIHANTSUP,Arihant Superstructures Limited,INE643K01018,EQ,28-MAR-2017
ARIS,Arisinfra Solutions Limited,INE0H9P01028,EQ,25-JUN-2025
ARKADE,Arkade Developers Limited,INE0QRL01017,EQ,24-SEP-2024
ARMANFIN,Arman Financial Services Limited,INE109C01017,EQ,14-JUN-2016
AROGRANITE,Aro Granite Industries Limited,INE210C01013,EQ,24-APR-2007
ARROWGREEN,Arrow Greentech Limited,INE570D01018,BE,21-MAY-2015
ARSHIYA,Arshiya Limited,INE968D01022,BZ,14-DEC-2009
ARSSBL,Anand Rathi Share and Stock Brokers Limited,INE549H01021,EQ,30-SEP-2025
ARTEMISMED,Artemis Medicare Services Limited,INE025R01021,EQ,23-JAN-2020
ARTNIRMAN,Art Nirman Limited,INE738V01013,EQ,18-OCT-2021
ARVEE,Arvee Laboratories (India) Limited,INE006Z01016,EQ,22-MAR-2021
ARVIND,Arvind Limited,INE034A01011,EQ,08-FEB-1995
ARVINDFASN,Arvind Fashions Limited,INE955V01021,EQ,08-MAR-2019
ARVSMART,Arvind SmartSpaces Limited,INE034S01021,EQ,26-AUG-2015
ASAHIINDIA,Asahi India Glass Limited,INE439A01020,EQ,18-MAR-1998
ASAHISONG,Asahi Songwon Colors Limited,INE228I01012,BE,29-AUG-2011
ASAL,Automotive Stampings and Assemblies Limited,INE900C01027,EQ,12-MAR-2002
ASALCBR,Associated Alcohols & Breweries Ltd.,INE073G01016,EQ,12-FEB-2020
ASHAPURMIN,Ashapura Minechem Limited,INE348A01023,EQ,20-SEP-1995
ASHIANA,Ashiana Housing Limited,INE365D01021,EQ,29-JUN-2011
ASHIKAG,Ashika Global Securities Limited,INE094B01013,BE,20-APR-2026
ASHIMASYN,Ashima Limited,INE440A01010,EQ,27-JUL-1995
ASHOKA,Ashoka Buildcon Limited,INE442H01029,EQ,14-OCT-2010
ASHOKAMET,Ashoka Metcast Limited,INE760Y01011,EQ,27-JUN-2023
ASHOKLEY,Ashok Leyland Limited,INE208A01029,EQ,25-MAY-1995
ASIANENE,Asian Energy Services Limited,INE276G01015,EQ,09-DEC-2021
ASIANHOTNR,Asian Hotels (North) Limited,INE363A01022,EQ,07-APR-2010
ASIANPAINT,Asian Paints Limited,INE021A01026,EQ,31-MAY-1995
ASIANTILES,Asian Granito India Limited,INE022I01019,EQ,23-AUG-2007
ASKAUTOLTD,ASK Automotive Limited,INE491J01022,EQ,15-NOV-2023
ASMS,Avio Smart Market Stack Limited,INE855F01042,BE,09-FEB-2023
ASPINWALL,Aspinwall and Company Limited,INE991I01015,EQ,14-JUN-2016
ASTAR,Asian Star Company Limited,INE194D01017,EQ,20-APR-2026
ASTEC,Astec LifeSciences Limited,INE563J01010,EQ,25-NOV-2009
ASTERDM,Aster DM Quality Care Limited,INE914M01019,EQ,26-FEB-2018
ASTRAL,Astral Limited,INE006I01046,EQ,20-MAR-2007
ASTRAMICRO,Astra Microwave Products Limited,INE386C01029,EQ,01-NOV-2004
ASTRAZEN,AstraZeneca Pharma India Limited,INE203A01020,EQ,04-MAY-2001
ASTRON,Astron Paper & Board Mill Limited,INE646X01014,BZ,29-DEC-2017
ATALREAL,Atal Realtech Limited,INE0ALR01029,EQ,12-MAY-2023
ATAM,Atam Valves Limited,INE09KD01013,EQ,10-MAY-2023
ATGL,Adani Total Gas Limited,INE399L01023,EQ,05-NOV-2018
ATHERENERG,Ather Energy Limited,INE0LEZ01016,EQ,06-MAY-2025
ATL,Allcargo Terminals Limited,INE0NN701020,EQ,10-AUG-2023
ATLANTAA,ATLANTAA LIMITED,INE285H01022,EQ,25-SEP-2006
ATLANTAELE,Atlanta Electricals Limited,INE0Z4F01028,EQ,29-SEP-2025
ATLASCYCLE,Atlas Cycles (Haryana) Limited,INE446A01025,EQ,23-OCT-1996
ATUL,Atul Limited,INE100A01010,EQ,06-MAY-1998
ATULAUTO,Atul Auto Limited,INE951D01028,EQ,26-JUN-2013
AUBANK,AU Small Finance Bank Limited,INE949L01017,EQ,10-JUL-2017
AURIONPRO,Aurionpro Solutions Limited,INE132H01018,EQ,25-OCT-2005
AUROPHARMA,Aurobindo Pharma Limited,INE406A01037,EQ,19-JUL-2000
AURUM,Aurum PropTech Limited,INE898S01029,EQ,19-AUG-2015
AURUS,AURUS GEM CORPORATION LIMITED,INE142K01011,EQ,05-NOV-2013
AUSOMENT,Ausom Enterprise Limited,INE218C01016,EQ,17-APR-1996
AUTOAXLES,Automotive Axles Limited,INE449A01011,EQ,29-MAY-2003
AUTOIND,Autoline Industries Limited,INE718H01014,BE,31-JAN-2007
AVADHSUGAR,Avadh Sugar & Energy Limited,INE349W01017,EQ,28-JUL-2017
AVALON,Avalon Technologies Limited,INE0LCL01028,EQ,18-APR-2023
AVANTEL,Avantel Limited,INE005B01027,EQ,31-JUL-2024
AVANTIFEED,Avanti Feeds Limited,INE871C01038,EQ,15-APR-2015
AVG,AVG Logistics Limited,INE680Z01018,BE,12-MAY-2023
AVL,Aditya Vision Limited,INE679V01027,EQ,06-NOV-2024
AVONMORE,Avonmore Capital & Management Services Limited,INE323B01024,EQ,04-JAN-2023
AVROIND,AVRO INDIA LIMITED,INE652Z01025,EQ,07-APR-2022
AVTNPL,AVT Natural Products Limited,INE488D01021,EQ,10-JAN-2007
AWFIS,Awfis Space Solutions Limited,INE108V01019,EQ,30-MAY-2024
AWHCL,Antony Waste Handling Cell Limited,INE01BK01022,EQ,01-JAN-2021
AWL,AWL Agri Business Limited,INE699H01024,EQ,08-FEB-2022
AXISBANK,Axis Bank Limited,INE238A01034,EQ,16-NOV-1998
AXISCADES,AXISCADES Technologies Limited,INE555B01013,EQ,21-DEC-2000
AXITA,Axita Cotton Limited,INE02EZ01022,EQ,21-JUN-2022
AYE,Aye Finance Limited,INE501X01029,EQ,16-FEB-2026
AYMSYNTEX,AYM Syntex Limited,INE193B01039,EQ,14-AUG-2015
AZAD,Azad Engineering Limited,INE02IJ01035,EQ,28-DEC-2023
BAFNAPH,Bafna Pharmaceuticals Limited,INE878I01022,BE,27-FEB-2020
BAGFILMS,B.A.G Films and Media Limited,INE116D01028,EQ,17-OCT-2003
BAIDFIN,Baid Finserv Limited,INE020D01022,EQ,20-JAN-2023
BAJAJ-AUTO,Bajaj Auto Limited,INE917I01010,EQ,26-MAY-2008
BAJAJCON,Bajaj Consumer Care Limited,INE933K01021,EQ,18-AUG-2010
BAJAJELEC,Bajaj Electricals Limited,INE193E01025,EQ,02-NOV-2007
BAJAJFINSV,Bajaj Finserv Limited,INE918I01026,EQ,26-MAY-2008
BAJAJHCARE,Bajaj Healthcare Limited,INE411U01027,EQ,25-NOV-2021
BAJAJHFL,Bajaj Housing Finance Limited,INE377Y01014,EQ,16-SEP-2024
BAJAJHIND,Bajaj Hindusthan Sugar Limited,INE306A01021,EQ,10-MAY-1995
BAJAJHLDNG,Bajaj Holdings & Investment Limited,INE118A01012,EQ,15-MAR-1995
BAJAJINDEF,Indef Manufacturing Limited,INE0O9T01021,EQ,21-FEB-2025
BAJAJST,Bajaj Steel Industries Limited,INE704G01024,EQ,20-APR-2026
BAJEL,Bajel Projects Limited,INE0KQN01018,EQ,19-DEC-2023
BAJFINANCE,Bajaj Finance Limited,INE296A01032,EQ,01-APR-2003
BALAJEE,Shree Tirupati Balajee Agro Trading Company Limited,INE0S2G01011,EQ,12-SEP-2024
BALAJITELE,Balaji Telefilms Limited,INE794B01026,EQ,22-NOV-2000
BALAMINES,Balaji Amines Limited,INE050E01027,EQ,05-APR-2007
BALAXI,BALAXI PHARMACEUTICALS LIMITED,INE618N01022,EQ,30-NOV-2015
BALKRISHNA,Balkrishna Paper Mills Limited,INE875R01011,EQ,28-JUL-2015
BALKRISIND,Balkrishna Industries Limited,INE787D01026,EQ,27-JAN-2006
BALMLAWRIE,Balmer Lawrie & Company Limited,INE164A01016,EQ,06-JUL-1995
BALPHARMA,Bal Pharma Limited,INE083D01012,EQ,08-MAY-2006
BALRAMCHIN,Balrampur Chini Mills Limited,INE119A01028,EQ,08-FEB-1995
BALUFORGE,Balu Forge Industries Limited,INE011E01029,EQ,29-APR-2024
BANARBEADS,Banaras Beads Limited,INE655B01011,EQ,07-JUL-1995
BANARISUG,Bannari Amman Sugars Limited,INE459A01010,EQ,28-MAY-2003
BANCOINDIA,Banco Products (I) Limited,INE213C01025,EQ,22-DEC-2006
BANDHANBNK,Bandhan Bank Limited,INE545U01014,EQ,27-MAR-2018
BANG,Bang Overseas Limited,INE863I01016,EQ,20-FEB-2008
BANKA,Banka BioLoo Limited,INE862Y01015,EQ,29-OCT-2020
BANKBARODA,Bank of Baroda,INE028A01039,EQ,19-FEB-1997
BANKINDIA,Bank of India,INE084A01016,EQ,30-APR-1997
BANSALWIRE,Bansal Wire Industries Limited,INE0B9K01025,EQ,10-JUL-2024
BANSWRAS,Banswara Syntex Limited,INE629D01020,EQ,11-APR-2007
BASF,BASF India Limited,INE373A01013,EQ,17-MAY-1995
BASML,Bannari Amman Spinning Mills Limited,INE186H01022,BE,14-NOV-2005
BATAINDIA,Bata India Limited,INE176A01028,EQ,18-JUN-2003
BATLIBOI,Batliboi Limited,INE177C01022,EQ,20-APR-2026
BAYERCROP,Bayer Cropscience Limited,INE462A01022,EQ,08-JAN-2010
BBL,Bharat Bijlee Limited,INE464A01036,EQ,21-NOV-2006
BBOX,Black Box Limited,INE676A01027,EQ,22-JUL-2003
BBTC,The Bombay Burmah Trading Corporation Limited,INE050A01025,EQ,03-APR-1996
BBTCL,B&B Triplewall Containers Limited,INE01EE01011,EQ,23-NOV-2022
BCG,Brightcom Group Limited,INE425B01027,EQ,08-MAY-2015
BCLIND,Bcl Industries Limited,INE412G01024,EQ,04-MAR-2021
BCONCEPTS,Brand Concepts Limited,INE977Y01011,EQ,11-JAN-2022
BCPL,BCPL Railway Infrastructure Limited,INE00SW01015,EQ,27-MAR-2026
BDL,Bharat Dynamics Limited,INE171Z01026,EQ,23-MAR-2018
BEARDSELL,Beardsell Limited,INE520H01022,EQ,13-JAN-2015
BECTORFOOD,Mrs. Bectors Food Specialities Limited,INE495P01020,EQ,24-DEC-2020
BEDMUTHA,Bedmutha Industries Limited,INE844K01012,EQ,14-OCT-2010
BEEKAY,Beekay Steel Industries Limited,INE213D01015,EQ,20-APR-2026
BEL,Bharat Electronics Limited,INE263A01024,EQ,19-JUL-2000
BELLACASA,Bella Casa Fashion & Retail Limited,INE344T01014,EQ,18-JUL-2025
BELRISE,Belrise Industries Limited,INE894V01022,EQ,28-MAY-2025
BEML,BEML Limited,INE258A01024,EQ,05-NOV-2003
BENGALASM,Bengal & Assam Company Limited,INE083K01017,EQ,20-APR-2026
BEPL,Bhansali Engineering Polymers Limited,INE922A01025,EQ,21-MAR-2005
BERGEPAINT,Berger Paints (I) Limited,INE463A01038,EQ,24-NOV-1999
BESTAGRO,Best Agrolife Limited,INE052T01021,EQ,10-APR-2024
BETA,Beta Drugs Limited,INE351Y01019,EQ,24-NOV-2025
BFINVEST,BF Investment Limited,INE878K01010,EQ,14-JAN-2011
BFUTILITIE,BF Utilities Limited,INE243D01012,EQ,03-MAY-2007
BGRENERGY,BGR Energy Systems Limited,INE661I01014,BE,03-JAN-2008
BHAGCHEM,Bhagiradha Chemicals & Industries Limited,INE414D01027,EQ,18-OCT-2021
BHAGERIA,Bhageria Industries Limited,INE354C01027,BE,02-MAR-2016
BHAGYANGR,Bhagyanagar India Limited,INE458B01036,EQ,17-MAY-2017
BHANDARI,Bhandari Hosiery Exports Limited,INE474E01029,BE,30-JAN-2017
BHARATCOAL,Bharat Coking Coal Limited,INE05XR01022,EQ,19-JAN-2026
BHARATFORG,Bharat Forge Limited,INE465A01025,EQ,04-APR-2003
BHARATGEAR,Bharat Gears Limited,INE561C01019,BE,03-APR-1996
BHARATRAS,Bharat Rasayan Limited,INE838B01021,EQ,11-OCT-1995
BHARATSE,Bharat Seats Limited,INE415D01024,EQ,24-MAR-2025
BHARATWIRE,Bharat Wire Ropes Limited,INE316L01019,EQ,01-APR-2016
BHARTIARTL,Bharti Airtel Limited,INE397D01024,EQ,15-FEB-2002
BHARTIHEXA,Bharti Hexacom Limited,INE343G01021,EQ,12-APR-2024
BHEL,Bharat Heavy Electricals Limited,INE257A01026,EQ,11-NOV-2003
BI,Bilcare Limited,INE986A01012,EQ,20-APR-2026
BIGBLOC,Bigbloc Construction Limited,INE412U01025,EQ,02-SEP-2016
BIKAJI,Bikaji Foods International Limited,INE00E101023,EQ,16-NOV-2022
BIL,Bhartiya International Limited,INE828A01016,EQ,12-APR-2000
BILVYAPAR,BIL VYAPAR LIMITED,INE071A01013,BE,27-SEP-2006
BIMETAL,Bimetal Bearings Limited,INE469A01019,EQ,20-APR-2026
BIOCON,Biocon Limited,INE376G01013,EQ,07-APR-2004
BIOFILCHEM,Biofil Chemicals & Pharmaceuticals Limited,INE829A01014,EQ,12-JUN-1996
BIRLACABLE,Birla Cable Limited,INE800A01015,BE,06-DEC-1995
BIRLACORPN,Birla Corporation Limited,INE340A01012,EQ,12-APR-1995
BIRLAMONEY,Aditya Birla Money Limited,INE865C01022,EQ,07-FEB-2008
BIRLANU,BirlaNu Limited,INE557A01011,EQ,26-APR-1995
BIRLAPREC,Birla Precision Technologies Limited,INE372E01025,EQ,20-APR-2026
BLACKBUCK,BLACKBUCK LIMITED,INE0UIZ01018,EQ,22-NOV-2024
BLACKROSE,Black Rose Inds. Limited,INE761G01016,BE,20-APR-2026
BLAL,BEML Land Assets Limited,INE0N7W01012,EQ,19-APR-2023
BLBLIMITED,BLB Limited,INE791A01024,EQ,31-MAY-2000
BLIL,Balmer Lawrie Investments Limited,INE525F01025,EQ,20-APR-2026
BLISSGVS,Bliss GVS Pharma Limited,INE416D01022,BE,26-JUL-2010
BLKASHYAP,B. L. Kashyap and Sons Limited,INE350H01032,EQ,17-MAR-2006
BLS,BLS International Services Limited,INE153T01027,EQ,14-JUN-2016
BLSE,BLS E-Services Limited,INE0NLT01010,EQ,06-FEB-2024
BLUECHIP,Blue Chip India Limited,INE657B01025,EQ,12-MAR-1997
BLUECOAST,Blue Coast Hotels Limited,INE472B01011,BE,16-FEB-2000
BLUEDART,Blue Dart Express Limited,INE233B01017,EQ,12-DEC-2002
BLUEJET,Blue Jet Healthcare Limited,INE0KBH01020,EQ,01-NOV-2023
BLUESTARCO,Blue Star Limited,INE472A01039,EQ,15-JUN-2000
BLUESTONE,BlueStone Jewellery and Lifestyle Limited,INE304W01038,EQ,19-AUG-2025
BLUSPRING,Bluspring Enterprises Limited,INE0U4101014,EQ,11-JUN-2025
BMWVENTLTD,BMW Ventures Limited,INE965W01036,EQ,01-OCT-2025
BNAGROCHEM,BN Agrochem Limited,INE00HZ01011,EQ,20-APR-2026
BNALTD,B & A Limited,INE489D01011,BE,20-APR-2026
BODALCHEM,Bodal Chemicals Limited,INE338D01028,BE,22-AUG-2011
BOHRAIND,Bohra Industries Limited,INE802W01023,EQ,27-OCT-2022
BOMDYEING,Bombay Dyeing & Mfg Company Limited,INE032A01023,EQ,26-APR-1995
BONLON,Bonlon Industries Limited,INE0B9A01018,EQ,20-FEB-2026
BORANA,Borana Weaves Limited,INE16SF01016,EQ,27-MAY-2025
BOROLTD,Borosil Limited,INE02PY01013,EQ,22-JUL-2020
BORORENEW,BOROSIL RENEWABLES LIMITED,INE666D01022,EQ,25-MAY-2018
BOROSCI,Borosil Scientific Limited,INE02L001032,EQ,07-JUN-2024
BOSCH-HCIL,BOSCH HOME COMFORT INDIA LIMITED,INE782A01015,EQ,03-JAN-2000
BOSCHLTD,Bosch Limited,INE323A01026,EQ,12-MAY-2003
BPCL,Bharat Petroleum Corporation Limited,INE029A01011,EQ,13-SEP-1995
BPL,BPL Limited,INE110A01019,EQ,14-JUN-1995
BRIGADE,Brigade Enterprises Limited,INE791I01019,EQ,31-DEC-2007
BRIGHOTEL,Brigade Hotel Ventures Limited,INE03NU01014,EQ,31-JUL-2025
BRITANNIA,Britannia Industries Limited,INE216A01030,EQ,05-NOV-1998
BRNL,Bharat Road Network Limited,INE727S01012,EQ,18-SEP-2017
BROOKS,Brooks Laboratories Limited,INE650L01011,BE,05-SEP-2011
BSE,BSE Limited,INE118H01025,EQ,03-FEB-2017
BSHSL,Bombay Super Hybrid Seeds Limited,INE032Z01020,BE,28-OCT-2020
BSL,BSL Limited,INE594B01012,EQ,27-JUL-1995
BSOFT,BIRLASOFT LIMITED,INE836A01035,EQ,24-NOV-1999
BTML,Bodhi Tree Multimedia Limited,INE0EEJ01023,EQ,15-FEB-2023
BTTL,Bhilwara Technical Textiles Limited,INE274K01012,BE,20-APR-2026
BUILDPRO,Shankara Buildpro Limited,INE24OJ01011,EQ,09-JAN-2026
BURNPUR,Burnpur Cement Limited,INE817H01022,BE,03-JAN-2008
BUTTERFLY,Butterfly Gandhimathi Appliances Limited,INE295F01017,EQ,28-APR-2014
BVCL,Barak Valley Cements Limited,INE139I01011,EQ,23-NOV-2007
BYKE,The Byke Hospitality Ltd,INE319B01014,BE,15-APR-2015
CALSOFT,California Software Company Limited,INE526B01014,BE,28-JUN-2000
CAMLINFINE,Camlin Fine Sciences Limited,INE052I01032,EQ,20-JAN-2015
CAMPUS,Campus Activewear Limited,INE278Y01022,EQ,09-MAY-2022
CAMS,Computer Age Management Services Limited,INE596I01020,EQ,07-MAY-2021
CANBK,Canara Bank,INE476A01022,EQ,23-DEC-2002
CANFINHOME,Can Fin Homes Limited,INE477A01020,EQ,10-MAY-1995
CANHLIFE,Canara HSBC Life Insurance Company Limited,INE01TY01017,EQ,17-OCT-2025
CANTABIL,Cantabil Retail India Limited,INE068L01024,EQ,12-OCT-2010
CAPACITE,Capacit'e Infraprojects Limited,INE264T01014,EQ,25-SEP-2017
CAPILLARY,Capillary Technologies India Limited,INE0ILV01024,EQ,21-NOV-2025
CAPITALSFB,Capital Small Finance Bank Limited,INE646H01017,EQ,14-FEB-2024
CAPLIPOINT,Caplin Point Laboratories Limited,INE475E01026,EQ,23-JUN-2014
CAPTRUST,Capital Trust Limited,INE707C01018,BE,16-JAN-2017
CARBORUNIV,Carborundum Universal Limited,INE120A01034,EQ,03-APR-1996
CARERATING,CARE Ratings Limited,INE752H01013,EQ,26-DEC-2012
CARRARO,Carraro India Limited,INE0V7W01012,EQ,30-DEC-2024
CARTRADE,Cartrade Tech Limited,INE290S01011,EQ,20-AUG-2021
CARYSIL,CARYSIL LIMITED,INE482D01024,EQ,14-JAN-2021
CASTROLIND,Castrol India Limited,INE172A01027,EQ,14-MAR-2014
CCAVENUE,AvenuesAI Limited,INE483S01020,EQ,04-APR-2016
CCCL,Consolidated Construction Consortium Limited,INE429I01024,EQ,15-OCT-2007
CCHHL,Country Club Hospitality & Holidays Limited,INE652F01027,EQ,03-FEB-2015
CCL,CCL Products (India) Limited,INE421D01022,EQ,07-JUN-2004
CDSL,Central Depository Services (India) Limited,INE736A01011,EQ,30-JUN-2017
CEATLTD,CEAT Limited,INE482A01020,EQ,01-FEB-2008
CEIGALL,Ceigall India Limited,INE0AG901020,EQ,08-AUG-2024
CEINSYS,Ceinsys Tech Limited,INE016Q01014,EQ,19-FEB-2026
CELEBRITY,Celebrity Fashions Limited,INE185H01016,EQ,12-JAN-2006
CELLO,Cello World Limited,INE0LMW01024,EQ,06-NOV-2023
CEMPRO,Cemindia Projects Limited,INE686A01026,EQ,10-FEB-1999
CENTENKA,Century Enka Limited,INE485A01015,EQ,10-MAY-1995
CENTEXT,Century Extrusions Limited,INE281A01026,EQ,20-JUL-2004
CENTRALBK,Central Bank of India,INE483A01010,EQ,21-AUG-2007
CENTRUM,Centrum Capital Limited,INE660C01027,EQ,04-APR-2018
CENTUM,Centum Electronics Limited,INE320B01020,EQ,05-OCT-2007
CENTURYPLY,Century Plyboards (India) Limited,INE348B01021,EQ,23-MAR-2006
CERA,Cera Sanitaryware Limited,INE739E01017,EQ,02-NOV-2007
CEREBRAINT,Cerebra Integrated Technologies Limited,INE345B01019,BZ,26-JUN-2013
CESC,CESC Limited,INE486A01021,EQ,08-FEB-1995
CEWATER,Concord Enviro Systems Limited,INE037Z01029,EQ,27-DEC-2024
CGCL,Capri Global Capital Limited,INE180C01042,EQ,29-OCT-2010
CGPOWER,CG Power and Industrial Solutions Limited,INE067A01029,EQ,01-MAR-1995
CHALET,Chalet Hotels Limited,INE427F01016,EQ,07-FEB-2019
CHAMBLFERT,Chambal Fertilizers & Chemicals Limited,INE085A01013,EQ,14-JUN-1995
CHEMBOND,Chembond Material Technologies Limited,INE995D01025,BE,20-NOV-2019
CHEMBONDCH,Chembond Chemicals Limited,INE0TGX01019,BE,23-JUL-2025
CHEMCON,Chemcon Speciality Chemicals Limited,INE03YM01018,BE,01-OCT-2020
CHEMFAB,Chemfab Alkalis Limited,INE783X01023,BE,25-APR-2018
CHEMPLASTS,Chemplast Sanmar Limited,INE488A01050,EQ,24-AUG-2021
CHENNPETRO,Chennai Petroleum Corporation Limited,INE178A01016,EQ,07-JUN-2000
CHEVIOT,Cheviot Company Limited,INE974B01016,EQ,20-JUN-2022
CHOICEIN,Choice International Limited,INE102B01014,EQ,08-APR-2022
CHOLAFIN,Cholamandalam Investment and Finance Company Limited,INE121A01024,EQ,15-MAY-1996
CHOLAHLDNG,Cholamandalam Financial Holdings Limited,INE149A01033,EQ,25-SEP-2017
CIEINDIA,CIE Automotive India Limited,INE536H01010,EQ,30-AUG-2007
CIFL,Capital India Finance Limited,INE345H01024,EQ,17-APR-2025
CINELINE,Cineline India Limited,INE704H01022,EQ,13-JUN-2012
CINEVISTA,Cinevista Limited,INE039B01026,EQ,02-MAY-2000
CIPLA,Cipla Limited,INE059A01026,EQ,08-FEB-1995
CLCIND,CLC Industries Limited,INE376C01038,BE,20-DEC-2006
CLEAN,Clean Science and Technology Limited,INE227W01023,EQ,19-JUL-2021
CLEANMAX,Clean Max Enviro Energy Solutions Limited,INE647U01026,EQ,02-MAR-2026
CLEDUCATE,CL Educate Limited,INE201M01029,BE,31-MAR-2017
CLSEL,Chaman Lal Setia Exports Limited,INE419D01026,EQ,12-MAY-2021
CMLL,Caliber Mining and Logistics Limited,INE11XY01018,EQ,24-JUL-2026
CMPDI,Central Mine Planning & Design Institute Limited,INE05HV01027,EQ,30-MAR-2026
CMRGREEN,CMR Green Technologies Limited,INE00WV01027,EQ,10-JUN-2026
CMSINFO,CMS Info Systems Limited,INE925R01014,EQ,31-DEC-2021
CNL,Creative Newtech Limited,INE985W01018,EQ,05-AUG-2019
COALINDIA,Coal India Limited,INE522F01014,EQ,04-NOV-2010
COASTCORP,Coastal Corporation Limited,INE377E01024,EQ,08-OCT-2021
COCHINSHIP,Cochin Shipyard Limited,INE704P01025,EQ,11-AUG-2017
COCKERILL,John Cockerill India Limited,INE515A01019,EQ,20-APR-2026
COFFEEDAY,Coffee Day Enterprises Limited,INE335K01011,BE,02-NOV-2015
COFORGE,Coforge Limited,INE591G01025,EQ,30-AUG-2004
COHANCE,Cohance Lifesciences Limited,INE03QK01018,EQ,09-MAR-2020
COLPAL,Colgate Palmolive (India) Limited,INE259A01022,EQ,17-DEC-2007
COMFINTE,Comfort Intech Limited,INE819A01049,EQ,20-APR-2026
COMPINFO,Compuage Infocom Limited,INE070C01037,BZ,07-JUL-2016
COMPUSOFT,Compucom Software Limited,INE453B01029,EQ,02-MAR-2012
COMSYN,Commercial Syn Bags Limited,INE073V01015,EQ,23-JAN-2024
CONCOR,Container Corporation of India Limited,INE111A01025,EQ,07-MAY-1997
CONCORDBIO,Concord Biotech Limited,INE338H01029,EQ,18-AUG-2023
CONFIPET,Confidence Petroleum India Limited,INE552D01024,EQ,13-JUN-2019
CONSOFINVT,Consolidated Finvest & Holdings Limited,INE025A01027,BE,29-MAR-2005
CONTROLPR,Control Print Limited,INE663B01015,EQ,24-JUN-2016
CORALFINAC,Coral India Finance & Housing Limited,INE558D01021,EQ,25-MAR-1996
CORDELIA,Waterways Leisure Tourism Limited,INE0LZF01013,EQ,01-JUL-2026
CORDSCABLE,Cords Cable Industries Limited,INE792I01017,BE,13-FEB-2008
COROMANDEL,Coromandel International Limited,INE169A01031,EQ,31-MAY-1995
CORONA,CORONA Remedies Limited,INE02ZQ01018,EQ,15-DEC-2025
COSMOFIRST,COSMO FIRST LIMITED,INE757A01017,EQ,25-MAY-1995
COUNCODOS,Country Condo's Limited,INE695B01025,BE,22-JAN-2009
CPCAP,CP Capital Limited,INE521J01018,EQ,06-OCT-2010
CPEDU,Career Point Edutech Limited,INE0P6P01016,EQ,05-SEP-2025
CPL,Captain Polyplast Limited,INE536P01021,EQ,23-JUL-2026
CPPLUS,Aditya Infotech Limited,INE819V01029,EQ,05-AUG-2025
CRAFTSMAN,Craftsman Automation Limited,INE00LO01017,EQ,25-MAR-2021
CRAMC,Canara Robeco Asset Management Company Limited,INE218I01013,EQ,16-OCT-2025
CREATIVEYE,Creative Eye Limited,INE230B01021,EQ,20-DEC-2000
CREDITACC,CREDITACCESS GRAMEEN LIMITED,INE741K01010,EQ,23-AUG-2018
CREST,Crest Ventures Limited,INE559D01011,EQ,27-DEC-2006
CRISIL,Crisil Limited,INE007A01025,EQ,28-JUN-1995
CRIZAC,Crizac Limited,INE0S4R01014,EQ,09-JUL-2025
CROMPTON,Crompton Greaves Consumer Electricals Limited,INE299U01018,EQ,13-MAY-2016
CROWN,Crown Lifters Limited,INE491V01019,EQ,08-FEB-2022
CSBBANK,CSB Bank Limited,INE679A01013,EQ,04-DEC-2019
CSLFINANCE,CSL Finance Limited,INE718F01018,EQ,21-JUL-2022
CSM,CSM Technologies Limited,INE0ZK601013,EQ,02-JUL-2026
CTE,Cambridge Technology Enterprises Limited,INE627H01017,EQ,07-FEB-2007
CUB,City Union Bank Limited,INE491A01021,EQ,25-AUG-1998
CUBEXTUB,Cubex Tubings Limited,INE144D01012,EQ,24-APR-1996
CUMMINSIND,Cummins India Limited,INE298A01020,EQ,29-MAR-1995
CUPID,Cupid Limited,INE509F01029,EQ,16-SEP-2016
CURAA,Cura Technologies Limited,INE117B01020,EQ,21-MAR-2025
CYBERMEDIA,Cyber Media (India) Limited,INE278G01037,BE,10-JUN-2005
CYBERTECH,Cybertech Systems And Software Limited,INE214A01019,BE,27-JAN-1999
CYIENT,Cyient Limited,INE136B01020,EQ,30-SEP-1998
CYIENTDLM,Cyient DLM Limited,INE055S01018,EQ,10-JUL-2023
DABUR,Dabur India Limited,INE016A01026,EQ,28-APR-1999
DAICHI,Dai-Ichi Karkaria Limited,INE928C01010,EQ,20-APR-2026
DALBHARAT,Dalmia Bharat Limited,INE00R701025,EQ,22-JAN-2019
DALMIASUG,Dalmia Bharat Sugar and Industries Limited,INE495A01022,EQ,17-JAN-1996
DAMCAPITAL,Dam Capital Advisors Limited,INE284H01025,EQ,27-DEC-2024
DAMODARIND,Damodar Industries Limited,INE497D01022,BE,04-JUL-2016
DANGEE,Dangee Dums Limited,INE688Y01022,EQ,13-NOV-2020
DATAMATICS,Datamatics Global Services Limited,INE365B01017,EQ,07-MAY-2004
DATAPATTNS,Data Patterns (India) Limited,INE0IX101010,EQ,24-DEC-2021
DAVANGERE,Davangere Sugar Company Limited,INE179G01029,EQ,25-JAN-2024
DBCORP,D.B.Corp Limited,INE950I01011,EQ,06-JAN-2010
DBEIL,Deepak Builders & Engineers India Limited,INE0OPA01027,BE,28-OCT-2024
DBL,Dilip Buildcon Limited,INE917M01012,EQ,11-AUG-2016
DBOL,Dhampur Bio Organics Limited,INE0I3401014,EQ,08-SEP-2022
DBREALTY,Valor Estate Limited,INE879I01012,EQ,24-FEB-2010
DBSTOCKBRO,DB (International) Stock Brokers Limited,INE921B01025,BE,29-FEB-2012
DCAL,Dishman Carbogen Amcis Limited,INE385W01011,EQ,21-SEP-2017
DCBBANK,DCB Bank Limited,INE503A01015,EQ,27-OCT-2006
DCI,Dc Infotech And Communication Limited,INE0A1101019,EQ,19-OCT-2022
DCM,DCM  Limited,INE498A01018,BE,29-MAR-1995
DCMFINSERV,DCM Financial Services Limited,INE891B01012,EQ,21-MAY-1997
DCMNVL,DCM Nouvelle Limited,INE08KP01019,EQ,16-JUL-2019
DCMSHRIRAM,DCM Shriram Limited,INE499A01024,EQ,12-APR-1995
DCMSIL,DCM Shriram International Limited,INE0OU201013,BE,17-FEB-2026
DCMSRIND,DCM Shriram Industries Limited,INE843D01027,EQ,24-DEC-2021
DCW,DCW Limited,INE500A01029,EQ,25-MAY-1995
DCXINDIA,DCX Systems Limited,INE0KL801015,EQ,11-NOV-2022
DDEVPLSTIK,Ddev Plastiks Industries Limited,INE0HR601026,EQ,15-JAN-2025
DECCANCE,Deccan Cements Limited,INE583C01021,EQ,02-AUG-2007
DECNGOLD,Deccan Gold Mines Limited,INE945F01025,EQ,20-APR-2026
DEEDEV,DEE Development Engineers Limited,INE841L01016,EQ,26-JUN-2024
DEEPAKFERT,Deepak Fertilizers and Petrochemicals Corporation Limited,INE501A01019,EQ,17-JAN-2003
DEEPAKNTR,Deepak Nitrite Limited,INE288B01029,EQ,29-SEP-2010
DEEPINDS,Deep Industries Limited,INE0FHS01024,EQ,27-APR-2021
DELHIVERY,Delhivery Limited,INE148O01028,EQ,24-MAY-2022
DELPHIFX,DELPHI WORLD MONEY LIMITED,INE726L01027,BE,28-JUN-2011
DELTACORP,Delta Corp Limited,INE124G01033,EQ,02-NOV-2007
DELTAMAGNT,Delta Manufacturing Limited,INE393A01011,EQ,18-OCT-1995
DEN,Den Networks Limited,INE947J01015,EQ,24-NOV-2009
DENORA,De Nora India Limited,INE244A01016,EQ,07-AUG-1997
DENTA,Denta Water and Infra Solutions Limited,INE0R4L01018,EQ,29-JAN-2025
DEVIT,Dev Information Technology Limited,INE060X01034,EQ,15-FEB-2022
DEVX,Dev Accelerator Limited,INE0VOV01021,EQ,17-SEP-2025
DEVYANI,Devyani International Limited,INE872J01023,EQ,16-AUG-2021
DGCONTENT,Digicontent Limited,INE03JI01017,EQ,18-JUN-2019
DHAMPURSUG,Dhampur Sugar Mills Limited,INE041A01016,EQ,29-MAR-1995
DHANBANK,Dhanlaxmi Bank Limited,INE680A01011,EQ,01-APR-2004
DHANUKA,Dhanuka Agritech Limited,INE435G01025,EQ,29-JUN-2011
DHARAN,DHARAN INFRA-EPC LIMITED,INE278R01034,BZ,02-APR-2018
DHARMAJ,Dharmaj Crop Guard Limited,INE00OQ01016,EQ,08-DEC-2022
DHRUV,Dhruv Consultancy Services Limited,INE506Z01015,EQ,25-NOV-2021
DHUNINV,Dhunseri Investments Limited,INE320L01011,EQ,18-MAR-2011
DIACABS,Diamond Power Infrastructure Limited,INE989C01038,BE,15-SEP-2023
DIAMINESQ,Diamines & Chemicals Limited,INE591D01014,EQ,25-SEP-2023
DIAMONDYD,Prataap Snacks Limited,INE393P01035,EQ,05-OCT-2017
DICIND,DIC India Limited,INE303A01010,EQ,30-AUG-1995
DIFFNKG,Diffusion Engineers Limited,INE184O01015,EQ,04-OCT-2024
DIGIDRIVE,Digidrive Distributors Limited,INE0PSC01024,EQ,10-JAN-2024
DIGISPICE,DiGiSPICE Technologies Limited,INE927C01020,EQ,27-MAY-2008
DIGITIDE,Digitide Solutions Limited,INE0U4701011,EQ,11-JUN-2025
DIGJAMLMTD,Digjam Limited,INE731U01028,EQ,18-OCT-2021
DISAQ,Disa India Limited,INE131C01011,EQ,20-APR-2026
DISHTV,Dish TV India Limited,INE836F01026,EQ,18-APR-2007
DIVGIITTS,Divgi Torqtransfer Systems Limited,INE753U01022,EQ,14-MAR-2023
DIVISLAB,Divi's Laboratories Limited,INE361B01024,EQ,12-MAR-2003
DIXON,Dixon Technologies (India) Limited,INE935N01020,EQ,18-SEP-2017
DJML,DJ Mediaprint & Logistics Limited,INE0B1K01014,EQ,05-DEC-2022
DLF,DLF Limited,INE271C01023,EQ,05-JUL-2007
DLINKINDIA,D-Link (India) Limited,INE250K01012,EQ,18-DEC-2009
DMART,Avenue Supermarts Limited,INE192R01011,EQ,21-MAR-2017
DMCC,DMCC SPECIALITY CHEMICALS LIMITED,INE505A01010,EQ,01-DEC-2021
DNAMEDIA,Diligent Media Corporation Limited,INE016M01021,EQ,11-DEC-2017
DODLA,Dodla Dairy Limited,INE021O01019,EQ,28-JUN-2021
DOLATALGO,Dolat Algotech Limited,INE966A01022,EQ,12-JAN-2024
DOLLAR,Dollar Industries Limited,INE325C01035,EQ,21-APR-2017
DOLPHIN,Dolphin Offshore Enterprises (India) Limited,INE920A01037,EQ,21-AUG-2023
DOMS,DOMS Industries Limited,INE321T01012,EQ,20-DEC-2023
DONEAR,Donear Industries Limited,INE668D01028,EQ,20-DEC-2006
DPABHUSHAN,D. P. Abhushan Limited,INE266Y01019,EQ,03-NOV-2020
DPSCLTD,DPSC Limited,INE360C01024,BE,21-APR-2008
DPWIRES,D P Wires Limited,INE864X01013,BE,17-JAN-2020
DRAGARWQ,Dr Agarwals Eye Hospital Limited,INE934C01018,EQ,20-APR-2026
DRCSYSTEMS,DRC Systems India Limited,INE03RS01027,EQ,10-MAR-2021
DREAMFOLKS,Dreamfolks Services Limited,INE0JS101016,EQ,06-SEP-2022
DREDGECORP,Dredging Corporation of India Limited,INE506A01018,EQ,15-JAN-2004
DRREDDY,Dr. Reddy's Laboratories Limited,INE089A01031,EQ,30-MAY-2003
DSFCL,DCM Shriram Fine Chemicals Limited,INE0OFM01015,BE,17-FEB-2026
DSKULKARNI,DS Kulkarni Developers Limited,INE891A01022,BE,08-FEB-1995
DSSL,Dynacons Systems & Solutions Limited,INE417B01040,EQ,01-DEC-2011
DTIL,Dhunseri Tea & Industries Limited,INE341R01014,EQ,20-JAN-2015
DUCON,Ducon Infratechnologies Limited,INE741L01018,EQ,09-OCT-2012
DVL,Dhunseri Ventures Limited,INE477B01010,EQ,11-JAN-2008
DWARKESH,Dwarikesh Sugar Industries Limited,INE366A01041,EQ,31-DEC-2004
DYCL,Dynamic Cables Limited,INE600Y01019,EQ,27-JUL-2022
DYNAMATECH,Dynamatic Technologies Limited,INE221B01012,EQ,14-SEP-2006
DYNPRO,Dynemic Products Limited,INE256H01015,EQ,19-JUL-2017
E2E,E2E Networks Limited,INE255Z01027,BE,12-APR-2022
EASEMYTRIP,Easy Trip Planners Limited,INE07O001026,EQ,19-MAR-2021
EASTSILK,Eastern Silk Industries Limited,INE962C01035,BE,03-JUL-1996
EBGNG,GNG Electronics Limited,INE18JU01028,EQ,30-JUL-2025
ECLERX,eClerx Services Limited,INE738I01010,EQ,31-DEC-2007
ECOSMOBLTY,Ecos (India) Mobility & Hospitality Limited,INE06HJ01020,BE,04-SEP-2024
EDELWEISS,Edelweiss Financial Services Limited,INE532F01054,EQ,12-DEC-2007
EFCIL,EFC (I) Limited,INE886D01026,EQ,20-AUG-2025
EICHERMOT,Eicher Motors Limited,INE066A01021,EQ,07-SEP-2004
EIDPARRY,EID Parry India Limited,INE126A01031,EQ,10-MAY-1995
EIEL,Enviro Infra Engineers Limited,INE0LLY01014,EQ,29-NOV-2024
EIFFL,Euro India Fresh Foods Limited,INE546V01010,BE,12-OCT-2021
EIHAHOTELS,EIH Associated Hotels Limited,INE276C01014,EQ,08-APR-2008
EIHOTEL,EIH Limited,INE230A01023,EQ,08-FEB-1995
EIMCOELECO,Eimco Elecon (India) Limited,INE158B01016,EQ,17-APR-1996
EKC,Everest Kanto Cylinder Limited,INE184H01027,EQ,15-DEC-2005
ELANTAS,Elantas Beck India Limited,INE280B01018,EQ,20-APR-2026
ELCIDIN,EL CID Investments Limited,INE927X01018,EQ,20-APR-2026
ELDEHSG,Eldeco Housing And Industries Limited,INE668G01021,EQ,12-APR-2022
ELECON,Elecon Engineering Company Limited,INE205B01031,EQ,29-SEP-2006
ELECTCAST,Electrosteel Castings Limited,INE086A01029,EQ,20-JUN-2003
ELECTHERM,Electrotherm (India) Limited,INE822G01016,EQ,20-AUG-2007
ELGIEQUIP,Elgi Equipments Limited,INE285A01027,EQ,22-NOV-1995
ELGIRUBCO,Elgi Rubber Company Limited,INE819L01012,EQ,10-AUG-2011
ELIN,Elin Electronics Limited,INE050401020,EQ,30-DEC-2022
ELITECON,Elitecon International Limited,INE669R01026,EQ,20-APR-2026
ELLEN,Ellenbarrie Industrial Gases Limited,INE236E01022,EQ,01-JUL-2025
ELPROINTL,Elpro International Limited,INE579B01039,EQ,20-APR-2026
EMAMILTD,Emami Limited,INE548C01032,EQ,03-AUG-2006
EMAMIPAP,Emami Paper Mills Limited,INE830C01026,BE,30-MAY-2019
EMAMIREAL,Emami Realty Limited,INE778K01012,EQ,28-JUL-2010
EMBDL,Embassy Developments Limited,INE069I01010,EQ,23-MAR-2007
EMCURE,Emcure Pharmaceuticals Limited,INE168P01015,EQ,10-JUL-2024
EMIL,Electronics Mart India Limited,INE02YR01019,EQ,17-OCT-2022
EMKAY,Emkay Global Financial Services Limited,INE296H01011,EQ,28-APR-2006
EMMBI,Emmbi Industries Limited,INE753K01015,BE,24-FEB-2010
EMMVEE,Emmvee Photovoltaic Power Limited,INE1C6T01020,EQ,18-NOV-2025
EMPOWER,Empower India Limited,INE507F01023,BE,20-APR-2026
EMSLIMITED,EMS Limited,INE0OV601013,EQ,21-SEP-2023
EMUDHRA,eMudhra Limited,INE01QM01018,EQ,01-JUN-2022
ENDURANCE,Endurance Technologies Limited,INE913H01037,EQ,19-OCT-2016
ENERGYDEV,Energy Development Company Limited,INE306C01019,EQ,02-NOV-2007
ENGINERSIN,Engineers India Limited,INE510A01028,EQ,20-AUG-1997
ENIL,Entertainment Network (India) Limited,INE265F01028,EQ,15-FEB-2006
ENRIN,Siemens Energy India Limited,INE1NPP01017,EQ,19-JUN-2025
ENTERO,Entero Healthcare Solutions Limited,INE010601016,EQ,16-FEB-2024
EPACK,EPACK Durable Limited,INE0G5901015,EQ,30-JAN-2024
EPACKPEB,EPack Prefab Technologies Limited,INE0MLS01022,EQ,01-OCT-2025
EPIGRAL,Epigral Limited,INE071N01016,EQ,18-AUG-2021
EPL,EPL Limited,INE255A01020,EQ,11-FEB-2002
EQUIPPP,Equippp Social Impact Technologies Limited,INE217G01035,BE,19-MAY-2021
EQUITASBNK,Equitas Small Finance Bank Limited,INE063P01018,EQ,02-NOV-2020
ERIS,Eris Lifesciences Limited,INE406M01024,EQ,29-JUN-2017
ESABINDIA,Esab India Limited,INE284A01012,EQ,01-NOV-1995
ESAFSFB,ESAF Small Finance Bank Limited,INE818W01011,BE,10-NOV-2023
ESCORTS,Escorts Kubota Limited,INE042A01014,EQ,01-MAR-1995
ESSARSHPNG,Essar Shipping Limited,INE122M01019,EQ,15-NOV-2011
ESSENTIA,Integra Essentia Limited,INE418N01035,EQ,20-AUG-2013
ESTER,Ester Industries Limited,INE778B01029,EQ,20-JUN-2011
ETERNAL,ETERNAL LIMITED,INE758T01015,EQ,23-JUL-2021
ETHOSLTD,Ethos Limited,INE04TZ01018,EQ,30-MAY-2022
EUREKAFORB,Eureka Forbes Limited,INE0KCE01017,EQ,11-SEP-2024
EUROBOND,Euro Panel Products Limited,INE505V01016,EQ,01-AUG-2025
EUROPRATIK,Euro Pratik Sales Limited,INE198501012,EQ,23-SEP-2025
EUROTEXIND,Eurotex Industries and Exports Limited,INE022C01012,BE,31-JAN-1996
EVEREADY,Eveready Industries India Limited,INE128A01029,EQ,27-APR-2005
EVERESTIND,Everest Industries Limited,INE295A01018,BE,29-MAR-1995
EXCELINDUS,Excel Industries Limited,INE369A01029,EQ,16-JUN-2004
EXCELSOFT,Excelsoft Technologies Limited,INE606N01019,EQ,26-NOV-2025
EXICOM,Exicom Tele-Systems Limited,INE777F01014,EQ,05-MAR-2024
EXIDEIND,Exide Industries Limited,INE302A01020,EQ,17-JUN-2003
EXPLEOSOL,Expleo Solutions Limited,INE201K01015,EQ,26-OCT-2009
EXXARO,Exxaro Tiles Limited,INE0GFE01026,EQ,16-AUG-2021
FABTECH,Fabtech Technologies Limited,INE0HF201011,EQ,07-OCT-2025
FACT,Fertilizers and Chemicals Travancore Limited,INE188A01015,EQ,12-APR-1995
FAIRCHEMOR,Fairchem Organics Limited,INE0DNW01011,BE,24-DEC-2020
FAZE3Q,Faze Three Limited,INE963C01033,EQ,18-NOV-2022
FCL,Fineotex Chemical Limited,INE045J01034,EQ,15-JAN-2015
FCSSOFT,FCS Software Solutions Limited,INE512B01022,EQ,21-SEP-2005
FDC,FDC Limited,INE258B01022,EQ,07-AUG-1997
FEDDERSHOL,Fedders Holding Limited,INE417D01020,EQ,20-APR-2026
FEDERALBNK,The Federal Bank  Limited,INE171A01029,EQ,08-FEB-1995
FEDFINA,Fedbank Financial Services Limited,INE007N01010,EQ,30-NOV-2023
FEL,Future Enterprises Limited,INE623B01027,BZ,05-NOV-2001
FELDVR,Future Enterprises Limited,IN9623B01058,BZ,13-FEB-2009
FERMENTA,Fermenta Biotech Limited,INE225B01021,EQ,04-AUG-2026
FIBERWEB,Fiberweb (India) Limited,INE296C01020,EQ,16-FEB-2022
FIEMIND,Fiem Industries Limited,INE737H01014,EQ,19-OCT-2006
FILATEX,Filatex India Limited,INE816B01035,EQ,29-AUG-2011
FILATFASH,Filatex Fashions Limited,INE185E01021,EQ,06-MAY-2024
FINCABLES,Finolex Cables Limited,INE235A01022,EQ,15-FEB-1995
FINEORG,Fine Organic Industries Limited,INE686Y01026,EQ,02-JUL-2018
FINKURVE,Finkurve Financial Services Limited,INE734I01027,EQ,01-OCT-2025
FINOPB,Fino Payments Bank Limited,INE02NC01014,EQ,12-NOV-2021
FINPIPE,Finolex Industries Limited,INE183A01024,EQ,08-FEB-1995
FIRSTCRY,Brainbees Solutions Limited,INE02RE01045,EQ,13-AUG-2024
FISCHER,Fischer Medical Ventures Limited,INE771F01041,EQ,10-JUL-2025
FIVESTAR,Five-Star Business Finance Limited,INE128S01021,EQ,21-NOV-2022
FLAIR,Flair Writing Industries Limited,INE00Y201027,EQ,01-DEC-2023
FLEXITUFF,Flexituff Ventures International Limited,INE060J01017,BE,19-OCT-2011
FLFL,Future Lifestyle Fashions Limited,INE452O01016,BZ,01-OCT-2013
FLUOROCHEM,Gujarat Fluorochemicals Limited,INE09N301011,EQ,16-OCT-2019
FMGOETZE,Federal-Mogul Goetze (India) Limited.,INE529A01010,EQ,08-FEB-1995
FMNL,Future Market Networks Limited,INE360L01017,BE,31-DEC-2010
FOCUS,Focus Lighting and Fixtures Limited,INE593W01028,BE,24-NOV-2021
FOODSIN,Foods & Inns Limited,INE976E01023,EQ,16-NOV-2021
FORCEMOT,FORCE MOTORS LTD,INE451A01017,EQ,14-FEB-2024
FORTIS,Fortis Healthcare Limited,INE061F01013,EQ,09-MAY-2007
FOSECOIND,Foseco India Limited,INE519A01011,EQ,05-MAY-2003
FRACTAL,Fractal Analytics Limited,INE212S01015,EQ,16-FEB-2026
FRONTSP,Frontier Springs Limited,INE572D01014,EQ,20-APR-2026
FSL,Firstsource Solutions Limited,INE684F01012,EQ,22-FEB-2007
FUSION,Fusion Finance Limited,INE139R01012,EQ,15-NOV-2022
GABRIEL,Gabriel India Limited,INE524A01029,EQ,20-APR-2005
GAEL,Gujarat Ambuja Exports Limited,INE036B01030,EQ,11-OCT-2000
GAIL,GAIL (India) Limited,INE129A01019,EQ,02-APR-1997
GALAPREC,Gala Precision Engineering Limited,INE0RE001014,EQ,09-SEP-2024
GALAXYSURF,Galaxy Surfactants Limited,INE600K01018,EQ,08-FEB-2018
GALLANTT,Gallantt Ispat Limited,INE297H01019,EQ,04-APR-2006
GANDHAR,Gandhar Oil Refinery (India) Limited,INE717W01049,EQ,30-NOV-2023
GANDHITUBE,Gandhi Special Tubes Limited,INE524B01027,EQ,31-JAN-2007
GANECOS,Ganesha Ecosphere Limited,INE845D01014,EQ,09-MAR-2015
GANESHBE,Ganesh Benzoplast Limited,INE388A01029,BE,16-SEP-2021
GANESHCP,Ganesh Consumer Products Limited,INE652V01016,EQ,29-SEP-2025
GANESHHOU,GANESH HOUSING LIMITED,INE460C01014,EQ,02-MAR-2007
GANGAFORGE,Ganga Forging Limited,INE691Z01023,EQ,06-JUL-2021
GANGESSECU,Ganges Securities Limited,INE335W01016,EQ,28-JUL-2017
GARFIBRES,Garware Technical Fibres Limited,INE276A01018,EQ,03-APR-2007
GARUDA,Garuda Construction and Engineering Limited,INE0JVO01026,EQ,15-OCT-2024
GATECH,GACM Technologies Limited,INE224E01028,BE,25-JUL-2016
GATECHDVR,GACM Technologies Limited,INE224E01036,BE,10-OCT-2017
GATEWAY,Gateway Distriparks Limited,INE079J01017,EQ,22-MAR-2022
GAUDIUMIVF,Gaudium IVF and Women Health Limited,INE0P8B01020,BE,27-FEB-2026
GAYAHWS,Gayatri Highways Limited,INE287Z01012,EQ,28-JUN-2018
GAYAPROJ,Gayatri Projects Limited,INE336H01023,BE,22-AUG-2011
GCSL,Gretex Corporate Services Limited,INE199P01028,EQ,04-SEP-2025
GEECEE,GeeCee Ventures Limited,INE916G01016,BE,04-OCT-2006
GEEKAYWIRE,Geekay Wires Limited,INE669X01032,EQ,06-MAR-2020
GEMAROMA,Gem Aromatics Limited,INE06XZ01023,EQ,26-AUG-2025
GENCON,Generic Engineering Construction and Projects Limited,INE854S01022,EQ,16-FEB-2021
GENESYS,Genesys International Corporation Limited,INE727B01026,EQ,23-JAN-2003
GENESYS-RE,Genesys International Corporation Limited-RE,INE727B20018,BE,14-AUG-2026
GENSOL,Gensol Engineering Limited,INE06H201014,BZ,03-JUL-2023
GENUSPAPER,Genus Paper & Boards Limited,INE949P01018,EQ,16-FEB-2015
GENUSPOWER,Genus Power Infrastructures Limited,INE955D01029,EQ,08-JUL-2005
GEOJITFSL,Geojit Financial Services Limited,INE007B01023,EQ,01-JUL-2005
GESHIP,The Great Eastern Shipping Company Limited,INE017A01032,EQ,27-NOV-2006
GFLLIMITED,GFL Limited,INE538A01037,EQ,25-MAY-1995
GHCL,GHCL Limited,INE539A01019,EQ,31-JUL-2003
GHCLTEXTIL,GHCL Textiles Limited,INE0PA801013,EQ,12-JUN-2023
GICHSGFIN,GIC Housing Finance Limited,INE289B01019,EQ,08-MAY-1996
GICL,Globe International Carriers Limited,INE947T01022,EQ,18-FEB-2026
GICRE,General Insurance Corporation of India,INE481Y01014,EQ,25-OCT-2017
GILLANDERS,Gillanders Arbuthnot & Company Limited,INE047B01011,EQ,14-DEC-2009
GILLETTE,Gillette India Limited,INE322A01010,EQ,30-JUL-2003
GINNIFILA,Ginni Filaments Limited,INE424C01010,BE,10-MAY-1995
GIPCL,Gujarat Industries Power Company Limited,INE162A01010,EQ,08-FEB-1995
GKENERGY,GK Energy Limited,INE1AG301022,EQ,26-SEP-2025
GKSL,Gujarat Kidney And Super Speciality Limited,INE0V0W01025,EQ,30-DEC-2025
GKWLIMITED,GKW Limited,INE528A01020,EQ,20-JUL-2009
GLAND,Gland Pharma Limited,INE068V01023,EQ,20-NOV-2020
GLAXO,GlaxoSmithKline Pharmaceuticals Limited,INE159A01016,EQ,15-DEC-2000
GLENMARK,Glenmark Pharmaceuticals Limited,INE935A01035,EQ,07-FEB-2000
GLFL,Gujarat Lease Financing Limited,INE540A01017,EQ,08-FEB-1995
GLOBAL,Global Education Limited,INE291W01037,EQ,07-DEC-2020
GLOBALE,Globale Tessile Limited,INE0URU01010,EQ,27-AUG-2024
GLOBALVECT,Global Vectra Helicorp Limited,INE792H01019,EQ,27-OCT-2006
GLOBE,GLOBE ENTERPRISES (INDIA) LIMITED,INE581X01021,EQ,07-OCT-2020
GLOBECIVIL,Globe Civil Projects Limited,INE0V3U01015,EQ,01-JUL-2025
GLOBUSSPR,Globus Spirits Limited,INE615I01010,EQ,23-SEP-2009
GLOSTERLTD,Gloster Limited,INE350Z01018,EQ,26-APR-2024
GLOTTIS,Glottis Limited,INE0TQE01026,BE,07-OCT-2025
GMBREW,GM Breweries Limited,INE075D01018,EQ,23-AUG-1995
GMDCLTD,Gujarat Mineral Development Corporation Limited,INE131A01031,EQ,17-DEC-1997
GMMPFAUDLR,GMM Pfaudler Limited,INE541A01023,EQ,05-MAR-2018
GMRAIRPORT,GMR AIRPORTS LIMITED,INE776C01039,EQ,21-AUG-2006
GMRP&UI,GMR Power and Urban Infra Limited,INE0CU601026,EQ,23-MAR-2022
GNA,GNA Axles Limited,INE934S01014,EQ,26-SEP-2016
GNFC,Gujarat Narmada Valley Fertilizers and Chemicals Limited,INE113A01013,EQ,17-MAY-1995
GNRL,Gujarat Natural Resources Limited,INE207H01018,EQ,20-APR-2026
GOACARBON,Goa Carbon Limited,INE426D01013,EQ,05-JUN-2007
GOCLCORP,GOCL Corporation Limited,INE077F01035,EQ,26-JUN-2014
GOCOLORS,Go Fashion (India) Limited,INE0BJS01011,EQ,30-NOV-2021
GODAVARIB,Godavari Biorefineries Limited,INE497S01012,EQ,30-OCT-2024
GODFRYPHLP,Godfrey Phillips India Limited,INE260B01028,EQ,24-JUL-1996
GODIGIT,Go Digit General Insurance Limited,INE03JT01014,EQ,23-MAY-2024
GODREJAGRO,Godrej Agrovet Limited,INE850D01014,EQ,16-OCT-2017
GODREJCP,Godrej Consumer Products Limited,INE102D01028,EQ,20-JUN-2001
GODREJIND,Godrej Industries Limited,INE233A01035,EQ,25-FEB-2003
GODREJPROP,Godrej Properties Limited,INE484J01027,EQ,05-JAN-2010
GOKEX,Gokaldas Exports Limited,INE887G01027,EQ,27-APR-2005
GOKUL,Gokul Refoils and Solvent Limited,INE020J01029,EQ,04-JUN-2008
GOKULAGRO,Gokul Agro Resources Limited,INE314T01033,EQ,11-MAR-2016
GOLDENTOBC,Golden Tobacco Limited,INE973A01010,BZ,08-FEB-1995
GOLDIAM,Goldiam International Limited,INE025B01025,EQ,29-AUG-2005
GOLDTECH,AION-TECH SOLUTIONS LIMITED,INE805A01014,BE,11-APR-2001
GOODLUCK,Goodluck India Limited,INE127I01024,EQ,08-JAN-2015
GOODYEAR,Goodyear India Limited,INE533A01012,EQ,20-APR-2026
GOPAL,Gopal Snacks Limited,INE0L9R01028,EQ,14-MAR-2024
GOYALALUM,Goyal Aluminiums Limited,INE705X01026,EQ,04-NOV-2022
GPIL,Godawari Power And Ispat limited,INE177H01039,EQ,25-APR-2006
GPPL,Gujarat Pipavav Port Limited,INE517F01014,EQ,09-SEP-2010
GPTHEALTH,GPT Healthcare Limited,INE486R01017,EQ,29-FEB-2024
GPTINFRA,GPT Infraprojects Limited,INE390G01014,EQ,11-JUL-2016
GRADIENTE,Gradiente Infotainment Limited,INE361K01017,EQ,08-MAY-2026
GRANDOAK,Grand Oak Canyons Distillery Limited,INE926B01016,EQ,20-APR-2026
GRANULES,Granules India Limited,INE101D01020,EQ,20-JUN-2005
GRAPHITE,Graphite India Limited,INE371A01025,EQ,07-FEB-2003
GRASIM,Grasim Industries Limited,INE047A01021,EQ,10-MAY-1995
GRAUWEIL,Grauer & Weil India Limited,INE266D01021,EQ,20-APR-2026
GRAVISSHO,Graviss Hospitality Limited,INE214F01026,EQ,20-APR-2026
GRAVITA,Gravita India Limited,INE024L01027,EQ,16-NOV-2010
GREAVESCOT,Greaves Cotton Limited,INE224A01026,EQ,09-SEP-2004
GREENLAM,Greenlam Industries Limited,INE544R01021,EQ,02-MAR-2015
GREENPANEL,Greenpanel Industries Limited,INE08ZM01014,EQ,23-OCT-2019
GREENPLY,Greenply Industries Limited,INE461C01038,EQ,06-MAR-1996
GREENPOWER,Orient Green Power Company Limited,INE999K01014,EQ,08-OCT-2010
GRINDWELL,Grindwell Norton Limited,INE536A01023,EQ,11-SEP-2006
GRINFRA,G R Infraprojects Limited,INE201P01022,EQ,19-JUL-2021
GRMOVER,GRM Overseas Limited,INE192H01020,EQ,07-SEP-2022
GROBTEA,The Grob Tea Company Limited,INE646C01018,EQ,14-JUL-2016
GROWW,Billionbrains Garage Ventures Limited,INE0HOQ01053,EQ,12-NOV-2025
GRPLTD,GRP Limited,INE137I01015,EQ,12-FEB-2015
GRSE,Garden Reach Shipbuilders & Engineers Limited,INE382Z01011,EQ,10-OCT-2018
GRWRHITECH,Garware Hi-Tech Films Limited,INE291A01017,EQ,03-FEB-2022
GSFC,Gujarat State Fertilizers & Chemicals Limited,INE026A01025,EQ,06-SEP-1995
GSLSU,Global Surfaces Limited,INE0JSX01015,EQ,23-MAR-2023
GSPCROP,GSP Crop Science Limited,INE713R01022,EQ,24-MAR-2026
GSS,GSS Infotech Limited,INE871H01011,EQ,07-MAR-2008
GTECJAINX,G-TEC JAINX EDUCATION LIMITED,INE586X01012,BE,13-NOV-2020
GTL,GTL Limited,INE043A01012,EQ,29-MAR-1995
GTLINFRA,GTL Infrastructure Limited,INE221H01019,EQ,09-NOV-2006
GTPL,GTPL Hathway Limited,INE869I01013,EQ,04-JUL-2017
GUFICBIO,Gufic Biosciences Limited,INE742B01025,EQ,19-OCT-2004
GUJALKALI,Gujarat Alkalies and Chemicals Limited,INE186A01019,EQ,07-AUG-1997
GUJAPOLLO,Gujarat Apollo Industries Limited,INE826C01016,EQ,04-JUN-2007
GUJENERGY,GUJARAT ENERGY LIMITED,INE844O01030,EQ,15-SEP-2015
GUJRAFFIA,Gujarat Raffia Industries Limited,INE610B01024,EQ,09-OCT-1996
GUJTHEM,Gujarat Themis Biosyn Limited,INE942C01045,EQ,25-FEB-2025
GULFOILLUB,Gulf Oil Lubricants India Limited,INE635Q01029,EQ,31-JUL-2014
GULFPETRO,GP Petroleums Limited,INE586G01017,BE,24-SEP-2004
GULPOLY,Gulshan Polyols Limited,INE255D01024,EQ,28-JAN-2015
GVKPIL,GVK Power & Infrastructure Limited,INE251H01024,BE,27-FEB-2006
GVPIL,GE Power India Limited,INE878A01011,EQ,19-APR-2000
GVPTECH,GVP Infotech Limited,INE382T01030,EQ,06-SEP-2022
GVT&D,GE Vernova T&D India Limited,INE200A01026,EQ,30-JUN-2008
GYFTR,Gyftr Limited,INE724A01017,EQ,10-JUL-2026
HAL,Hindustan Aeronautics Limited,INE066F01020,EQ,28-MAR-2018
HALDER,Halder Venture Limited,INE115S01010,EQ,19-JAN-2026
HALDYNGL,Haldyn Glass Limited,INE506D01020,BE,20-APR-2026
HALEOSLABS,HALEOS LABS LIMITED,INE320X01016,EQ,17-AUG-2017
HAPPSTMNDS,Happiest Minds Technologies Limited,INE419U01012,EQ,17-SEP-2020
HAPPYFORGE,Happy Forgings Limited,INE330T01021,EQ,27-DEC-2023
HARDWYN,Hardwyn India Limited,INE626Z01029,EQ,12-APR-2022
HARIOMPIPE,Hariom Pipe Industries Limited,INE00EV01017,EQ,13-APR-2022
HARRMALAYA,Harrisons  Malayalam Limited,INE544A01019,EQ,08-FEB-1995
HARSHA,Harsha Engineers International Limited,INE0JUS01029,EQ,26-SEP-2022
HATHWAY,Hathway Cable & Datacom Limited,INE982F01036,EQ,25-FEB-2010
HATSUN,Hatsun Agro Product Limited,INE473B01035,EQ,20-JUN-2014
HAVELLS,Havells India Limited,INE176B01034,EQ,21-MAR-2001
HAVISHA,Sri Havisha Hospitality and Infrastructure Limited,INE293B01029,EQ,16-FEB-2000
HAWKINCOOK,Hawkins Cookers Limited,INE979B01015,EQ,20-APR-2026
HBESD,HB Estate Developers Limited,INE640B01021,EQ,20-APR-2026
HBLENGINE,HBL Engineering Limited,INE292B01021,EQ,04-JAN-2007
HBSL,HB Stockholdings Limited,INE550B01022,EQ,23-JUL-2018
HCC,Hindustan Construction Company Limited,INE549A01026,EQ,01-APR-2003
HCG,Healthcare Global Enterprises Limited,INE075I01017,EQ,30-MAR-2016
HCL-INSYS,HCL Infosystems Limited,INE236A01020,EQ,01-JAN-1997
HCLTECH,HCL Technologies Limited,INE860A01027,EQ,06-JAN-2000
HDBFS,HDB Financial Services Limited,INE756I01012,EQ,02-JUL-2025
HDFCAMC,HDFC Asset Management Company Limited,INE127D01025,EQ,06-AUG-2018
HDFCBANK,HDFC Bank Limited,INE040A01034,EQ,08-NOV-1995
HDFCLIFE,HDFC Life Insurance Company Limited,INE795G01014,EQ,17-NOV-2017
HDIL,Housing Development and Infrastructure Limited,INE191I01012,BZ,24-JUL-2007
HEADSUP,Heads UP Ventures Limited,INE759V01019,EQ,14-DEC-2016
HEALTHX,Health X Platform Limited,INE019J01013,EQ,05-OCT-2010
HECPROJECT,HEC Infra Projects Limited,INE558R01013,EQ,30-DEC-2021
HEG,HEG Limited,INE545A01024,EQ,10-MAY-1995
HEIDELBERG,HeidelbergCement India Limited,INE578A01017,EQ,15-MAR-1995
HEMIPROP,Hemisphere Properties India Limited,INE0AJG01018,EQ,22-OCT-2020
HERANBA,Heranba Industries Limited,INE694N01015,EQ,05-MAR-2021
HERITGFOOD,Heritage Foods Limited,INE978A01027,EQ,27-NOV-1996
HEROMOTOCO,Hero MotoCorp Limited,INE158A01026,EQ,11-APR-2003
HESTERBIO,Hester Biosciences Limited,INE782E01017,EQ,13-MAR-2015
HEXAGON,Hexagon Nutrition Limited,INE0JUI01012,BE,12-JUN-2026
HEXATRADEX,Hexa Tradex Limited,INE750M01017,EQ,20-APR-2012
HEXT,Hexaware Technologies Limited,INE093A01041,EQ,19-FEB-2025
HFCL,HFCL Limited,INE548A01028,EQ,09-MAR-2011
HGINFRA,H.G. Infra Engineering Limited,INE926X01010,EQ,09-MAR-2018
HGM,HandsOn Global Management (HGM) Limited,INE596H01014,EQ,27-SEP-2006
HGS,Hinduja Global Solutions Limited,INE170I01016,EQ,19-JUN-2007
HIKAL,Hikal Limited,INE475B01022,EQ,14-FEB-2001
HILINFRA,Highway Infrastructure Limited,INE00RL01028,EQ,12-AUG-2025
HILTON,Hilton Metal Forging Limited,INE788H01017,BE,24-MAY-2007
HIMATSEIDE,Himatsingka Seide Limited,INE049A01027,EQ,08-FEB-1995
HINDALCO,Hindalco Industries Limited,INE038A01020,EQ,08-JAN-1997
HINDCOMPOS,Hindustan Composites Limited,INE310C01029,EQ,08-MAY-1996
HINDCON,Hindcon Chemicals Limited,INE642Y01029,EQ,05-JUL-2021
HINDCOPPER,Hindustan Copper Limited,INE531E01026,EQ,15-SEP-2010
HINDOILEXP,Hindustan Oil Exploration Company Limited,INE345A01011,EQ,23-SEP-2003
HINDPETRO,Hindustan Petroleum Corporation Limited,INE094A01015,EQ,17-JUN-1998
HINDUNILVR,Hindustan Unilever Limited,INE030A01027,EQ,06-JUL-1995
HINDWAREAP,Hindware Home Innovation Limited,INE05AN01011,EQ,26-DEC-2019
HINDZINC,Hindustan Zinc Limited,INE267A01025,EQ,21-NOV-2006
HIRECT,Hind Rectifiers Limited,INE835D01023,EQ,26-DEC-2006
HISARMETAL,Hisar Metal Industries Limited,INE598C01011,EQ,05-JAN-2017
HITECH,Hi-Tech Pipes Limited,INE106T01025,EQ,07-MAY-2018
HITECHCORP,Hitech Corporation Limited,INE120D01012,BE,20-DEC-2007
HITECHGEAR,The Hi-Tech Gears Limited,INE127B01011,BE,21-JAN-2002
HLEGLAS,HLE Glascoat Limited,INE461D01028,EQ,09-FEB-2023
HLVLTD,HLV LIMITED,INE102A01024,EQ,19-JUL-1995
HMAAGRO,HMA Agro Industries Limited,INE0ECP01024,EQ,04-JUL-2023
HMT,HMT Limited,INE262A01018,BZ,29-AUG-2003
HMVL,Hindustan Media Ventures Limited,INE871K01015,BE,21-JUL-2010
HNDFDS,Hindustan Foods Limited,INE254N01026,EQ,06-JUN-2023
HOMEFIRST,Home First Finance Company India Limited,INE481N01025,EQ,03-FEB-2021
HONASA,Honasa Consumer Limited,INE0J5401028,EQ,07-NOV-2023
HONAUT,Honeywell Automation India Limited,INE671A01010,EQ,18-JUL-2003
HONDAPOWER,Honda India Power Products Limited,INE634A01018,EQ,01-APR-2003
HPAL,HP Adhesives Limited,INE0GSL01024,EQ,27-DEC-2021
HPIL,Hindprakash Industries Limited,INE05X901010,EQ,07-NOV-2022
HPL,HPL Electric & Power Limited,INE495S01016,EQ,04-OCT-2016
HSCL,Himadri Speciality Chemical Limited,INE019C01026,EQ,02-MAR-2007
HTMEDIA,HT Media Limited,INE501G01024,EQ,01-SEP-2005
HUBTOWN,Hubtown Limited,INE703H01016,EQ,07-FEB-2007
HUDCO,Housing & Urban Development Corporation Limited,INE031A01017,EQ,19-MAY-2017
HUHTAMAKI,Huhtamaki India Limited,INE275B01026,EQ,01-OCT-2004
HYBRIDFIN,Hybrid Financial Services Limited,INE965B01022,BE,05-DEC-2022
HYUNDAI,Hyundai Motor India Limited,INE0V6F01027,EQ,22-OCT-2024
IBULLSLTD,Indiabulls Limited,INE126M01010,EQ,18-AUG-2011
ICDSLTD,ICDS Limited,INE613B01010,EQ,17-NOV-1999
ICEMAKE,Ice Make Refrigeration Limited,INE520Y01019,EQ,12-OCT-2020
ICICIAMC,ICICI Prudential Asset Management Company Limited,INE346A01027,EQ,19-DEC-2025
ICICIBANK,ICICI Bank Limited,INE090A01021,EQ,17-SEP-1997
ICICIGI,ICICI Lombard General Insurance Company Limited,INE765G01017,EQ,27-SEP-2017
ICICIPRULI,ICICI Prudential Life Insurance Company Limited,INE726G01019,EQ,29-SEP-2016
ICIL,Indo Count Industries Limited,INE483B01026,EQ,12-SEP-2005
ICRA,ICRA Limited,INE725G01011,EQ,13-APR-2007
IDBI,IDBI Bank Limited,INE008A01015,EQ,20-SEP-1995
IDEA,Vodafone Idea Limited,INE669E01016,EQ,09-MAR-2007
IDEAFORGE,Ideaforge Technology Limited,INE349Y01013,EQ,07-JUL-2023
IDFCFIRSTB,IDFC First Bank Limited,INE092T01019,EQ,06-NOV-2015
IEX,Indian Energy Exchange Limited,INE022Q01020,EQ,23-OCT-2017
IFBAGRO,IFB Agro Industries Limited,INE076C01018,BE,03-APR-1996
IFBIND,IFB Industries Limited,INE559A01017,EQ,29-MAR-1995
IFCI,IFCI Limited,INE039A01010,EQ,26-APR-1995
IFGLEXPOR,IFGL Refractories Limited,INE133Y01011,EQ,14-NOV-2017
IGARASHI,Igarashi Motors India Limited,INE188B01013,EQ,09-OCT-2003
IGCL,Indogulf Cropsciences Limited,INE05J901018,EQ,03-JUL-2025
IGIL,International Gemological Institute Limited,INE0Q9301021,EQ,20-DEC-2024
IGL,Indraprastha Gas Limited,INE203G01027,EQ,26-DEC-2003
IGPL,IG Petrochemicals Limited,INE204A01010,EQ,29-JAN-2007
IIFL,IIFL Finance Limited,INE530B01024,EQ,17-MAY-2005
IIFLCAPS,IIFL Capital Services Limited,INE489L01022,EQ,20-SEP-2019
IITL,Industrial Investment Trust Limited,INE886A01014,EQ,17-AUG-2010
IKIO,IKIO Technologies Limited,INE0LOJ01019,EQ,16-JUN-2023
IKS,Inventurus Knowledge Solutions Limited,INE115Q01022,EQ,19-DEC-2024
IL&FSENGG,IL&FS Engineering and Construction Company Limited,INE369I01014,BZ,25-OCT-2007
IL&FSTRANS,IL&FS Transportation Networks Limited,INE975G01012,BZ,30-MAR-2010
IMAGICAA,Imagicaaworld Entertainment Limited,INE172N01012,EQ,06-APR-2015
IMFA,Indian Metals & Ferro Alloys Limited,INE919H01018,EQ,23-JUL-2010
IMPAL,India Motor Parts and Accessories Limited,INE547E01014,EQ,07-OCT-2005
IMPEXFERRO,Impex Ferro Tech Limited,INE691G01015,BZ,03-FEB-2005
INA,Insolation Energy Limited,INE0LGX01024,EQ,09-MAR-2026
INCREDIBLE,INCREDIBLE INDUSTRIES LIMITED,INE452L01012,EQ,01-JUL-2016
INDBANK,Indbank Merchant Banking Services Limited,INE841B01017,EQ,08-OCT-2008
INDGN,Indegene Limited,INE065X01017,EQ,13-MAY-2024
INDHOTEL,The Indian Hotels Company Limited,INE053A01029,EQ,03-JUL-1996
INDIACEM,The India Cements Limited,INE383A01012,EQ,31-MAY-2000
INDIAGLYCO,India Glycols Limited,INE560A01023,EQ,01-JUL-2005
INDIAMART,Indiamart Intermesh Limited,INE933S01016,EQ,04-JUL-2019
INDIANB,Indian Bank,INE562A01011,EQ,01-MAR-2007
INDIANCARD,Indian Card Clothing Company Limited,INE061A01014,EQ,08-JAN-1997
INDIANHUME,Indian Hume Pipe Company Limited,INE323C01030,EQ,30-AUG-1995
INDIASHLTR,India Shelter Finance Corporation Limited,INE922K01024,EQ,20-DEC-2023
INDIGO,InterGlobe Aviation Limited,INE646L01027,EQ,10-NOV-2015
INDIGOPNTS,Indigo Paints Limited,INE09VQ01012,EQ,02-FEB-2021
INDIQUBE,Indiqube Spaces Limited,INE06ST01018,EQ,30-JUL-2025
INDNIPPON,India Nippon Electricals Limited,INE092B01025,EQ,07-MAY-1997
INDOAMIN,Indo Amines Limited,INE760F01028,BE,29-APR-2022
INDOBORAX,Indo Borax & Chemicals Limited,INE803D01021,EQ,29-MAR-2022
INDOCO,Indoco Remedies Limited,INE873D01024,EQ,14-JAN-2005
INDOFARM,Indo Farm Equipment Limited,INE622H01018,EQ,07-JAN-2025
INDOMIM,INDO-MIM Limited,INE084101034,EQ,30-JUL-2026
INDORAMA,Indo Rama Synthetics (India) Limited,INE156A01020,EQ,20-JUN-2003
INDOSTAR,IndoStar Capital Finance Limited,INE896L01010,EQ,21-MAY-2018
INDOTECH,Indo Tech Transformers Limited,INE332H01014,EQ,16-MAR-2006
INDOTHAI,Indo Thai Securities Limited,INE337M01021,EQ,02-NOV-2011
INDOUS,Indo Us Biotech Limited,INE250Z01010,EQ,27-SEP-2024
INDOWIND,Indowind Energy Limited,INE227G01018,EQ,14-SEP-2007
INDPRUD,Industrial & Prudential Investment Company Limited,INE620D01011,EQ,20-APR-2026
INDRAMEDCO,Indraprastha Medical Corporation Limited,INE681B01017,EQ,17-APR-1997
INDSWFTLAB,Ind-Swift Laboratories Limited,INE915B01019,EQ,02-JUL-1997
INDTERRAIN,Indian Terrain Fashions Limited,INE611L01021,EQ,11-MAR-2011
INDUSINDBK,IndusInd Bank Limited,INE095A01012,EQ,28-JAN-1998
INDUSTOWER,Indus Towers Limited,INE121J01017,EQ,28-DEC-2012
INFOBEAN,InfoBeans Technologies Limited,INE344S01016,EQ,15-JUL-2019
INFOMEDIA,Infomedia Press Limited,INE669A01022,EQ,12-OCT-2006
INFY,Infosys Limited,INE009A01021,EQ,08-FEB-1995
INGERRAND,Ingersoll Rand (India) Limited,INE177A01018,EQ,15-APR-1999
INNOVACAP,Innova Captab Limited,INE0DUT01020,EQ,29-DEC-2023
INNOVANA,Innovana Thinklabs Limited,INE403Y01018,EQ,17-DEC-2024
INNOVISION,Innovision Limited,INE0ADB01012,EQ,23-MAR-2026
INOXGREEN,Inox Green Energy Services Limited,INE510W01014,BE,23-NOV-2022
INOXINDIA,INOX India Limited,INE616N01034,EQ,21-DEC-2023
INOXWIND,Inox Wind Limited,INE066P01011,EQ,09-APR-2015
INSECTICID,Insecticides (India) Limited,INE070I01018,EQ,30-MAY-2007
INSPIRISYS,Inspirisys Solutions Limited,INE020G01017,BE,30-OCT-2006
INTELLECT,Intellect Design Arena Limited,INE306R01017,EQ,18-DEC-2014
INTENTECH,Intense Technologies Limited,INE781A01025,EQ,23-MAR-2017
INTERARCH,Interarch Building Solutions Limited,INE00M901018,EQ,26-AUG-2024
INTLCONV,International Conveyors Limited,INE575C01027,EQ,16-SEP-2021
INVENTURE,Inventure Growth & Securities Limited,INE878H01024,EQ,04-AUG-2011
INVPRECQ,Investment & Precision Castings Limited,INE155E01016,BE,20-APR-2026
IOB,Indian Overseas Bank,INE565A01014,EQ,07-DEC-2000
IOC,Indian Oil Corporation Limited,INE242A01010,EQ,24-JUL-1996
IOLCP,IOL Chemicals and Pharmaceuticals Limited,INE485C01029,EQ,08-NOV-2010
IONEXCHANG,ION Exchange (India) Limited,INE570A01022,EQ,22-FEB-2022
IPCALAB,IPCA Laboratories Limited,INE571A01038,EQ,08-FEB-1995
IPL,India Pesticides Limited,INE0D6701023,EQ,05-JUL-2021
IRB,IRB Infrastructure Developers Limited,INE821I01022,EQ,25-FEB-2008
IRCON,Ircon International Limited,INE962Y01021,EQ,28-SEP-2018
IRCTC,Indian Railway Catering And Tourism Corporation Limited,INE335Y01020,EQ,14-OCT-2019
IREDA,Indian Renewable Energy Development Agency Limited,INE202E01016,EQ,29-NOV-2023
IRFC,Indian Railway Finance Corporation Limited,INE053F01010,EQ,29-JAN-2021
IRIS,IRIS RegTech Solutions Limited,INE864K01010,EQ,08-NOV-2021
IRISDOREME,Iris Clothings Limited,INE01GN01025,EQ,22-FEB-2021
IRMENERGY,IRM Energy Limited,INE07U701015,EQ,26-OCT-2023
ISFT,Intrasoft Technologies Limited,INE566K01011,EQ,12-APR-2010
ISGEC,Isgec Heavy Engineering Limited,INE858B01029,EQ,05-MAY-2021
ISHANCH,Ishan Dyes and Chemicals Limited,INE561M01018,EQ,24-MAR-2025
ITC,ITC Limited,INE154A01025,EQ,23-AUG-1995
ITCHOTELS,ITC Hotels Limited,INE379A01028,EQ,29-JAN-2025
ITDC,India Tourism Development Corporation Limited,INE353K01014,EQ,30-DEC-2016
ITI,ITI Limited,INE248A01017,EQ,15-SEP-2003
IVALUE,Ivalue Infosolutions Limited,INE056801025,EQ,25-SEP-2025
IVC,IL&FS Investment Managers Limited,INE050B01023,EQ,15-SEP-1999
IVP,IVP Limited,INE043C01018,BE,13-SEP-1995
IWP,The Indian Wood Products Company Limited,INE586E01020,EQ,20-APR-2026
IXIGO,Le Travenues Technology Limited,INE0HV901016,EQ,18-JUN-2024
IZMO,IZMO Limited,INE848A01014,EQ,05-FEB-2007
J&KBANK,The Jammu & Kashmir Bank Limited,INE168A01041,EQ,22-JUL-1998
JAGRAN,Jagran Prakashan Limited,INE199G01027,EQ,22-FEB-2006
JAGSNPHARM,Jagsonpal Pharmaceuticals Limited,INE048B01035,EQ,01-MAR-2000
JAIBALAJI,Jai Balaji Industries Limited,INE091G01026,EQ,09-DEC-2003
JAICORPLTD,Jai Corp Limited,INE070D01027,EQ,26-NOV-1997
JAINREC,Jain Resource Recycling Limited,INE0YD401026,EQ,01-OCT-2025
JAIPURKURT,Nandani Creation Limited,INE696V01013,EQ,02-SEP-2021
JAMNAAUTO,Jamna Auto Industries Limited,INE039C01032,EQ,10-DEC-2010
JARO,Jaro Institute of Technology Management and Research Limited,INE00YJ01010,EQ,30-SEP-2025
JASH,Jash Engineering Limited,INE039O01029,EQ,30-OCT-2019
JAYAGROGN,Jayant Agro Organics Limited,INE785A01026,EQ,17-APR-1996
JAYBARMARU,Jay Bharat Maruti Limited,INE571B01036,EQ,03-JAN-1996
JAYKAY,Jaykay Enterprises Limited,INE903A01025,EQ,03-DEC-2025
JAYNECOIND,Jayaswal Neco Industries Limited,INE854B01010,EQ,10-MAY-1995
JAYSREETEA,Jayshree Tea & Industries Limited,INE364A01020,EQ,15-FEB-1995
JBMA,JBM Auto Limited,INE927D01051,EQ,17-DEC-2004
JETFREIGHT,Jet Freight Logistics Limited,INE982V01025,EQ,21-DEC-2021
JGCHEM,J.G.Chemicals Limited,INE0MB501011,EQ,13-MAR-2024
JHS,JHS Svendgaard Laboratories Limited,INE544H01014,EQ,21-OCT-2006
JINDALPHOT,Jindal Photo Limited,INE796G01012,EQ,07-APR-2005
JINDALPOLY,Jindal Poly Films Limited,INE197D01010,EQ,21-JAN-2002
JINDALSAW,Jindal Saw Limited,INE324A01032,EQ,29-APR-2003
JINDALSTEL,JINDAL STEEL LIMITED,INE749A01030,EQ,29-DEC-1999
JINDRILL,Jindal Drilling And Industries Limited,INE742C01031,EQ,22-DEC-2006
JINDWORLD,Jindal Worldwide Limited,INE247D01039,EQ,25-NOV-2010
JIOFIN,Jio Financial Services Limited,INE758E01017,EQ,21-AUG-2023
JISLDVREQS,Jain Irrigation Systems Limited,IN9175A01010,EQ,30-NOV-2011
JISLJALEQS,Jain Irrigation Systems Limited,INE175A01038,EQ,13-AUG-2001
JITFINFRA,JITF Infralogistics Limited,INE863T01013,EQ,27-FEB-2017
JKCEMENT,JK Cement Limited,INE823G01014,EQ,14-MAR-2006
JKIL,J.Kumar Infraprojects Limited,INE576I01022,EQ,12-FEB-2008
JKIPL,Jinkushal Industries Limited,INE1FF001016,EQ,03-OCT-2025
JKLAKSHMI,JK Lakshmi Cement Limited,INE786A01032,EQ,19-JUN-2006
JKPAPER,JK Paper Limited,INE789E01012,EQ,16-JUN-2005
JKTYRE,JK Tyre & Industries Limited,INE573A01042,EQ,19-MAR-2007
JLHL,Jupiter Life Line Hospitals Limited,INE682M01020,EQ,18-SEP-2023
JMA,Jullundur Motor Agency (Delhi) Limited,INE412C01023,EQ,16-MAR-2015
JMFINANCIL,JM Financial Limited,INE780C01023,EQ,10-OCT-2006
JNKINDIA,JNK India Limited,INE0OAF01028,EQ,30-APR-2024
JNPR,Juniper Green Energy Limited,INE05C901015,EQ,06-AUG-2026
JOCIL,Jocil Limited,INE839G01010,BE,08-OCT-2008
JPOLYINVST,Jindal Poly Investment and Finance Company Limited,INE147P01019,EQ,11-NOV-2013
JPPOWER,Jaiprakash Power Ventures Limited,INE351F01018,EQ,18-APR-2005
JSFB,Jana Small Finance Bank Limited,INE953L01027,EQ,14-FEB-2024
JSL,Jindal Stainless Limited,INE220G01021,EQ,17-NOV-2003
JSLL,Jeena Sikho Lifecare Limited,INE0J5801029,EQ,11-AUG-2025
JSWCEMENT,JSW Cement Limited,INE718I01012,EQ,14-AUG-2025
JSWDULUX,JSW Dulux Limited,INE133A01011,EQ,28-JUN-2001
JSWENERGY,JSW Energy Limited,INE121E01018,EQ,04-JAN-2010
JSWHL,JSW Holdings Limited,INE824G01012,EQ,21-JUN-2005
JSWINFRA,JSW Infrastructure Limited,INE880J01026,EQ,03-OCT-2023
JSWSTEEL,JSW Steel Limited,INE019A01038,EQ,23-MAR-2005
JTEKTINDIA,Jtekt India Limited,INE643A01035,EQ,12-JAN-2004
JTLIND,JTL INDUSTRIES LIMITED,INE391J01032,EQ,12-JUN-2023
JUBLCPL,Jubilant Agri and Consumer Products Limited,INE03CC01015,EQ,14-FEB-2025
JUBLFOOD,Jubilant Foodworks Limited,INE797F01020,EQ,08-FEB-2010
JUBLINGREA,Jubilant Ingrevia Limited,INE0BY001018,EQ,19-MAR-2021
JUBLPHARMA,Jubilant Pharmova Limited,INE700A01033,EQ,16-JUN-2003
JUNIPER,Juniper Hotels Limited,INE696F01016,EQ,28-FEB-2024
JUSTDIAL,Just Dial Limited,INE599M01018,EQ,05-JUN-2013
JWL,Jupiter Wagons Limited,INE209L01016,EQ,18-OCT-2010
JYOTHYLAB,Jyothy Labs Limited,INE668F01031,EQ,19-DEC-2007
JYOTICNC,Jyoti CNC Automation Limited,INE980O01024,EQ,16-JAN-2024
JYOTISTRUC,Jyoti Structures Limited,INE197A01024,EQ,19-JUL-1995
KABRAEXTRU,Kabra Extrusion Technik Limited,INE900B01029,EQ,06-SEP-1995
KAJARIACER,Kajaria Ceramics Limited,INE217B01036,EQ,01-JUN-2004
KAKATCEM,Kakatiya Cement Sugar & Industries Limited,INE437B01014,EQ,13-DEC-1995
KALAMANDIR,Sai Silks (Kalamandir) Limited,INE438K01021,EQ,27-SEP-2023
KALPATARU,Kalpataru Limited,INE227J01012,EQ,01-JUL-2025
KALYANI,Kalyani Commercials Limited,INE610E01010,BE,13-FEB-2017
KALYANIFRG,Kalyani Forge Limited,INE314G01014,EQ,20-DEC-2007
KALYANKJIL,Kalyan Jewellers India Limited,INE303R01014,EQ,26-MAR-2021
KAMAHOLD,Kama Holdings Limited,INE411F01010,EQ,20-APR-2026
KAMATHOTEL,Kamat Hotels (I) Limited,INE967C01018,EQ,29-MAY-1996
KAMDHENU,Kamdhenu Limited,INE390H01020,BE,09-MAY-2006
KAMOPAINTS,Kamdhenu Ventures Limited,INE0BTI01037,EQ,24-JAN-2023
KANANIIND,Kanani Industries Limited,INE879E01037,EQ,14-DEC-2011
KANCHI,Kanchi Karpooram Limited,INE081G01019,EQ,20-APR-2026
KANORICHEM,Kanoria Chemicals & Industries Limited,INE138C01024,BE,08-FEB-1995
KANPRPLA,Kanpur Plastipack Limited,INE694E01014,EQ,01-JAN-2021
KANSAINER,Kansai Nerolac Paints Limited,INE531A01024,EQ,15-SEP-2003
KAPSTON,Kapston Services Limited,INE542Z01028,EQ,27-MAY-2020
KARMAENG,Karma Energy Limited,INE725L01011,EQ,28-JUN-2011
KARURVYSYA,Karur Vysya Bank Limited,INE036D01028,EQ,26-JUL-2000
KAUSHALYA,Kaushalya Infrastructure Development Corporation Limited,INE234I01028,BE,14-DEC-2007
KAVDEFENCE,Kavveri Defence & Wireless Technologies Limited,INE641C01019,EQ,29-JAN-2008
KAYA,Kaya Limited,INE587G01015,EQ,14-AUG-2015
KAYNES,Kaynes Technology India Limited,INE918Z01012,EQ,22-NOV-2022
KCP,KCP Limited,INE805C01028,EQ,09-APR-1997
KCPSUGIND,KCP Sugar and Industries Corporation Limited,INE790B01024,BE,11-JUN-1997
KDDL,KDDL Limited,INE291D01011,EQ,23-MAR-2016
KEC,KEC International Limited,INE389H01022,EQ,10-MAR-2006
KECL,Kirloskar Electric Company Limited,INE134B01017,EQ,09-MAR-2010
KEEPLEARN,DSJ Keep Learning Limited,INE055C01020,EQ,01-MAR-1995
KEI,KEI Industries Limited,INE878B01027,EQ,23-MAR-2006
KELLTONTEC,Kellton Tech Solutions Limited,INE164B01030,EQ,02-MAR-2016
KENNAMET,Kennametal India Limited,INE717A01029,EQ,20-APR-2026
KERNEX,Kernex Microsystems (India) Limited,INE202H01019,EQ,20-DEC-2005
KESORAMIND,Kesoram Industries Limited,INE087A01019,BE,06-SEP-1995
KEYFINSERV,Keynote Financial Services Limited,INE681C01015,EQ,26-JUN-1996
KFINTECH,Kfin Technologies Limited,INE138Y01010,EQ,29-DEC-2022
KHADIM,Khadim India Limited,INE834I01025,BE,14-NOV-2017
KHAICHEM,Khaitan Chemicals & Fertilizers Limited,INE745B01028,EQ,30-OCT-2020
KHAITANLTD,Khaitan (India) Limited,INE731C01018,EQ,20-DEC-1995
KHANDSE,Khandwala Securities Limited,INE060B01014,EQ,07-FEB-2001
KICL,Kalyani Investment Company Limited,INE029L01018,EQ,14-JAN-2011
KILITCH,Kilitch Drugs (India) Limited,INE729D01010,BE,29-SEP-2010
KIMS,Krishna Institute of Medical Sciences Limited,INE967H01025,EQ,28-JUN-2021
KINGFA,Kingfa Science & Technology (India) Limited,INE473D01015,EQ,15-NOV-2016
KIOCL,KIOCL Limited,INE880L01014,EQ,29-NOV-2016
KIRANVYPAR,Kiran Vyapar Limited,INE555P01013,EQ,20-APR-2026
KIRIINDUS,Kiri Industries Limited,INE415I01015,EQ,22-APR-2008
KIRLFER,Kirloskar Ferrous Industries Limited,INE884B01025,EQ,20-APR-2026
KIRLOSBROS,Kirloskar Brothers Limited,INE732A01036,EQ,20-APR-2010
KIRLOSENG,Kirloskar Oil Engines Limited,INE146L01010,EQ,24-DEC-2010
KIRLOSIND,Kirloskar Industries Limited,INE250A01039,EQ,24-JUN-2010
KIRLPNU,Kirloskar Pneumatic Company Limited,INE811A01020,EQ,26-APR-2023
KISSHT,OnEMI Technology Solutions Limited,INE12F801023,EQ,08-MAY-2026
KITEX,Kitex Garments Limited,INE602G01020,EQ,25-SEP-2012
KKCL,Kewal Kiran Clothing Limited,INE401H01017,EQ,13-APR-2006
KLBRENG-B,Kilburn Engineering Limited,INE338F01015,EQ,20-APR-2026
KMEW,Knowledge Marine & Engineering Works Limited,INE0CJD01029,EQ,14-NOV-2024
KMSUGAR,K.M.Sugar Mills Limited,INE157H01023,EQ,31-MAY-2007
KNACK,Knack Packaging Limited,INE17QZ01016,EQ,08-JUL-2026
KNAGRI,KN Agri Resources Limited,INE0KNW01016,EQ,09-DEC-2025
KNRCON,KNR Constructions Limited,INE634I01029,EQ,18-FEB-2008
KOHINOOR,Kohinoor Foods Limited,INE080B01012,EQ,20-OCT-1999
KOKUYOCMLN,Kokuyo Camlin Limited,INE760A01029,EQ,28-JUL-2008
KOLTEPATIL,Kolte - Patil Developers Limited,INE094I01018,EQ,13-DEC-2007
KOPRAN,Kopran Limited,INE082A01010,BE,09-JUN-1999
KOTAKBANK,Kotak Mahindra Bank Limited,INE237A01036,EQ,20-DEC-1995
KOTARISUG,Kothari Sugars And Chemicals Limited,INE419A01022,EQ,13-DEC-2004
KOTHARIPET,Kothari Petrochemicals Limited,INE720A01015,EQ,02-NOV-1996
KOTHARIPRO,Kothari Products Limited,INE823A01017,EQ,03-JUN-1998
KOTIC,Kothari Industrial Corporation Limited,INE972A01020,EQ,20-APR-2026
KOTYARK,Kotyark Industries Limited,INE0J0B01017,BE,12-MAR-2026
KOVAI,Kovai Medical Center & Hospital Limited,INE177F01017,EQ,20-APR-2026
KPEL,K.P. Energy Limited,INE127T01021,EQ,14-NOV-2024
KPIGREEN,KPI Green Energy Limited,INE542W01025,EQ,27-JUL-2021
KPIL,Kalpataru Projects International Limited,INE220B01022,EQ,15-DEC-2000
KPITTECH,KPIT Technologies Limited,INE04I401011,EQ,22-APR-2019
KPL,Kwality Pharmaceuticals Limited,INE552U01010,EQ,20-APR-2026
KPRMILL,K.P.R. Mill Limited,INE930H01031,EQ,28-AUG-2007
KRBL,KRBL Limited,INE001B01026,EQ,21-JAN-2002
KREBSBIO,Krebs Biochemicals and Industries Limited,INE268B01013,EQ,03-JAN-1996
KRIDHANINF,Kridhan Infra Limited,INE524L01026,BE,11-DEC-2015
KRISHANA,Krishana Phoschem Limited,INE506W01020,EQ,22-AUG-2019
KRISHIVAL,Krishival Foods Limited,INE0GGO01015,EQ,20-JUN-2025
KRISHNADEF,Krishna Defence And Allied Industries Limited,INE0J5601015,EQ,30-DEC-2025
KRITI,Kriti Industries (India) Limited,INE479D01038,EQ,01-NOV-2021
KRITIKA,Kritika Wires Limited,INE00Z501029,EQ,04-MAY-2022
KRITINUT,Kriti Nutrients Limited,INE798K01010,EQ,07-OCT-2022
KRN,KRN Heat Exchanger and Refrigeration Limited,INE0Q3J01015,EQ,03-OCT-2024
KRONOX,Kronox Lab Sciences Limited,INE0ATZ01017,EQ,10-JUN-2024
KROSS,Kross Limited,INE0O6601022,EQ,16-SEP-2024
KRSNAA,Krsnaa Diagnostics Limited,INE08LI01020,EQ,16-AUG-2021
KRYSTAL,Krystal Integrated Services Limited,INE0QN801017,EQ,21-MAR-2024
KSB,Ksb Limited,INE999A01023,EQ,08-FEB-1995
KSCL,Kaveri Seed Company Limited,INE455I01029,EQ,04-OCT-2007
KSHINTL,KSH International Limited,INE987S01020,EQ,23-DEC-2025
KSHITIJPOL,Kshitij Polyline Limited,INE013801027,EQ,27-JUL-2022
KSL,Kalyani Steels Limited,INE907A01026,EQ,19-MAY-2010
KSOLVES,Ksolves India Limited,INE0D6I01023,EQ,23-SEP-2022
KSR,KSR Footwear Limited,INE1SPP01016,EQ,27-NOV-2025
KTKBANK,The Karnataka Bank Limited,INE614B01018,EQ,10-MAY-2000
KUANTUM,Kuantum Papers Limited,INE529I01021,EQ,23-OCT-2019
KUSUMGAR,Kusumgar Limited,INE0ISX01025,EQ,15-JUL-2026
KWIL,Kwality Wall's (India) Limited,INE2KCE01013,EQ,16-FEB-2026
LAGNAM,Lagnam Spintex Limited,INE548Z01017,EQ,30-SEP-2021
LAHOTIOV,Lahoti Overseas Limited,INE515C01023,EQ,20-APR-2026
LAKPRE,Lakshmi Precision Screws Limited,INE651C01018,BZ,26-SEP-2006
LAL,Lorenzini Apparels Limited,INE740X01023,EQ,10-APR-2023
LALPATHLAB,Dr. Lal Path Labs Ltd.,INE600L01024,EQ,23-DEC-2015
LAMBODHARA,Lambodhara Textiles Limited,INE112F01022,EQ,04-FEB-2015
LANCORHOL,Lancor Holdings Limited,INE572G01025,EQ,12-MAR-2024
LANDMARK,Landmark Cars Limited,INE559R01029,EQ,23-DEC-2022
LANDSMILL,Landsmill Green Limited,INE688J01023,EQ,03-AUG-2009
LAOPALA,La Opala RG Limited,INE059D01020,EQ,16-MAR-2007
LASA,Lasa Supergenerics Limited,INE670X01014,EQ,21-SEP-2017
LASERPOWER,Laser Power & Infra Limited,INE17IR01028,EQ,16-JUL-2026
LATENTVIEW,Latent View Analytics Limited,INE0I7C01011,EQ,23-NOV-2021
LATTEYS,Latteys Industries Limited,INE262Z01023,BE,23-MAY-2023
LAURUSLABS,Laurus Labs Limited,INE947Q01028,EQ,19-DEC-2016
LAXMICOT,Laxmi Cotspin Limited,INE801V01019,EQ,12-NOV-2021
LAXMIDENTL,Laxmi Dental Limited,INE0WO601020,EQ,20-JAN-2025
LAXMIINDIA,Laxmi India Finance Limited,INE06WU01026,BE,05-AUG-2025
LCCINFOTEC,LCC Infotech Limited,INE938A01021,EQ,02-MAR-2000
LCL,Lohia Corp Limited,INE0QJW01029,EQ,30-JUL-2026
LEMERITE,Le Merite Exports Limited,INE0G1L01025,EQ,12-DEC-2025
LEMONTREE,Lemon Tree Hotels Limited,INE970X01018,EQ,09-APR-2018
LENSKART,Lenskart Solutions Limited,INE956O01016,EQ,10-NOV-2025
LEXUS,Lexus Granito (India) Limited,INE500X01013,EQ,13-MAR-2023
LFIC,Lakshmi Finance & Industrial Corporation Limited,INE850E01012,EQ,15-APR-2015
LGBBROSLTD,LG Balakrishnan & Bros Limited,INE337A01034,EQ,30-MAR-2010
LGEINDIA,LG Electronics India Limited,INE324D01010,EQ,14-OCT-2025
LGHL,Laxmi Goldorna House Limited,INE258Y01016,EQ,10-NOV-2023
LIBAS,Libas Consumer Products Limited,INE908V01012,EQ,23-JUL-2019
LIBERTSHOE,Liberty Shoes Limited,INE557B01019,EQ,27-SEP-1995
LICHSGFIN,LIC Housing Finance Limited,INE115A01026,EQ,29-JUL-1998
LICI,Life Insurance Corporation Of India,INE0J1Y01017,EQ,17-MAY-2022
LIKHITHA,Likhitha Infrastructure Limited,INE060901027,EQ,15-OCT-2020
LINC,Linc Limited,INE802B01027,EQ,09-MAR-2015
LINCOLN,Lincoln Pharmaceuticals Limited,INE405C01035,EQ,17-DEC-2015
LINDEINDIA,Linde India Limited,INE473A01011,EQ,16-JUN-1999
LLOYDSENGG,LLOYDS ENGINEERING WORKS LIMITED,INE093R01011,EQ,18-JUL-2016
LLOYDSENT,Lloyds Enterprises Limited,INE080I01025,EQ,17-OCT-2024
LLOYDSME,Lloyds Metals And Energy Limited,INE281B01032,EQ,17-JUL-2023
LMW,LMW Limited,INE269B01029,EQ,29-MAR-1995
LODHA,Lodha Developers Limited,INE670K01029,EQ,19-APR-2021
LOKESHMACH,Lokesh Machines Limited,INE397H01017,BE,05-MAY-2006
LORDSCHLO,Lords Chloro Alkali Limited,INE846D01012,EQ,28-AUG-2023
LOTUSDEV,Sri Lotus Developers and Realty Limited,INE0V9Q01010,BE,06-AUG-2025
LOTUSEYE,Lotus Eye Hospital and Institute Limited,INE947I01017,EQ,11-JUL-2008
LOVABLE,Lovable Lingerie Limited,INE597L01014,EQ,24-MAR-2011
LOYALTEX,Loyal Textile Mills Limited,INE970D01010,EQ,11-AUG-2022
LPDC,Landmark Property Development Company Limited,INE197J01017,EQ,12-AUG-2008
LT,Larsen & Toubro Limited,INE018A01030,EQ,23-JUN-2004
LTF,L&T Finance Limited,INE498L01015,EQ,12-AUG-2011
LTFOODS,LT Foods Limited,INE818H01020,EQ,18-DEC-2006
LTM,LTM Limited,INE214T01019,EQ,21-JUL-2016
LTTS,L&T Technology Services Limited,INE010V01017,EQ,23-SEP-2016
LUMAXIND,Lumax Industries Limited,INE162B01018,EQ,06-SEP-1995
LUMAXTECH,Lumax Auto Technologies Limited,INE872H01027,EQ,16-JAN-2007
LUPIN,Lupin Limited,INE326A01037,EQ,10-SEP-2001
LUXIND,Lux Industries Limited,INE150G01020,EQ,30-NOV-2015
LXCHEM,Laxmi Organic Industries Limited,INE576O01020,EQ,25-MAR-2021
LYKALABS,Lyka Labs Limited,INE933A01014,BE,08-FEB-1995
M&M,Mahindra & Mahindra Limited,INE101A01026,EQ,03-JAN-1996
M&MFIN,Mahindra & Mahindra Financial Services Limited,INE774D01024,EQ,17-MAR-2006
MAANALU,Maan Aluminium Limited,INE215I01027,EQ,22-OCT-2007
MACPOWER,Macpower CNC Machines Limited,INE155Z01011,EQ,19-AUG-2020
MADHAV,Madhav Marbles and Granites Limited,INE925C01016,EQ,20-DEC-2007
MADHAVIPL,Madhav Infra Projects Limited,INE631R01026,EQ,20-APR-2026
MADHUCON,Madhucon Projects Limited,INE378D01032,BE,05-OCT-2006
MADRASFERT,Madras Fertilizers Limited,INE414A01015,EQ,25-JUL-1997
MAFATIND,Mafatlal Industries Limited,INE270B01035,EQ,20-APR-2026
MAGADSUGAR,Magadh Sugar & Energy Limited,INE347W01011,EQ,28-JUL-2017
MAGNUM,Magnum Ventures Limited,INE387I01016,EQ,20-SEP-2007
MAHABANK,Bank of Maharashtra,INE457A01014,EQ,12-APR-2004
MAHAPEXLTD,Maha Rashtra Apex Corporation Limited,INE843B01013,EQ,21-JAN-1998
MAHASTEEL,Mahamaya Steel Industries Limited,INE451L01014,BE,01-JUL-2016
MAHEPC,Mahindra EPC Irrigation Limited,INE215D01010,EQ,14-FEB-2020
MAHESHWARI,Maheshwari Logistics Limited,INE263W01010,BE,15-APR-2019
MAHLIFE,Mahindra Lifespace Developers Limited,INE813A01018,EQ,10-MAY-2000
MAHLOG,Mahindra Logistics Limited,INE766P01016,EQ,10-NOV-2017
MAHSCOOTER,Maharashtra Scooters Limited,INE288A01013,EQ,08-FEB-1995
MAHSEAMLES,Maharashtra Seamless Limited,INE271B01025,EQ,25-AUG-2004
MAITHANALL,Maithan Alloys Limited,INE683C01011,EQ,05-JUL-2011
MAJESAUT,Majestic Auto Limited,INE201B01022,BE,20-APR-2026
MALLCOM,Mallcom (India) Limited,INE389C01015,EQ,02-FEB-2022
MALUPAPER,Malu Paper Mills Limited,INE383H01017,EQ,05-APR-2006
MAMATA,Mamata Machinery Limited,INE0TO701015,EQ,27-DEC-2024
MANAKALUCO,Manaksia Aluminium Company Limited,INE859Q01017,EQ,30-MAR-2015
MANAKCOAT,Manaksia Coated Metals & Industries Limited,INE830Q01018,EQ,30-MAR-2015
MANAKSIA,Manaksia Limited,INE015D01022,EQ,08-JAN-2008
MANAKSTEEL,Manaksia Steels Limited,INE824Q01011,EQ,30-MAR-2015
MANALIPETC,Manali Petrochemicals Limited,INE201A01024,EQ,06-DEC-2006
MANAPPURAM,Manappuram Finance Limited,INE522D01027,EQ,01-DEC-2014
MANBA,Manba Finance Limited,INE939X01013,EQ,30-SEP-2024
MANCREDIT,Mangal Credit and Fincorp Limited,INE545L01039,EQ,16-AUG-2024
MANGALAM,Mangalam Drugs And Organics Limited,INE584F01014,EQ,23-MAY-2005
MANGLMCEM,Mangalam Cement Limited,INE347A01017,EQ,03-JAN-1996
MANINDS,Man Industries (India) Limited,INE993A01026,EQ,24-JUN-2005
MANINFRA,Man Infraconstruction Limited,INE949H01023,EQ,11-MAR-2010
MANIPALHOS,Manipal Health Enterprises Limited,INE459N01021,EQ,05-AUG-2026
MANKIND,Mankind Pharma Limited,INE634S01028,EQ,09-MAY-2023
MANOMAY,Manomay Tex India Limited,INE784W01015,EQ,18-JAN-2023
MANORAMA,Manorama Industries Limited,INE00VM01036,EQ,01-JUL-2022
MANORG,Mangalam Organics Limited,INE370D01013,EQ,02-NOV-2021
MANUGRAPH,Manugraph India Limited,INE867A01022,BE,14-SEP-2006
MANYAVAR,Vedant Fashions Limited,INE825V01034,EQ,16-FEB-2022
MAPMYINDIA,C.E. Info Systems Limited,INE0BV301023,EQ,21-DEC-2021
MARALOVER,Maral Overseas Limited,INE882A01013,BE,08-FEB-1995
MARATHON,Marathon Nextgen Realty Limited,INE182D01020,EQ,29-SEP-2016
MARICO,Marico Limited,INE196A01026,EQ,01-MAY-1996
MARINE,Marine Electricals (India) Limited,INE01JE01028,EQ,02-DEC-2020
MARKOLINES,Markolines Pavement Technologies Limited,INE0FW001016,EQ,14-OCT-2025
MARKSANS,Marksans Pharma Limited,INE750C01026,EQ,21-JAN-2002
MARSONS,Marsons Limited,INE415B01044,EQ,13-MAR-2026
MARUTI,Maruti Suzuki India Limited,INE585B01010,EQ,09-JUL-2003
MASFIN,MAS Financial Services Limited,INE348L01012,EQ,18-OCT-2017
MASKINVEST,Mask Investments Limited,INE885F01015,EQ,14-OCT-2016
MASTEK,Mastek Limited,INE759A01021,EQ,10-MAY-1995
MASTERTR,Master Trust Limited,INE677D01037,EQ,12-NOV-2024
MATRIMONY,Matrimony.Com Limited,INE866R01028,EQ,21-SEP-2017
MAWANASUG,Mawana Sugars Limited,INE636A01039,EQ,20-MAR-2009
MAXESTATES,Max Estates Limited,INE03EI01018,EQ,30-OCT-2023
MAXHEALTH,Max Healthcare Institute Limited,INE027H01010,EQ,21-AUG-2020
MAXIND,Max India Limited,INE0CG601016,EQ,28-AUG-2020
MAYURUNIQ,Mayur Uniquoters Ltd,INE040D01038,EQ,25-SEP-2012
MAZDA,Mazda Limited,INE885E01042,BE,01-NOV-2016
MAZDOCK,Mazagon Dock Shipbuilders Limited,INE249Z01020,EQ,12-OCT-2020
MBAPL,Madhya Bharat Agro Products Limited,INE900L01028,EQ,22-AUG-2019
MBEL,M & B Engineering Limited,INE08N601015,EQ,06-AUG-2025
MBLINFRA,MBL Infrastructure Limited,INE912H01013,EQ,11-JAN-2010
MCCHRLS-B,Mac Charles India Limited,INE435D01014,EQ,20-APR-2026
MCL,M TEK COPPER LIMITED,INE813V01022,EQ,19-AUG-2020
MCLEODRUSS,Mcleod Russel India Limited,INE942G01012,EQ,29-JUL-2005
MCLOUD,Magellanic Cloud Limited,INE613C01026,EQ,07-FEB-2025
MCX,Multi Commodity Exchange of India Limited,INE745G01043,EQ,09-MAR-2012
MEDANTA,Global Health Limited,INE474Q01031,EQ,16-NOV-2022
MEDIASSIST,Medi Assist Healthcare Services Limited,INE456Z01021,EQ,23-JAN-2024
MEDICAMEQ,Medicamen Biotech Limited,INE646B01010,EQ,27-OCT-2021
MEDICO,Medico Remedies Limited,INE630Y01024,EQ,26-MAY-2022
MEDPLUS,Medplus Health Services Limited,INE804L01022,EQ,23-DEC-2021
MEESHO,Meesho Limited,INE0VDM01015,EQ,10-DEC-2025
MEGASTAR,Megastar Foods Limited,INE00EM01016,EQ,16-FEB-2022
MEIL,Mangal Electrical Industries Limited,INE0PKD01011,EQ,28-AUG-2025
MENNPIS,Menon Pistons Limited,INE650G01029,EQ,20-APR-2026
MENONBE,Menon Bearings Limited,INE071D01033,BE,09-MAR-2015
MEP,MEP Infrastructure Developers Limited,INE776I01010,BZ,06-MAY-2015
MERCANTILE,Mercantile Ventures Limited,INE689O01013,EQ,20-APR-2026
MERCURYEV,Mercury Ev-Tech Limited,INE763M01028,EQ,02-JUN-2026
METROBRAND,Metro Brands Limited,INE317I01021,EQ,22-DEC-2021
METROGLOBL,Metroglobal Limited,INE085D01033,EQ,20-APR-2026
METROPOLIS,Metropolis Healthcare Limited,INE112L01020,EQ,15-APR-2019
MFML,Mahalaxmi Fabric Mills Limited,INE0US801024,EQ,27-AUG-2024
MFSL,Max Financial Services Limited,INE180A01020,EQ,17-MAY-2000
MGEL,Mangalam Global Enterprise Limited,INE0APB01032,BE,23-DEC-2020
MGL,Mahanagar Gas Limited,INE002S01010,EQ,01-JUL-2016
MHLXMIRU,Mahalaxmi Rubtech Limited,INE112D01035,EQ,27-JAN-2022
MHRIL,Mahindra Holidays & Resorts India Limited,INE998I01010,EQ,16-JUL-2009
MICEL,MIC Electronics Limited,INE287C01037,BE,17-DEC-2021
MIDHANI,Mishra Dhatu Nigam Limited,INE099Z01011,EQ,04-APR-2018
MIDWESTLTD,Midwest Limited,INE0XAD01024,EQ,24-OCT-2025
MINDACORP,Minda Corporation Limited,INE842C01021,EQ,16-OCT-2014
MINDTECK,Mindteck (India) Limited,INE110B01017,EQ,02-AUG-2016
MIRZAINT,Mirza International Limited,INE771A01026,EQ,28-APR-1999
MITCON,MITCON Consultancy & Engineering Services Limited,INE828O01033,BE,17-MAR-2022
MITTAL,Mittal Life Style Limited,INE997Y01027,EQ,29-APR-2020
MKPL,M K Proteins Limited,INE964W01021,EQ,13-JUN-2023
MMFL,MM Forgings Limited,INE227C01017,EQ,20-DEC-2006
MMP,MMP Industries Limited,INE511Y01018,EQ,09-JAN-2020
MMTC,MMTC Limited,INE123F01029,EQ,09-APR-2012
MMWL,Media Matrix Worldwide Limited,INE200D01020,EQ,20-APR-2026
MOBIKWIK,One Mobikwik Systems Limited,INE0HLU01028,EQ,18-DEC-2024
MODINATUR,Modi Naturals Limited,INE537F01012,BE,11-DEC-2025
MODIRUBBER,Modi Rubber Limited,INE832A01018,EQ,07-FEB-1996
MODIS,Modis Navnirman Limited,INE0L0L01012,EQ,14-NOV-2025
MODISONLTD,MODISON LIMITED,INE737D01021,BE,03-MAY-2021
MODTHREAD,Modern Threads (India) Limited,INE794W01014,EQ,22-NOV-1995
MOHITIND,Mohit Industries Limited,INE954E01012,EQ,14-MAR-2013
MOIL,MOIL Limited,INE490G01020,EQ,15-DEC-2010
MOKSH,Moksh Ornaments Limited,INE514Y01020,EQ,21-MAY-2021
MOL,Meghmani Organics Limited,INE0CT101020,EQ,18-AUG-2021
MOLDTECH,Mold-Tek Technologies Limited,INE835B01035,BE,07-JUL-2016
MOLDTKPAC,Mold-Tek Packaging Limited,INE893J01029,EQ,23-FEB-2015
MONARCH,Monarch Networth Capital Limited,INE903D01011,EQ,06-JAN-2022
MONEYBOXX,Moneyboxx Finance Limited,INE296Q01012,EQ,15-OCT-2025
MONTECARLO,Monte Carlo Fashions Limited,INE950M01013,EQ,19-DEC-2014
MOREPENLAB,Morepen Laboratories Limited,INE083A01026,EQ,24-NOV-1999
MOSCHIP,Moschip Technologies Limited,INE935B01025,EQ,05-FEB-2025
MOTHERSON,Samvardhana Motherson International Limited,INE775A01035,EQ,14-AUG-1996
MOTILALOFS,Motilal Oswal Financial Services Limited,INE338I01027,EQ,11-SEP-2007
MOTISONS,Motisons Jewellers Limited,INE0FRK01020,EQ,26-DEC-2023
MOTOGENFIN,The Motor & General Finance Limited,INE861B01023,BE,08-FEB-1995
MPHASIS,MphasiS Limited,INE356A01018,EQ,04-JUN-2004
MPSLTD,MPS Limited,INE943D01017,EQ,21-JAN-2002
MRF,MRF Limited,INE883A01011,EQ,18-SEP-1996
MRPL,Mangalore Refinery and Petrochemicals Limited,INE103A01014,EQ,07-JAN-2005
MSPL,MSP Steel & Power Limited,INE752G01015,EQ,18-JUL-2005
MSTCLTD,Mstc Limited,INE255X01014,EQ,29-MAR-2019
MSUMI,Motherson Sumi Wiring India Limited,INE0FS801015,EQ,28-MAR-2022
MTARTECH,Mtar Technologies Limited,INE864I01014,BE,15-MAR-2021
MTEDUCARE,MT Educare Limited,INE472M01018,BE,12-APR-2012
MTNL,Mahanagar Telephone Nigam Limited,INE153A01019,EQ,17-FEB-1999
MUFIN,Mufin Green Finance Limited,INE08KJ01020,EQ,06-NOV-2023
MUFTI,Credo Brands Marketing Limited,INE220Q01020,EQ,27-DEC-2023
MUKANDLTD,Mukand Limited,INE304A01026,EQ,23-FEB-2004
MUKKA,Mukka Proteins Limited,INE0CG401037,EQ,07-MAR-2024
MUKTAARTS,Mukta Arts Limited,INE374B01019,BE,12-SEP-2000
MUNJALAU,Munjal Auto Industries Limited,INE672B01032,EQ,19-JUL-2006
MUNJALSHOW,Munjal Showa Limited,INE577A01027,EQ,12-MAY-2003
MURUDCERA,Murudeshwar Ceramics Limited,INE692B01014,EQ,28-MAY-2004
MUTHOOTCAP,Muthoot Capital Services Limited,INE296G01013,EQ,24-AUG-2015
MUTHOOTFIN,Muthoot Finance Limited,INE414G01012,EQ,06-MAY-2011
MUTHOOTMF,Muthoot Microfin Limited,INE046W01019,EQ,26-DEC-2023
MVELECTRO,MV Electrosystems Limited,INE0OWZ01020,EQ,06-AUG-2026
MVGJL,Manoj Vaibhav Gems N Jewellers Limited,INE0KNT01012,EQ,03-OCT-2023
MWL,Mangalam Worldwide Limited,INE0JYY01029,EQ,18-SEP-2025
NACLIND,NACL Industries Limited,INE295D01020,EQ,07-APR-2017
NAGREEKCAP,Nagreeka Capital & Infrastructure Limited,INE245I01016,EQ,18-SEP-2007
NAGREEKEXP,Nagreeka Exports Limited,INE123B01028,EQ,18-JUN-2007
NAHARCAP,Nahar Capital and Financial Services Limited,INE049I01012,EQ,11-MAR-2008
NAHARINDUS,Nahar Industrial Enterprises Limited,INE289A01011,EQ,15-DEC-2005
NAHARPOLY,Nahar Poly Films Limited,INE308A01027,EQ,23-MAR-2007
NAHARSPING,Nahar Spinning Mills Limited,INE290A01027,EQ,23-MAR-2007
NAM-INDIA,Nippon Life India Asset Management Limited,INE298J01013,EQ,06-NOV-2017
NARMADA,Narmada Agrobase Limited,INE117Z01029,EQ,27-OCT-2022
NATCAPSUQ,Natural Capsules Limited,INE936B01015,EQ,14-FEB-2025
NATCOPHARM,Natco Pharma Limited,INE987B01026,EQ,27-DEC-1995
NATHBIOGEN,Nath Bio-Genes (India) Limited,INE448G01010,EQ,28-JAN-2014
NATIONALUM,National Aluminium Company Limited,INE139A01034,EQ,28-APR-1999
NATIONSTD,National Standard (India) Limited,INE166R01015,EQ,20-APR-2026
NAUKRI,Info Edge (India) Limited,INE663F01032,EQ,21-NOV-2006
NAVA,NAVA LIMITED,INE725A01030,EQ,03-APR-1996
NAVINFLUOR,Navin Fluorine International Limited,INE048G01026,EQ,01-JUN-2007
NAVKARCORP,Navkar Corporation Limited,INE278M01019,EQ,09-SEP-2015
NAVKARURB,Navkar Urbanstructure Limited,INE268H01044,BE,17-JAN-2025
NAVNETEDUL,Navneet Education Limited,INE060A01024,EQ,08-FEB-1995
NAZARA,Nazara Technologies Limited,INE418L01047,EQ,30-MAR-2021
NBCC,NBCC (India) Limited,INE095N01031,EQ,12-APR-2012
NBIFIN,N. B. I. Industrial Finance Company Limited,INE365I01020,EQ,23-NOV-2016
NCC,NCC Limited,INE868B01028,EQ,14-OCT-2003
NCLIND,NCL Industries Limited,INE732C01016,EQ,03-APR-2007
NDGL,Naga Dhunseri Group Limited,INE756C01015,EQ,29-AUG-2016
NDL,Nandan Denim Limited,INE875G01048,EQ,23-MAR-2012
NDLVENTURE,NDL Ventures Limited,INE353A01023,EQ,24-APR-2007
NDRAUTO,Ndr Auto Components Limited,INE07OG01012,EQ,30-JUL-2020
NDTV,New Delhi Television Limited,INE155G01029,EQ,19-MAY-2004
NEAGI,Neelamalai Agro Industries Limited,INE605D01012,EQ,20-APR-2026
NECCLTD,North Eastern Carrying Corporation Limited,INE553C01016,BE,02-MAR-2016
NECLIFE,Nectar Lifesciences Limited,INE023H01027,BE,18-JUL-2005
NELCAST,Nelcast Limited,INE189I01024,EQ,27-JUN-2007
NELCO,NELCO Limited,INE045B01015,EQ,28-MAY-2003
NEOGEN,Neogen Chemicals Limited,INE136S01016,EQ,08-MAY-2019
NEPHROPLUS,Nephrocare Health Services Limited,INE428V01029,EQ,17-DEC-2025
NESCO,Nesco Limited,INE317F01035,EQ,08-APR-2008
NESTLEIND,Nestle India Limited,INE239A01024,EQ,01-AUG-2023
NETWEB,Netweb Technologies India Limited,INE0NT901020,EQ,27-JUL-2023
NETWORK18,Network18 Media & Investments Limited,INE870H01013,EQ,02-FEB-2007
NEUEON,Neueon Corporation Limited,INE333I01044,BE,11-SEP-2013
NEULANDLAB,Neuland Laboratories Limited,INE794A01010,EQ,13-OCT-2008
NEWGEN,Newgen Software Technologies Limited,INE619B01017,EQ,29-JAN-2018
NEXTMEDIA,Next Mediaworks Limited,INE747B01016,EQ,04-APR-2001
NFL,National Fertilizers Limited,INE870D01012,EQ,28-DEC-2006
NGIL,Nakoda Group of Industries Limited,INE236Y01012,BE,20-AUG-2021
NGLFINE,NGL Fine-Chem Limited,INE887E01022,EQ,08-JUL-2022
NH,Narayana Hrudayalaya Ltd.,INE410P01011,EQ,06-JAN-2016
NHPC,NHPC Limited,INE848E01016,EQ,01-SEP-2009
NIACL,The New India Assurance Company Limited,INE470Y01017,EQ,13-NOV-2017
NIBE,NIBE Limited,INE149O01018,EQ,07-FEB-2025
NIBL,NRB Industrial Bearings Limited,INE047O01014,EQ,09-APR-2013
NIITLTD,NIIT Limited,INE161A01038,EQ,16-AUG-2004
NIITMTS,NIIT Learning Systems Limited,INE342G01023,EQ,08-AUG-2023
NILAINFRA,Nila Infrastructures Limited,INE937C01029,EQ,21-MAY-2015
NILASPACES,Nila Spaces Limited,INE00S901012,EQ,28-DEC-2018
NILE,Nile Limited,INE445D01013,EQ,20-APR-2026
NILKAMAL,Nilkamal Limited,INE310A01015,EQ,01-NOV-1995
NIMBSPROJ,Nimbus Projects Limited,INE875B01015,EQ,06-APR-2026
NINSYS,NINtec Systems Limited,INE395U01014,EQ,21-FEB-2023
NIPPOBATRY,Indo-National Limited,INE567A01028,EQ,06-OCT-1999
NIRAJ,Niraj Cement Structurals Limited,INE368I01016,BE,01-OCT-2020
NIRAJISPAT,Niraj Ispat Industries Limited,INE326T01011,EQ,27-OCT-2016
NIRLON,Nirlon Limited,INE910A01012,EQ,20-APR-2026
NITCO,Nitco Limited,INE858F01012,EQ,21-MAR-2006
NITINSPIN,Nitin Spinners Limited,INE229H01012,EQ,02-FEB-2006
NITIRAJ,Nitiraj Engineers Limited,INE439T01012,EQ,22-APR-2021
NITTAGELA,Nitta Gelatin India Limited,INE265B01019,EQ,20-APR-2026
NIVABUPA,Niva Bupa Health Insurance Company Limited,INE995S01015,EQ,14-NOV-2024
NKIND,NK Industries Limited,INE542C01019,EQ,07-JUL-1995
NLCINDIA,NLC India Limited,INE589A01014,EQ,23-AUG-2000
NMDC,NMDC Limited,INE584A01023,EQ,03-MAR-2008
NOCIL,NOCIL Limited,INE163A01018,EQ,17-JAN-1996
NOIDATOLL,Noida Toll Bridge Company Limited,INE781B01015,BE,06-DEC-2002
NORBTEAEXP,Norben Tea & Exports Limited,INE369C01017,EQ,26-JUN-1996
NORTHARC,Northern Arc Capital Limited,INE850M01015,EQ,24-SEP-2024
NOVAAGRI,Nova Agritech Limited,INE02H701025,BE,31-JAN-2024
NOVARTIND,Novartis India Limited,INE234A01025,EQ,20-APR-2026
NPST,Network People Services Technologies Limited,INE0FFK01017,EQ,30-APR-2025
NRAIL,N R Agarwal Industries Limited,INE740D01017,EQ,05-APR-2017
NRBBEARING,NRB Bearing Limited,INE349A01021,EQ,08-MAR-2000
NRL,Nupur Recyclers Limited,INE0JM501013,BE,12-JAN-2023
NSIL,Nalwa Sons Investments Limited,INE023A01030,EQ,17-NOV-2003
NSLNISP,NMDC Steel Limited,INE0NNS01018,EQ,20-FEB-2023
NTPC,NTPC Limited,INE733E01010,EQ,05-NOV-2004
NTPCGREEN,NTPC Green Energy Limited,INE0ONG01011,EQ,27-NOV-2024
NUCLEUS,Nucleus Software Exports Limited,INE096B01018,EQ,19-DEC-2002
NURECA,Nureca Limited,INE0DSF01015,BE,25-FEB-2021
NUVAMA,Nuvama Wealth Management Limited,INE531F01023,EQ,26-SEP-2023
NUVOCO,Nuvoco Vistas Corporation Limited,INE118D01016,EQ,23-AUG-2021
NYKAA,FSN E-Commerce Ventures Limited,INE388Y01029,EQ,10-NOV-2021
OAL,Oriental Aromatics Limited,INE959C01023,EQ,11-JUL-2019
OBCL,OBCL Limited,INE426Z01016,EQ,07-APR-2022
OBEROIRLTY,Oberoi Realty Limited,INE093I01010,EQ,20-OCT-2010
OCCLLTD,OCCL Limited,INE0PK601023,BE,29-OCT-2024
ODIGMA,Odigma Consultancy Solutions Limited,INE054301028,EQ,12-DEC-2024
OFSS,Oracle Financial Services Software Limited,INE881D01027,EQ,28-JUN-2002
OIL,Oil India Limited,INE274J01014,EQ,30-SEP-2009
OILCOUNTUB,Oil Country Tubular Limited,INE591A01010,BE,30-AUG-1995
OLAELEC,Ola Electric Mobility Limited,INE0LXG01040,EQ,09-AUG-2024
OLECTRA,Olectra Greentech Limited,INE260D01016,EQ,20-MAR-2002
OMAXAUTO,Omax Autos Limited,INE090B01011,EQ,20-FEB-2003
OMAXE,Omaxe Limited,INE800H01010,EQ,09-AUG-2007
OMFREIGHT,Om Freight Forwarders Limited,INE1BZC01019,BE,08-OCT-2025
OMINFRAL,OM INFRA LIMITED,INE239D01028,EQ,17-JUN-2011
OMNI,Omnitech Engineering Limited,INE0UH301010,EQ,05-MAR-2026
OMPOWER,Om Power Transmission Limited,INE25E901019,EQ,17-APR-2026
ONELIFECAP,Onelife Capital Advisors Limited,INE912L01015,BE,17-OCT-2011
ONEPOINT,One Point One Solutions Limited,INE840Y01029,EQ,09-MAY-2019
ONESOURCE,Onesource Specialty Pharma Limited,INE013P01021,EQ,24-JAN-2025
ONGC,Oil & Natural Gas Corporation Limited,INE213A01029,EQ,19-JUL-1995
ONIDA,Onida Electronics Limited,INE831A01028,EQ,24-MAY-2004
ONMOBILE,OnMobile Global Limited,INE809I01019,BE,19-FEB-2008
ONWARDTEC,Onward Technologies Limited,INE229A01017,EQ,07-MAR-2001
OPTIEMUS,Optiemus Infracom Limited,INE350C01017,EQ,08-AUG-2017
ORBTEXP,Orbit Exports Limited,INE231G01010,BE,05-NOV-2013
ORCHASP,Orchasp Limited,INE215B01022,EQ,07-FEB-2025
ORCHPHARMA,Orchid Pharma Limited,INE191A01027,EQ,02-NOV-2020
ORICONENT,Oricon Enterprises Limited,INE730A01022,EQ,24-JUL-2015
ORIENTALTL,Oriental Trimex Limited,INE998H01012,EQ,07-MAR-2007
ORIENTBELL,Orient Bell Limited,INE607D01018,EQ,14-FEB-2007
ORIENTCEM,Orient Cement Limited,INE876N01018,EQ,12-JUL-2013
ORIENTCER,ORIENT CERATECH LIMITED,INE569C01020,EQ,15-DEC-2005
ORIENTELEC,Orient Electric Limited,INE142Z01019,EQ,14-MAY-2018
ORIENTHOT,Oriental Hotels Limited,INE750A01020,EQ,27-AUG-1998
ORIENTLTD,Orient Press Limited,INE609C01024,BE,03-MAR-2010
ORIENTPPR,Orient Paper & Industries Limited,INE592A01026,EQ,29-MAR-1995
ORIENTTECH,Orient Technologies Limited,INE0PPK01015,EQ,28-AUG-2024
ORISSAMINE,The Orissa Minerals Development Company Limited,INE725E01024,EQ,29-SEP-2010
ORKLAINDIA,Orkla India Limited,INE16NZ01023,EQ,06-NOV-2025
ORTINGLOBE,ORTIN GLOBAL LIMITED,INE749B01020,EQ,30-MAR-2021
OSIAHYPER,Osia Hyper Retail Limited,INE06IR01021,BE,01-DEC-2022
OSWALAGRO,Oswal Agro Mills Limited,INE142A01012,EQ,29-MAR-1995
OSWALGREEN,Oswal Greentech Limited,INE143A01010,EQ,28-AUG-1996
OSWALPUMPS,Oswal Pumps Limited,INE0BYP01024,EQ,20-JUN-2025
OSWALSEEDS,ShreeOswal Seeds And Chemicals Limited,INE00IK01029,EQ,28-FEB-2023
PACEDIGITK,Pace Digitek Limited,INE0S3G01027,EQ,06-OCT-2025
PAGEIND,Page Industries Limited,INE761H01022,EQ,16-MAR-2007
PAISALO,Paisalo Digital Limited,INE420C01059,EQ,17-OCT-2011
PAKKA,PAKKA LIMITED,INE551D01018,EQ,11-JUL-2023
PALASHSECU,Palash Securities Limited,INE471W01019,EQ,28-JUL-2017
PALREDTEC,Palred Technologies Limited,INE218G01033,BE,09-MAY-2016
PANACEABIO,Panacea Biotec Limited,INE922B01023,EQ,17-APR-1996
PANACHE,Panache Digilife Limited,INE895W01019,BE,06-JAN-2020
PANAMAPET,Panama Petrochem Limited,INE305C01029,EQ,30-SEP-2011
PANSARI,Pansari Developers Limited,INE697V01011,EQ,18-OCT-2021
PAR,Par Drugs And Chemicals Limited,INE04LG01015,EQ,16-SEP-2021
PARACABLES,Paramount Communications Limited,INE074B01023,EQ,03-JAN-2007
PARADEEP,Paradeep Phosphates Limited,INE088F01024,EQ,27-MAY-2022
PARAGMILK,Parag Milk Foods Limited,INE883N01014,EQ,19-MAY-2016
PARAS,Paras Defence and Space Technologies Limited,INE045601023,EQ,01-OCT-2021
PARASPETRO,Paras Petrofils Limited,INE162C01024,EQ,14-FEB-1996
PARKHOSPS,Park Medi World Limited,INE119201023,EQ,17-DEC-2025
PARKHOTELS,Apeejay Surrendra Park Hotels Limited,INE988S01028,EQ,12-FEB-2024
PARSVNATH,Parsvnath Developers Limited,INE561H01026,BE,30-NOV-2006
PASHUPATI,Pashupati Cotspin Limited,INE124Y01028,EQ,17-JUL-2025
PASUPTAC,Pasupati Acrylon Limited,INE818B01023,BE,12-OCT-2021
PATANJALI,Patanjali Foods Limited,INE619A01035,EQ,24-JAN-2020
PATELENG,Patel Engineering Limited,INE244B01030,EQ,24-FEB-2005
PATELRMART,Patel Retail Limited,INE0R8B01010,EQ,26-AUG-2025
PATINTLOG,Patel Integrated Logistics Limited,INE529D01014,BE,11-JAN-2008
PAUSHAKLTD,Paushak Limited,INE111F01024,EQ,01-DEC-2025
PAVNAIND,Pavna Industries Limited,INE07S101038,EQ,01-JUN-2023
PAYTM,One 97 Communications Limited,INE982J01020,EQ,18-NOV-2021
PCBL,PCBL Chemical Limited,INE602A01031,EQ,29-MAR-1995
PCJEWELLER,PC Jeweller Limited,INE785M01021,EQ,27-DEC-2012
PDMJEPAPER,Pudumjee Paper Products Limited,INE865T01018,EQ,30-MAR-2016
PDSL,PDS Limited,INE111Q01021,EQ,21-OCT-2014
PEARLPOLY,Pearl Polymers Limited,INE844A01013,EQ,11-OCT-1995
PENIND,Pennar Industries Limited,INE932A01024,EQ,25-NOV-2010
PENINLAND,Peninsula Land Limited,INE138A01028,BE,08-FEB-1995
PERSISTENT,Persistent Systems Limited,INE262H01021,EQ,06-APR-2010
PETRONET,Petronet LNG Limited,INE347G01014,EQ,26-MAR-2004
PFC,Power Finance Corporation Limited,INE134E01011,EQ,23-FEB-2007
PFIZER,Pfizer Limited,INE182A01018,EQ,28-APR-1999
PFOCUS,Prime Focus Limited,INE367G01038,EQ,20-JUN-2006
PFS,PTC India Financial Services Limited,INE560K01014,EQ,30-MAR-2011
PGEL,PG Electroplast Limited,INE457L01029,EQ,26-SEP-2011
PGHH,Procter & Gamble Hygiene and Health Care Limited,INE179A01014,EQ,07-JUL-2004
PGHL,Procter & Gamble Health Limited,INE199A01012,EQ,24-APR-1996
PGIL,Pearl Global Industries Limited,INE940H01022,EQ,15-FEB-2007
PHOENIXLTD,The Phoenix Mills Limited,INE211B01039,EQ,23-APR-2007
PICCADIL,Piccadily Agro Industries Limited,INE546C01010,EQ,02-JUL-2025
PIDILITIND,Pidilite Industries Limited,INE318A01026,EQ,29-MAR-1995
PIGL,Power & Instrumentation (Gujarat) Limited,INE557Z01018,EQ,17-MAY-2023
PIIND,PI Industries Limited,INE603J01030,EQ,15-JUN-2011
PILANIINVS,Pilani Investment and Industries Corporation Limited,INE417C01014,EQ,08-DEC-2015
PILITA,PIL ITALICA LIFESTYLE LIMITED,INE600A01035,EQ,07-OCT-2013
PINELABS,Pine Labs Limited,INE15B701018,EQ,14-NOV-2025
PIONEEREMB,Pioneer Embroideries Limited,INE156C01018,EQ,16-MAY-2006
PIONRINV,Pioneer Investcorp Limited,INE746D01014,BE,20-APR-2026
PIRAMALFIN,Piramal Finance Limited,INE202B01038,EQ,07-NOV-2025
PITTIENG,Pitti Engineering Limited,INE450D01021,EQ,02-FEB-2007
PIXTRANS,Pix Transmissions Limited,INE751B01018,EQ,28-APR-2022
PKTEA,The Peria Karamalai Tea & Produce Company Limited,INE431F01018,EQ,19-AUG-2015
PLASTIBLEN,Plastiblends India Limited,INE083C01022,EQ,28-DEC-2006
PLATIND,Platinum Industries Limited,INE0PT501018,EQ,05-MAR-2024
PLAZACABLE,Plaza Wires Limited,INE0INJ01017,EQ,12-OCT-2023
PML,Paul Merchants Limited,INE291E01019,EQ,20-APR-2026
PNB,Punjab National Bank,INE160A01022,EQ,24-APR-2002
PNBGILTS,PNB Gilts Limited,INE859A01011,EQ,18-SEP-2000
PNBHOUSING,PNB Housing Finance Limited,INE572E01012,EQ,07-NOV-2016
PNC,Pritish Nandy Communications Limited,INE392B01011,EQ,11-DEC-2000
PNCINFRA,PNC Infratech Limited,INE195J01029,EQ,26-MAY-2015
PNGJL,P N Gadgil Jewellers Limited,INE953R01016,EQ,17-SEP-2024
PNGSREVA,PNGS Reva Diamond Jewellery Limited,INE1RDG01013,EQ,04-MAR-2026
POCL,Pondy Oxides & Chemicals Limited,INE063E01061,EQ,06-MAR-2023
PODDARMENT,Poddar Pigments Limited,INE371C01013,EQ,22-NOV-2016
POKARNA,Pokarna Limited,INE637C01025,EQ,07-JUL-2016
POLICYBZR,PB Fintech Limited,INE417T01026,EQ,15-NOV-2021
POLYCAB,Polycab India Limited,INE455K01017,EQ,16-APR-2019
POLYMED,Poly Medicure Limited,INE205C01021,EQ,07-DEC-2011
POLYPLEX,Polyplex Corporation Limited,INE633B01018,EQ,11-APR-2003
PONNIERODE,Ponni Sugars (Erode) Limited,INE838E01017,EQ,16-APR-2002
POONAWALLA,Poonawalla Fincorp Limited,INE511C01022,EQ,27-APR-2004
POWERGRID,Power Grid Corporation of India Limited,INE752E01010,EQ,05-OCT-2007
POWERICA,Powerica Limited,INE921L01032,EQ,02-APR-2026
POWERINDIA,Hitachi Energy India Limited,INE07Y701011,EQ,30-MAR-2020
POWERMECH,Power Mech Projects Limited,INE211R01019,EQ,26-AUG-2015
PPAP,PPAP Automotive Limited,INE095I01015,BE,11-JAN-2008
PPL,Prakash Pipes Limited,INE050001010,BE,14-JUN-2019
PPLPHARMA,Piramal Pharma Limited,INE0DK501011,EQ,19-OCT-2022
PRABHA,Prabha Energy Limited,INE0I0M01023,EQ,19-MAR-2025
PRADPME,Pradeep Metals Limited,INE770A01010,BE,20-APR-2026
PRAENG,Prajay Engineers Syndicate Limited,INE505C01016,EQ,02-JAN-2007
PRAJIND,Praj Industries Limited,INE074A01025,EQ,11-OCT-1995
PRAKASH,Prakash Industries Limited,INE603A01013,EQ,10-MAY-1995
PRAKASHSTL,Prakash Steelage Limited,INE696K01024,EQ,25-AUG-2010
PRAVEG,Praveg Limited,INE722B01019,EQ,20-APR-2026
PRAXIS,Praxis Home Retail Limited,INE546Y01022,EQ,31-JAN-2018
PRECAM,Precision Camshafts Limited,INE484I01029,EQ,08-FEB-2016
PRECOT,Precot Limited,INE283A01014,EQ,19-AUG-2005
PRECWIRE,Precision Wires India Limited,INE372C01037,EQ,06-SEP-1995
PREMCO,Premco Global Limited,INE001E01012,EQ,20-APR-2026
PREMEXPLN,Premier Explosives Limited,INE863B01029,EQ,17-JUN-2016
PREMIER,Premier Limited,INE342A01018,BE,03-APR-1996
PREMIERENE,Premier Energies Limited,INE0BS701011,EQ,03-SEP-2024
PREMIERPOL,Premier Polyfilm Limited,INE309M01020,EQ,13-DEC-1995
PRESTIGE,Prestige Estates Projects Limited,INE811K01011,EQ,27-OCT-2010
PRICOLLTD,Pricol Limited,INE726V01018,EQ,10-FEB-2017
PRIMESECU,Prime Securities Limited,INE032B01021,EQ,17-JUN-2005
PRIMO,Primo Chemicals Limited,INE607A01022,EQ,22-APR-2025
PRINCEPIPE,Prince Pipes And Fittings Limited,INE689W01016,EQ,30-DEC-2019
PRITI,Priti International Limited,INE974Z01015,BE,02-MAR-2022
PRITIKAUTO,Pritika Auto Industries Limited,INE583R01029,BE,10-AUG-2021
PRIVISCL,Privi Speciality Chemicals Limited,INE959A01019,EQ,08-MAY-2015
PROSTARM,Prostarm Info Systems Limited,INE0BX301013,EQ,03-JUN-2025
PROTEAN,Protean eGov Technologies Limited,INE004A01022,EQ,06-FEB-2025
PROZONER,Prozone Realty Limited,INE195N01013,EQ,12-SEP-2012
PRSMJOHNSN,Prism Johnson Limited,INE010A01011,EQ,20-AUG-2003
PRUDENT,Prudent Corporate Advisory Services Limited,INE00F201020,EQ,20-MAY-2022
PRUDMOULI,Prudential Sugar Corporation Limited,INE024D01016,BE,10-MAY-1995
PSB,Punjab & Sind Bank,INE608A01012,EQ,30-DEC-2010
PSPPROJECT,PSP Projects Limited,INE488V01015,EQ,29-MAY-2017
PTC,PTC India Limited,INE877F01012,EQ,07-APR-2004
PTCIL,PTC Industries Limited,INE596F01018,EQ,09-JUN-2023
PTL,PTL Enterprises Limited,INE034D01049,EQ,29-JAN-2007
PUNJABCHEM,Punjab Chemicals & Crop Protection Limited,INE277B01014,EQ,08-MAR-2007
PURVA,Puravankara Limited,INE323I01011,EQ,30-AUG-2007
PVP,PVP Ventures Limited,INE362A01016,EQ,03-APR-1996
PVRINOX,PVR INOX Limited,INE191H01014,EQ,04-JAN-2006
PVSL,Popular Vehicles and Services Limited,INE772T01024,EQ,19-MAR-2024
PWL,Physicswallah Limited,INE0LP301011,EQ,18-NOV-2025
PYRAMID,Pyramid Technoplast Limited,INE0MIS01010,EQ,29-AUG-2023
QMSMEDI,QMS Medical Allied Services Limited,INE0FMW01018,EQ,18-JUN-2026
QPOWER,Quality Power Electrical Equipments Limited,INE0SII01026,EQ,24-FEB-2025
QUADFUTURE,Quadrant Future Tek Limited,INE0LRY01011,EQ,14-JAN-2025
QUESS,Quess Corp Limited,INE615P01015,EQ,12-JUL-2016
QUICKHEAL,Quick Heal Technologies Limited,INE306L01010,BE,18-FEB-2016
QUINT,Quint Digital Limited,INE641R01017,EQ,20-APR-2026
RACE,Race Eco Chain Limited,INE084Q01012,EQ,09-MAY-2023
RACLGEAR,RACL Geartech Limited,INE704B01017,EQ,27-NOV-2024
RADAAN,Radaan Mediaworks India Limited,INE874F01027,EQ,27-FEB-2003
RADHIKAJWE,Radhika Jeweltech Limited,INE583V01021,EQ,18-JUL-2022
RADIANTCMS,Radiant Cash Management Services Limited,INE855R01021,EQ,04-JAN-2023
RADICO,Radico Khaitan Limited,INE944F01028,EQ,18-JUN-2003
RADIOCITY,Music Broadcast Limited,INE919I01024,EQ,17-MAR-2017
RAILTEL,Railtel Corporation Of India Limited,INE0DD101019,EQ,26-FEB-2021
RAIN,Rain Industries Limited,INE855B01025,EQ,03-MAR-2008
RAINBOW,Rainbow Childrens Medicare Limited,INE961O01016,EQ,10-MAY-2022
RAJESHEXPO,Rajesh Exports Limited,INE343B01030,BZ,09-FEB-2000
RAJMET,Rajnandini Metal Limited,INE00KV01022,EQ,16-FEB-2021
RAJOOENG,Rajoo Engineers Limited,INE535F01024,BE,29-MAY-2025
RAJPALAYAM,Rajapalayam Mills Limited,INE296E01026,EQ,20-APR-2026
RAJRATAN,Rajratan Global Wire Limited,INE451D01029,EQ,22-MAY-2020
RAJRILTD,Raj Rayon Industries Limited,INE533D01032,BE,16-MAR-2022
RAJSREESUG,Rajshree Sugars & Chemicals Limited,INE562B01019,EQ,29-MAR-1995
RAJTV,Raj Television Network Limited,INE952H01027,EQ,16-MAR-2007
RALLIS,Rallis India Limited,INE613A01020,EQ,01-APR-1999
RAMANEWS,Shree Rama Newsprint Limited,INE278B01020,EQ,20-SEP-2006
RAMAPHO,Rama Phosphates Limited,INE809A01032,EQ,05-AUG-2022
RAMASTEEL,Rama Steel Tubes Limited,INE230R01035,BE,19-AUG-2015
RAMBHAJO,Advit Jewels Limited,INE1SJO01012,EQ,01-JUL-2026
RAMCOCEM,The Ramco Cements Limited,INE331A01037,EQ,09-APR-1997
RAMCOIND,Ramco Industries Limited,INE614A01028,EQ,06-NOV-1996
RAMCOSYS,Ramco Systems Limited,INE246B01019,EQ,12-APR-2000
RAMKY,Ramky Infrastructure Limited,INE874I01013,EQ,08-OCT-2010
RAMRAT,Ram Ratna Wires Limited,INE207E01023,EQ,29-JUL-2022
RANASUG,Rana Sugars Limited,INE625B01014,EQ,24-FEB-2005
RANEHOLDIN,Rane Holdings Limited,INE384A01010,EQ,24-SEP-1997
RATEGAIN,Rategain Travel Technologies Limited,INE0CLI01024,EQ,17-DEC-2021
RATNAMANI,Ratnamani Metals & Tubes Limited,INE703B01027,EQ,09-MAY-2006
RATNAVEER,Ratnaveer Precision Engineering Limited,INE05CZ01011,EQ,11-SEP-2023
RAYMOND,Raymond Limited,INE301A01014,EQ,18-OCT-1995
RAYMONDLSL,Raymond Lifestyle Limited,INE02ID01020,EQ,05-SEP-2024
RAYMONDREL,Raymond Realty Limited,INE1SY401010,EQ,01-JUL-2025
RBA,Restaurant Brands Asia Limited,INE07T201019,EQ,14-DEC-2020
RBLBANK,RBL Bank Limited,INE976G01028,EQ,31-AUG-2016
RBZJEWEL,RBZ Jewellers Limited,INE0PEQ01016,EQ,27-DEC-2023
RCF,Rashtriya Chemicals and Fertilizers Limited,INE027A01015,EQ,07-JAN-1998
RCOM,Reliance Communications Limited,INE330H01018,BE,06-MAR-2006
RECLTD,REC Limited,INE020B01018,EQ,12-MAR-2008
REDINGTON,Redington Limited,INE891D01026,EQ,15-FEB-2007
REDTAPE,Redtape Limited,INE0LXT01019,EQ,11-AUG-2023
REFEX,Refex Industries Limited,INE056I01025,EQ,03-DEC-2009
REGAAL,Regaal Resources Limited,INE0MHO01029,BE,20-AUG-2025
REGENCERAM,Regency Ceramics Limited,INE277C01012,EQ,05-JUN-1996
RELAXO,Relaxo Footwears Limited,INE131B01039,EQ,17-JUN-2011
RELCHEMQ,Reliance Chemotex Industries Limited,INE750D01016,EQ,25-MAY-2022
RELIABLE,Reliable Data Services Limited,INE375Y01018,EQ,10-JUL-2024
RELIANCE,Reliance Industries Limited,INE002A01018,EQ,29-NOV-1995
RELIGARE,Religare Enterprises Limited,INE621H01010,EQ,21-NOV-2007
RELINFRA,Reliance Infrastructure Limited,INE036A01016,BE,08-FEB-1995
RELTD,Ravindra Energy Limited,INE206N01018,EQ,30-JUL-2024
REMSONSIND,Remsons Industries Limited,INE474C01023,EQ,31-JAN-1996
RENUKA,Shree Renuka Sugars Limited,INE087H01022,EQ,31-OCT-2005
REPCOHOME,Repco Home Finance Limited,INE612J01015,EQ,01-APR-2013
REPL,Rudrabhishek Enterprises Limited,INE364Z01019,BE,14-DEC-2020
REPRO,Repro India Limited,INE461B01014,EQ,22-DEC-2005
RESPONIND,Responsive Industries Limited,INE688D01026,EQ,29-OCT-2010
RETAIL,JHS Svendgaard Retail Ventures Limited,INE03DD01011,EQ,26-JUN-2024
RGL,Renaissance Global Limited,INE722H01024,EQ,12-DEC-2007
RHETAN,Rhetan TMT Limited,INE0KKN01029,EQ,26-SEP-2025
RHFL,Reliance Home Finance Limited,INE217K01011,BZ,22-SEP-2017
RHIM,RHI MAGNESITA INDIA LIMITED,INE743M01012,EQ,12-MAR-2012
RHL,Robust Hotels Limited,INE508K01013,EQ,25-APR-2023
RICOAUTO,Rico Auto Industries Limited,INE209B01025,EQ,12-MAY-2003
RIIL,Reliance Industrial Infrastructure Limited,INE046A01015,EQ,29-NOV-1995
RIR,RIR Power Electronics Limited,INE302D01024,EQ,16-JUL-2026
RISHABH,Rishabh Instruments Limited,INE0N2P01017,EQ,11-SEP-2023
RITCO,Ritco Logistics Limited,INE01EG01016,EQ,12-APR-2022
RITES,RITES Limited,INE320J01015,EQ,02-JUL-2018
RKDL,Ravi Kumar Distilleries Limited,INE722J01012,EQ,27-DEC-2010
RKEC,RKEC Projects Limited,INE786W01010,EQ,18-DEC-2020
RKFORGE,Ramkrishna Forgings Limited,INE399G01023,EQ,05-MAY-2004
RKSWAMY,R K Swamy Limited,INE0NQ801033,EQ,12-MAR-2024
RMC,RMC Switchgears Limited,INE655V01019,EQ,01-APR-2026
RMDRIP,R M Drip and Sprinklers Systems Limited,INE219Y01026,BE,30-JUL-2025
RML,Rane (Madras) Limited,INE050H01012,EQ,30-AUG-2005
RNBDENIMS,R&B Denims Limited,INE012Q01039,EQ,04-SEP-2025
ROHLTD,Royal Orchid Hotels Limited,INE283H01019,EQ,06-FEB-2006
ROLEXRINGS,Rolex Rings Limited,INE645S01024,EQ,09-AUG-2021
ROLLT,Rollatainers Limited,INE927A01040,BE,22-NOV-2016
ROML,Raj Oil Mills Limited,INE294G01026,EQ,06-OCT-2020
ROSSARI,Rossari Biotech Limited,INE02A801020,EQ,23-JUL-2020
ROSSELLIND,Rossell India Limited,INE847C01020,EQ,25-SEP-2012
ROSSTECH,Rossell Techsys Limited,INE0OJW01016,EQ,09-DEC-2024
ROTO,Roto Pumps Limited,INE535D01037,EQ,21-APR-2022
ROUTE,ROUTE MOBILE LIMITED,INE450U01017,EQ,21-SEP-2020
RPEL,Raghav Productivity Enhancers Limited,INE912T01018,EQ,08-AUG-2024
RPGLIFE,RPG Life Sciences Limited,INE105J01010,EQ,10-JUN-2008
RPOWER,Reliance Power Limited,INE614G01033,EQ,11-FEB-2008
RPPINFRA,R.P.P. Infra Projects Limited,INE324L01013,EQ,06-DEC-2010
RPPL,Rajshree Polypack Limited,INE760W01023,BE,26-NOV-2021
RPSGVENT,RPSG VENTURES LIMITED,INE425Y01011,EQ,25-JAN-2019
RPTECH,Rashi Peripherals Limited,INE0J1F01024,EQ,14-FEB-2024
RRIL,RRIL Limited,INE951M01037,EQ,20-APR-2026
RRKABEL,R R Kabel Limited,INE777K01022,EQ,20-SEP-2023
RSDFIN,RSD Finance Limited,INE616F01022,BE,20-APR-2026
RSL,Rajputana Stainless Limited,INE313L01016,EQ,19-MAR-2026
RSSOFTWARE,R. S. Software (India) Limited,INE165B01029,EQ,19-MAY-1999
RSWM,RSWM Limited,INE611A01016,BE,15-FEB-1995
RSYSTEMS,R Systems International Limited,INE411H01032,EQ,26-APR-2006
RTNINDIA,RattanIndia Enterprises Limited,INE834M01019,EQ,30-JUL-2012
RTNPOWER,RattanIndia Power Limited,INE399K01017,EQ,30-OCT-2009
RUBFILA,Rubfila International Limited,INE642C01025,EQ,08-AUG-2024
RUBICON,Rubicon Research Limited,INE506V01022,EQ,16-OCT-2025
RUBYMILLS,The Ruby Mills Limited,INE301D01026,BE,29-MAR-1995
RUCHINFRA,Ruchi Infrastructure Limited,INE413B01023,EQ,16-OCT-1996
RUCHIRA,Ruchira Papers Limited,INE803H01014,EQ,20-DEC-2006
RUDRA,Rudra Global Infra Products Limited,INE027T01023,EQ,19-DEC-2025
RUPA,Rupa & Company Limited,INE895B01021,EQ,07-DEC-2011
RUSHIL,Rushil Decor Limited,INE573K01025,EQ,07-JUL-2011
RUSTOMJEE,Keystone Realtors Limited,INE263M01029,EQ,24-NOV-2022
RVHL,Ravinder Heights Limited,INE09E501017,EQ,18-DEC-2020
RVNL,Rail Vikas Nigam Limited,INE415G01027,EQ,11-APR-2019
RVTH,Revathi Equipment India Limited,INE0DAB01012,EQ,11-SEP-2024
S&SPOWER,S&S Power Switchgears Limited,INE902B01017,EQ,27-SEP-1995
SAATVIKGL,Saatvik Green Energy Limited,INE13B501022,EQ,26-SEP-2025
SADBHAV,Sadbhav Engineering Limited,INE226H01026,EQ,01-MAR-2006
SADBHIN,Sadbhav Infrastructure Project Limited,INE764L01010,BE,16-SEP-2015
SADHNANIQ,Sadhana Nitrochem Limited,INE888C01040,BE,05-MAY-2023
SAFARI,Safari Industries (India) Limited,INE429E01023,EQ,12-SEP-2019
SAGARDEEP,Sagardeep Alloys Limited,INE976T01013,EQ,25-JAN-2019
SAGCEM,Sagar Cements Limited,INE229C01021,EQ,29-JAN-2007
SAGILITY,SAGILITY LIMITED,INE0W2G01015,EQ,12-NOV-2024
SAHLIBHFI,Shalibhadra Finance Limited,INE861D01011,EQ,10-APR-2026
SAHYADRI,Sahyadri Industries Limited,INE280H01015,EQ,06-APR-2023
SAIL,Steel Authority of India Limited,INE114A01011,EQ,06-JUL-1995
SAILIFE,Sai Life Sciences Limited,INE570L01029,EQ,18-DEC-2024
SAIPARENT,Sai Parenterals Limited,INE0H9F01037,EQ,02-APR-2026
SAKAR,Sakar Healthcare Limited,INE732S01012,EQ,11-APR-2019
SAKHTISUG,Sakthi Sugars Limited,INE623A01011,EQ,06-SEP-1995
SAKSOFT,Saksoft Limited,INE667G01023,EQ,09-MAY-2005
SAKUMA,Sakuma Exports Limited,INE190H01024,EQ,08-MAR-2006
SALASAR,Salasar Techno Engineering Limited,INE170V01027,EQ,25-JUL-2017
SALONA,Salona Cotspin Limited,INE498E01010,EQ,16-JUN-2016
SALSTEEL,S.A.L. Steel Limited,INE658G01014,EQ,24-NOV-2004
SALZERELEC,Salzer Electronics Limited,INE457F01013,EQ,02-DEC-2015
SAMBHAAV,Sambhaav Media Limited,INE699B01027,EQ,05-JUN-1996
SAMBHV,Sambhv Steel Tubes Limited,INE12NJ01018,EQ,02-JUL-2025
SAMHI,Samhi Hotels Limited,INE08U801020,EQ,22-SEP-2023
SAMMAANCAP,Sammaan Capital Limited,INE148I01020,EQ,23-JUL-2013
SAMPANN,Sampann Utpadan India Limited,INE735M01018,EQ,27-JUL-2012
SANATHAN,Sanathan Textiles Limited,INE0JPD01013,EQ,27-DEC-2024
SANDESH,The Sandesh Limited,INE583B01015,EQ,26-NOV-2002
SANDHAR,Sandhar Technologies Limited,INE278H01035,EQ,02-APR-2018
SANDUMA,Sandur Manganese & Iron Ores Limited,INE149K01016,EQ,07-SEP-2023
SANGAMIND,Sangam (India) Limited,INE495C01010,EQ,17-JUL-1996
SANGHVIMOV,Sanghvi Movers Limited,INE989A01032,EQ,24-JAN-2007
SANGINITA,Sanginita Chemicals Limited,INE753W01010,BE,15-JUL-2019
SANOFI,Sanofi India Limited,INE058A01010,EQ,19-MAY-2003
SANOFICONR,Sanofi Consumer Healthcare India Limited,INE0UOS01011,EQ,13-SEP-2024
SANSERA,Sansera Engineering Limited,INE953O01021,EQ,24-SEP-2021
SANSTAR,Sanstar Limited,INE08NE01025,EQ,26-JUL-2024
SANWARIA,Sanwaria Consumer Limited,INE890C01046,BZ,27-MAR-2006
SAPPHIRE,Sapphire Foods India Limited,INE806T01020,EQ,18-NOV-2021
SAPPL,Shree Ajit Pulp & Paper Limited,INE185C01017,EQ,20-APR-2026
SARDAEN,Sarda Energy & Minerals Limited,INE385C01021,EQ,03-DEC-2009
SAREGAMA,Saregama India Limited,INE979A01025,EQ,30-JUL-1997
SARLAPOLY,Sarla Performance Fibers Limited,INE453D01025,EQ,19-JAN-2007
SARVESHWAR,Sarveshwar Foods Limited,INE324X01026,EQ,08-DEC-2022
SASKEN,Sasken Technologies Limited,INE231F01020,EQ,09-SEP-2005
SATIA,Satia Industries Limited,INE170E01023,EQ,17-JUL-2019
SATIN,Satin Creditcare Network Limited,INE836B01017,EQ,26-AUG-2015
SAURASHCEM,Saurashtra Cement Limited,INE626A01014,EQ,27-FEB-2024
SAYAJIHOTL,Sayaji Hotels Limited,INE318C01014,EQ,20-APR-2026
SBC,SBC Exports Limited,INE04AK01028,EQ,23-NOV-2021
SBCL,Shivalik Bimetal Controls Limited,INE386D01027,EQ,24-JUN-2021
SBFC,SBFC Finance Limited,INE423Y01016,EQ,16-AUG-2023
SBGLP,Suratwwala Business Group Limited,INE05ST01028,EQ,10-FEB-2023
SBICARD,SBI Cards and Payment Services Limited,INE018E01016,EQ,16-MAR-2020
SBIFUNDS,SBI Funds Management Limited,INE640G01020,EQ,21-JUL-2026
SBILIFE,SBI Life Insurance Company Limited,INE123W01016,EQ,03-OCT-2017
SBIN,State Bank of India,INE062A01020,EQ,01-MAR-1995
SCANSTL,Scan Steels Limited,INE099G01011,BE,20-APR-2026
SCHAEFFLER,Schaeffler India Limited,INE513A01022,EQ,29-NOV-2000
SCHAND,S Chand And Company Limited,INE807K01035,EQ,09-MAY-2017
SCHNEIDER,Schneider Electric Infrastructure Limited,INE839M01018,EQ,20-MAR-2012
SCI,Shipping Corporation Of India Limited,INE109A01011,EQ,13-AUG-1997
SCILAL,Shipping Corporation of India Land and Assets Limited,INE0PB301013,EQ,19-MAR-2024
SCODATUBES,Scoda Tubes Limited,INE090501011,EQ,04-JUN-2025
SCPL,Sheetal Cool Products Limited,INE501Y01019,EQ,22-NOV-2022
SDBL,Som Distilleries & Breweries Limited,INE480C01038,EQ,18-MAR-2014
SEAMECLTD,Seamec Limited,INE497B01018,EQ,28-JUN-1995
SECMARK,SecMark Consultancy Limited,INE0BTM01013,EQ,16-OCT-2023
SECURKLOUD,SECUREKLOUD TECHNOLOGIES LIMITED,INE650K01021,EQ,29-JAN-2014
SEDEMAC,SEDEMAC Mechatronics Limited,INE00XB01019,EQ,11-MAR-2026
SEIL,Shanti Educational Initiatives Limited,INE440T01028,EQ,20-APR-2026
SEJALLTD,Sejal Glass Limited,INE955I01044,EQ,13-DEC-2021
SELMC,SEL Manufacturing Company Limited,INE105I01020,EQ,26-OCT-2021
SEMAC,Semac Construction Limited,INE617A01013,BE,11-AUG-2005
SENCO,Senco Gold Limited,INE602W01027,EQ,14-JUL-2023
SENORES,Senores Pharmaceuticals Limited,INE0RB801010,EQ,30-DEC-2024
SEPC,SEPC Limited,INE964H01014,EQ,20-FEB-2008
SERVOTECH,Servotech Renewable Power System Limited,INE782X01033,EQ,02-SEP-2021
SESHAPAPER,Seshasayee Paper and Boards Limited,INE630A01024,EQ,29-MAR-1995
SETCO,Setco Automotive Limited,INE878E01021,BE,01-JUL-2016
SETL,Standard Engineering Technology Limited,INE0M4D01010,EQ,13-JAN-2025
SETUINFRA,Setubandhan Infrastructure Limited,INE023M01027,BZ,04-OCT-2011
SEYAIND,Seya Industries Limited,INE573R01012,BE,11-JUL-2019
SFL,Sheela Foam Limited,INE916U01025,EQ,09-DEC-2016
SGFIN,SG Finserve Limited,INE618R01015,EQ,05-AUG-2025
SGIL,Synergy Green Industries Limited,INE00QT01015,EQ,28-JUL-2021
SGL,STL Global Limited,INE353H01010,EQ,10-APR-2006
SGMART,SG Mart Limited,INE385F01024,EQ,12-SEP-2025
SHADOWFAX,Shadowfax Technologies Limited,INE12UN01015,EQ,28-JAN-2026
SHAH,Shah Metacorp Limited,INE482J01021,EQ,27-OCT-2010
SHAHALLOYS,Shah Alloys Limited,INE640C01011,EQ,16-JUN-2005
SHAILY,Shaily Engineering Plastics Limited,INE151G01028,EQ,04-APR-2022
SHAKTIPUMP,Shakti Pumps (India) Limited,INE908D01010,EQ,29-JAN-2015
SHALBY,Shalby Limited,INE597J01018,EQ,15-DEC-2017
SHALPAINTS,Shalimar Paints Limited,INE849C01026,BE,03-MAR-2008
SHANKARA,Shankara Building Products Limited,INE274V01019,EQ,05-APR-2017
SHANTI,Shanti Overseas (India) Limited,INE933X01016,EQ,16-SEP-2021
SHANTI-RE,Shanti Gold International Limited-RE,INE06ZD20017,BE,14-AUG-2026
SHANTIGEAR,Shanthi Gears Limited,INE631A01022,EQ,17-JAN-1996
SHANTIGOLD,Shanti Gold International Limited,INE06ZD01017,EQ,01-AUG-2025
SHARDACROP,Sharda Cropchem Limited,INE221J01015,EQ,23-SEP-2014
SHARDAMOTR,Sharda Motor Industries Limited,INE597I01028,EQ,03-SEP-2015
SHARDUL,Shardul Securities Limited,INE037B01020,BE,20-APR-2026
SHAREINDIA,Share India Securities Limited,INE932X01026,EQ,21-SEP-2020
SHBAJRG,Shri Bajrang Alliance Limited,INE402H01015,EQ,20-APR-2026
SHEKHAWATI,Shekhawati Industries Limited,INE268L01046,EQ,12-JAN-2011
SHEMAROO,Shemaroo Entertainment Limited,INE363M01019,BE,01-OCT-2014
SHILCTECH,Shilchar Technologies Limited,INE024F01011,EQ,24-NOV-2025
SHILPAMED,Shilpa Medicare Limited,INE790G01031,EQ,03-DEC-2009
SHINDL,Sharat Industries Limited,INE220Z01013,EQ,20-APR-2026
SHIVALIK,Shivalik Rasayan Limited,INE788J01021,BE,09-DEC-2021
SHIVAMAUTO,Shivam Autotech Limited,INE637H01024,BE,21-NOV-2006
SHIVAMILLS,Shiva Mills Limited,INE644Y01017,EQ,26-FEB-2018
SHIVATEX,Shiva Texyarn Limited,INE705C01020,EQ,26-DEC-2017
SHIVAUM,Shiv Aum Steels Limited,INE719F01016,EQ,14-NOV-2025
SHK,S H Kelkar and Company Limited,INE500L01026,EQ,16-NOV-2015
SHOPERSTOP,Shoppers Stop Limited,INE498B01024,EQ,23-MAY-2005
SHRADHA,Shradha Realty Limited,INE715Y01031,EQ,22-OCT-2020
SHREDIGCEM,Shree Digvijay Cement Co.Ltd,INE232A01011,EQ,28-JAN-2020
SHREECEM,SHREE CEMENT LIMITED,INE070A01015,EQ,26-APR-1995
SHREEJISPG,Shreeji Shipping Global Limited,INE1B6101010,EQ,26-AUG-2025
SHREEPUSHK,Shree Pushkar Chemicals & Fertilisers Limited,INE712K01011,EQ,10-SEP-2015
SHREERAMA,Shree Rama Multi-Tech Limited,INE879A01019,EQ,13-MAR-2000
SHRENIK,Shrenik Limited,INE632X01030,BZ,02-AUG-2019
SHREYANIND,Shreyans Industries Limited,INE231C01019,EQ,06-NOV-1996
SHRIKRISH,Shri Krishna Devcon Limited,INE997I01012,EQ,20-APR-2026
SHRINGARMS,Shringar House of Mangalsutra Limited,INE1B3L01017,EQ,17-SEP-2025
SHRIPISTON,SPR Auto Technologies Limited,INE526E01018,EQ,02-JUN-2016
SHRIRAMFIN,Shriram Finance Limited,INE721A01047,EQ,11-DEC-1996
SHRIRAMPPS,Shriram Properties Limited,INE217L01019,EQ,20-DEC-2021
SHUKRAPHAR,Shukra Pharmaceuticals Limited,INE551C01044,EQ,14-AUG-2026
SHYAMCENT,Shyam Century Ferrous Limited,INE979R01011,BE,28-JUL-2015
SHYAMMETL,Shyam Metalics and Energy Limited,INE810G01011,EQ,24-JUN-2021
SHYAMTEL,Shyam Telecom Limited,INE635A01023,BE,06-NOV-2006
SICAGEN,Sicagen India Limited,INE176J01011,EQ,20-APR-2026
SICALLOG,Sical Logistics Limited,INE075B01020,BE,12-OCT-2023
SIEMENS,Siemens Limited,INE003A01024,EQ,06-SEP-1995
SIGACHI,Sigachi Industries Limited,INE0D0K01022,BE,15-NOV-2021
SIGIND,Signet Industries Limited,INE529F01035,EQ,29-AUG-2018
SIGMA,Sigma Solve Limited,INE0A0S01028,EQ,09-JUN-2023
SIGMAADV,SIGMA ADVANCED SYSTEMS LIMITED,INE933B01012,BE,19-JUL-2007
SIGNATURE,Signatureglobal (India) Limited,INE903U01023,EQ,27-SEP-2023
SIGNPOST,Signpost India Limited,INE0KGZ01021,EQ,14-FEB-2024
SIKA,Sika Interplant Systems Limited,INE438E01032,EQ,20-APR-2026
SIKKO,Sikko Industries Limited,INE112X01025,BE,22-OCT-2021
SIL,Standard Industries Limited,INE173A01025,EQ,27-JAN-2004
SILGO,Silgo Retail Limited,INE01II01013,EQ,03-MAR-2021
SILINV,SIL Investments Limited,INE923A01015,EQ,22-MAY-1996
SILLYMONKS,Silly Monks Entertainment Limited,INE203Y01012,EQ,08-JUL-2020
SILVERTUC,Silver Touch Technologies Limited,INE625X01026,EQ,12-MAY-2022
SIMBHALS,Simbhaoli Sugars Limited,INE748T01016,BZ,14-MAR-2016
SIMPLEXINF,Simplex Infrastructures Limited,INE059B01024,EQ,09-MAR-2004
SINCLAIR,Sinclairs Hotels Limited,INE985A01022,EQ,10-APR-2024
SINDHUTRAD,Sindhu Trade Links Limited,INE325D01025,EQ,20-JUN-2023
SINGERIND,Singer India Limited,INE638A01035,EQ,19-MAR-2026
SINTERCOM,Sintercom India Limited,INE129Z01016,EQ,07-OCT-2020
SIRCA,Sirca Paints India Limited,INE792Z01011,EQ,22-JUL-2019
SIS,SIS LIMITED,INE285J01028,EQ,10-AUG-2017
SITINET,Siti Networks Limited,INE965H01011,BZ,10-JAN-2007
SIYSIL,Siyaram Silk Mills Limited,INE076B01028,EQ,29-JAN-2007
SJS,S.J.S. Enterprises Limited,INE284S01014,EQ,15-NOV-2021
SJVN,SJVN Limited,INE002L01015,EQ,20-MAY-2010
SKFINDIA,SKF India Limited,INE640A01023,EQ,27-JAN-1999
SKFINDUS,SKF India (Industrial) Limited,INE2J8701016,EQ,05-DEC-2025
SKIPPER,Skipper Limited,INE439E01022,EQ,27-MAY-2015
SKMEGGPROD,SKM Egg Products Export (India) Limited,INE411D01023,EQ,14-MAR-1997
SKYGOLD,SKY GOLD AND DIAMONDS LIMITED,INE01IU01018,EQ,06-JAN-2023
SMARTLINK,Smartlink Holdings Limited,INE178C01020,BE,11-APR-2001
SMARTWORKS,Smartworks Coworking Spaces Limited,INE0NAZ01010,EQ,17-JUL-2025
SMCGLOBAL,SMC Global Securities Limited,INE103C01036,EQ,24-FEB-2021
SMLMAH,SML Mahindra Limited,INE294B01019,EQ,29-AUG-2003
SMLT,Sarthak Metals Limited,INE017W01010,EQ,25-NOV-2021
SMSPHARMA,SMS Pharmaceuticals Limited,INE812G01025,EQ,28-FEB-2007
SNOWMAN,Snowman Logistics Limited,INE734N01019,EQ,12-SEP-2014
SOBHA,Sobha Limited,INE671H01015,EQ,20-DEC-2006
SOFTTECH,Softtech Engineers Limited,INE728Z01015,EQ,25-FEB-2022
SOLARA,Solara Active Pharma Sciences Limited,INE624Z01016,EQ,27-JUN-2018
SOLARINDS,Solar Industries India Limited,INE343H01029,EQ,03-APR-2006
SOLARWORLD,Solarworld Energy Solutions Limited,INE0TY101024,EQ,30-SEP-2025
SOLEX,Solex Energy Limited,INE880Y01017,EQ,08-OCT-2025
SOMANYCERA,Somany Ceramics Limited,INE355A01028,EQ,22-NOV-1995
SOMATEX,Soma Textiles & Industries Limited,INE314C01013,EQ,14-AUG-1996
SOMICONVEY,Somi Conveyor Beltings Limited,INE323J01019,EQ,18-JUL-2016
SONACOMS,Sona BLW Precision Forgings Limited,INE073K01018,EQ,24-JUN-2021
SONAL,Sonal Mercantile Limited,INE321M01017,EQ,20-APR-2026
SONAMLTD,SONAM LIMITED,INE00LM01029,EQ,07-APR-2022
SONATSOFTW,Sonata Software Limited,INE269A01021,EQ,28-JUL-1999
SOTL,Savita Oil Technologies Limited,INE035D01020,EQ,28-JUN-1995
SOUTHBANK,The South Indian Bank Limited,INE683A01023,EQ,08-DEC-1998
SOUTHWEST,South West Pinnacle Exploration Limited,INE980Y01015,EQ,18-APR-2019
SPAL,S. P. Apparels Limited,INE212I01016,EQ,12-AUG-2016
SPANDANA,Spandana Sphoorty Financial Limited,INE572J01011,EQ,19-AUG-2019
SPARC,Sun Pharma Advanced Research Company Limited,INE232I01014,EQ,18-JUL-2007
SPCENET,Spacenet Enterprises India Limited,INE970N01027,EQ,10-JAN-2017
SPECIALITY,Speciality Restaurants Limited,INE247M01014,EQ,30-MAY-2012
SPECTRUM,Spectrum Electrical Industries Limited,INE01EO01010,BE,28-MAR-2025
SPENCERS,Spencer's Retail Limited,INE020801028,EQ,25-JAN-2019
SPIC,Southern Petrochemicals Industries Corporation  Limited,INE147A01011,EQ,10-JAN-1996
SPLIL,SPL Industries Limited,INE978G01016,EQ,26-JUL-2005
SPLPETRO,Supreme Petrochem Limited,INE663A01033,EQ,24-MAY-2022
SPMLINFRA,SPML Infra Limited,INE937A01023,EQ,14-FEB-1996
SPORTKING,Sportking India Limited,INE885H01029,EQ,24-AUG-2022
SRD,Shankar Lal Rampal Dye-Chem Limited,INE01NE01012,EQ,09-OCT-2024
SREEL,Sreeleathers Limited,INE099F01013,EQ,01-JAN-2014
SRF,SRF Limited,INE647A01010,EQ,18-AUG-2003
SRGHFL,SRG Housing Finance Limited,INE559N01010,EQ,21-AUG-2023
SRHHYPOLTD,Sree Rayalaseema Hi-Strength Hypo Limited,INE917H01012,EQ,08-MAY-2007
SRM,SRM Contractors Limited,INE0R6Z01013,EQ,03-APR-2024
SRTL,Shree Ram Twistex Limited,INE19GK01015,EQ,02-MAR-2026
SSDL,Saraswati Saree Depot Limited,INE0PQ101010,EQ,20-AUG-2024
SSWL,Steel Strips Wheels Limited,INE802C01033,EQ,06-JUN-2005
STALLION,Stallion India Fluorochemicals Limited,INE0RYC01010,BE,23-JAN-2025
STANLEY,Stanley Lifestyles Limited,INE01A001028,EQ,28-JUN-2024
STAR,Strides Pharma Science Limited,INE939A01011,EQ,02-FEB-2000
STARCEMENT,Star Cement Limited,INE460H01021,EQ,16-JUN-2017
STARHEALTH,Star Health and Allied Insurance Company Limited,INE575P01011,EQ,10-DEC-2021
STARPAPER,Star Paper Mills Limited,INE733A01018,EQ,13-SEP-1995
STARTECK,Starteck Finance Limited,INE992I01013,EQ,04-MAY-2022
STCINDIA,The State Trading Corporation of India Limited,INE655A01013,EQ,01-APR-2003
STEELCAS,Steelcast Limited,INE124E01038,EQ,23-NOV-2021
STEELCITY,Steel City Securities Limited,INE395H01011,EQ,27-JUN-2019
STEELXIND,STEEL EXCHANGE INDIA LIMITED,INE503B01021,EQ,20-JUL-2017
STEL,Stel Holdings Limited,INE577L01016,EQ,09-FEB-2011
STERTOOLS,Sterling Tools Limited,INE334A01023,BE,02-FEB-2006
STLNETWORK,STL Networks Limited,INE1VXE01018,EQ,04-SEP-2025
STLTECH,Sterlite Technologies Limited,INE089C01029,BE,08-DEC-2000
STOVEKRAFT,Stove Kraft Limited,INE00IN01015,EQ,05-FEB-2021
STUDDS,Studds Accessories Limited,INE00Q601028,EQ,07-NOV-2025
STYL,Seshaasai Technologies Limited,INE04VU01023,EQ,30-SEP-2025
STYLAMIND,Stylam Industries Limited,INE239C01020,EQ,02-AUG-2021
STYLEBAAZA,Baazar Style Retail Limited,INE01FR01028,EQ,06-SEP-2024
STYRENIX,Styrenix Performance Materials Limited,INE189B01011,EQ,29-MAR-1995
SUBEXLTD,Subex Limited,INE754A01055,BE,05-NOV-2020
SUBROS,Subros Limited,INE287B01021,EQ,13-JUL-2005
SUDARCOLOR,Sudarshan Colorants India Limited,INE492A01029,EQ,14-JUN-1995
SUDARSCHEM,Sudarshan Chemical Industries Limited,INE659A01023,EQ,25-MAY-1995
SUDEEPPHRM,Sudeep Pharma Limited,INE0QPI01025,EQ,28-NOV-2025
SUKHJITS,Sukhjit Starch & Chemicals Limited,INE450E01029,EQ,07-NOV-2022
SULA,Sula Vineyards Limited,INE142Q01026,EQ,22-DEC-2022
SUMEETINDS,Sumeet Industries Limited,INE235C01036,EQ,10-DEC-2010
SUMICHEM,Sumitomo Chemical India Limited,INE258G01013,EQ,27-JAN-2020
SUMIT,Sumit Woods Limited,INE748Z01013,EQ,30-JUL-2019
SUMMITSEC,Summit Securities Limited,INE519C01017,EQ,28-JAN-2011
SUNCLAY,Sundaram Clayton Limited,INE0Q3R01026,EQ,29-DEC-2023
SUNDARAM,Sundaram Multi Pap Limited,INE108E01023,EQ,02-JUN-2010
SUNDARMFIN,Sundaram Finance Limited,INE660A01013,EQ,07-JAN-1998
SUNDRMBRAK,Sundaram Brake Linings Limited,INE073D01013,BE,17-JUL-1996
SUNDRMFAST,Sundram Fasteners Limited,INE387A01021,EQ,07-JUN-2000
SUNDROP,Sundrop Brands Limited,INE209A01019,EQ,06-DEC-2002
SUNFLAG,Sunflag Iron And Steel Company Limited,INE947A01014,EQ,29-SEP-2005
SUNPHARMA,Sun Pharmaceutical Industries Limited,INE044A01036,EQ,08-FEB-1995
SUNTECK,Sunteck Realty Limited,INE805D01034,EQ,13-NOV-2009
SUNTV,Sun TV Network Limited,INE424H01027,EQ,24-APR-2006
SUPERHOUSE,Superhouse Limited,INE712B01010,EQ,26-SEP-2014
SUPERSPIN,Super Spinning Mills Limited,INE662A01027,BE,08-JUL-2004
SUPRAJIT,Suprajit Engineering Limited,INE399C01030,EQ,18-FEB-2005
SUPREME,Supreme Holdings & Hospitality (India) Limited,INE822E01011,EQ,03-FEB-2025
SUPREMEENG,Supreme Engineering Limited,INE319Z01021,BZ,04-DEC-2020
SUPREMEIND,Supreme Industries Limited,INE195A01028,EQ,19-JUL-1995
SUPREMEINF,Supreme Infrastructure India Limited,INE550H01011,EQ,18-OCT-2007
SUPRIYA,Supriya Lifescience Limited,INE07RO01027,EQ,28-DEC-2021
SURAJEST,Suraj Estate Developers Limited,INE843S01025,EQ,26-DEC-2023
SURAJLTD,Suraj Limited,INE713C01016,EQ,29-AUG-2024
SURAKSHA,Suraksha Diagnostic Limited,INE877V01027,EQ,06-DEC-2024
SURANASOL,Surana Solar Limited,INE272L01022,EQ,07-JAN-2011
SURANAT&P,Surana Telecom and Power Limited,INE130B01031,EQ,22-MAY-2002
SURYALA,Suryalata Spinning Mills Limited,INE132C01027,EQ,20-APR-2026
SURYALAXMI,Suryalakshmi Cotton Mills Limited,INE713B01026,EQ,15-JUN-2005
SURYAROSNI,Surya Roshni Limited,INE335A01020,EQ,10-MAY-1995
SURYODAY,Suryoday Small Finance Bank Limited,INE428Q01011,EQ,26-MAR-2021
SUTLEJTEX,Sutlej Textiles and Industries Limited,INE645H01027,BE,14-DEC-2006
SUVEN,Suven Life Sciences Limited,INE495B01038,EQ,23-OCT-2003
SUVIDHAA,Suvidhaa Infoserve Limited,INE018401013,EQ,31-MAR-2021
SUYOG,Suyog Telematics Limited,INE442P01014,EQ,20-AUG-2024
SUZLON,Suzlon Energy Limited,INE040H01021,EQ,19-OCT-2005
SVLL,Shree Vasu Logistics Limited,INE00CE01017,BE,21-APR-2023
SVPGLOB,SVP GLOBAL TEXTILES LIMITED,INE308E01029,BE,14-JUL-2021
SWANCORP,SWAN CORP LIMITED,INE665A01038,EQ,29-MAY-2012
SWANDEF,Swan Defence and Heavy Industries Limited,INE542F01020,BE,20-JAN-2025
SWARAJ,Swaraj Suiting Limited,INE0GMR01016,EQ,13-AUG-2026
SWARAJENG,Swaraj Engines Limited,INE277A01016,EQ,06-DEC-1995
SWELECTES,Swelect Energy Systems Limited,INE409B01013,EQ,09-MAY-2006
SWIGGY,Swiggy Limited,INE00H001014,EQ,13-NOV-2024
SWSOLAR,Sterling and Wilson Renewable Energy Limited,INE00M201021,EQ,20-AUG-2019
SYMPHONY,Symphony Limited,INE225D01027,EQ,15-JUN-2011
SYNCOMF,Syncom Formulations (India) Limited,INE312C01025,EQ,18-NOV-2022
SYNGENE,Syngene International Limited,INE398R01022,EQ,11-AUG-2015
SYRMA,Syrma SGS Technology Limited,INE0DYJ01015,EQ,26-AUG-2022
SYSTMTXC,Systematix Corporate Services Limited,INE356B01024,BE,06-OCT-2025
TAALTECH,Taal Tech Limited,INE524T01011,EQ,20-APR-2026
TAINWALCHM,Tainwala Chemical and Plastic (I) Limited,INE123C01018,EQ,27-JUL-1995
TAJGVK,Taj GVK Hotels & Resorts Limited,INE586B01026,EQ,20-DEC-2000
TAKE,TAKE Limited,INE142I01023,EQ,27-AUG-2007
TALBROAUTO,Talbros Automotive Components Limited,INE187D01029,EQ,29-SEP-2006
TAMBOLIIN,Tamboli Industries Limited,INE864J01012,BE,20-APR-2026
TANLA,Tanla Platforms Limited,INE483C01032,EQ,05-JAN-2007
TARACHAND,Tara Chand InfraLogistic Solutions Limited,INE555Z01020,EQ,16-APR-2024
TARAPUR,Tarapur Transformers Limited,INE747K01017,EQ,18-MAY-2010
TARC,TARC Limited,INE0EK901012,EQ,18-DEC-2020
TARIL,Transformers And Rectifiers (India) Limited,INE763I01026,EQ,28-DEC-2007
TARMAT,Tarmat Limited,INE924H01018,EQ,09-JUL-2007
TARSONS,Tarsons Products Limited,INE144Z01023,EQ,26-NOV-2021
TASTYBITE,Tasty Bite Eatables Limited,INE488B01017,EQ,23-MAR-2017
TATACAP,Tata Capital Limited,INE976I01016,EQ,13-OCT-2025
TATACHEM,Tata Chemicals Limited,INE092A01019,EQ,01-APR-1999
TATACOMM,Tata Communications Limited,INE151A01013,EQ,12-APR-1995
TATACONSUM,TATA CONSUMER PRODUCTS LIMITED,INE192A01025,EQ,18-NOV-1998
TATAELXSI,Tata Elxsi Limited,INE670A01012,EQ,17-SEP-2003
TATAINVEST,Tata Investment Corporation Limited,INE672A01026,EQ,24-JUN-1998
TATAPOWER,Tata Power Company Limited,INE245A01021,EQ,03-APR-1996
TATASTEEL,Tata Steel Limited,INE081A01020,EQ,18-NOV-1998
TATATECH,Tata Technologies Limited,INE142M01025,EQ,30-NOV-2023
TATVA,Tatva Chintan Pharma Chem Limited,INE0GK401011,EQ,29-JUL-2021
TBOTEK,TBO Tek Limited,INE673O01025,EQ,15-MAY-2024
TBZ,Tribhovandas Bhimji Zaveri Limited,INE760L01018,EQ,09-MAY-2012
TCC,TCC Concept Limited,INE887D01016,EQ,25-FEB-2026
TCI,Transport Corporation of India Limited,INE688A01022,EQ,21-JAN-2002
TCIEXP,TCI Express Limited,INE586V01016,EQ,15-DEC-2016
TCIFINANCE,TCI Finance Limited,INE911B01018,BE,21-MAY-1997
TCPLPACK,TCPL Packaging Limited,INE822C01015,EQ,17-OCT-2017
TCS,Tata Consultancy Services Limited,INE467B01029,EQ,25-AUG-2004
TDPOWERSYS,TD Power Systems Limited,INE419M01027,EQ,08-SEP-2011
TEAMGTY,Team India Guaranty Limited,INE289C01025,EQ,11-JUN-2002
TEAMLEASE,Teamlease Services Limited,INE985S01024,EQ,12-FEB-2016
TECHM,Tech Mahindra Limited,INE669C01036,EQ,28-AUG-2006
TECHNOE,Techno Electric & Engineering Company Limited,INE285K01026,EQ,04-DEC-2018
TECHNVISN,TechNVision Ventures Limited,INE314H01012,EQ,20-APR-2026
TECILCHEM,TECIL Chemicals and Hydro Power Limited,INE014B01011,EQ,06-DEC-1995
TEGA,Tega Industries Limited,INE011K01018,EQ,13-DEC-2021
TEJASNET,Tejas Networks Limited,INE010J01012,EQ,27-JUN-2017
TEMBO,Tembo Global Industries Limited,INE869Y01028,EQ,23-APR-2021
TENNIND,Tenneco Clean Air India Limited,INE19RI01016,EQ,19-NOV-2025
TERASOFT,Tera Software Limited,INE482B01010,EQ,29-DEC-2016
TEXINFRA,Texmaco Infrastructure & Holdings Limited,INE435C01024,EQ,09-SEP-2004
TEXMOPIPES,Texmo Pipes and Products Limited,INE141K01013,EQ,10-MAR-2010
TEXRAIL,Texmaco Rail & Engineering Limited,INE621L01012,EQ,03-MAR-2011
TFCILTD,Tourism Finance Corporation of India Limited,INE305A01023,EQ,26-JUL-2000
TFL,Transwarranty Finance Limited,INE804H01012,EQ,26-FEB-2007
TGBHOTELS,TGB Banquets And Hotels Limited,INE797H01018,EQ,17-MAY-2007
THACKER,Thacker & Company Limited,INE077P01034,BE,20-APR-2026
THAKDEV,Thakkers Developers Limited,INE403F01017,EQ,20-APR-2026
THANGAMAYL,Thangamayil Jewellery Limited,INE085J01014,EQ,19-FEB-2010
THEINVEST,The Investment Trust Of India Limited,INE924D01017,EQ,02-AUG-2017
THEJO,Thejo Engineering Limited,INE121N01019,EQ,10-OCT-2023
THELEELA,Leela Palaces Hotels & Resorts Limited,INE0AQ201015,EQ,02-JUN-2025
THEMISMED,Themis Medicare Limited,INE083B01024,EQ,02-APR-2007
THERMAX,Thermax Limited,INE152A01029,EQ,30-AUG-1995
THOMASCOOK,Thomas Cook  (India)  Limited,INE332A01027,EQ,07-JUN-2000
THOMASCOTT,Thomas Scott (India) Limited,INE480M01011,EQ,30-JAN-2012
THYROCARE,Thyrocare Technologies Limited,INE594H01019,EQ,09-MAY-2016
TI,Tilaknagar Industries Limited,INE133E01013,EQ,16-JUL-2010
TICL,Twamev Construction and Infrastructure Limited,INE388G01026,BE,16-OCT-2023
TIGERLOGS,Tiger Logistics (India) Limited,INE906O01029,BE,18-SEP-2025
TIIL,Technocraft Industries (India) Limited,INE545H01011,EQ,12-FEB-2007
TIINDIA,Tube Investments of India Limited,INE974X01010,EQ,02-NOV-2017
TIJARIA,Tijaria Polypipes Limited,INE440L01017,EQ,14-OCT-2011
TIL,TIL Limited,INE806C01018,BE,27-SEP-1995
TIMETECHNO,Time Technoplast Limited,INE508G01029,EQ,13-JUN-2007
TIMEX,Timex Group India Limited,INE064A01026,EQ,20-APR-2026
TIMKEN,Timken India Limited,INE325A01013,EQ,06-FEB-2007
TINNARUBR,Tinna Rubber and Infrastructure Limited,INE015C01016,EQ,17-APR-2025
TIPSFILMS,Tips Films Limited,INE0LQS01015,EQ,06-OCT-2022
TIPSMUSIC,Tips Music Limited,INE716B01029,EQ,10-NOV-2000
TIRUMALCHM,Thirumalai Chemicals Limited,INE338A01024,EQ,14-MAY-2003
TIRUPATIFL,Tirupati Forge Limited,INE319Y01024,BE,04-AUG-2020
TITAGARH,TITAGARH RAIL SYSTEMS LIMITED,INE615H01020,EQ,21-APR-2008
TITAN,Titan Company Limited,INE280A01028,EQ,24-SEP-2004
TMB,Tamilnad Mercantile Bank Limited,INE668A01016,EQ,15-SEP-2022
TMCV,Tata Motors Limited,INE1TAE01010,EQ,12-NOV-2025
TMPV,Tata Motors Passenger Vehicles Limited,INE155A01022,EQ,22-JUL-1998
TNPETRO,Tamilnadu PetroProducts Limited,INE148A01019,EQ,27-OCT-1999
TNPL,Tamil Nadu Newsprint & Papers Limited,INE107A01015,EQ,14-FEB-1996
TNTELE,Tamilnadu Telecommunication Limited,INE141D01018,EQ,04-FEB-2003
TOKYOPLAST,Tokyo Plast International Limited,INE932C01012,EQ,11-OCT-1995
TOLINS,Tolins Tyres Limited,INE0RWQ01014,EQ,16-SEP-2024
TORNTPHARM,Torrent Pharmaceuticals Limited,INE685A01028,EQ,25-NOV-2002
TORNTPOWER,Torrent Power Limited,INE813H01021,EQ,28-NOV-2006
TOTAL,Total Transport Systems Limited,INE336X01012,EQ,28-AUG-2020
TOUCHWOOD,Touchwood Entertainment Limited,INE486Y01013,EQ,21-JAN-2020
TPHQ,Teamo Productions HQ Limited,INE065J01024,EQ,30-JAN-2009
TPLPLASTEH,TPL Plastech Limited,INE413G01022,EQ,20-MAY-2015
TRACXN,Tracxn Technologies Limited,INE0HMF01019,EQ,20-OCT-2022
TRANSPEK,Transpek Industry Limited,INE687A01016,BE,20-APR-2026
TRANSRAILL,Transrail Lighting Limited,INE454P01035,EQ,27-DEC-2024
TRANSWORLD,TRANSWORLD SHIPPING LINES LIMITED,INE757B01015,BE,01-MAR-1995
TRAVELFOOD,Travel Food Services Limited,INE103V01028,EQ,14-JUL-2025
TREEHOUSE,Tree House Education & Accessories Limited,INE040M01013,EQ,26-AUG-2011
TREJHARA,TREJHARA SOLUTIONS LIMITED,INE00CA01015,EQ,28-DEC-2018
TREL,Transindia Real Estate Limited,INE0O3901029,EQ,10-AUG-2023
TRENT,Trent Limited,INE849A01020,EQ,07-JUN-2004
TRF,TRF Limited,INE391D01019,EQ,26-MAR-2010
TRIDENT,Trident Limited,INE064C01022,EQ,21-FEB-2001
TRIGYN,Trigyn Technologies Limited,INE948A01012,EQ,09-APR-1998
TRITURBINE,Triveni Turbine Limited,INE152M01016,EQ,28-OCT-2011
TRIVENI,Triveni Engineering & Industries Limited,INE256C01024,EQ,13-DEC-2005
TRU,TruCap Finance Limited,INE615R01029,EQ,20-JUN-2023
TRUALT,TruAlt Bioenergy Limited,INE0MWH01014,EQ,03-OCT-2025
TSFINV,TSF INVESTMENTS LIMITED,INE202Z01029,EQ,26-MAR-2018
TTKHLTCARE,TTK Healthcare Limited,INE910C01018,EQ,02-DEC-2015
TTKPRESTIG,TTK Prestige Limited,INE690A01028,EQ,22-DEC-1999
TTL,T T Limited,INE592B01024,EQ,22-FEB-2007
TTML,Tata Teleservices (Maharashtra) Limited,INE517B01013,EQ,20-OCT-2000
TURTLEMINT,Turtlemint Fintech Solutions Limited,INE0OC301013,EQ,29-JUN-2026
TVSELECT,TVS Electronics Limited,INE236G01019,EQ,26-DEC-2003
TVSHLTD,TVS Holdings Limited,INE105A01035,EQ,23-OCT-2012
TVSMOTOR,TVS Motor Company Limited,INE494B01023,EQ,02-AUG-2000
TVSSCS,TVS Supply Chain Solutions Limited,INE395N01027,EQ,23-AUG-2023
TVSSRICHAK,TVS Srichakra Limited,INE421C01016,EQ,13-FEB-2007
TVTODAY,TV Today Network Limited,INE038F01029,EQ,16-JAN-2004
TVVISION,TV Vision Limited,INE871L01013,BE,15-SEP-2016
UBL,United Breweries Limited,INE686F01025,EQ,28-JUL-2008
UCAL,UCAL LIMITED,INE139B01016,EQ,13-SEP-1995
UCOBANK,UCO Bank,INE691A01018,EQ,09-OCT-2003
UDS,Updater Services Limited,INE851I01011,EQ,04-OCT-2023
UEL,Ujaas Energy Limited,INE899L01030,EQ,16-APR-2024
UFBL,United Foodbrands Limited,INE382M01027,BE,07-APR-2021
UFLEX,UFLEX Limited,INE516A01017,EQ,23-AUG-1995
UFO,UFO Moviez India Limited,INE527H01019,EQ,14-MAY-2015
UGARSUGAR,The Ugar Sugar Works Limited,INE071E01023,EQ,23-AUG-2010
UGROCAP,Ugro Capital Limited,INE583D01011,EQ,11-AUG-2021
UJJIVANSFB,Ujjivan Small Finance Bank Limited,INE551W01018,EQ,12-DEC-2019
ULTRACEMCO,UltraTech Cement Limited,INE481G01011,EQ,24-AUG-2004
ULTRAMAR,Ultramarine & Pigments Limited,INE405A01021,EQ,20-APR-2026
UMAEXPORTS,Uma Exports Limited,INE0GIU01018,BE,07-APR-2022
UMESLTD,Usha Martin Education & Solutions Limited,INE240C01028,EQ,12-JUL-2010
UMIYA-MRO,UMIYA BUILDCON LIMITED,INE398B01018,EQ,01-NOV-2000
UNICHEMLAB,Unichem Laboratories Limited,INE351A01035,EQ,07-FEB-2001
UNIDT,United Drilling Tools Limited,INE961D01019,BE,25-SEP-2020
UNIECOM,Unicommerce Esolutions Limited,INE00U401027,EQ,13-AUG-2024
UNIENTER,Uniphos Enterprises Limited,INE037A01022,EQ,23-JAN-2004
UNIINFO,Uniinfo Telecom Services Limited,INE481Z01011,EQ,12-JAN-2022
UNIMECH,Unimech Aerospace and Manufacturing Limited,INE0U3I01011,EQ,31-DEC-2024
UNIONBANK,Union Bank of India,INE692A01016,EQ,24-SEP-2002
UNIPARTS,Uniparts India Limited,INE244O01017,EQ,12-DEC-2022
UNITDSPR,United Spirits Limited,INE854D01024,EQ,27-SEP-2001
UNITECH,Unitech Limited,INE694A01020,EQ,08-SEP-1999
UNITEDPOLY,United Polyfab Gujarat Limited,INE368U01029,BE,31-DEC-2021
UNITEDTEA,The United Nilgiri Tea Estates Company Limited,INE458F01011,EQ,28-JAN-2015
UNIVASTU,Univastu India Limited,INE562X01013,BE,22-JUN-2020
UNIVCABLES,Universal Cables Limited,INE279A01012,EQ,17-MAY-1995
UNIVPHOTO,Universus Photo Imagings Limited,INE03V001013,BE,14-FEB-2020
UNOMINDA,UNO Minda Limited,INE405E01023,EQ,02-FEB-2007
UPL,UPL Limited,INE628A01036,EQ,23-JAN-2004
URAVIDEF,Uravi Defence and Technology Limited,INE568Z01015,BE,05-JUL-2023
URBANCO,Urban Company Limited,INE0CAZ01013,EQ,17-SEP-2025
URJA,Urja Global Limited,INE550C01020,EQ,28-MAR-2017
USHAMART,Usha Martin Limited,INE228A01035,EQ,11-OCT-2000
USK,Udayshivakumar Infra Limited,INE0N0Y01013,EQ,03-APR-2023
UTIAMC,UTI Asset Management Company Limited,INE094J01016,EQ,12-OCT-2020
UTKARSHBNK,Utkarsh Small Finance Bank Limited,INE735W01017,EQ,21-JUL-2023
UTLSOLAR,Fujiyama Power Systems Limited,INE12UR01024,EQ,20-NOV-2025
UTTAMSUGAR,Uttam Sugar Mills Limited,INE786F01031,EQ,10-APR-2006
UYFINCORP,U. Y. Fincorp Limited,INE152C01025,BE,03-OCT-2024
V2RETAIL,V2 Retail Limited,INE945H01021,EQ,04-JUL-2007
VADILALIND,Vadilal Industries Limited,INE694D01016,EQ,15-JUN-2011
VAIBHAVGBL,Vaibhav Global Limited,INE884A01027,EQ,05-APR-2004
VAISHALI,Vaishali Pharma Limited,INE972X01022,EQ,15-JAN-2020
VAKRANGEE,Vakrangee Limited,INE051B01021,EQ,03-APR-2006
VALIANTLAB,Valiant Laboratories Limited,INE0JWS01017,EQ,06-OCT-2023
VALIANTORG,Valiant Organics Limited,INE565V01010,BE,23-JUL-2021
VAML,Vedanta Aluminium Metal Limited,INE1CDF01017,EQ,15-JUN-2026
VARDHACRLC,Vardhman Acrylics Limited,INE116G01013,BE,30-SEP-2003
VARDMNPOLY,Vardhman Polytex Limited,INE835A01029,EQ,12-MAY-2003
VARROC,Varroc Engineering Limited,INE665L01035,EQ,06-JUL-2018
VASCONEQ,Vascon Engineers Limited,INE893I01013,EQ,15-FEB-2010
VASWANI,Vaswani Industries Limited,INE590L01019,EQ,20-SEP-2011
VBL,Varun Beverages Limited,INE200M01039,EQ,08-NOV-2016
VCL,Vaxtex Cotfab Limited,INE098201036,EQ,19-APR-2022
VEDL,Vedanta Limited,INE205A01025,EQ,13-MAY-1998
VEDPOWER,Vedanta Power Limited,INE694L01019,EQ,15-JUN-2026
VEEDOL,Veedol Corporation Limited,INE484C01030,EQ,16-JAN-2007
VELJAN,Veljan Denison Limited,INE232E01013,BE,20-APR-2026
VENKEYS,Venky's (India) Limited,INE398A01010,EQ,28-JUL-2003
VENTIVE,Ventive Hospitality Limited,INE781S01027,EQ,30-DEC-2024
VENUSPIPES,Venus Pipes & Tubes Limited,INE0JA001018,EQ,24-MAY-2022
VENUSREM,Venus Remedies Limited,INE411B01019,BE,20-DEC-2006
VERANDA,Veranda Learning Solutions Limited,INE0IQ001011,EQ,11-APR-2022
VERTOZ,Vertoz Limited,INE188Y01031,BE,14-MAY-2020
VESUVIUS,Vesuvius India Limited,INE386A01023,EQ,04-OCT-2002
VETO,Veto Switchgears And Cables Limited,INE918N01018,BE,29-APR-2015
VGL,VARVEE GLOBAL LIMITED,INE273D01027,EQ,21-NOV-2006
VGUARD,V-Guard Industries Limited,INE951I01027,EQ,13-MAR-2008
VHL,Vardhman Holdings Limited,INE701A01023,EQ,30-JUN-2005
VHLTD,Viceroy Hotels Limited,INE048C01025,BE,03-APR-2024
VIDHIING,Vidhi Specialty Food Ingredients Limited,INE632C01026,EQ,02-MAR-2016
VIDYAWIRES,Vidya Wires Limited,INE14UN01029,EQ,10-DEC-2025
VIJAYA,Vijaya Diagnostic Centre Limited,INE043W01024,EQ,14-SEP-2021
VIJIFIN,Viji Finance Limited,INE159N01027,BE,11-JUL-2016
VIKASECO,Vikas EcoTech Limited,INE806A01020,EQ,12-DEC-2011
VIKASLIFE,Vikas Lifecare Limited,INE161L01027,EQ,08-MAY-2019
VIKRAMSOLR,Vikram Solar Limited,INE078V01014,EQ,26-AUG-2025
VIKRAN,Vikran Engineering Limited,INE01R501028,EQ,03-SEP-2025
VIMTALABS,Vimta Labs Limited,INE579C01029,EQ,15-DEC-2005
VINATIORGA,Vinati Organics Limited,INE410B01037,EQ,28-JUL-2009
VINCOFE,Vintage Coffee And Beverages Limited,INE498Q01014,EQ,18-OCT-2024
VINDHYATEL,Vindhya Telelinks Limited,INE707A01012,EQ,08-FEB-1995
VINEETLAB,Vineet Laboratories Limited,INE505Y01010,EQ,15-JUN-2021
VINNY,Vinny Overseas Limited,INE01KI01027,EQ,28-NOV-2022
VINYLINDIA,Vinyl Chemicals (India) Limited,INE250B01029,EQ,21-JUL-2008
VIPCLOTHNG,VIP Clothing Limited,INE450G01024,BE,06-AUG-2007
VIPIND,VIP Industries Limited,INE054A01027,EQ,02-MAR-2005
VIPULLTD,Vipul Limited,INE946H01037,BE,23-APR-2015
VIRINCHI,Virinchi Limited,INE539B01017,EQ,03-MAY-2023
VISACHROME,VISA Chrome Limited,INE286H01012,BE,17-MAR-2006
VISAKAIND,Visaka Industries Limited,INE392A01021,EQ,28-AUG-1996
VISHNU,Vishnu Chemicals Limited,INE270I01022,EQ,05-MAR-2015
VISHWARAJ,Vishwaraj Sugar Industries Limited,INE430N01022,EQ,15-OCT-2019
VISL,Vedanta Iron and Steel Limited,INE1CLE01013,EQ,15-JUN-2026
VITAL,Vital Chemtech Limited,INE0L4K01016,BE,11-MAR-2026
VIVIANA,Viviana Power Tech Limited,INE0MEG01014,BE,02-JUN-2026
VIVIDHA,Visagar Polytex Limited,INE370E01029,EQ,21-MAY-2013
VIVIMEDLAB,Vivimed Labs Limited,INE526G01021,BE,17-AUG-2005
VIYASH,Viyash Scientific Limited,INE807F01027,EQ,10-MAR-2016
VLEGOV,VL E-Governance & IT Solutions Limited,INE03HW01020,BE,14-AUG-2023
VLSFINANCE,VLS Finance Limited,INE709A01018,EQ,25-MAY-1995
VMART,V-Mart Retail Limited,INE665J01013,EQ,20-FEB-2013
VMM,Vishal Mega Mart Limited,INE01EA01019,EQ,18-DEC-2024
VMSTMT,VMS TMT Limited,INE0SJA01013,EQ,24-SEP-2025
VOEPL,Virtuoso Optoelectronics Limited,INE0I0T01010,EQ,01-JUL-2026
VOGL,Vedanta Oil and Gas Limited,INE704J01044,EQ,15-JUN-2026
VOLTAMP,Voltamp Transformers Limited,INE540H01012,EQ,20-SEP-2006
VOLTAS,Voltas Limited,INE226A01021,EQ,12-APR-1995
VPRPL,Vishnu Prakash R Punglia Limited,INE0AE001013,EQ,05-SEP-2023
VRAJ,Vraj Iron and Steel Limited,INE0S2V01010,EQ,03-JUL-2024
VRLLOG,VRL Logistics Limited,INE366I01010,EQ,30-APR-2015
VSSL,Vardhman Special Steels Limited,INE050M01012,EQ,17-MAY-2012
VSTIND,VST Industries Limited,INE710A01016,EQ,05-SEP-2003
VSTL,Vibhor Steel Tubes Limited,INE0QTF01015,EQ,20-FEB-2024
VSTTILLERS,V.S.T Tillers Tractors Limited,INE764D01017,EQ,20-JUN-2011
VTL,Vardhman Textiles Limited,INE825A01020,EQ,14-JAN-2003
WAAREEENER,Waaree Energies Limited,INE377N01017,EQ,28-OCT-2024
WAAREEINDO,Indosolar Limited,INE866K01023,EQ,29-SEP-2010
WAAREERTL,Waaree Renewable Technologies Limited,INE299N01021,EQ,09-APR-2025
WABAG,VA Tech Wabag Limited,INE956G01038,EQ,13-OCT-2010
WAKEFIT,Wakefit Innovations Limited,INE0E7301029,EQ,15-DEC-2025
WALCHANNAG,Walchandnagar Industries Limited,INE711A01022,EQ,18-SEP-1996
WANBURY,Wanbury Limited,INE107F01022,EQ,29-JAN-2007
WCIL,Western Carriers (India) Limited,INE0CJF01024,EQ,24-SEP-2024
WEALTH,Wealth First Portfolio Managers Limited,INE658T01017,EQ,20-JAN-2021
WEBELSOLAR,Websol Energy System Limited,INE855C01023,EQ,15-MAY-2007
WEIZMANIND,Weizmann Limited,INE080A01014,EQ,10-MAY-1995
WEL,Wonder Electricals Limited,INE02WG01024,EQ,17-JAN-2022
WELCORP,Welspun Corp Limited,INE191B01025,EQ,24-MAY-2005
WELENT,Welspun Enterprises Limited,INE625G01013,EQ,04-NOV-2004
WELINV,Welspun Investments and Commercials Limited,INE389K01018,BE,20-SEP-2010
WELSPLSOL,Welspun Specialty Solutions Limited,INE731F01037,EQ,20-APR-2026
WELSPUNLIV,Welspun Living Limited,INE192B01031,EQ,04-DEC-2003
WENDT,Wendt (India) Limited,INE274C01019,EQ,07-AUG-2006
WESTLIFE,WESTLIFE FOODWORLD LIMITED,INE274F01020,EQ,05-JUN-2023
WEWIN,WE WIN LIMITED,INE082W01014,BE,15-JUN-2022
WEWORK,WeWork India Management Limited,INE085001019,EQ,10-OCT-2025
WHEELS,Wheels India Limited,INE715A01015,EQ,07-APR-2000
WHIRLPOOL,Whirlpool of India Limited,INE716A01013,EQ,06-APR-2010
WILLAMAGOR,Williamson Magor & Company Limited,INE210A01017,EQ,08-FEB-1995
WINDLAS,Windlas Biotech Limited,INE0H5O01029,EQ,16-AUG-2021
WINDMACHIN,Windsor Machines Limited,INE052A01021,EQ,17-AUG-2011
WIPL,The Western India Plywoods Limited,INE215F01023,EQ,17-APR-2017
WIPRO,Wipro Limited,INE075A01022,EQ,08-NOV-1995
WOCKPHARMA,Wockhardt Limited,INE049B01025,EQ,23-FEB-2000
WONDERLA,Wonderla Holidays Limited,INE066O01014,EQ,09-MAY-2014
WORTHPERI,Worth Peripherals Limited,INE196Y01018,EQ,04-AUG-2020
WPIL,WPIL Limited,INE765D01022,EQ,20-APR-2026
WSI,W S Industries (I) Limited,INE100D01014,EQ,01-AUG-2007
WSTCSTPAPR,West Coast Paper Mills Limited,INE976A01021,EQ,17-JAN-2001
XCHANGING,Xchanging Solutions Limited,INE692G01013,EQ,09-MAR-2005
XELPMOC,Xelpmoc Design And Tech Limited,INE01P501012,EQ,04-FEB-2019
XPROINDIA,Xpro India Limited,INE445C01015,EQ,27-APR-2004
XTGLOBAL,Xtglobal Infotech Limited,INE547B01028,EQ,16-SEP-2024
XTRANET,Xtranet Technologies Limited,INE0NG701011,EQ,30-JUL-2026
YASHO,Yasho Industries Limited,INE616Z01012,EQ,21-AUG-2023
YATHARTH,Yatharth Hospital & Trauma Care Services Limited,INE0JO301016,EQ,07-AUG-2023
YATRA,Yatra Online Limited,INE0JR601024,EQ,28-SEP-2023
YESBANK,Yes Bank Limited,INE528G01035,EQ,12-JUL-2005
YUKEN,Yuken India Limited,INE384C01016,EQ,02-SEP-2021
ZAGGLE,Zaggle Prepaid Ocean Services Limited,INE07K301024,EQ,22-SEP-2023
ZEEL,Zee Entertainment Enterprises Limited,INE256A01028,EQ,09-SEP-1998
ZEELEARN,Zee Learn Limited,INE565L01011,BE,20-DEC-2010
ZEEMEDIA,Zee Media Corporation Limited,INE966H01019,EQ,10-JAN-2007
ZENITHEXPO,Zenith Exports Limited,INE058B01018,EQ,10-JUL-1996
ZENITHSTL,Zenith Steel Pipes & Industries Limited,INE318D01020,EQ,30-APR-2007
ZENSARTECH,Zensar Technologies Limited,INE520A01027,EQ,09-JUL-2003
ZENTEC,Zen Technologies Limited,INE251B01027,EQ,30-MAR-2015
ZFCVINDIA,ZF Commercial Vehicle Control Systems India Limited,INE342J01019,EQ,01-OCT-2008
ZFSTEERING,ZF Steering Gear (India) Limited,INE116C01012,EQ,20-APR-2026
ZIMLAB,Zim Laboratories Limited,INE518E01015,BE,25-NOV-2022
ZODIAC,Zodiac Energy Limited,INE761Y01019,EQ,14-DEC-2021
ZODIACLOTH,Zodiac Clothing Company Limited,INE206B01013,EQ,27-SEP-1995
ZOTA,Zota Health Care LImited,INE358U01012,EQ,19-AUG-2019
ZSARACOM,Saraswati Commercial India Limited,INE967G01019,EQ,20-APR-2026
ZUARI,Zuari Agro Chemicals Limited,INE840M01016,EQ,27-NOV-2012
ZUARIIND,ZUARI INDUSTRIES LIMITED,INE217A01012,EQ,12-APR-1995
ZYDUSLIFE,Zydus Lifesciences Limited,INE010B01027,EQ,18-APR-2000
ZYDUSWELL,Zydus Wellness Limited,INE768C01028,EQ,13-NOV-2009
