==============================================================================
D-029 FACTOR FAMILY -- six indices, MONTHLY rebalance, frictionless + cost-loaded
==============================================================================
[panel] price (6491, 2511) return (6674, 2556) vol-cov 94.6%
[quality] 378 syms, avail 2005-06-29->2025-06-29
[seg] SMALL snaps=42 (e.g. 2010-03-01: 303 names)
[seg] MIDSMALL snaps=220  N500 snaps=42
[rebal] MONTHLY count=253

[build] 1_smallcap_MQ100 ...
C:\Users\Shreyas.1Gupta\AppData\Local\Python\pythoncore-3.14-64\Lib\site-packages\numpy\lib\_nanfunctions_impl.py:1997: RuntimeWarning: Degrees of freedom <= 0 for slice.
  var = nanvar(a, axis=axis, dtype=dtype, out=out, ddof=ddof,
C:\Users\Shreyas.1Gupta\AppData\Local\Python\pythoncore-3.14-64\Lib\site-packages\numpy\lib\_nanfunctions_impl.py:1997: RuntimeWarning: Degrees of freedom <= 0 for slice.
  var = nanvar(a, axis=axis, dtype=dtype, out=out, ddof=ddof,
C:\Users\Shreyas.1Gupta\AppData\Local\Python\pythoncore-3.14-64\Lib\site-packages\numpy\lib\_nanfunctions_impl.py:1997: RuntimeWarning: Degrees of freedom <= 0 for slice.
  var = nanvar(a, axis=axis, dtype=dtype, out=out, ddof=ddof,
C:\Users\Shreyas.1Gupta\AppData\Local\Python\pythoncore-3.14-64\Lib\site-packages\numpy\lib\_nanfunctions_impl.py:1997: RuntimeWarning: Degrees of freedom <= 0 for slice.
  var = nanvar(a, axis=axis, dtype=dtype, out=out, ddof=ddof,
C:\Users\Shreyas.1Gupta\AppData\Local\Python\pythoncore-3.14-64\Lib\site-packages\numpy\lib\_nanfunctions_impl.py:1997: RuntimeWarning: Degrees of freedom <= 0 for slice.
  var = nanvar(a, axis=axis, dtype=dtype, out=out, ddof=ddof,
C:\Users\Shreyas.1Gupta\AppData\Local\Python\pythoncore-3.14-64\Lib\site-packages\numpy\lib\_nanfunctions_impl.py:1997: RuntimeWarning: Degrees of freedom <= 0 for slice.
  var = nanvar(a, axis=axis, dtype=dtype, out=out, ddof=ddof,
C:\Users\Shreyas.1Gupta\AppData\Local\Python\pythoncore-3.14-64\Lib\site-packages\numpy\lib\_nanfunctions_impl.py:1997: RuntimeWarning: Degrees of freedom <= 0 for slice.
  var = nanvar(a, axis=axis, dtype=dtype, out=out, ddof=ddof,
C:\Users\Shreyas.1Gupta\AppData\Local\Python\pythoncore-3.14-64\Lib\site-packages\numpy\lib\_nanfunctions_impl.py:1997: RuntimeWarning: Degrees of freedom <= 0 for slice.
  var = nanvar(a, axis=axis, dtype=dtype, out=out, ddof=ddof,
C:\Users\Shreyas.1Gupta\AppData\Local\Python\pythoncore-3.14-64\Lib\site-packages\numpy\lib\_nanfunctions_impl.py:1997: RuntimeWarning: Degrees of freedom <= 0 for slice.
  var = nanvar(a, axis=axis, dtype=dtype, out=out, ddof=ddof,
C:\Users\Shreyas.1Gupta\AppData\Local\Python\pythoncore-3.14-64\Lib\site-packages\numpy\lib\_nanfunctions_impl.py:1997: RuntimeWarning: Degrees of freedom <= 0 for slice.
  var = nanvar(a, axis=axis, dtype=dtype, out=out, ddof=ddof,
C:\Users\Shreyas.1Gupta\AppData\Local\Python\pythoncore-3.14-64\Lib\site-packages\numpy\lib\_nanfunctions_impl.py:1997: RuntimeWarning: Degrees of freedom <= 0 for slice.
  var = nanvar(a, axis=axis, dtype=dtype, out=out, ddof=ddof,
C:\Users\Shreyas.1Gupta\AppData\Local\Python\pythoncore-3.14-64\Lib\site-packages\numpy\lib\_nanfunctions_impl.py:1997: RuntimeWarning: Degrees of freedom <= 0 for slice.
  var = nanvar(a, axis=axis, dtype=dtype, out=out, ddof=ddof,
C:\Users\Shreyas.1Gupta\AppData\Local\Python\pythoncore-3.14-64\Lib\site-packages\numpy\lib\_nanfunctions_impl.py:1997: RuntimeWarning: Degrees of freedom <= 0 for slice.
  var = nanvar(a, axis=axis, dtype=dtype, out=out, ddof=ddof,
C:\Users\Shreyas.1Gupta\AppData\Local\Python\pythoncore-3.14-64\Lib\site-packages\numpy\lib\_nanfunctions_impl.py:1997: RuntimeWarning: Degrees of freedom <= 0 for slice.
  var = nanvar(a, axis=axis, dtype=dtype, out=out, ddof=ddof,
C:\Users\Shreyas.1Gupta\AppData\Local\Python\pythoncore-3.14-64\Lib\site-packages\numpy\lib\_nanfunctions_impl.py:1997: RuntimeWarning: Degrees of freedom <= 0 for slice.
  var = nanvar(a, axis=axis, dtype=dtype, out=out, ddof=ddof,
C:\Users\Shreyas.1Gupta\AppData\Local\Python\pythoncore-3.14-64\Lib\site-packages\numpy\lib\_nanfunctions_impl.py:1997: RuntimeWarning: Degrees of freedom <= 0 for slice.
  var = nanvar(a, axis=axis, dtype=dtype, out=out, ddof=ddof,
C:\Users\Shreyas.1Gupta\AppData\Local\Python\pythoncore-3.14-64\Lib\site-packages\numpy\lib\_nanfunctions_impl.py:1997: RuntimeWarning: Degrees of freedom <= 0 for slice.
  var = nanvar(a, axis=axis, dtype=dtype, out=out, ddof=ddof,
C:\Users\Shreyas.1Gupta\AppData\Local\Python\pythoncore-3.14-64\Lib\site-packages\numpy\lib\_nanfunctions_impl.py:1997: RuntimeWarning: Degrees of freedom <= 0 for slice.
  var = nanvar(a, axis=axis, dtype=dtype, out=out, ddof=ddof,
C:\Users\Shreyas.1Gupta\AppData\Local\Python\pythoncore-3.14-64\Lib\site-packages\numpy\lib\_nanfunctions_impl.py:1997: RuntimeWarning: Degrees of freedom <= 0 for slice.
  var = nanvar(a, axis=axis, dtype=dtype, out=out, ddof=ddof,
C:\Users\Shreyas.1Gupta\AppData\Local\Python\pythoncore-3.14-64\Lib\site-packages\numpy\lib\_nanfunctions_impl.py:1997: RuntimeWarning: Degrees of freedom <= 0 for slice.
  var = nanvar(a, axis=axis, dtype=dtype, out=out, ddof=ddof,
C:\Users\Shreyas.1Gupta\AppData\Local\Python\pythoncore-3.14-64\Lib\site-packages\numpy\lib\_nanfunctions_impl.py:1997: RuntimeWarning: Degrees of freedom <= 0 for slice.
  var = nanvar(a, axis=axis, dtype=dtype, out=out, ddof=ddof,
C:\Users\Shreyas.1Gupta\AppData\Local\Python\pythoncore-3.14-64\Lib\site-packages\numpy\lib\_nanfunctions_impl.py:1997: RuntimeWarning: Degrees of freedom <= 0 for slice.
  var = nanvar(a, axis=axis, dtype=dtype, out=out, ddof=ddof,
C:\Users\Shreyas.1Gupta\AppData\Local\Python\pythoncore-3.14-64\Lib\site-packages\numpy\lib\_nanfunctions_impl.py:1997: RuntimeWarning: Degrees of freedom <= 0 for slice.
  var = nanvar(a, axis=axis, dtype=dtype, out=out, ddof=ddof,
C:\Users\Shreyas.1Gupta\AppData\Local\Python\pythoncore-3.14-64\Lib\site-packages\numpy\lib\_nanfunctions_impl.py:1997: RuntimeWarning: Degrees of freedom <= 0 for slice.
  var = nanvar(a, axis=axis, dtype=dtype, out=out, ddof=ddof,
C:\Users\Shreyas.1Gupta\AppData\Local\Python\pythoncore-3.14-64\Lib\site-packages\numpy\lib\_nanfunctions_impl.py:1997: RuntimeWarning: Degrees of freedom <= 0 for slice.
  var = nanvar(a, axis=axis, dtype=dtype, out=out, ddof=ddof,
C:\Users\Shreyas.1Gupta\AppData\Local\Python\pythoncore-3.14-64\Lib\site-packages\numpy\lib\_nanfunctions_impl.py:1997: RuntimeWarning: Degrees of freedom <= 0 for slice.
  var = nanvar(a, axis=axis, dtype=dtype, out=out, ddof=ddof,
C:\Users\Shreyas.1Gupta\AppData\Local\Python\pythoncore-3.14-64\Lib\site-packages\numpy\lib\_nanfunctions_impl.py:1997: RuntimeWarning: Degrees of freedom <= 0 for slice.
  var = nanvar(a, axis=axis, dtype=dtype, out=out, ddof=ddof,
C:\Users\Shreyas.1Gupta\AppData\Local\Python\pythoncore-3.14-64\Lib\site-packages\numpy\lib\_nanfunctions_impl.py:1997: RuntimeWarning: Degrees of freedom <= 0 for slice.
  var = nanvar(a, axis=axis, dtype=dtype, out=out, ddof=ddof,
C:\Users\Shreyas.1Gupta\AppData\Local\Python\pythoncore-3.14-64\Lib\site-packages\numpy\lib\_nanfunctions_impl.py:1997: RuntimeWarning: Degrees of freedom <= 0 for slice.
  var = nanvar(a, axis=axis, dtype=dtype, out=out, ddof=ddof,
C:\Users\Shreyas.1Gupta\AppData\Local\Python\pythoncore-3.14-64\Lib\site-packages\numpy\lib\_nanfunctions_impl.py:1997: RuntimeWarning: Degrees of freedom <= 0 for slice.
  var = nanvar(a, axis=axis, dtype=dtype, out=out, ddof=ddof,
C:\Users\Shreyas.1Gupta\AppData\Local\Python\pythoncore-3.14-64\Lib\site-packages\numpy\lib\_nanfunctions_impl.py:1997: RuntimeWarning: Degrees of freedom <= 0 for slice.
  var = nanvar(a, axis=axis, dtype=dtype, out=out, ddof=ddof,
C:\Users\Shreyas.1Gupta\AppData\Local\Python\pythoncore-3.14-64\Lib\site-packages\numpy\lib\_nanfunctions_impl.py:1997: RuntimeWarning: Degrees of freedom <= 0 for slice.
  var = nanvar(a, axis=axis, dtype=dtype, out=out, ddof=ddof,
C:\Users\Shreyas.1Gupta\AppData\Local\Python\pythoncore-3.14-64\Lib\site-packages\numpy\lib\_nanfunctions_impl.py:1997: RuntimeWarning: Degrees of freedom <= 0 for slice.
  var = nanvar(a, axis=axis, dtype=dtype, out=out, ddof=ddof,
C:\Users\Shreyas.1Gupta\AppData\Local\Python\pythoncore-3.14-64\Lib\site-packages\numpy\lib\_nanfunctions_impl.py:1997: RuntimeWarning: Degrees of freedom <= 0 for slice.
  var = nanvar(a, axis=axis, dtype=dtype, out=out, ddof=ddof,
C:\Users\Shreyas.1Gupta\AppData\Local\Python\pythoncore-3.14-64\Lib\site-packages\numpy\lib\_nanfunctions_impl.py:1997: RuntimeWarning: Degrees of freedom <= 0 for slice.
  var = nanvar(a, axis=axis, dtype=dtype, out=out, ddof=ddof,
C:\Users\Shreyas.1Gupta\AppData\Local\Python\pythoncore-3.14-64\Lib\site-packages\numpy\lib\_nanfunctions_impl.py:1997: RuntimeWarning: Degrees of freedom <= 0 for slice.
  var = nanvar(a, axis=axis, dtype=dtype, out=out, ddof=ddof,
C:\Users\Shreyas.1Gupta\AppData\Local\Python\pythoncore-3.14-64\Lib\site-packages\numpy\lib\_nanfunctions_impl.py:1997: RuntimeWarning: Degrees of freedom <= 0 for slice.
  var = nanvar(a, axis=axis, dtype=dtype, out=out, ddof=ddof,
C:\Users\Shreyas.1Gupta\AppData\Local\Python\pythoncore-3.14-64\Lib\site-packages\numpy\lib\_nanfunctions_impl.py:1997: RuntimeWarning: Degrees of freedom <= 0 for slice.
  var = nanvar(a, axis=axis, dtype=dtype, out=out, ddof=ddof,
C:\Users\Shreyas.1Gupta\AppData\Local\Python\pythoncore-3.14-64\Lib\site-packages\numpy\lib\_nanfunctions_impl.py:1997: RuntimeWarning: Degrees of freedom <= 0 for slice.
  var = nanvar(a, axis=axis, dtype=dtype, out=out, ddof=ddof,
C:\Users\Shreyas.1Gupta\AppData\Local\Python\pythoncore-3.14-64\Lib\site-packages\numpy\lib\_nanfunctions_impl.py:1997: RuntimeWarning: Degrees of freedom <= 0 for slice.
  var = nanvar(a, axis=axis, dtype=dtype, out=out, ddof=ddof,
C:\Users\Shreyas.1Gupta\AppData\Local\Python\pythoncore-3.14-64\Lib\site-packages\numpy\lib\_nanfunctions_impl.py:1997: RuntimeWarning: Degrees of freedom <= 0 for slice.
  var = nanvar(a, axis=axis, dtype=dtype, out=out, ddof=ddof,
C:\Users\Shreyas.1Gupta\AppData\Local\Python\pythoncore-3.14-64\Lib\site-packages\numpy\lib\_nanfunctions_impl.py:1997: RuntimeWarning: Degrees of freedom <= 0 for slice.
  var = nanvar(a, axis=axis, dtype=dtype, out=out, ddof=ddof,
C:\Users\Shreyas.1Gupta\AppData\Local\Python\pythoncore-3.14-64\Lib\site-packages\numpy\lib\_nanfunctions_impl.py:1997: RuntimeWarning: Degrees of freedom <= 0 for slice.
  var = nanvar(a, axis=axis, dtype=dtype, out=out, ddof=ddof,
C:\Users\Shreyas.1Gupta\AppData\Local\Python\pythoncore-3.14-64\Lib\site-packages\numpy\lib\_nanfunctions_impl.py:1997: RuntimeWarning: Degrees of freedom <= 0 for slice.
  var = nanvar(a, axis=axis, dtype=dtype, out=out, ddof=ddof,
C:\Users\Shreyas.1Gupta\AppData\Local\Python\pythoncore-3.14-64\Lib\site-packages\numpy\lib\_nanfunctions_impl.py:1997: RuntimeWarning: Degrees of freedom <= 0 for slice.
  var = nanvar(a, axis=axis, dtype=dtype, out=out, ddof=ddof,
C:\Users\Shreyas.1Gupta\AppData\Local\Python\pythoncore-3.14-64\Lib\site-packages\numpy\lib\_nanfunctions_impl.py:1997: RuntimeWarning: Degrees of freedom <= 0 for slice.
  var = nanvar(a, axis=axis, dtype=dtype, out=out, ddof=ddof,
C:\Users\Shreyas.1Gupta\AppData\Local\Python\pythoncore-3.14-64\Lib\site-packages\numpy\lib\_nanfunctions_impl.py:1997: RuntimeWarning: Degrees of freedom <= 0 for slice.
  var = nanvar(a, axis=axis, dtype=dtype, out=out, ddof=ddof,
C:\Users\Shreyas.1Gupta\AppData\Local\Python\pythoncore-3.14-64\Lib\site-packages\numpy\lib\_nanfunctions_impl.py:1997: RuntimeWarning: Degrees of freedom <= 0 for slice.
  var = nanvar(a, axis=axis, dtype=dtype, out=out, ddof=ddof,
C:\Users\Shreyas.1Gupta\AppData\Local\Python\pythoncore-3.14-64\Lib\site-packages\numpy\lib\_nanfunctions_impl.py:1997: RuntimeWarning: Degrees of freedom <= 0 for slice.
  var = nanvar(a, axis=axis, dtype=dtype, out=out, ddof=ddof,
C:\Users\Shreyas.1Gupta\AppData\Local\Python\pythoncore-3.14-64\Lib\site-packages\numpy\lib\_nanfunctions_impl.py:1997: RuntimeWarning: Degrees of freedom <= 0 for slice.
  var = nanvar(a, axis=axis, dtype=dtype, out=out, ddof=ddof,
C:\Users\Shreyas.1Gupta\AppData\Local\Python\pythoncore-3.14-64\Lib\site-packages\numpy\lib\_nanfunctions_impl.py:1997: RuntimeWarning: Degrees of freedom <= 0 for slice.
  var = nanvar(a, axis=axis, dtype=dtype, out=out, ddof=ddof,
C:\Users\Shreyas.1Gupta\AppData\Local\Python\pythoncore-3.14-64\Lib\site-packages\numpy\lib\_nanfunctions_impl.py:1997: RuntimeWarning: Degrees of freedom <= 0 for slice.
  var = nanvar(a, axis=axis, dtype=dtype, out=out, ddof=ddof,
C:\Users\Shreyas.1Gupta\AppData\Local\Python\pythoncore-3.14-64\Lib\site-packages\numpy\lib\_nanfunctions_impl.py:1997: RuntimeWarning: Degrees of freedom <= 0 for slice.
  var = nanvar(a, axis=axis, dtype=dtype, out=out, ddof=ddof,
C:\Users\Shreyas.1Gupta\AppData\Local\Python\pythoncore-3.14-64\Lib\site-packages\numpy\lib\_nanfunctions_impl.py:1997: RuntimeWarning: Degrees of freedom <= 0 for slice.
  var = nanvar(a, axis=axis, dtype=dtype, out=out, ddof=ddof,
C:\Users\Shreyas.1Gupta\AppData\Local\Python\pythoncore-3.14-64\Lib\site-packages\numpy\lib\_nanfunctions_impl.py:1997: RuntimeWarning: Degrees of freedom <= 0 for slice.
  var = nanvar(a, axis=axis, dtype=dtype, out=out, ddof=ddof,
C:\Users\Shreyas.1Gupta\AppData\Local\Python\pythoncore-3.14-64\Lib\site-packages\numpy\lib\_nanfunctions_impl.py:1997: RuntimeWarning: Degrees of freedom <= 0 for slice.
  var = nanvar(a, axis=axis, dtype=dtype, out=out, ddof=ddof,
C:\Users\Shreyas.1Gupta\AppData\Local\Python\pythoncore-3.14-64\Lib\site-packages\numpy\lib\_nanfunctions_impl.py:1997: RuntimeWarning: Degrees of freedom <= 0 for slice.
  var = nanvar(a, axis=axis, dtype=dtype, out=out, ddof=ddof,
C:\Users\Shreyas.1Gupta\AppData\Local\Python\pythoncore-3.14-64\Lib\site-packages\numpy\lib\_nanfunctions_impl.py:1997: RuntimeWarning: Degrees of freedom <= 0 for slice.
  var = nanvar(a, axis=axis, dtype=dtype, out=out, ddof=ddof,
C:\Users\Shreyas.1Gupta\AppData\Local\Python\pythoncore-3.14-64\Lib\site-packages\numpy\lib\_nanfunctions_impl.py:1997: RuntimeWarning: Degrees of freedom <= 0 for slice.
  var = nanvar(a, axis=axis, dtype=dtype, out=out, ddof=ddof,
C:\Users\Shreyas.1Gupta\AppData\Local\Python\pythoncore-3.14-64\Lib\site-packages\numpy\lib\_nanfunctions_impl.py:1997: RuntimeWarning: Degrees of freedom <= 0 for slice.
  var = nanvar(a, axis=axis, dtype=dtype, out=out, ddof=ddof,
C:\Users\Shreyas.1Gupta\AppData\Local\Python\pythoncore-3.14-64\Lib\site-packages\numpy\lib\_nanfunctions_impl.py:1997: RuntimeWarning: Degrees of freedom <= 0 for slice.
  var = nanvar(a, axis=axis, dtype=dtype, out=out, ddof=ddof,
C:\Users\Shreyas.1Gupta\AppData\Local\Python\pythoncore-3.14-64\Lib\site-packages\numpy\lib\_nanfunctions_impl.py:1997: RuntimeWarning: Degrees of freedom <= 0 for slice.
  var = nanvar(a, axis=axis, dtype=dtype, out=out, ddof=ddof,
C:\Users\Shreyas.1Gupta\AppData\Local\Python\pythoncore-3.14-64\Lib\site-packages\numpy\lib\_nanfunctions_impl.py:1997: RuntimeWarning: Degrees of freedom <= 0 for slice.
  var = nanvar(a, axis=axis, dtype=dtype, out=out, ddof=ddof,
C:\Users\Shreyas.1Gupta\AppData\Local\Python\pythoncore-3.14-64\Lib\site-packages\numpy\lib\_nanfunctions_impl.py:1997: RuntimeWarning: Degrees of freedom <= 0 for slice.
  var = nanvar(a, axis=axis, dtype=dtype, out=out, ddof=ddof,
C:\Users\Shreyas.1Gupta\AppData\Local\Python\pythoncore-3.14-64\Lib\site-packages\numpy\lib\_nanfunctions_impl.py:1997: RuntimeWarning: Degrees of freedom <= 0 for slice.
  var = nanvar(a, axis=axis, dtype=dtype, out=out, ddof=ddof,
C:\Users\Shreyas.1Gupta\AppData\Local\Python\pythoncore-3.14-64\Lib\site-packages\numpy\lib\_nanfunctions_impl.py:1997: RuntimeWarning: Degrees of freedom <= 0 for slice.
  var = nanvar(a, axis=axis, dtype=dtype, out=out, ddof=ddof,
C:\Users\Shreyas.1Gupta\AppData\Local\Python\pythoncore-3.14-64\Lib\site-packages\numpy\lib\_nanfunctions_impl.py:1997: RuntimeWarning: Degrees of freedom <= 0 for slice.
  var = nanvar(a, axis=axis, dtype=dtype, out=out, ddof=ddof,
C:\Users\Shreyas.1Gupta\AppData\Local\Python\pythoncore-3.14-64\Lib\site-packages\numpy\lib\_nanfunctions_impl.py:1997: RuntimeWarning: Degrees of freedom <= 0 for slice.
  var = nanvar(a, axis=axis, dtype=dtype, out=out, ddof=ddof,
C:\Users\Shreyas.1Gupta\AppData\Local\Python\pythoncore-3.14-64\Lib\site-packages\numpy\lib\_nanfunctions_impl.py:1997: RuntimeWarning: Degrees of freedom <= 0 for slice.
  var = nanvar(a, axis=axis, dtype=dtype, out=out, ddof=ddof,
C:\Users\Shreyas.1Gupta\AppData\Local\Python\pythoncore-3.14-64\Lib\site-packages\numpy\lib\_nanfunctions_impl.py:1997: RuntimeWarning: Degrees of freedom <= 0 for slice.
  var = nanvar(a, axis=axis, dtype=dtype, out=out, ddof=ddof,
C:\Users\Shreyas.1Gupta\AppData\Local\Python\pythoncore-3.14-64\Lib\site-packages\numpy\lib\_nanfunctions_impl.py:1997: RuntimeWarning: Degrees of freedom <= 0 for slice.
  var = nanvar(a, axis=axis, dtype=dtype, out=out, ddof=ddof,
C:\Users\Shreyas.1Gupta\AppData\Local\Python\pythoncore-3.14-64\Lib\site-packages\numpy\lib\_nanfunctions_impl.py:1997: RuntimeWarning: Degrees of freedom <= 0 for slice.
  var = nanvar(a, axis=axis, dtype=dtype, out=out, ddof=ddof,
C:\Users\Shreyas.1Gupta\AppData\Local\Python\pythoncore-3.14-64\Lib\site-packages\numpy\lib\_nanfunctions_impl.py:1997: RuntimeWarning: Degrees of freedom <= 0 for slice.
  var = nanvar(a, axis=axis, dtype=dtype, out=out, ddof=ddof,
C:\Users\Shreyas.1Gupta\AppData\Local\Python\pythoncore-3.14-64\Lib\site-packages\numpy\lib\_nanfunctions_impl.py:1997: RuntimeWarning: Degrees of freedom <= 0 for slice.
  var = nanvar(a, axis=axis, dtype=dtype, out=out, ddof=ddof,
C:\Users\Shreyas.1Gupta\AppData\Local\Python\pythoncore-3.14-64\Lib\site-packages\numpy\lib\_nanfunctions_impl.py:1997: RuntimeWarning: Degrees of freedom <= 0 for slice.
  var = nanvar(a, axis=axis, dtype=dtype, out=out, ddof=ddof,
C:\Users\Shreyas.1Gupta\AppData\Local\Python\pythoncore-3.14-64\Lib\site-packages\numpy\lib\_nanfunctions_impl.py:1997: RuntimeWarning: Degrees of freedom <= 0 for slice.
  var = nanvar(a, axis=axis, dtype=dtype, out=out, ddof=ddof,
C:\Users\Shreyas.1Gupta\AppData\Local\Python\pythoncore-3.14-64\Lib\site-packages\numpy\lib\_nanfunctions_impl.py:1997: RuntimeWarning: Degrees of freedom <= 0 for slice.
  var = nanvar(a, axis=axis, dtype=dtype, out=out, ddof=ddof,
C:\Users\Shreyas.1Gupta\AppData\Local\Python\pythoncore-3.14-64\Lib\site-packages\numpy\lib\_nanfunctions_impl.py:1997: RuntimeWarning: Degrees of freedom <= 0 for slice.
  var = nanvar(a, axis=axis, dtype=dtype, out=out, ddof=ddof,
C:\Users\Shreyas.1Gupta\AppData\Local\Python\pythoncore-3.14-64\Lib\site-packages\numpy\lib\_nanfunctions_impl.py:1997: RuntimeWarning: Degrees of freedom <= 0 for slice.
  var = nanvar(a, axis=axis, dtype=dtype, out=out, ddof=ddof,
C:\Users\Shreyas.1Gupta\AppData\Local\Python\pythoncore-3.14-64\Lib\site-packages\numpy\lib\_nanfunctions_impl.py:1997: RuntimeWarning: Degrees of freedom <= 0 for slice.
  var = nanvar(a, axis=axis, dtype=dtype, out=out, ddof=ddof,
C:\Users\Shreyas.1Gupta\AppData\Local\Python\pythoncore-3.14-64\Lib\site-packages\numpy\lib\_nanfunctions_impl.py:1997: RuntimeWarning: Degrees of freedom <= 0 for slice.
  var = nanvar(a, axis=axis, dtype=dtype, out=out, ddof=ddof,
C:\Users\Shreyas.1Gupta\AppData\Local\Python\pythoncore-3.14-64\Lib\site-packages\numpy\lib\_nanfunctions_impl.py:1997: RuntimeWarning: Degrees of freedom <= 0 for slice.
  var = nanvar(a, axis=axis, dtype=dtype, out=out, ddof=ddof,
C:\Users\Shreyas.1Gupta\AppData\Local\Python\pythoncore-3.14-64\Lib\site-packages\numpy\lib\_nanfunctions_impl.py:1997: RuntimeWarning: Degrees of freedom <= 0 for slice.
  var = nanvar(a, axis=axis, dtype=dtype, out=out, ddof=ddof,
C:\Users\Shreyas.1Gupta\AppData\Local\Python\pythoncore-3.14-64\Lib\site-packages\numpy\lib\_nanfunctions_impl.py:1997: RuntimeWarning: Degrees of freedom <= 0 for slice.
  var = nanvar(a, axis=axis, dtype=dtype, out=out, ddof=ddof,
C:\Users\Shreyas.1Gupta\AppData\Local\Python\pythoncore-3.14-64\Lib\site-packages\numpy\lib\_nanfunctions_impl.py:1997: RuntimeWarning: Degrees of freedom <= 0 for slice.
  var = nanvar(a, axis=axis, dtype=dtype, out=out, ddof=ddof,
C:\Users\Shreyas.1Gupta\AppData\Local\Python\pythoncore-3.14-64\Lib\site-packages\numpy\lib\_nanfunctions_impl.py:1997: RuntimeWarning: Degrees of freedom <= 0 for slice.
  var = nanvar(a, axis=axis, dtype=dtype, out=out, ddof=ddof,
C:\Users\Shreyas.1Gupta\AppData\Local\Python\pythoncore-3.14-64\Lib\site-packages\numpy\lib\_nanfunctions_impl.py:1997: RuntimeWarning: Degrees of freedom <= 0 for slice.
  var = nanvar(a, axis=axis, dtype=dtype, out=out, ddof=ddof,
C:\Users\Shreyas.1Gupta\AppData\Local\Python\pythoncore-3.14-64\Lib\site-packages\numpy\lib\_nanfunctions_impl.py:1997: RuntimeWarning: Degrees of freedom <= 0 for slice.
  var = nanvar(a, axis=axis, dtype=dtype, out=out, ddof=ddof,
C:\Users\Shreyas.1Gupta\AppData\Local\Python\pythoncore-3.14-64\Lib\site-packages\numpy\lib\_nanfunctions_impl.py:1997: RuntimeWarning: Degrees of freedom <= 0 for slice.
  var = nanvar(a, axis=axis, dtype=dtype, out=out, ddof=ddof,
C:\Users\Shreyas.1Gupta\AppData\Local\Python\pythoncore-3.14-64\Lib\site-packages\numpy\lib\_nanfunctions_impl.py:1997: RuntimeWarning: Degrees of freedom <= 0 for slice.
  var = nanvar(a, axis=axis, dtype=dtype, out=out, ddof=ddof,
C:\Users\Shreyas.1Gupta\AppData\Local\Python\pythoncore-3.14-64\Lib\site-packages\numpy\lib\_nanfunctions_impl.py:1997: RuntimeWarning: Degrees of freedom <= 0 for slice.
  var = nanvar(a, axis=axis, dtype=dtype, out=out, ddof=ddof,
C:\Users\Shreyas.1Gupta\AppData\Local\Python\pythoncore-3.14-64\Lib\site-packages\numpy\lib\_nanfunctions_impl.py:1997: RuntimeWarning: Degrees of freedom <= 0 for slice.
  var = nanvar(a, axis=axis, dtype=dtype, out=out, ddof=ddof,
C:\Users\Shreyas.1Gupta\AppData\Local\Python\pythoncore-3.14-64\Lib\site-packages\numpy\lib\_nanfunctions_impl.py:1997: RuntimeWarning: Degrees of freedom <= 0 for slice.
  var = nanvar(a, axis=axis, dtype=dtype, out=out, ddof=ddof,
C:\Users\Shreyas.1Gupta\AppData\Local\Python\pythoncore-3.14-64\Lib\site-packages\numpy\lib\_nanfunctions_impl.py:1997: RuntimeWarning: Degrees of freedom <= 0 for slice.
  var = nanvar(a, axis=axis, dtype=dtype, out=out, ddof=ddof,
C:\Users\Shreyas.1Gupta\AppData\Local\Python\pythoncore-3.14-64\Lib\site-packages\numpy\lib\_nanfunctions_impl.py:1997: RuntimeWarning: Degrees of freedom <= 0 for slice.
  var = nanvar(a, axis=axis, dtype=dtype, out=out, ddof=ddof,
C:\Users\Shreyas.1Gupta\AppData\Local\Python\pythoncore-3.14-64\Lib\site-packages\numpy\lib\_nanfunctions_impl.py:1997: RuntimeWarning: Degrees of freedom <= 0 for slice.
  var = nanvar(a, axis=axis, dtype=dtype, out=out, ddof=ddof,
C:\Users\Shreyas.1Gupta\AppData\Local\Python\pythoncore-3.14-64\Lib\site-packages\numpy\lib\_nanfunctions_impl.py:1997: RuntimeWarning: Degrees of freedom <= 0 for slice.
  var = nanvar(a, axis=axis, dtype=dtype, out=out, ddof=ddof,
C:\Users\Shreyas.1Gupta\AppData\Local\Python\pythoncore-3.14-64\Lib\site-packages\numpy\lib\_nanfunctions_impl.py:1997: RuntimeWarning: Degrees of freedom <= 0 for slice.
  var = nanvar(a, axis=axis, dtype=dtype, out=out, ddof=ddof,
C:\Users\Shreyas.1Gupta\AppData\Local\Python\pythoncore-3.14-64\Lib\site-packages\numpy\lib\_nanfunctions_impl.py:1997: RuntimeWarning: Degrees of freedom <= 0 for slice.
  var = nanvar(a, axis=axis, dtype=dtype, out=out, ddof=ddof,
C:\Users\Shreyas.1Gupta\AppData\Local\Python\pythoncore-3.14-64\Lib\site-packages\numpy\lib\_nanfunctions_impl.py:1997: RuntimeWarning: Degrees of freedom <= 0 for slice.
  var = nanvar(a, axis=axis, dtype=dtype, out=out, ddof=ddof,
C:\Users\Shreyas.1Gupta\AppData\Local\Python\pythoncore-3.14-64\Lib\site-packages\numpy\lib\_nanfunctions_impl.py:1997: RuntimeWarning: Degrees of freedom <= 0 for slice.
  var = nanvar(a, axis=axis, dtype=dtype, out=out, ddof=ddof,
C:\Users\Shreyas.1Gupta\AppData\Local\Python\pythoncore-3.14-64\Lib\site-packages\numpy\lib\_nanfunctions_impl.py:1997: RuntimeWarning: Degrees of freedom <= 0 for slice.
  var = nanvar(a, axis=axis, dtype=dtype, out=out, ddof=ddof,
C:\Users\Shreyas.1Gupta\AppData\Local\Python\pythoncore-3.14-64\Lib\site-packages\numpy\lib\_nanfunctions_impl.py:1997: RuntimeWarning: Degrees of freedom <= 0 for slice.
  var = nanvar(a, axis=axis, dtype=dtype, out=out, ddof=ddof,
C:\Users\Shreyas.1Gupta\AppData\Local\Python\pythoncore-3.14-64\Lib\site-packages\numpy\lib\_nanfunctions_impl.py:1997: RuntimeWarning: Degrees of freedom <= 0 for slice.
  var = nanvar(a, axis=axis, dtype=dtype, out=out, ddof=ddof,
C:\Users\Shreyas.1Gupta\AppData\Local\Python\pythoncore-3.14-64\Lib\site-packages\numpy\lib\_nanfunctions_impl.py:1997: RuntimeWarning: Degrees of freedom <= 0 for slice.
  var = nanvar(a, axis=axis, dtype=dtype, out=out, ddof=ddof,
C:\Users\Shreyas.1Gupta\AppData\Local\Python\pythoncore-3.14-64\Lib\site-packages\numpy\lib\_nanfunctions_impl.py:1997: RuntimeWarning: Degrees of freedom <= 0 for slice.
  var = nanvar(a, axis=axis, dtype=dtype, out=out, ddof=ddof,
C:\Users\Shreyas.1Gupta\AppData\Local\Python\pythoncore-3.14-64\Lib\site-packages\numpy\lib\_nanfunctions_impl.py:1997: RuntimeWarning: Degrees of freedom <= 0 for slice.
  var = nanvar(a, axis=axis, dtype=dtype, out=out, ddof=ddof,
C:\Users\Shreyas.1Gupta\AppData\Local\Python\pythoncore-3.14-64\Lib\site-packages\numpy\lib\_nanfunctions_impl.py:1997: RuntimeWarning: Degrees of freedom <= 0 for slice.
  var = nanvar(a, axis=axis, dtype=dtype, out=out, ddof=ddof,
C:\Users\Shreyas.1Gupta\AppData\Local\Python\pythoncore-3.14-64\Lib\site-packages\numpy\lib\_nanfunctions_impl.py:1997: RuntimeWarning: Degrees of freedom <= 0 for slice.
  var = nanvar(a, axis=axis, dtype=dtype, out=out, ddof=ddof,
C:\Users\Shreyas.1Gupta\AppData\Local\Python\pythoncore-3.14-64\Lib\site-packages\numpy\lib\_nanfunctions_impl.py:1997: RuntimeWarning: Degrees of freedom <= 0 for slice.
  var = nanvar(a, axis=axis, dtype=dtype, out=out, ddof=ddof,
C:\Users\Shreyas.1Gupta\AppData\Local\Python\pythoncore-3.14-64\Lib\site-packages\numpy\lib\_nanfunctions_impl.py:1997: RuntimeWarning: Degrees of freedom <= 0 for slice.
  var = nanvar(a, axis=axis, dtype=dtype, out=out, ddof=ddof,
C:\Users\Shreyas.1Gupta\AppData\Local\Python\pythoncore-3.14-64\Lib\site-packages\numpy\lib\_nanfunctions_impl.py:1997: RuntimeWarning: Degrees of freedom <= 0 for slice.
  var = nanvar(a, axis=axis, dtype=dtype, out=out, ddof=ddof,
C:\Users\Shreyas.1Gupta\AppData\Local\Python\pythoncore-3.14-64\Lib\site-packages\numpy\lib\_nanfunctions_impl.py:1997: RuntimeWarning: Degrees of freedom <= 0 for slice.
  var = nanvar(a, axis=axis, dtype=dtype, out=out, ddof=ddof,
C:\Users\Shreyas.1Gupta\AppData\Local\Python\pythoncore-3.14-64\Lib\site-packages\numpy\lib\_nanfunctions_impl.py:1997: RuntimeWarning: Degrees of freedom <= 0 for slice.
  var = nanvar(a, axis=axis, dtype=dtype, out=out, ddof=ddof,
C:\Users\Shreyas.1Gupta\AppData\Local\Python\pythoncore-3.14-64\Lib\site-packages\numpy\lib\_nanfunctions_impl.py:1997: RuntimeWarning: Degrees of freedom <= 0 for slice.
  var = nanvar(a, axis=axis, dtype=dtype, out=out, ddof=ddof,
C:\Users\Shreyas.1Gupta\AppData\Local\Python\pythoncore-3.14-64\Lib\site-packages\numpy\lib\_nanfunctions_impl.py:1997: RuntimeWarning: Degrees of freedom <= 0 for slice.
  var = nanvar(a, axis=axis, dtype=dtype, out=out, ddof=ddof,
C:\Users\Shreyas.1Gupta\AppData\Local\Python\pythoncore-3.14-64\Lib\site-packages\numpy\lib\_nanfunctions_impl.py:1997: RuntimeWarning: Degrees of freedom <= 0 for slice.
  var = nanvar(a, axis=axis, dtype=dtype, out=out, ddof=ddof,
C:\Users\Shreyas.1Gupta\AppData\Local\Python\pythoncore-3.14-64\Lib\site-packages\numpy\lib\_nanfunctions_impl.py:1997: RuntimeWarning: Degrees of freedom <= 0 for slice.
  var = nanvar(a, axis=axis, dtype=dtype, out=out, ddof=ddof,
C:\Users\Shreyas.1Gupta\AppData\Local\Python\pythoncore-3.14-64\Lib\site-packages\numpy\lib\_nanfunctions_impl.py:1997: RuntimeWarning: Degrees of freedom <= 0 for slice.
  var = nanvar(a, axis=axis, dtype=dtype, out=out, ddof=ddof,
C:\Users\Shreyas.1Gupta\AppData\Local\Python\pythoncore-3.14-64\Lib\site-packages\numpy\lib\_nanfunctions_impl.py:1997: RuntimeWarning: Degrees of freedom <= 0 for slice.
  var = nanvar(a, axis=axis, dtype=dtype, out=out, ddof=ddof,
C:\Users\Shreyas.1Gupta\AppData\Local\Python\pythoncore-3.14-64\Lib\site-packages\numpy\lib\_nanfunctions_impl.py:1997: RuntimeWarning: Degrees of freedom <= 0 for slice.
  var = nanvar(a, axis=axis, dtype=dtype, out=out, ddof=ddof,
C:\Users\Shreyas.1Gupta\AppData\Local\Python\pythoncore-3.14-64\Lib\site-packages\numpy\lib\_nanfunctions_impl.py:1997: RuntimeWarning: Degrees of freedom <= 0 for slice.
  var = nanvar(a, axis=axis, dtype=dtype, out=out, ddof=ddof,
C:\Users\Shreyas.1Gupta\AppData\Local\Python\pythoncore-3.14-64\Lib\site-packages\numpy\lib\_nanfunctions_impl.py:1997: RuntimeWarning: Degrees of freedom <= 0 for slice.
  var = nanvar(a, axis=axis, dtype=dtype, out=out, ddof=ddof,
C:\Users\Shreyas.1Gupta\AppData\Local\Python\pythoncore-3.14-64\Lib\site-packages\numpy\lib\_nanfunctions_impl.py:1997: RuntimeWarning: Degrees of freedom <= 0 for slice.
  var = nanvar(a, axis=axis, dtype=dtype, out=out, ddof=ddof,
C:\Users\Shreyas.1Gupta\AppData\Local\Python\pythoncore-3.14-64\Lib\site-packages\numpy\lib\_nanfunctions_impl.py:1997: RuntimeWarning: Degrees of freedom <= 0 for slice.
  var = nanvar(a, axis=axis, dtype=dtype, out=out, ddof=ddof,
C:\Users\Shreyas.1Gupta\AppData\Local\Python\pythoncore-3.14-64\Lib\site-packages\numpy\lib\_nanfunctions_impl.py:1997: RuntimeWarning: Degrees of freedom <= 0 for slice.
  var = nanvar(a, axis=axis, dtype=dtype, out=out, ddof=ddof,
C:\Users\Shreyas.1Gupta\AppData\Local\Python\pythoncore-3.14-64\Lib\site-packages\numpy\lib\_nanfunctions_impl.py:1997: RuntimeWarning: Degrees of freedom <= 0 for slice.
  var = nanvar(a, axis=axis, dtype=dtype, out=out, ddof=ddof,
C:\Users\Shreyas.1Gupta\AppData\Local\Python\pythoncore-3.14-64\Lib\site-packages\numpy\lib\_nanfunctions_impl.py:1997: RuntimeWarning: Degrees of freedom <= 0 for slice.
  var = nanvar(a, axis=axis, dtype=dtype, out=out, ddof=ddof,
C:\Users\Shreyas.1Gupta\AppData\Local\Python\pythoncore-3.14-64\Lib\site-packages\numpy\lib\_nanfunctions_impl.py:1997: RuntimeWarning: Degrees of freedom <= 0 for slice.
  var = nanvar(a, axis=axis, dtype=dtype, out=out, ddof=ddof,
C:\Users\Shreyas.1Gupta\AppData\Local\Python\pythoncore-3.14-64\Lib\site-packages\numpy\lib\_nanfunctions_impl.py:1997: RuntimeWarning: Degrees of freedom <= 0 for slice.
  var = nanvar(a, axis=axis, dtype=dtype, out=out, ddof=ddof,
C:\Users\Shreyas.1Gupta\AppData\Local\Python\pythoncore-3.14-64\Lib\site-packages\numpy\lib\_nanfunctions_impl.py:1997: RuntimeWarning: Degrees of freedom <= 0 for slice.
  var = nanvar(a, axis=axis, dtype=dtype, out=out, ddof=ddof,
C:\Users\Shreyas.1Gupta\AppData\Local\Python\pythoncore-3.14-64\Lib\site-packages\numpy\lib\_nanfunctions_impl.py:1997: RuntimeWarning: Degrees of freedom <= 0 for slice.
  var = nanvar(a, axis=axis, dtype=dtype, out=out, ddof=ddof,
C:\Users\Shreyas.1Gupta\AppData\Local\Python\pythoncore-3.14-64\Lib\site-packages\numpy\lib\_nanfunctions_impl.py:1997: RuntimeWarning: Degrees of freedom <= 0 for slice.
  var = nanvar(a, axis=axis, dtype=dtype, out=out, ddof=ddof,
C:\Users\Shreyas.1Gupta\AppData\Local\Python\pythoncore-3.14-64\Lib\site-packages\numpy\lib\_nanfunctions_impl.py:1997: RuntimeWarning: Degrees of freedom <= 0 for slice.
  var = nanvar(a, axis=axis, dtype=dtype, out=out, ddof=ddof,
C:\Users\Shreyas.1Gupta\AppData\Local\Python\pythoncore-3.14-64\Lib\site-packages\numpy\lib\_nanfunctions_impl.py:1997: RuntimeWarning: Degrees of freedom <= 0 for slice.
  var = nanvar(a, axis=axis, dtype=dtype, out=out, ddof=ddof,
C:\Users\Shreyas.1Gupta\AppData\Local\Python\pythoncore-3.14-64\Lib\site-packages\numpy\lib\_nanfunctions_impl.py:1997: RuntimeWarning: Degrees of freedom <= 0 for slice.
  var = nanvar(a, axis=axis, dtype=dtype, out=out, ddof=ddof,
C:\Users\Shreyas.1Gupta\AppData\Local\Python\pythoncore-3.14-64\Lib\site-packages\numpy\lib\_nanfunctions_impl.py:1997: RuntimeWarning: Degrees of freedom <= 0 for slice.
  var = nanvar(a, axis=axis, dtype=dtype, out=out, ddof=ddof,
C:\Users\Shreyas.1Gupta\AppData\Local\Python\pythoncore-3.14-64\Lib\site-packages\numpy\lib\_nanfunctions_impl.py:1997: RuntimeWarning: Degrees of freedom <= 0 for slice.
  var = nanvar(a, axis=axis, dtype=dtype, out=out, ddof=ddof,
C:\Users\Shreyas.1Gupta\AppData\Local\Python\pythoncore-3.14-64\Lib\site-packages\numpy\lib\_nanfunctions_impl.py:1997: RuntimeWarning: Degrees of freedom <= 0 for slice.
  var = nanvar(a, axis=axis, dtype=dtype, out=out, ddof=ddof,
C:\Users\Shreyas.1Gupta\AppData\Local\Python\pythoncore-3.14-64\Lib\site-packages\numpy\lib\_nanfunctions_impl.py:1997: RuntimeWarning: Degrees of freedom <= 0 for slice.
  var = nanvar(a, axis=axis, dtype=dtype, out=out, ddof=ddof,
C:\Users\Shreyas.1Gupta\AppData\Local\Python\pythoncore-3.14-64\Lib\site-packages\numpy\lib\_nanfunctions_impl.py:1997: RuntimeWarning: Degrees of freedom <= 0 for slice.
  var = nanvar(a, axis=axis, dtype=dtype, out=out, ddof=ddof,
C:\Users\Shreyas.1Gupta\AppData\Local\Python\pythoncore-3.14-64\Lib\site-packages\numpy\lib\_nanfunctions_impl.py:1997: RuntimeWarning: Degrees of freedom <= 0 for slice.
  var = nanvar(a, axis=axis, dtype=dtype, out=out, ddof=ddof,
C:\Users\Shreyas.1Gupta\AppData\Local\Python\pythoncore-3.14-64\Lib\site-packages\numpy\lib\_nanfunctions_impl.py:1997: RuntimeWarning: Degrees of freedom <= 0 for slice.
  var = nanvar(a, axis=axis, dtype=dtype, out=out, ddof=ddof,
C:\Users\Shreyas.1Gupta\AppData\Local\Python\pythoncore-3.14-64\Lib\site-packages\numpy\lib\_nanfunctions_impl.py:1997: RuntimeWarning: Degrees of freedom <= 0 for slice.
  var = nanvar(a, axis=axis, dtype=dtype, out=out, ddof=ddof,
C:\Users\Shreyas.1Gupta\AppData\Local\Python\pythoncore-3.14-64\Lib\site-packages\numpy\lib\_nanfunctions_impl.py:1997: RuntimeWarning: Degrees of freedom <= 0 for slice.
  var = nanvar(a, axis=axis, dtype=dtype, out=out, ddof=ddof,
C:\Users\Shreyas.1Gupta\AppData\Local\Python\pythoncore-3.14-64\Lib\site-packages\numpy\lib\_nanfunctions_impl.py:1997: RuntimeWarning: Degrees of freedom <= 0 for slice.
  var = nanvar(a, axis=axis, dtype=dtype, out=out, ddof=ddof,
C:\Users\Shreyas.1Gupta\AppData\Local\Python\pythoncore-3.14-64\Lib\site-packages\numpy\lib\_nanfunctions_impl.py:1997: RuntimeWarning: Degrees of freedom <= 0 for slice.
  var = nanvar(a, axis=axis, dtype=dtype, out=out, ddof=ddof,
C:\Users\Shreyas.1Gupta\AppData\Local\Python\pythoncore-3.14-64\Lib\site-packages\numpy\lib\_nanfunctions_impl.py:1997: RuntimeWarning: Degrees of freedom <= 0 for slice.
  var = nanvar(a, axis=axis, dtype=dtype, out=out, ddof=ddof,
C:\Users\Shreyas.1Gupta\AppData\Local\Python\pythoncore-3.14-64\Lib\site-packages\numpy\lib\_nanfunctions_impl.py:1997: RuntimeWarning: Degrees of freedom <= 0 for slice.
  var = nanvar(a, axis=axis, dtype=dtype, out=out, ddof=ddof,
C:\Users\Shreyas.1Gupta\AppData\Local\Python\pythoncore-3.14-64\Lib\site-packages\numpy\lib\_nanfunctions_impl.py:1997: RuntimeWarning: Degrees of freedom <= 0 for slice.
  var = nanvar(a, axis=axis, dtype=dtype, out=out, ddof=ddof,
C:\Users\Shreyas.1Gupta\AppData\Local\Python\pythoncore-3.14-64\Lib\site-packages\numpy\lib\_nanfunctions_impl.py:1997: RuntimeWarning: Degrees of freedom <= 0 for slice.
  var = nanvar(a, axis=axis, dtype=dtype, out=out, ddof=ddof,
C:\Users\Shreyas.1Gupta\AppData\Local\Python\pythoncore-3.14-64\Lib\site-packages\numpy\lib\_nanfunctions_impl.py:1997: RuntimeWarning: Degrees of freedom <= 0 for slice.
  var = nanvar(a, axis=axis, dtype=dtype, out=out, ddof=ddof,
C:\Users\Shreyas.1Gupta\AppData\Local\Python\pythoncore-3.14-64\Lib\site-packages\numpy\lib\_nanfunctions_impl.py:1997: RuntimeWarning: Degrees of freedom <= 0 for slice.
  var = nanvar(a, axis=axis, dtype=dtype, out=out, ddof=ddof,
C:\Users\Shreyas.1Gupta\AppData\Local\Python\pythoncore-3.14-64\Lib\site-packages\numpy\lib\_nanfunctions_impl.py:1997: RuntimeWarning: Degrees of freedom <= 0 for slice.
  var = nanvar(a, axis=axis, dtype=dtype, out=out, ddof=ddof,
C:\Users\Shreyas.1Gupta\AppData\Local\Python\pythoncore-3.14-64\Lib\site-packages\numpy\lib\_nanfunctions_impl.py:1997: RuntimeWarning: Degrees of freedom <= 0 for slice.
  var = nanvar(a, axis=axis, dtype=dtype, out=out, ddof=ddof,
C:\Users\Shreyas.1Gupta\AppData\Local\Python\pythoncore-3.14-64\Lib\site-packages\numpy\lib\_nanfunctions_impl.py:1997: RuntimeWarning: Degrees of freedom <= 0 for slice.
  var = nanvar(a, axis=axis, dtype=dtype, out=out, ddof=ddof,
C:\Users\Shreyas.1Gupta\AppData\Local\Python\pythoncore-3.14-64\Lib\site-packages\numpy\lib\_nanfunctions_impl.py:1997: RuntimeWarning: Degrees of freedom <= 0 for slice.
  var = nanvar(a, axis=axis, dtype=dtype, out=out, ddof=ddof,
C:\Users\Shreyas.1Gupta\AppData\Local\Python\pythoncore-3.14-64\Lib\site-packages\numpy\lib\_nanfunctions_impl.py:1997: RuntimeWarning: Degrees of freedom <= 0 for slice.
  var = nanvar(a, axis=axis, dtype=dtype, out=out, ddof=ddof,
C:\Users\Shreyas.1Gupta\AppData\Local\Python\pythoncore-3.14-64\Lib\site-packages\numpy\lib\_nanfunctions_impl.py:1997: RuntimeWarning: Degrees of freedom <= 0 for slice.
  var = nanvar(a, axis=axis, dtype=dtype, out=out, ddof=ddof,
C:\Users\Shreyas.1Gupta\AppData\Local\Python\pythoncore-3.14-64\Lib\site-packages\numpy\lib\_nanfunctions_impl.py:1997: RuntimeWarning: Degrees of freedom <= 0 for slice.
  var = nanvar(a, axis=axis, dtype=dtype, out=out, ddof=ddof,
C:\Users\Shreyas.1Gupta\AppData\Local\Python\pythoncore-3.14-64\Lib\site-packages\numpy\lib\_nanfunctions_impl.py:1997: RuntimeWarning: Degrees of freedom <= 0 for slice.
  var = nanvar(a, axis=axis, dtype=dtype, out=out, ddof=ddof,
C:\Users\Shreyas.1Gupta\AppData\Local\Python\pythoncore-3.14-64\Lib\site-packages\numpy\lib\_nanfunctions_impl.py:1997: RuntimeWarning: Degrees of freedom <= 0 for slice.
  var = nanvar(a, axis=axis, dtype=dtype, out=out, ddof=ddof,
C:\Users\Shreyas.1Gupta\AppData\Local\Python\pythoncore-3.14-64\Lib\site-packages\numpy\lib\_nanfunctions_impl.py:1997: RuntimeWarning: Degrees of freedom <= 0 for slice.
  var = nanvar(a, axis=axis, dtype=dtype, out=out, ddof=ddof,
C:\Users\Shreyas.1Gupta\AppData\Local\Python\pythoncore-3.14-64\Lib\site-packages\numpy\lib\_nanfunctions_impl.py:1997: RuntimeWarning: Degrees of freedom <= 0 for slice.
  var = nanvar(a, axis=axis, dtype=dtype, out=out, ddof=ddof,
C:\Users\Shreyas.1Gupta\AppData\Local\Python\pythoncore-3.14-64\Lib\site-packages\numpy\lib\_nanfunctions_impl.py:1997: RuntimeWarning: Degrees of freedom <= 0 for slice.
  var = nanvar(a, axis=axis, dtype=dtype, out=out, ddof=ddof,
C:\Users\Shreyas.1Gupta\AppData\Local\Python\pythoncore-3.14-64\Lib\site-packages\numpy\lib\_nanfunctions_impl.py:1997: RuntimeWarning: Degrees of freedom <= 0 for slice.
  var = nanvar(a, axis=axis, dtype=dtype, out=out, ddof=ddof,
C:\Users\Shreyas.1Gupta\AppData\Local\Python\pythoncore-3.14-64\Lib\site-packages\numpy\lib\_nanfunctions_impl.py:1997: RuntimeWarning: Degrees of freedom <= 0 for slice.
  var = nanvar(a, axis=axis, dtype=dtype, out=out, ddof=ddof,
C:\Users\Shreyas.1Gupta\AppData\Local\Python\pythoncore-3.14-64\Lib\site-packages\numpy\lib\_nanfunctions_impl.py:1997: RuntimeWarning: Degrees of freedom <= 0 for slice.
  var = nanvar(a, axis=axis, dtype=dtype, out=out, ddof=ddof,
C:\Users\Shreyas.1Gupta\AppData\Local\Python\pythoncore-3.14-64\Lib\site-packages\numpy\lib\_nanfunctions_impl.py:1997: RuntimeWarning: Degrees of freedom <= 0 for slice.
  var = nanvar(a, axis=axis, dtype=dtype, out=out, ddof=ddof,
C:\Users\Shreyas.1Gupta\AppData\Local\Python\pythoncore-3.14-64\Lib\site-packages\numpy\lib\_nanfunctions_impl.py:1997: RuntimeWarning: Degrees of freedom <= 0 for slice.
  var = nanvar(a, axis=axis, dtype=dtype, out=out, ddof=ddof,
C:\Users\Shreyas.1Gupta\AppData\Local\Python\pythoncore-3.14-64\Lib\site-packages\numpy\lib\_nanfunctions_impl.py:1997: RuntimeWarning: Degrees of freedom <= 0 for slice.
  var = nanvar(a, axis=axis, dtype=dtype, out=out, ddof=ddof,
C:\Users\Shreyas.1Gupta\AppData\Local\Python\pythoncore-3.14-64\Lib\site-packages\numpy\lib\_nanfunctions_impl.py:1997: RuntimeWarning: Degrees of freedom <= 0 for slice.
  var = nanvar(a, axis=axis, dtype=dtype, out=out, ddof=ddof,
C:\Users\Shreyas.1Gupta\AppData\Local\Python\pythoncore-3.14-64\Lib\site-packages\numpy\lib\_nanfunctions_impl.py:1997: RuntimeWarning: Degrees of freedom <= 0 for slice.
  var = nanvar(a, axis=axis, dtype=dtype, out=out, ddof=ddof,
C:\Users\Shreyas.1Gupta\AppData\Local\Python\pythoncore-3.14-64\Lib\site-packages\numpy\lib\_nanfunctions_impl.py:1997: RuntimeWarning: Degrees of freedom <= 0 for slice.
  var = nanvar(a, axis=axis, dtype=dtype, out=out, ddof=ddof,
C:\Users\Shreyas.1Gupta\AppData\Local\Python\pythoncore-3.14-64\Lib\site-packages\numpy\lib\_nanfunctions_impl.py:1997: RuntimeWarning: Degrees of freedom <= 0 for slice.
  var = nanvar(a, axis=axis, dtype=dtype, out=out, ddof=ddof,
C:\Users\Shreyas.1Gupta\AppData\Local\Python\pythoncore-3.14-64\Lib\site-packages\numpy\lib\_nanfunctions_impl.py:1997: RuntimeWarning: Degrees of freedom <= 0 for slice.
  var = nanvar(a, axis=axis, dtype=dtype, out=out, ddof=ddof,
C:\Users\Shreyas.1Gupta\AppData\Local\Python\pythoncore-3.14-64\Lib\site-packages\numpy\lib\_nanfunctions_impl.py:1997: RuntimeWarning: Degrees of freedom <= 0 for slice.
  var = nanvar(a, axis=axis, dtype=dtype, out=out, ddof=ddof,
C:\Users\Shreyas.1Gupta\AppData\Local\Python\pythoncore-3.14-64\Lib\site-packages\numpy\lib\_nanfunctions_impl.py:1997: RuntimeWarning: Degrees of freedom <= 0 for slice.
  var = nanvar(a, axis=axis, dtype=dtype, out=out, ddof=ddof,
C:\Users\Shreyas.1Gupta\AppData\Local\Python\pythoncore-3.14-64\Lib\site-packages\numpy\lib\_nanfunctions_impl.py:1997: RuntimeWarning: Degrees of freedom <= 0 for slice.
  var = nanvar(a, axis=axis, dtype=dtype, out=out, ddof=ddof,
C:\Users\Shreyas.1Gupta\AppData\Local\Python\pythoncore-3.14-64\Lib\site-packages\numpy\lib\_nanfunctions_impl.py:1997: RuntimeWarning: Degrees of freedom <= 0 for slice.
  var = nanvar(a, axis=axis, dtype=dtype, out=out, ddof=ddof,
C:\Users\Shreyas.1Gupta\AppData\Local\Python\pythoncore-3.14-64\Lib\site-packages\numpy\lib\_nanfunctions_impl.py:1997: RuntimeWarning: Degrees of freedom <= 0 for slice.
  var = nanvar(a, axis=axis, dtype=dtype, out=out, ddof=ddof,
C:\Users\Shreyas.1Gupta\AppData\Local\Python\pythoncore-3.14-64\Lib\site-packages\numpy\lib\_nanfunctions_impl.py:1997: RuntimeWarning: Degrees of freedom <= 0 for slice.
  var = nanvar(a, axis=axis, dtype=dtype, out=out, ddof=ddof,
C:\Users\Shreyas.1Gupta\AppData\Local\Python\pythoncore-3.14-64\Lib\site-packages\numpy\lib\_nanfunctions_impl.py:1997: RuntimeWarning: Degrees of freedom <= 0 for slice.
  var = nanvar(a, axis=axis, dtype=dtype, out=out, ddof=ddof,
C:\Users\Shreyas.1Gupta\AppData\Local\Python\pythoncore-3.14-64\Lib\site-packages\numpy\lib\_nanfunctions_impl.py:1997: RuntimeWarning: Degrees of freedom <= 0 for slice.
  var = nanvar(a, axis=axis, dtype=dtype, out=out, ddof=ddof,
C:\Users\Shreyas.1Gupta\AppData\Local\Python\pythoncore-3.14-64\Lib\site-packages\numpy\lib\_nanfunctions_impl.py:1997: RuntimeWarning: Degrees of freedom <= 0 for slice.
  var = nanvar(a, axis=axis, dtype=dtype, out=out, ddof=ddof,
C:\Users\Shreyas.1Gupta\AppData\Local\Python\pythoncore-3.14-64\Lib\site-packages\numpy\lib\_nanfunctions_impl.py:1997: RuntimeWarning: Degrees of freedom <= 0 for slice.
  var = nanvar(a, axis=axis, dtype=dtype, out=out, ddof=ddof,
C:\Users\Shreyas.1Gupta\AppData\Local\Python\pythoncore-3.14-64\Lib\site-packages\numpy\lib\_nanfunctions_impl.py:1997: RuntimeWarning: Degrees of freedom <= 0 for slice.
  var = nanvar(a, axis=axis, dtype=dtype, out=out, ddof=ddof,
C:\Users\Shreyas.1Gupta\AppData\Local\Python\pythoncore-3.14-64\Lib\site-packages\numpy\lib\_nanfunctions_impl.py:1997: RuntimeWarning: Degrees of freedom <= 0 for slice.
  var = nanvar(a, axis=axis, dtype=dtype, out=out, ddof=ddof,
C:\Users\Shreyas.1Gupta\AppData\Local\Python\pythoncore-3.14-64\Lib\site-packages\numpy\lib\_nanfunctions_impl.py:1997: RuntimeWarning: Degrees of freedom <= 0 for slice.
  var = nanvar(a, axis=axis, dtype=dtype, out=out, ddof=ddof,
C:\Users\Shreyas.1Gupta\AppData\Local\Python\pythoncore-3.14-64\Lib\site-packages\numpy\lib\_nanfunctions_impl.py:1997: RuntimeWarning: Degrees of freedom <= 0 for slice.
  var = nanvar(a, axis=axis, dtype=dtype, out=out, ddof=ddof,
C:\Users\Shreyas.1Gupta\AppData\Local\Python\pythoncore-3.14-64\Lib\site-packages\numpy\lib\_nanfunctions_impl.py:1997: RuntimeWarning: Degrees of freedom <= 0 for slice.
  var = nanvar(a, axis=axis, dtype=dtype, out=out, ddof=ddof,
C:\Users\Shreyas.1Gupta\AppData\Local\Python\pythoncore-3.14-64\Lib\site-packages\numpy\lib\_nanfunctions_impl.py:1997: RuntimeWarning: Degrees of freedom <= 0 for slice.
  var = nanvar(a, axis=axis, dtype=dtype, out=out, ddof=ddof,
C:\Users\Shreyas.1Gupta\AppData\Local\Python\pythoncore-3.14-64\Lib\site-packages\numpy\lib\_nanfunctions_impl.py:1997: RuntimeWarning: Degrees of freedom <= 0 for slice.
  var = nanvar(a, axis=axis, dtype=dtype, out=out, ddof=ddof,
C:\Users\Shreyas.1Gupta\AppData\Local\Python\pythoncore-3.14-64\Lib\site-packages\numpy\lib\_nanfunctions_impl.py:1997: RuntimeWarning: Degrees of freedom <= 0 for slice.
  var = nanvar(a, axis=axis, dtype=dtype, out=out, ddof=ddof,
C:\Users\Shreyas.1Gupta\AppData\Local\Python\pythoncore-3.14-64\Lib\site-packages\numpy\lib\_nanfunctions_impl.py:1997: RuntimeWarning: Degrees of freedom <= 0 for slice.
  var = nanvar(a, axis=axis, dtype=dtype, out=out, ddof=ddof,
C:\Users\Shreyas.1Gupta\AppData\Local\Python\pythoncore-3.14-64\Lib\site-packages\numpy\lib\_nanfunctions_impl.py:1997: RuntimeWarning: Degrees of freedom <= 0 for slice.
  var = nanvar(a, axis=axis, dtype=dtype, out=out, ddof=ddof,
C:\Users\Shreyas.1Gupta\AppData\Local\Python\pythoncore-3.14-64\Lib\site-packages\numpy\lib\_nanfunctions_impl.py:1997: RuntimeWarning: Degrees of freedom <= 0 for slice.
  var = nanvar(a, axis=axis, dtype=dtype, out=out, ddof=ddof,
C:\Users\Shreyas.1Gupta\AppData\Local\Python\pythoncore-3.14-64\Lib\site-packages\numpy\lib\_nanfunctions_impl.py:1997: RuntimeWarning: Degrees of freedom <= 0 for slice.
  var = nanvar(a, axis=axis, dtype=dtype, out=out, ddof=ddof,
C:\Users\Shreyas.1Gupta\AppData\Local\Python\pythoncore-3.14-64\Lib\site-packages\numpy\lib\_nanfunctions_impl.py:1997: RuntimeWarning: Degrees of freedom <= 0 for slice.
  var = nanvar(a, axis=axis, dtype=dtype, out=out, ddof=ddof,
C:\Users\Shreyas.1Gupta\AppData\Local\Python\pythoncore-3.14-64\Lib\site-packages\numpy\lib\_nanfunctions_impl.py:1997: RuntimeWarning: Degrees of freedom <= 0 for slice.
  var = nanvar(a, axis=axis, dtype=dtype, out=out, ddof=ddof,
C:\Users\Shreyas.1Gupta\AppData\Local\Python\pythoncore-3.14-64\Lib\site-packages\numpy\lib\_nanfunctions_impl.py:1997: RuntimeWarning: Degrees of freedom <= 0 for slice.
  var = nanvar(a, axis=axis, dtype=dtype, out=out, ddof=ddof,
C:\Users\Shreyas.1Gupta\AppData\Local\Python\pythoncore-3.14-64\Lib\site-packages\numpy\lib\_nanfunctions_impl.py:1997: RuntimeWarning: Degrees of freedom <= 0 for slice.
  var = nanvar(a, axis=axis, dtype=dtype, out=out, ddof=ddof,
C:\Users\Shreyas.1Gupta\AppData\Local\Python\pythoncore-3.14-64\Lib\site-packages\numpy\lib\_nanfunctions_impl.py:1997: RuntimeWarning: Degrees of freedom <= 0 for slice.
  var = nanvar(a, axis=axis, dtype=dtype, out=out, ddof=ddof,
C:\Users\Shreyas.1Gupta\AppData\Local\Python\pythoncore-3.14-64\Lib\site-packages\numpy\lib\_nanfunctions_impl.py:1997: RuntimeWarning: Degrees of freedom <= 0 for slice.
  var = nanvar(a, axis=axis, dtype=dtype, out=out, ddof=ddof,
C:\Users\Shreyas.1Gupta\AppData\Local\Python\pythoncore-3.14-64\Lib\site-packages\numpy\lib\_nanfunctions_impl.py:1997: RuntimeWarning: Degrees of freedom <= 0 for slice.
  var = nanvar(a, axis=axis, dtype=dtype, out=out, ddof=ddof,
C:\Users\Shreyas.1Gupta\AppData\Local\Python\pythoncore-3.14-64\Lib\site-packages\numpy\lib\_nanfunctions_impl.py:1997: RuntimeWarning: Degrees of freedom <= 0 for slice.
  var = nanvar(a, axis=axis, dtype=dtype, out=out, ddof=ddof,
C:\Users\Shreyas.1Gupta\AppData\Local\Python\pythoncore-3.14-64\Lib\site-packages\numpy\lib\_nanfunctions_impl.py:1997: RuntimeWarning: Degrees of freedom <= 0 for slice.
  var = nanvar(a, axis=axis, dtype=dtype, out=out, ddof=ddof,
C:\Users\Shreyas.1Gupta\AppData\Local\Python\pythoncore-3.14-64\Lib\site-packages\numpy\lib\_nanfunctions_impl.py:1997: RuntimeWarning: Degrees of freedom <= 0 for slice.
  var = nanvar(a, axis=axis, dtype=dtype, out=out, ddof=ddof,
C:\Users\Shreyas.1Gupta\AppData\Local\Python\pythoncore-3.14-64\Lib\site-packages\numpy\lib\_nanfunctions_impl.py:1997: RuntimeWarning: Degrees of freedom <= 0 for slice.
  var = nanvar(a, axis=axis, dtype=dtype, out=out, ddof=ddof,
C:\Users\Shreyas.1Gupta\AppData\Local\Python\pythoncore-3.14-64\Lib\site-packages\numpy\lib\_nanfunctions_impl.py:1997: RuntimeWarning: Degrees of freedom <= 0 for slice.
  var = nanvar(a, axis=axis, dtype=dtype, out=out, ddof=ddof,
C:\Users\Shreyas.1Gupta\AppData\Local\Python\pythoncore-3.14-64\Lib\site-packages\numpy\lib\_nanfunctions_impl.py:1997: RuntimeWarning: Degrees of freedom <= 0 for slice.
  var = nanvar(a, axis=axis, dtype=dtype, out=out, ddof=ddof,
C:\Users\Shreyas.1Gupta\AppData\Local\Python\pythoncore-3.14-64\Lib\site-packages\numpy\lib\_nanfunctions_impl.py:1997: RuntimeWarning: Degrees of freedom <= 0 for slice.
  var = nanvar(a, axis=axis, dtype=dtype, out=out, ddof=ddof,
C:\Users\Shreyas.1Gupta\AppData\Local\Python\pythoncore-3.14-64\Lib\site-packages\numpy\lib\_nanfunctions_impl.py:1997: RuntimeWarning: Degrees of freedom <= 0 for slice.
  var = nanvar(a, axis=axis, dtype=dtype, out=out, ddof=ddof,
C:\Users\Shreyas.1Gupta\AppData\Local\Python\pythoncore-3.14-64\Lib\site-packages\numpy\lib\_nanfunctions_impl.py:1997: RuntimeWarning: Degrees of freedom <= 0 for slice.
  var = nanvar(a, axis=axis, dtype=dtype, out=out, ddof=ddof,
C:\Users\Shreyas.1Gupta\AppData\Local\Python\pythoncore-3.14-64\Lib\site-packages\numpy\lib\_nanfunctions_impl.py:1997: RuntimeWarning: Degrees of freedom <= 0 for slice.
  var = nanvar(a, axis=axis, dtype=dtype, out=out, ddof=ddof,
C:\Users\Shreyas.1Gupta\AppData\Local\Python\pythoncore-3.14-64\Lib\site-packages\numpy\lib\_nanfunctions_impl.py:1997: RuntimeWarning: Degrees of freedom <= 0 for slice.
  var = nanvar(a, axis=axis, dtype=dtype, out=out, ddof=ddof,
C:\Users\Shreyas.1Gupta\AppData\Local\Python\pythoncore-3.14-64\Lib\site-packages\numpy\lib\_nanfunctions_impl.py:1997: RuntimeWarning: Degrees of freedom <= 0 for slice.
  var = nanvar(a, axis=axis, dtype=dtype, out=out, ddof=ddof,
C:\Users\Shreyas.1Gupta\AppData\Local\Python\pythoncore-3.14-64\Lib\site-packages\numpy\lib\_nanfunctions_impl.py:1997: RuntimeWarning: Degrees of freedom <= 0 for slice.
  var = nanvar(a, axis=axis, dtype=dtype, out=out, ddof=ddof,
C:\Users\Shreyas.1Gupta\AppData\Local\Python\pythoncore-3.14-64\Lib\site-packages\numpy\lib\_nanfunctions_impl.py:1997: RuntimeWarning: Degrees of freedom <= 0 for slice.
  var = nanvar(a, axis=axis, dtype=dtype, out=out, ddof=ddof,
C:\Users\Shreyas.1Gupta\AppData\Local\Python\pythoncore-3.14-64\Lib\site-packages\numpy\lib\_nanfunctions_impl.py:1997: RuntimeWarning: Degrees of freedom <= 0 for slice.
  var = nanvar(a, axis=axis, dtype=dtype, out=out, ddof=ddof,
C:\Users\Shreyas.1Gupta\AppData\Local\Python\pythoncore-3.14-64\Lib\site-packages\numpy\lib\_nanfunctions_impl.py:1997: RuntimeWarning: Degrees of freedom <= 0 for slice.
  var = nanvar(a, axis=axis, dtype=dtype, out=out, ddof=ddof,
C:\Users\Shreyas.1Gupta\AppData\Local\Python\pythoncore-3.14-64\Lib\site-packages\numpy\lib\_nanfunctions_impl.py:1997: RuntimeWarning: Degrees of freedom <= 0 for slice.
  var = nanvar(a, axis=axis, dtype=dtype, out=out, ddof=ddof,
C:\Users\Shreyas.1Gupta\AppData\Local\Python\pythoncore-3.14-64\Lib\site-packages\numpy\lib\_nanfunctions_impl.py:1997: RuntimeWarning: Degrees of freedom <= 0 for slice.
  var = nanvar(a, axis=axis, dtype=dtype, out=out, ddof=ddof,
C:\Users\Shreyas.1Gupta\AppData\Local\Python\pythoncore-3.14-64\Lib\site-packages\numpy\lib\_nanfunctions_impl.py:1997: RuntimeWarning: Degrees of freedom <= 0 for slice.
  var = nanvar(a, axis=axis, dtype=dtype, out=out, ddof=ddof,
C:\Users\Shreyas.1Gupta\AppData\Local\Python\pythoncore-3.14-64\Lib\site-packages\numpy\lib\_nanfunctions_impl.py:1997: RuntimeWarning: Degrees of freedom <= 0 for slice.
  var = nanvar(a, axis=axis, dtype=dtype, out=out, ddof=ddof,
C:\Users\Shreyas.1Gupta\AppData\Local\Python\pythoncore-3.14-64\Lib\site-packages\numpy\lib\_nanfunctions_impl.py:1997: RuntimeWarning: Degrees of freedom <= 0 for slice.
  var = nanvar(a, axis=axis, dtype=dtype, out=out, ddof=ddof,
C:\Users\Shreyas.1Gupta\AppData\Local\Python\pythoncore-3.14-64\Lib\site-packages\numpy\lib\_nanfunctions_impl.py:1997: RuntimeWarning: Degrees of freedom <= 0 for slice.
  var = nanvar(a, axis=axis, dtype=dtype, out=out, ddof=ddof,
C:\Users\Shreyas.1Gupta\AppData\Local\Python\pythoncore-3.14-64\Lib\site-packages\numpy\lib\_nanfunctions_impl.py:1997: RuntimeWarning: Degrees of freedom <= 0 for slice.
  var = nanvar(a, axis=axis, dtype=dtype, out=out, ddof=ddof,
C:\Users\Shreyas.1Gupta\AppData\Local\Python\pythoncore-3.14-64\Lib\site-packages\numpy\lib\_nanfunctions_impl.py:1997: RuntimeWarning: Degrees of freedom <= 0 for slice.
  var = nanvar(a, axis=axis, dtype=dtype, out=out, ddof=ddof,
C:\Users\Shreyas.1Gupta\AppData\Local\Python\pythoncore-3.14-64\Lib\site-packages\numpy\lib\_nanfunctions_impl.py:1997: RuntimeWarning: Degrees of freedom <= 0 for slice.
  var = nanvar(a, axis=axis, dtype=dtype, out=out, ddof=ddof,
C:\Users\Shreyas.1Gupta\AppData\Local\Python\pythoncore-3.14-64\Lib\site-packages\numpy\lib\_nanfunctions_impl.py:1997: RuntimeWarning: Degrees of freedom <= 0 for slice.
  var = nanvar(a, axis=axis, dtype=dtype, out=out, ddof=ddof,
C:\Users\Shreyas.1Gupta\AppData\Local\Python\pythoncore-3.14-64\Lib\site-packages\numpy\lib\_nanfunctions_impl.py:1997: RuntimeWarning: Degrees of freedom <= 0 for slice.
  var = nanvar(a, axis=axis, dtype=dtype, out=out, ddof=ddof,
C:\Users\Shreyas.1Gupta\AppData\Local\Python\pythoncore-3.14-64\Lib\site-packages\numpy\lib\_nanfunctions_impl.py:1997: RuntimeWarning: Degrees of freedom <= 0 for slice.
  var = nanvar(a, axis=axis, dtype=dtype, out=out, ddof=ddof,
C:\Users\Shreyas.1Gupta\AppData\Local\Python\pythoncore-3.14-64\Lib\site-packages\numpy\lib\_nanfunctions_impl.py:1997: RuntimeWarning: Degrees of freedom <= 0 for slice.
  var = nanvar(a, axis=axis, dtype=dtype, out=out, ddof=ddof,
C:\Users\Shreyas.1Gupta\AppData\Local\Python\pythoncore-3.14-64\Lib\site-packages\numpy\lib\_nanfunctions_impl.py:1997: RuntimeWarning: Degrees of freedom <= 0 for slice.
  var = nanvar(a, axis=axis, dtype=dtype, out=out, ddof=ddof,
C:\Users\Shreyas.1Gupta\AppData\Local\Python\pythoncore-3.14-64\Lib\site-packages\numpy\lib\_nanfunctions_impl.py:1997: RuntimeWarning: Degrees of freedom <= 0 for slice.
  var = nanvar(a, axis=axis, dtype=dtype, out=out, ddof=ddof,
C:\Users\Shreyas.1Gupta\AppData\Local\Python\pythoncore-3.14-64\Lib\site-packages\numpy\lib\_nanfunctions_impl.py:1997: RuntimeWarning: Degrees of freedom <= 0 for slice.
  var = nanvar(a, axis=axis, dtype=dtype, out=out, ddof=ddof,
C:\Users\Shreyas.1Gupta\AppData\Local\Python\pythoncore-3.14-64\Lib\site-packages\numpy\lib\_nanfunctions_impl.py:1997: RuntimeWarning: Degrees of freedom <= 0 for slice.
  var = nanvar(a, axis=axis, dtype=dtype, out=out, ddof=ddof,
C:\Users\Shreyas.1Gupta\AppData\Local\Python\pythoncore-3.14-64\Lib\site-packages\numpy\lib\_nanfunctions_impl.py:1997: RuntimeWarning: Degrees of freedom <= 0 for slice.
  var = nanvar(a, axis=axis, dtype=dtype, out=out, ddof=ddof,
C:\Users\Shreyas.1Gupta\AppData\Local\Python\pythoncore-3.14-64\Lib\site-packages\numpy\lib\_nanfunctions_impl.py:1997: RuntimeWarning: Degrees of freedom <= 0 for slice.
  var = nanvar(a, axis=axis, dtype=dtype, out=out, ddof=ddof,
C:\Users\Shreyas.1Gupta\AppData\Local\Python\pythoncore-3.14-64\Lib\site-packages\numpy\lib\_nanfunctions_impl.py:1997: RuntimeWarning: Degrees of freedom <= 0 for slice.
  var = nanvar(a, axis=axis, dtype=dtype, out=out, ddof=ddof,
C:\Users\Shreyas.1Gupta\AppData\Local\Python\pythoncore-3.14-64\Lib\site-packages\numpy\lib\_nanfunctions_impl.py:1997: RuntimeWarning: Degrees of freedom <= 0 for slice.
  var = nanvar(a, axis=axis, dtype=dtype, out=out, ddof=ddof,
C:\Users\Shreyas.1Gupta\AppData\Local\Python\pythoncore-3.14-64\Lib\site-packages\numpy\lib\_nanfunctions_impl.py:1997: RuntimeWarning: Degrees of freedom <= 0 for slice.
  var = nanvar(a, axis=axis, dtype=dtype, out=out, ddof=ddof,
C:\Users\Shreyas.1Gupta\AppData\Local\Python\pythoncore-3.14-64\Lib\site-packages\numpy\lib\_nanfunctions_impl.py:1997: RuntimeWarning: Degrees of freedom <= 0 for slice.
  var = nanvar(a, axis=axis, dtype=dtype, out=out, ddof=ddof,
C:\Users\Shreyas.1Gupta\AppData\Local\Python\pythoncore-3.14-64\Lib\site-packages\numpy\lib\_nanfunctions_impl.py:1997: RuntimeWarning: Degrees of freedom <= 0 for slice.
  var = nanvar(a, axis=axis, dtype=dtype, out=out, ddof=ddof,
C:\Users\Shreyas.1Gupta\AppData\Local\Python\pythoncore-3.14-64\Lib\site-packages\numpy\lib\_nanfunctions_impl.py:1997: RuntimeWarning: Degrees of freedom <= 0 for slice.
  var = nanvar(a, axis=axis, dtype=dtype, out=out, ddof=ddof,
C:\Users\Shreyas.1Gupta\AppData\Local\Python\pythoncore-3.14-64\Lib\site-packages\numpy\lib\_nanfunctions_impl.py:1997: RuntimeWarning: Degrees of freedom <= 0 for slice.
  var = nanvar(a, axis=axis, dtype=dtype, out=out, ddof=ddof,
C:\Users\Shreyas.1Gupta\AppData\Local\Python\pythoncore-3.14-64\Lib\site-packages\numpy\lib\_nanfunctions_impl.py:1997: RuntimeWarning: Degrees of freedom <= 0 for slice.
  var = nanvar(a, axis=axis, dtype=dtype, out=out, ddof=ddof,
C:\Users\Shreyas.1Gupta\AppData\Local\Python\pythoncore-3.14-64\Lib\site-packages\numpy\lib\_nanfunctions_impl.py:1997: RuntimeWarning: Degrees of freedom <= 0 for slice.
  var = nanvar(a, axis=axis, dtype=dtype, out=out, ddof=ddof,
C:\Users\Shreyas.1Gupta\AppData\Local\Python\pythoncore-3.14-64\Lib\site-packages\numpy\lib\_nanfunctions_impl.py:1997: RuntimeWarning: Degrees of freedom <= 0 for slice.
  var = nanvar(a, axis=axis, dtype=dtype, out=out, ddof=ddof,
[1_smallcap_MQ100] rebals=246 active 2005-04-01->2026-01-22 ann_turnover~328.3% fricCAGR=15.15% net1CAGR=11.30% net2CAGR=7.56%
  [rep vs Nifty Smallcap250 Momentum Quality 100]
            series     era   n   corr  te_ann                               official
  1_smallcap_MQ100 2023-26 516 0.9901  0.1863 Nifty Smallcap250 Momentum Quality 100
  1_smallcap_MQ100    FULL 516 0.9901  0.1863 Nifty Smallcap250 Momentum Quality 100

[build] 2_smallcap_MQ25 ...
C:\Users\Shreyas.1Gupta\AppData\Local\Python\pythoncore-3.14-64\Lib\site-packages\numpy\lib\_nanfunctions_impl.py:1997: RuntimeWarning: Degrees of freedom <= 0 for slice.
  var = nanvar(a, axis=axis, dtype=dtype, out=out, ddof=ddof,
C:\Users\Shreyas.1Gupta\AppData\Local\Python\pythoncore-3.14-64\Lib\site-packages\numpy\lib\_nanfunctions_impl.py:1997: RuntimeWarning: Degrees of freedom <= 0 for slice.
  var = nanvar(a, axis=axis, dtype=dtype, out=out, ddof=ddof,
C:\Users\Shreyas.1Gupta\AppData\Local\Python\pythoncore-3.14-64\Lib\site-packages\numpy\lib\_nanfunctions_impl.py:1997: RuntimeWarning: Degrees of freedom <= 0 for slice.
  var = nanvar(a, axis=axis, dtype=dtype, out=out, ddof=ddof,
C:\Users\Shreyas.1Gupta\AppData\Local\Python\pythoncore-3.14-64\Lib\site-packages\numpy\lib\_nanfunctions_impl.py:1997: RuntimeWarning: Degrees of freedom <= 0 for slice.
  var = nanvar(a, axis=axis, dtype=dtype, out=out, ddof=ddof,
C:\Users\Shreyas.1Gupta\AppData\Local\Python\pythoncore-3.14-64\Lib\site-packages\numpy\lib\_nanfunctions_impl.py:1997: RuntimeWarning: Degrees of freedom <= 0 for slice.
  var = nanvar(a, axis=axis, dtype=dtype, out=out, ddof=ddof,
C:\Users\Shreyas.1Gupta\AppData\Local\Python\pythoncore-3.14-64\Lib\site-packages\numpy\lib\_nanfunctions_impl.py:1997: RuntimeWarning: Degrees of freedom <= 0 for slice.
  var = nanvar(a, axis=axis, dtype=dtype, out=out, ddof=ddof,
C:\Users\Shreyas.1Gupta\AppData\Local\Python\pythoncore-3.14-64\Lib\site-packages\numpy\lib\_nanfunctions_impl.py:1997: RuntimeWarning: Degrees of freedom <= 0 for slice.
  var = nanvar(a, axis=axis, dtype=dtype, out=out, ddof=ddof,
C:\Users\Shreyas.1Gupta\AppData\Local\Python\pythoncore-3.14-64\Lib\site-packages\numpy\lib\_nanfunctions_impl.py:1997: RuntimeWarning: Degrees of freedom <= 0 for slice.
  var = nanvar(a, axis=axis, dtype=dtype, out=out, ddof=ddof,
C:\Users\Shreyas.1Gupta\AppData\Local\Python\pythoncore-3.14-64\Lib\site-packages\numpy\lib\_nanfunctions_impl.py:1997: RuntimeWarning: Degrees of freedom <= 0 for slice.
  var = nanvar(a, axis=axis, dtype=dtype, out=out, ddof=ddof,
C:\Users\Shreyas.1Gupta\AppData\Local\Python\pythoncore-3.14-64\Lib\site-packages\numpy\lib\_nanfunctions_impl.py:1997: RuntimeWarning: Degrees of freedom <= 0 for slice.
  var = nanvar(a, axis=axis, dtype=dtype, out=out, ddof=ddof,
C:\Users\Shreyas.1Gupta\AppData\Local\Python\pythoncore-3.14-64\Lib\site-packages\numpy\lib\_nanfunctions_impl.py:1997: RuntimeWarning: Degrees of freedom <= 0 for slice.
  var = nanvar(a, axis=axis, dtype=dtype, out=out, ddof=ddof,
C:\Users\Shreyas.1Gupta\AppData\Local\Python\pythoncore-3.14-64\Lib\site-packages\numpy\lib\_nanfunctions_impl.py:1997: RuntimeWarning: Degrees of freedom <= 0 for slice.
  var = nanvar(a, axis=axis, dtype=dtype, out=out, ddof=ddof,
C:\Users\Shreyas.1Gupta\AppData\Local\Python\pythoncore-3.14-64\Lib\site-packages\numpy\lib\_nanfunctions_impl.py:1997: RuntimeWarning: Degrees of freedom <= 0 for slice.
  var = nanvar(a, axis=axis, dtype=dtype, out=out, ddof=ddof,
C:\Users\Shreyas.1Gupta\AppData\Local\Python\pythoncore-3.14-64\Lib\site-packages\numpy\lib\_nanfunctions_impl.py:1997: RuntimeWarning: Degrees of freedom <= 0 for slice.
  var = nanvar(a, axis=axis, dtype=dtype, out=out, ddof=ddof,
C:\Users\Shreyas.1Gupta\AppData\Local\Python\pythoncore-3.14-64\Lib\site-packages\numpy\lib\_nanfunctions_impl.py:1997: RuntimeWarning: Degrees of freedom <= 0 for slice.
  var = nanvar(a, axis=axis, dtype=dtype, out=out, ddof=ddof,
C:\Users\Shreyas.1Gupta\AppData\Local\Python\pythoncore-3.14-64\Lib\site-packages\numpy\lib\_nanfunctions_impl.py:1997: RuntimeWarning: Degrees of freedom <= 0 for slice.
  var = nanvar(a, axis=axis, dtype=dtype, out=out, ddof=ddof,
C:\Users\Shreyas.1Gupta\AppData\Local\Python\pythoncore-3.14-64\Lib\site-packages\numpy\lib\_nanfunctions_impl.py:1997: RuntimeWarning: Degrees of freedom <= 0 for slice.
  var = nanvar(a, axis=axis, dtype=dtype, out=out, ddof=ddof,
C:\Users\Shreyas.1Gupta\AppData\Local\Python\pythoncore-3.14-64\Lib\site-packages\numpy\lib\_nanfunctions_impl.py:1997: RuntimeWarning: Degrees of freedom <= 0 for slice.
  var = nanvar(a, axis=axis, dtype=dtype, out=out, ddof=ddof,
C:\Users\Shreyas.1Gupta\AppData\Local\Python\pythoncore-3.14-64\Lib\site-packages\numpy\lib\_nanfunctions_impl.py:1997: RuntimeWarning: Degrees of freedom <= 0 for slice.
  var = nanvar(a, axis=axis, dtype=dtype, out=out, ddof=ddof,
C:\Users\Shreyas.1Gupta\AppData\Local\Python\pythoncore-3.14-64\Lib\site-packages\numpy\lib\_nanfunctions_impl.py:1997: RuntimeWarning: Degrees of freedom <= 0 for slice.
  var = nanvar(a, axis=axis, dtype=dtype, out=out, ddof=ddof,
C:\Users\Shreyas.1Gupta\AppData\Local\Python\pythoncore-3.14-64\Lib\site-packages\numpy\lib\_nanfunctions_impl.py:1997: RuntimeWarning: Degrees of freedom <= 0 for slice.
  var = nanvar(a, axis=axis, dtype=dtype, out=out, ddof=ddof,
C:\Users\Shreyas.1Gupta\AppData\Local\Python\pythoncore-3.14-64\Lib\site-packages\numpy\lib\_nanfunctions_impl.py:1997: RuntimeWarning: Degrees of freedom <= 0 for slice.
  var = nanvar(a, axis=axis, dtype=dtype, out=out, ddof=ddof,
C:\Users\Shreyas.1Gupta\AppData\Local\Python\pythoncore-3.14-64\Lib\site-packages\numpy\lib\_nanfunctions_impl.py:1997: RuntimeWarning: Degrees of freedom <= 0 for slice.
  var = nanvar(a, axis=axis, dtype=dtype, out=out, ddof=ddof,
C:\Users\Shreyas.1Gupta\AppData\Local\Python\pythoncore-3.14-64\Lib\site-packages\numpy\lib\_nanfunctions_impl.py:1997: RuntimeWarning: Degrees of freedom <= 0 for slice.
  var = nanvar(a, axis=axis, dtype=dtype, out=out, ddof=ddof,
C:\Users\Shreyas.1Gupta\AppData\Local\Python\pythoncore-3.14-64\Lib\site-packages\numpy\lib\_nanfunctions_impl.py:1997: RuntimeWarning: Degrees of freedom <= 0 for slice.
  var = nanvar(a, axis=axis, dtype=dtype, out=out, ddof=ddof,
C:\Users\Shreyas.1Gupta\AppData\Local\Python\pythoncore-3.14-64\Lib\site-packages\numpy\lib\_nanfunctions_impl.py:1997: RuntimeWarning: Degrees of freedom <= 0 for slice.
  var = nanvar(a, axis=axis, dtype=dtype, out=out, ddof=ddof,
C:\Users\Shreyas.1Gupta\AppData\Local\Python\pythoncore-3.14-64\Lib\site-packages\numpy\lib\_nanfunctions_impl.py:1997: RuntimeWarning: Degrees of freedom <= 0 for slice.
  var = nanvar(a, axis=axis, dtype=dtype, out=out, ddof=ddof,
C:\Users\Shreyas.1Gupta\AppData\Local\Python\pythoncore-3.14-64\Lib\site-packages\numpy\lib\_nanfunctions_impl.py:1997: RuntimeWarning: Degrees of freedom <= 0 for slice.
  var = nanvar(a, axis=axis, dtype=dtype, out=out, ddof=ddof,
C:\Users\Shreyas.1Gupta\AppData\Local\Python\pythoncore-3.14-64\Lib\site-packages\numpy\lib\_nanfunctions_impl.py:1997: RuntimeWarning: Degrees of freedom <= 0 for slice.
  var = nanvar(a, axis=axis, dtype=dtype, out=out, ddof=ddof,
C:\Users\Shreyas.1Gupta\AppData\Local\Python\pythoncore-3.14-64\Lib\site-packages\numpy\lib\_nanfunctions_impl.py:1997: RuntimeWarning: Degrees of freedom <= 0 for slice.
  var = nanvar(a, axis=axis, dtype=dtype, out=out, ddof=ddof,
C:\Users\Shreyas.1Gupta\AppData\Local\Python\pythoncore-3.14-64\Lib\site-packages\numpy\lib\_nanfunctions_impl.py:1997: RuntimeWarning: Degrees of freedom <= 0 for slice.
  var = nanvar(a, axis=axis, dtype=dtype, out=out, ddof=ddof,
C:\Users\Shreyas.1Gupta\AppData\Local\Python\pythoncore-3.14-64\Lib\site-packages\numpy\lib\_nanfunctions_impl.py:1997: RuntimeWarning: Degrees of freedom <= 0 for slice.
  var = nanvar(a, axis=axis, dtype=dtype, out=out, ddof=ddof,
C:\Users\Shreyas.1Gupta\AppData\Local\Python\pythoncore-3.14-64\Lib\site-packages\numpy\lib\_nanfunctions_impl.py:1997: RuntimeWarning: Degrees of freedom <= 0 for slice.
  var = nanvar(a, axis=axis, dtype=dtype, out=out, ddof=ddof,
C:\Users\Shreyas.1Gupta\AppData\Local\Python\pythoncore-3.14-64\Lib\site-packages\numpy\lib\_nanfunctions_impl.py:1997: RuntimeWarning: Degrees of freedom <= 0 for slice.
  var = nanvar(a, axis=axis, dtype=dtype, out=out, ddof=ddof,
C:\Users\Shreyas.1Gupta\AppData\Local\Python\pythoncore-3.14-64\Lib\site-packages\numpy\lib\_nanfunctions_impl.py:1997: RuntimeWarning: Degrees of freedom <= 0 for slice.
  var = nanvar(a, axis=axis, dtype=dtype, out=out, ddof=ddof,
C:\Users\Shreyas.1Gupta\AppData\Local\Python\pythoncore-3.14-64\Lib\site-packages\numpy\lib\_nanfunctions_impl.py:1997: RuntimeWarning: Degrees of freedom <= 0 for slice.
  var = nanvar(a, axis=axis, dtype=dtype, out=out, ddof=ddof,
C:\Users\Shreyas.1Gupta\AppData\Local\Python\pythoncore-3.14-64\Lib\site-packages\numpy\lib\_nanfunctions_impl.py:1997: RuntimeWarning: Degrees of freedom <= 0 for slice.
  var = nanvar(a, axis=axis, dtype=dtype, out=out, ddof=ddof,
C:\Users\Shreyas.1Gupta\AppData\Local\Python\pythoncore-3.14-64\Lib\site-packages\numpy\lib\_nanfunctions_impl.py:1997: RuntimeWarning: Degrees of freedom <= 0 for slice.
  var = nanvar(a, axis=axis, dtype=dtype, out=out, ddof=ddof,
C:\Users\Shreyas.1Gupta\AppData\Local\Python\pythoncore-3.14-64\Lib\site-packages\numpy\lib\_nanfunctions_impl.py:1997: RuntimeWarning: Degrees of freedom <= 0 for slice.
  var = nanvar(a, axis=axis, dtype=dtype, out=out, ddof=ddof,
C:\Users\Shreyas.1Gupta\AppData\Local\Python\pythoncore-3.14-64\Lib\site-packages\numpy\lib\_nanfunctions_impl.py:1997: RuntimeWarning: Degrees of freedom <= 0 for slice.
  var = nanvar(a, axis=axis, dtype=dtype, out=out, ddof=ddof,
C:\Users\Shreyas.1Gupta\AppData\Local\Python\pythoncore-3.14-64\Lib\site-packages\numpy\lib\_nanfunctions_impl.py:1997: RuntimeWarning: Degrees of freedom <= 0 for slice.
  var = nanvar(a, axis=axis, dtype=dtype, out=out, ddof=ddof,
C:\Users\Shreyas.1Gupta\AppData\Local\Python\pythoncore-3.14-64\Lib\site-packages\numpy\lib\_nanfunctions_impl.py:1997: RuntimeWarning: Degrees of freedom <= 0 for slice.
  var = nanvar(a, axis=axis, dtype=dtype, out=out, ddof=ddof,
C:\Users\Shreyas.1Gupta\AppData\Local\Python\pythoncore-3.14-64\Lib\site-packages\numpy\lib\_nanfunctions_impl.py:1997: RuntimeWarning: Degrees of freedom <= 0 for slice.
  var = nanvar(a, axis=axis, dtype=dtype, out=out, ddof=ddof,
C:\Users\Shreyas.1Gupta\AppData\Local\Python\pythoncore-3.14-64\Lib\site-packages\numpy\lib\_nanfunctions_impl.py:1997: RuntimeWarning: Degrees of freedom <= 0 for slice.
  var = nanvar(a, axis=axis, dtype=dtype, out=out, ddof=ddof,
C:\Users\Shreyas.1Gupta\AppData\Local\Python\pythoncore-3.14-64\Lib\site-packages\numpy\lib\_nanfunctions_impl.py:1997: RuntimeWarning: Degrees of freedom <= 0 for slice.
  var = nanvar(a, axis=axis, dtype=dtype, out=out, ddof=ddof,
C:\Users\Shreyas.1Gupta\AppData\Local\Python\pythoncore-3.14-64\Lib\site-packages\numpy\lib\_nanfunctions_impl.py:1997: RuntimeWarning: Degrees of freedom <= 0 for slice.
  var = nanvar(a, axis=axis, dtype=dtype, out=out, ddof=ddof,
C:\Users\Shreyas.1Gupta\AppData\Local\Python\pythoncore-3.14-64\Lib\site-packages\numpy\lib\_nanfunctions_impl.py:1997: RuntimeWarning: Degrees of freedom <= 0 for slice.
  var = nanvar(a, axis=axis, dtype=dtype, out=out, ddof=ddof,
C:\Users\Shreyas.1Gupta\AppData\Local\Python\pythoncore-3.14-64\Lib\site-packages\numpy\lib\_nanfunctions_impl.py:1997: RuntimeWarning: Degrees of freedom <= 0 for slice.
  var = nanvar(a, axis=axis, dtype=dtype, out=out, ddof=ddof,
C:\Users\Shreyas.1Gupta\AppData\Local\Python\pythoncore-3.14-64\Lib\site-packages\numpy\lib\_nanfunctions_impl.py:1997: RuntimeWarning: Degrees of freedom <= 0 for slice.
  var = nanvar(a, axis=axis, dtype=dtype, out=out, ddof=ddof,
C:\Users\Shreyas.1Gupta\AppData\Local\Python\pythoncore-3.14-64\Lib\site-packages\numpy\lib\_nanfunctions_impl.py:1997: RuntimeWarning: Degrees of freedom <= 0 for slice.
  var = nanvar(a, axis=axis, dtype=dtype, out=out, ddof=ddof,
C:\Users\Shreyas.1Gupta\AppData\Local\Python\pythoncore-3.14-64\Lib\site-packages\numpy\lib\_nanfunctions_impl.py:1997: RuntimeWarning: Degrees of freedom <= 0 for slice.
  var = nanvar(a, axis=axis, dtype=dtype, out=out, ddof=ddof,
C:\Users\Shreyas.1Gupta\AppData\Local\Python\pythoncore-3.14-64\Lib\site-packages\numpy\lib\_nanfunctions_impl.py:1997: RuntimeWarning: Degrees of freedom <= 0 for slice.
  var = nanvar(a, axis=axis, dtype=dtype, out=out, ddof=ddof,
C:\Users\Shreyas.1Gupta\AppData\Local\Python\pythoncore-3.14-64\Lib\site-packages\numpy\lib\_nanfunctions_impl.py:1997: RuntimeWarning: Degrees of freedom <= 0 for slice.
  var = nanvar(a, axis=axis, dtype=dtype, out=out, ddof=ddof,
C:\Users\Shreyas.1Gupta\AppData\Local\Python\pythoncore-3.14-64\Lib\site-packages\numpy\lib\_nanfunctions_impl.py:1997: RuntimeWarning: Degrees of freedom <= 0 for slice.
  var = nanvar(a, axis=axis, dtype=dtype, out=out, ddof=ddof,
C:\Users\Shreyas.1Gupta\AppData\Local\Python\pythoncore-3.14-64\Lib\site-packages\numpy\lib\_nanfunctions_impl.py:1997: RuntimeWarning: Degrees of freedom <= 0 for slice.
  var = nanvar(a, axis=axis, dtype=dtype, out=out, ddof=ddof,
C:\Users\Shreyas.1Gupta\AppData\Local\Python\pythoncore-3.14-64\Lib\site-packages\numpy\lib\_nanfunctions_impl.py:1997: RuntimeWarning: Degrees of freedom <= 0 for slice.
  var = nanvar(a, axis=axis, dtype=dtype, out=out, ddof=ddof,
C:\Users\Shreyas.1Gupta\AppData\Local\Python\pythoncore-3.14-64\Lib\site-packages\numpy\lib\_nanfunctions_impl.py:1997: RuntimeWarning: Degrees of freedom <= 0 for slice.
  var = nanvar(a, axis=axis, dtype=dtype, out=out, ddof=ddof,
C:\Users\Shreyas.1Gupta\AppData\Local\Python\pythoncore-3.14-64\Lib\site-packages\numpy\lib\_nanfunctions_impl.py:1997: RuntimeWarning: Degrees of freedom <= 0 for slice.
  var = nanvar(a, axis=axis, dtype=dtype, out=out, ddof=ddof,
C:\Users\Shreyas.1Gupta\AppData\Local\Python\pythoncore-3.14-64\Lib\site-packages\numpy\lib\_nanfunctions_impl.py:1997: RuntimeWarning: Degrees of freedom <= 0 for slice.
  var = nanvar(a, axis=axis, dtype=dtype, out=out, ddof=ddof,
C:\Users\Shreyas.1Gupta\AppData\Local\Python\pythoncore-3.14-64\Lib\site-packages\numpy\lib\_nanfunctions_impl.py:1997: RuntimeWarning: Degrees of freedom <= 0 for slice.
  var = nanvar(a, axis=axis, dtype=dtype, out=out, ddof=ddof,
C:\Users\Shreyas.1Gupta\AppData\Local\Python\pythoncore-3.14-64\Lib\site-packages\numpy\lib\_nanfunctions_impl.py:1997: RuntimeWarning: Degrees of freedom <= 0 for slice.
  var = nanvar(a, axis=axis, dtype=dtype, out=out, ddof=ddof,
C:\Users\Shreyas.1Gupta\AppData\Local\Python\pythoncore-3.14-64\Lib\site-packages\numpy\lib\_nanfunctions_impl.py:1997: RuntimeWarning: Degrees of freedom <= 0 for slice.
  var = nanvar(a, axis=axis, dtype=dtype, out=out, ddof=ddof,
C:\Users\Shreyas.1Gupta\AppData\Local\Python\pythoncore-3.14-64\Lib\site-packages\numpy\lib\_nanfunctions_impl.py:1997: RuntimeWarning: Degrees of freedom <= 0 for slice.
  var = nanvar(a, axis=axis, dtype=dtype, out=out, ddof=ddof,
C:\Users\Shreyas.1Gupta\AppData\Local\Python\pythoncore-3.14-64\Lib\site-packages\numpy\lib\_nanfunctions_impl.py:1997: RuntimeWarning: Degrees of freedom <= 0 for slice.
  var = nanvar(a, axis=axis, dtype=dtype, out=out, ddof=ddof,
C:\Users\Shreyas.1Gupta\AppData\Local\Python\pythoncore-3.14-64\Lib\site-packages\numpy\lib\_nanfunctions_impl.py:1997: RuntimeWarning: Degrees of freedom <= 0 for slice.
  var = nanvar(a, axis=axis, dtype=dtype, out=out, ddof=ddof,
C:\Users\Shreyas.1Gupta\AppData\Local\Python\pythoncore-3.14-64\Lib\site-packages\numpy\lib\_nanfunctions_impl.py:1997: RuntimeWarning: Degrees of freedom <= 0 for slice.
  var = nanvar(a, axis=axis, dtype=dtype, out=out, ddof=ddof,
C:\Users\Shreyas.1Gupta\AppData\Local\Python\pythoncore-3.14-64\Lib\site-packages\numpy\lib\_nanfunctions_impl.py:1997: RuntimeWarning: Degrees of freedom <= 0 for slice.
  var = nanvar(a, axis=axis, dtype=dtype, out=out, ddof=ddof,
C:\Users\Shreyas.1Gupta\AppData\Local\Python\pythoncore-3.14-64\Lib\site-packages\numpy\lib\_nanfunctions_impl.py:1997: RuntimeWarning: Degrees of freedom <= 0 for slice.
  var = nanvar(a, axis=axis, dtype=dtype, out=out, ddof=ddof,
C:\Users\Shreyas.1Gupta\AppData\Local\Python\pythoncore-3.14-64\Lib\site-packages\numpy\lib\_nanfunctions_impl.py:1997: RuntimeWarning: Degrees of freedom <= 0 for slice.
  var = nanvar(a, axis=axis, dtype=dtype, out=out, ddof=ddof,
C:\Users\Shreyas.1Gupta\AppData\Local\Python\pythoncore-3.14-64\Lib\site-packages\numpy\lib\_nanfunctions_impl.py:1997: RuntimeWarning: Degrees of freedom <= 0 for slice.
  var = nanvar(a, axis=axis, dtype=dtype, out=out, ddof=ddof,
C:\Users\Shreyas.1Gupta\AppData\Local\Python\pythoncore-3.14-64\Lib\site-packages\numpy\lib\_nanfunctions_impl.py:1997: RuntimeWarning: Degrees of freedom <= 0 for slice.
  var = nanvar(a, axis=axis, dtype=dtype, out=out, ddof=ddof,
C:\Users\Shreyas.1Gupta\AppData\Local\Python\pythoncore-3.14-64\Lib\site-packages\numpy\lib\_nanfunctions_impl.py:1997: RuntimeWarning: Degrees of freedom <= 0 for slice.
  var = nanvar(a, axis=axis, dtype=dtype, out=out, ddof=ddof,
C:\Users\Shreyas.1Gupta\AppData\Local\Python\pythoncore-3.14-64\Lib\site-packages\numpy\lib\_nanfunctions_impl.py:1997: RuntimeWarning: Degrees of freedom <= 0 for slice.
  var = nanvar(a, axis=axis, dtype=dtype, out=out, ddof=ddof,
C:\Users\Shreyas.1Gupta\AppData\Local\Python\pythoncore-3.14-64\Lib\site-packages\numpy\lib\_nanfunctions_impl.py:1997: RuntimeWarning: Degrees of freedom <= 0 for slice.
  var = nanvar(a, axis=axis, dtype=dtype, out=out, ddof=ddof,
C:\Users\Shreyas.1Gupta\AppData\Local\Python\pythoncore-3.14-64\Lib\site-packages\numpy\lib\_nanfunctions_impl.py:1997: RuntimeWarning: Degrees of freedom <= 0 for slice.
  var = nanvar(a, axis=axis, dtype=dtype, out=out, ddof=ddof,
C:\Users\Shreyas.1Gupta\AppData\Local\Python\pythoncore-3.14-64\Lib\site-packages\numpy\lib\_nanfunctions_impl.py:1997: RuntimeWarning: Degrees of freedom <= 0 for slice.
  var = nanvar(a, axis=axis, dtype=dtype, out=out, ddof=ddof,
C:\Users\Shreyas.1Gupta\AppData\Local\Python\pythoncore-3.14-64\Lib\site-packages\numpy\lib\_nanfunctions_impl.py:1997: RuntimeWarning: Degrees of freedom <= 0 for slice.
  var = nanvar(a, axis=axis, dtype=dtype, out=out, ddof=ddof,
C:\Users\Shreyas.1Gupta\AppData\Local\Python\pythoncore-3.14-64\Lib\site-packages\numpy\lib\_nanfunctions_impl.py:1997: RuntimeWarning: Degrees of freedom <= 0 for slice.
  var = nanvar(a, axis=axis, dtype=dtype, out=out, ddof=ddof,
C:\Users\Shreyas.1Gupta\AppData\Local\Python\pythoncore-3.14-64\Lib\site-packages\numpy\lib\_nanfunctions_impl.py:1997: RuntimeWarning: Degrees of freedom <= 0 for slice.
  var = nanvar(a, axis=axis, dtype=dtype, out=out, ddof=ddof,
C:\Users\Shreyas.1Gupta\AppData\Local\Python\pythoncore-3.14-64\Lib\site-packages\numpy\lib\_nanfunctions_impl.py:1997: RuntimeWarning: Degrees of freedom <= 0 for slice.
  var = nanvar(a, axis=axis, dtype=dtype, out=out, ddof=ddof,
C:\Users\Shreyas.1Gupta\AppData\Local\Python\pythoncore-3.14-64\Lib\site-packages\numpy\lib\_nanfunctions_impl.py:1997: RuntimeWarning: Degrees of freedom <= 0 for slice.
  var = nanvar(a, axis=axis, dtype=dtype, out=out, ddof=ddof,
C:\Users\Shreyas.1Gupta\AppData\Local\Python\pythoncore-3.14-64\Lib\site-packages\numpy\lib\_nanfunctions_impl.py:1997: RuntimeWarning: Degrees of freedom <= 0 for slice.
  var = nanvar(a, axis=axis, dtype=dtype, out=out, ddof=ddof,
C:\Users\Shreyas.1Gupta\AppData\Local\Python\pythoncore-3.14-64\Lib\site-packages\numpy\lib\_nanfunctions_impl.py:1997: RuntimeWarning: Degrees of freedom <= 0 for slice.
  var = nanvar(a, axis=axis, dtype=dtype, out=out, ddof=ddof,
C:\Users\Shreyas.1Gupta\AppData\Local\Python\pythoncore-3.14-64\Lib\site-packages\numpy\lib\_nanfunctions_impl.py:1997: RuntimeWarning: Degrees of freedom <= 0 for slice.
  var = nanvar(a, axis=axis, dtype=dtype, out=out, ddof=ddof,
C:\Users\Shreyas.1Gupta\AppData\Local\Python\pythoncore-3.14-64\Lib\site-packages\numpy\lib\_nanfunctions_impl.py:1997: RuntimeWarning: Degrees of freedom <= 0 for slice.
  var = nanvar(a, axis=axis, dtype=dtype, out=out, ddof=ddof,
C:\Users\Shreyas.1Gupta\AppData\Local\Python\pythoncore-3.14-64\Lib\site-packages\numpy\lib\_nanfunctions_impl.py:1997: RuntimeWarning: Degrees of freedom <= 0 for slice.
  var = nanvar(a, axis=axis, dtype=dtype, out=out, ddof=ddof,
C:\Users\Shreyas.1Gupta\AppData\Local\Python\pythoncore-3.14-64\Lib\site-packages\numpy\lib\_nanfunctions_impl.py:1997: RuntimeWarning: Degrees of freedom <= 0 for slice.
  var = nanvar(a, axis=axis, dtype=dtype, out=out, ddof=ddof,
C:\Users\Shreyas.1Gupta\AppData\Local\Python\pythoncore-3.14-64\Lib\site-packages\numpy\lib\_nanfunctions_impl.py:1997: RuntimeWarning: Degrees of freedom <= 0 for slice.
  var = nanvar(a, axis=axis, dtype=dtype, out=out, ddof=ddof,
C:\Users\Shreyas.1Gupta\AppData\Local\Python\pythoncore-3.14-64\Lib\site-packages\numpy\lib\_nanfunctions_impl.py:1997: RuntimeWarning: Degrees of freedom <= 0 for slice.
  var = nanvar(a, axis=axis, dtype=dtype, out=out, ddof=ddof,
C:\Users\Shreyas.1Gupta\AppData\Local\Python\pythoncore-3.14-64\Lib\site-packages\numpy\lib\_nanfunctions_impl.py:1997: RuntimeWarning: Degrees of freedom <= 0 for slice.
  var = nanvar(a, axis=axis, dtype=dtype, out=out, ddof=ddof,
C:\Users\Shreyas.1Gupta\AppData\Local\Python\pythoncore-3.14-64\Lib\site-packages\numpy\lib\_nanfunctions_impl.py:1997: RuntimeWarning: Degrees of freedom <= 0 for slice.
  var = nanvar(a, axis=axis, dtype=dtype, out=out, ddof=ddof,
C:\Users\Shreyas.1Gupta\AppData\Local\Python\pythoncore-3.14-64\Lib\site-packages\numpy\lib\_nanfunctions_impl.py:1997: RuntimeWarning: Degrees of freedom <= 0 for slice.
  var = nanvar(a, axis=axis, dtype=dtype, out=out, ddof=ddof,
C:\Users\Shreyas.1Gupta\AppData\Local\Python\pythoncore-3.14-64\Lib\site-packages\numpy\lib\_nanfunctions_impl.py:1997: RuntimeWarning: Degrees of freedom <= 0 for slice.
  var = nanvar(a, axis=axis, dtype=dtype, out=out, ddof=ddof,
C:\Users\Shreyas.1Gupta\AppData\Local\Python\pythoncore-3.14-64\Lib\site-packages\numpy\lib\_nanfunctions_impl.py:1997: RuntimeWarning: Degrees of freedom <= 0 for slice.
  var = nanvar(a, axis=axis, dtype=dtype, out=out, ddof=ddof,
C:\Users\Shreyas.1Gupta\AppData\Local\Python\pythoncore-3.14-64\Lib\site-packages\numpy\lib\_nanfunctions_impl.py:1997: RuntimeWarning: Degrees of freedom <= 0 for slice.
  var = nanvar(a, axis=axis, dtype=dtype, out=out, ddof=ddof,
C:\Users\Shreyas.1Gupta\AppData\Local\Python\pythoncore-3.14-64\Lib\site-packages\numpy\lib\_nanfunctions_impl.py:1997: RuntimeWarning: Degrees of freedom <= 0 for slice.
  var = nanvar(a, axis=axis, dtype=dtype, out=out, ddof=ddof,
C:\Users\Shreyas.1Gupta\AppData\Local\Python\pythoncore-3.14-64\Lib\site-packages\numpy\lib\_nanfunctions_impl.py:1997: RuntimeWarning: Degrees of freedom <= 0 for slice.
  var = nanvar(a, axis=axis, dtype=dtype, out=out, ddof=ddof,
C:\Users\Shreyas.1Gupta\AppData\Local\Python\pythoncore-3.14-64\Lib\site-packages\numpy\lib\_nanfunctions_impl.py:1997: RuntimeWarning: Degrees of freedom <= 0 for slice.
  var = nanvar(a, axis=axis, dtype=dtype, out=out, ddof=ddof,
C:\Users\Shreyas.1Gupta\AppData\Local\Python\pythoncore-3.14-64\Lib\site-packages\numpy\lib\_nanfunctions_impl.py:1997: RuntimeWarning: Degrees of freedom <= 0 for slice.
  var = nanvar(a, axis=axis, dtype=dtype, out=out, ddof=ddof,
C:\Users\Shreyas.1Gupta\AppData\Local\Python\pythoncore-3.14-64\Lib\site-packages\numpy\lib\_nanfunctions_impl.py:1997: RuntimeWarning: Degrees of freedom <= 0 for slice.
  var = nanvar(a, axis=axis, dtype=dtype, out=out, ddof=ddof,
C:\Users\Shreyas.1Gupta\AppData\Local\Python\pythoncore-3.14-64\Lib\site-packages\numpy\lib\_nanfunctions_impl.py:1997: RuntimeWarning: Degrees of freedom <= 0 for slice.
  var = nanvar(a, axis=axis, dtype=dtype, out=out, ddof=ddof,
C:\Users\Shreyas.1Gupta\AppData\Local\Python\pythoncore-3.14-64\Lib\site-packages\numpy\lib\_nanfunctions_impl.py:1997: RuntimeWarning: Degrees of freedom <= 0 for slice.
  var = nanvar(a, axis=axis, dtype=dtype, out=out, ddof=ddof,
C:\Users\Shreyas.1Gupta\AppData\Local\Python\pythoncore-3.14-64\Lib\site-packages\numpy\lib\_nanfunctions_impl.py:1997: RuntimeWarning: Degrees of freedom <= 0 for slice.
  var = nanvar(a, axis=axis, dtype=dtype, out=out, ddof=ddof,
C:\Users\Shreyas.1Gupta\AppData\Local\Python\pythoncore-3.14-64\Lib\site-packages\numpy\lib\_nanfunctions_impl.py:1997: RuntimeWarning: Degrees of freedom <= 0 for slice.
  var = nanvar(a, axis=axis, dtype=dtype, out=out, ddof=ddof,
C:\Users\Shreyas.1Gupta\AppData\Local\Python\pythoncore-3.14-64\Lib\site-packages\numpy\lib\_nanfunctions_impl.py:1997: RuntimeWarning: Degrees of freedom <= 0 for slice.
  var = nanvar(a, axis=axis, dtype=dtype, out=out, ddof=ddof,
C:\Users\Shreyas.1Gupta\AppData\Local\Python\pythoncore-3.14-64\Lib\site-packages\numpy\lib\_nanfunctions_impl.py:1997: RuntimeWarning: Degrees of freedom <= 0 for slice.
  var = nanvar(a, axis=axis, dtype=dtype, out=out, ddof=ddof,
C:\Users\Shreyas.1Gupta\AppData\Local\Python\pythoncore-3.14-64\Lib\site-packages\numpy\lib\_nanfunctions_impl.py:1997: RuntimeWarning: Degrees of freedom <= 0 for slice.
  var = nanvar(a, axis=axis, dtype=dtype, out=out, ddof=ddof,
C:\Users\Shreyas.1Gupta\AppData\Local\Python\pythoncore-3.14-64\Lib\site-packages\numpy\lib\_nanfunctions_impl.py:1997: RuntimeWarning: Degrees of freedom <= 0 for slice.
  var = nanvar(a, axis=axis, dtype=dtype, out=out, ddof=ddof,
C:\Users\Shreyas.1Gupta\AppData\Local\Python\pythoncore-3.14-64\Lib\site-packages\numpy\lib\_nanfunctions_impl.py:1997: RuntimeWarning: Degrees of freedom <= 0 for slice.
  var = nanvar(a, axis=axis, dtype=dtype, out=out, ddof=ddof,
C:\Users\Shreyas.1Gupta\AppData\Local\Python\pythoncore-3.14-64\Lib\site-packages\numpy\lib\_nanfunctions_impl.py:1997: RuntimeWarning: Degrees of freedom <= 0 for slice.
  var = nanvar(a, axis=axis, dtype=dtype, out=out, ddof=ddof,
C:\Users\Shreyas.1Gupta\AppData\Local\Python\pythoncore-3.14-64\Lib\site-packages\numpy\lib\_nanfunctions_impl.py:1997: RuntimeWarning: Degrees of freedom <= 0 for slice.
  var = nanvar(a, axis=axis, dtype=dtype, out=out, ddof=ddof,
C:\Users\Shreyas.1Gupta\AppData\Local\Python\pythoncore-3.14-64\Lib\site-packages\numpy\lib\_nanfunctions_impl.py:1997: RuntimeWarning: Degrees of freedom <= 0 for slice.
  var = nanvar(a, axis=axis, dtype=dtype, out=out, ddof=ddof,
C:\Users\Shreyas.1Gupta\AppData\Local\Python\pythoncore-3.14-64\Lib\site-packages\numpy\lib\_nanfunctions_impl.py:1997: RuntimeWarning: Degrees of freedom <= 0 for slice.
  var = nanvar(a, axis=axis, dtype=dtype, out=out, ddof=ddof,
C:\Users\Shreyas.1Gupta\AppData\Local\Python\pythoncore-3.14-64\Lib\site-packages\numpy\lib\_nanfunctions_impl.py:1997: RuntimeWarning: Degrees of freedom <= 0 for slice.
  var = nanvar(a, axis=axis, dtype=dtype, out=out, ddof=ddof,
C:\Users\Shreyas.1Gupta\AppData\Local\Python\pythoncore-3.14-64\Lib\site-packages\numpy\lib\_nanfunctions_impl.py:1997: RuntimeWarning: Degrees of freedom <= 0 for slice.
  var = nanvar(a, axis=axis, dtype=dtype, out=out, ddof=ddof,
C:\Users\Shreyas.1Gupta\AppData\Local\Python\pythoncore-3.14-64\Lib\site-packages\numpy\lib\_nanfunctions_impl.py:1997: RuntimeWarning: Degrees of freedom <= 0 for slice.
  var = nanvar(a, axis=axis, dtype=dtype, out=out, ddof=ddof,
C:\Users\Shreyas.1Gupta\AppData\Local\Python\pythoncore-3.14-64\Lib\site-packages\numpy\lib\_nanfunctions_impl.py:1997: RuntimeWarning: Degrees of freedom <= 0 for slice.
  var = nanvar(a, axis=axis, dtype=dtype, out=out, ddof=ddof,
C:\Users\Shreyas.1Gupta\AppData\Local\Python\pythoncore-3.14-64\Lib\site-packages\numpy\lib\_nanfunctions_impl.py:1997: RuntimeWarning: Degrees of freedom <= 0 for slice.
  var = nanvar(a, axis=axis, dtype=dtype, out=out, ddof=ddof,
C:\Users\Shreyas.1Gupta\AppData\Local\Python\pythoncore-3.14-64\Lib\site-packages\numpy\lib\_nanfunctions_impl.py:1997: RuntimeWarning: Degrees of freedom <= 0 for slice.
  var = nanvar(a, axis=axis, dtype=dtype, out=out, ddof=ddof,
C:\Users\Shreyas.1Gupta\AppData\Local\Python\pythoncore-3.14-64\Lib\site-packages\numpy\lib\_nanfunctions_impl.py:1997: RuntimeWarning: Degrees of freedom <= 0 for slice.
  var = nanvar(a, axis=axis, dtype=dtype, out=out, ddof=ddof,
C:\Users\Shreyas.1Gupta\AppData\Local\Python\pythoncore-3.14-64\Lib\site-packages\numpy\lib\_nanfunctions_impl.py:1997: RuntimeWarning: Degrees of freedom <= 0 for slice.
  var = nanvar(a, axis=axis, dtype=dtype, out=out, ddof=ddof,
C:\Users\Shreyas.1Gupta\AppData\Local\Python\pythoncore-3.14-64\Lib\site-packages\numpy\lib\_nanfunctions_impl.py:1997: RuntimeWarning: Degrees of freedom <= 0 for slice.
  var = nanvar(a, axis=axis, dtype=dtype, out=out, ddof=ddof,
C:\Users\Shreyas.1Gupta\AppData\Local\Python\pythoncore-3.14-64\Lib\site-packages\numpy\lib\_nanfunctions_impl.py:1997: RuntimeWarning: Degrees of freedom <= 0 for slice.
  var = nanvar(a, axis=axis, dtype=dtype, out=out, ddof=ddof,
C:\Users\Shreyas.1Gupta\AppData\Local\Python\pythoncore-3.14-64\Lib\site-packages\numpy\lib\_nanfunctions_impl.py:1997: RuntimeWarning: Degrees of freedom <= 0 for slice.
  var = nanvar(a, axis=axis, dtype=dtype, out=out, ddof=ddof,
C:\Users\Shreyas.1Gupta\AppData\Local\Python\pythoncore-3.14-64\Lib\site-packages\numpy\lib\_nanfunctions_impl.py:1997: RuntimeWarning: Degrees of freedom <= 0 for slice.
  var = nanvar(a, axis=axis, dtype=dtype, out=out, ddof=ddof,
C:\Users\Shreyas.1Gupta\AppData\Local\Python\pythoncore-3.14-64\Lib\site-packages\numpy\lib\_nanfunctions_impl.py:1997: RuntimeWarning: Degrees of freedom <= 0 for slice.
  var = nanvar(a, axis=axis, dtype=dtype, out=out, ddof=ddof,
C:\Users\Shreyas.1Gupta\AppData\Local\Python\pythoncore-3.14-64\Lib\site-packages\numpy\lib\_nanfunctions_impl.py:1997: RuntimeWarning: Degrees of freedom <= 0 for slice.
  var = nanvar(a, axis=axis, dtype=dtype, out=out, ddof=ddof,
C:\Users\Shreyas.1Gupta\AppData\Local\Python\pythoncore-3.14-64\Lib\site-packages\numpy\lib\_nanfunctions_impl.py:1997: RuntimeWarning: Degrees of freedom <= 0 for slice.
  var = nanvar(a, axis=axis, dtype=dtype, out=out, ddof=ddof,
C:\Users\Shreyas.1Gupta\AppData\Local\Python\pythoncore-3.14-64\Lib\site-packages\numpy\lib\_nanfunctions_impl.py:1997: RuntimeWarning: Degrees of freedom <= 0 for slice.
  var = nanvar(a, axis=axis, dtype=dtype, out=out, ddof=ddof,
C:\Users\Shreyas.1Gupta\AppData\Local\Python\pythoncore-3.14-64\Lib\site-packages\numpy\lib\_nanfunctions_impl.py:1997: RuntimeWarning: Degrees of freedom <= 0 for slice.
  var = nanvar(a, axis=axis, dtype=dtype, out=out, ddof=ddof,
C:\Users\Shreyas.1Gupta\AppData\Local\Python\pythoncore-3.14-64\Lib\site-packages\numpy\lib\_nanfunctions_impl.py:1997: RuntimeWarning: Degrees of freedom <= 0 for slice.
  var = nanvar(a, axis=axis, dtype=dtype, out=out, ddof=ddof,
C:\Users\Shreyas.1Gupta\AppData\Local\Python\pythoncore-3.14-64\Lib\site-packages\numpy\lib\_nanfunctions_impl.py:1997: RuntimeWarning: Degrees of freedom <= 0 for slice.
  var = nanvar(a, axis=axis, dtype=dtype, out=out, ddof=ddof,
C:\Users\Shreyas.1Gupta\AppData\Local\Python\pythoncore-3.14-64\Lib\site-packages\numpy\lib\_nanfunctions_impl.py:1997: RuntimeWarning: Degrees of freedom <= 0 for slice.
  var = nanvar(a, axis=axis, dtype=dtype, out=out, ddof=ddof,
C:\Users\Shreyas.1Gupta\AppData\Local\Python\pythoncore-3.14-64\Lib\site-packages\numpy\lib\_nanfunctions_impl.py:1997: RuntimeWarning: Degrees of freedom <= 0 for slice.
  var = nanvar(a, axis=axis, dtype=dtype, out=out, ddof=ddof,
C:\Users\Shreyas.1Gupta\AppData\Local\Python\pythoncore-3.14-64\Lib\site-packages\numpy\lib\_nanfunctions_impl.py:1997: RuntimeWarning: Degrees of freedom <= 0 for slice.
  var = nanvar(a, axis=axis, dtype=dtype, out=out, ddof=ddof,
C:\Users\Shreyas.1Gupta\AppData\Local\Python\pythoncore-3.14-64\Lib\site-packages\numpy\lib\_nanfunctions_impl.py:1997: RuntimeWarning: Degrees of freedom <= 0 for slice.
  var = nanvar(a, axis=axis, dtype=dtype, out=out, ddof=ddof,
C:\Users\Shreyas.1Gupta\AppData\Local\Python\pythoncore-3.14-64\Lib\site-packages\numpy\lib\_nanfunctions_impl.py:1997: RuntimeWarning: Degrees of freedom <= 0 for slice.
  var = nanvar(a, axis=axis, dtype=dtype, out=out, ddof=ddof,
C:\Users\Shreyas.1Gupta\AppData\Local\Python\pythoncore-3.14-64\Lib\site-packages\numpy\lib\_nanfunctions_impl.py:1997: RuntimeWarning: Degrees of freedom <= 0 for slice.
  var = nanvar(a, axis=axis, dtype=dtype, out=out, ddof=ddof,
C:\Users\Shreyas.1Gupta\AppData\Local\Python\pythoncore-3.14-64\Lib\site-packages\numpy\lib\_nanfunctions_impl.py:1997: RuntimeWarning: Degrees of freedom <= 0 for slice.
  var = nanvar(a, axis=axis, dtype=dtype, out=out, ddof=ddof,
C:\Users\Shreyas.1Gupta\AppData\Local\Python\pythoncore-3.14-64\Lib\site-packages\numpy\lib\_nanfunctions_impl.py:1997: RuntimeWarning: Degrees of freedom <= 0 for slice.
  var = nanvar(a, axis=axis, dtype=dtype, out=out, ddof=ddof,
C:\Users\Shreyas.1Gupta\AppData\Local\Python\pythoncore-3.14-64\Lib\site-packages\numpy\lib\_nanfunctions_impl.py:1997: RuntimeWarning: Degrees of freedom <= 0 for slice.
  var = nanvar(a, axis=axis, dtype=dtype, out=out, ddof=ddof,
C:\Users\Shreyas.1Gupta\AppData\Local\Python\pythoncore-3.14-64\Lib\site-packages\numpy\lib\_nanfunctions_impl.py:1997: RuntimeWarning: Degrees of freedom <= 0 for slice.
  var = nanvar(a, axis=axis, dtype=dtype, out=out, ddof=ddof,
C:\Users\Shreyas.1Gupta\AppData\Local\Python\pythoncore-3.14-64\Lib\site-packages\numpy\lib\_nanfunctions_impl.py:1997: RuntimeWarning: Degrees of freedom <= 0 for slice.
  var = nanvar(a, axis=axis, dtype=dtype, out=out, ddof=ddof,
C:\Users\Shreyas.1Gupta\AppData\Local\Python\pythoncore-3.14-64\Lib\site-packages\numpy\lib\_nanfunctions_impl.py:1997: RuntimeWarning: Degrees of freedom <= 0 for slice.
  var = nanvar(a, axis=axis, dtype=dtype, out=out, ddof=ddof,
C:\Users\Shreyas.1Gupta\AppData\Local\Python\pythoncore-3.14-64\Lib\site-packages\numpy\lib\_nanfunctions_impl.py:1997: RuntimeWarning: Degrees of freedom <= 0 for slice.
  var = nanvar(a, axis=axis, dtype=dtype, out=out, ddof=ddof,
C:\Users\Shreyas.1Gupta\AppData\Local\Python\pythoncore-3.14-64\Lib\site-packages\numpy\lib\_nanfunctions_impl.py:1997: RuntimeWarning: Degrees of freedom <= 0 for slice.
  var = nanvar(a, axis=axis, dtype=dtype, out=out, ddof=ddof,
C:\Users\Shreyas.1Gupta\AppData\Local\Python\pythoncore-3.14-64\Lib\site-packages\numpy\lib\_nanfunctions_impl.py:1997: RuntimeWarning: Degrees of freedom <= 0 for slice.
  var = nanvar(a, axis=axis, dtype=dtype, out=out, ddof=ddof,
C:\Users\Shreyas.1Gupta\AppData\Local\Python\pythoncore-3.14-64\Lib\site-packages\numpy\lib\_nanfunctions_impl.py:1997: RuntimeWarning: Degrees of freedom <= 0 for slice.
  var = nanvar(a, axis=axis, dtype=dtype, out=out, ddof=ddof,
C:\Users\Shreyas.1Gupta\AppData\Local\Python\pythoncore-3.14-64\Lib\site-packages\numpy\lib\_nanfunctions_impl.py:1997: RuntimeWarning: Degrees of freedom <= 0 for slice.
  var = nanvar(a, axis=axis, dtype=dtype, out=out, ddof=ddof,
C:\Users\Shreyas.1Gupta\AppData\Local\Python\pythoncore-3.14-64\Lib\site-packages\numpy\lib\_nanfunctions_impl.py:1997: RuntimeWarning: Degrees of freedom <= 0 for slice.
  var = nanvar(a, axis=axis, dtype=dtype, out=out, ddof=ddof,
C:\Users\Shreyas.1Gupta\AppData\Local\Python\pythoncore-3.14-64\Lib\site-packages\numpy\lib\_nanfunctions_impl.py:1997: RuntimeWarning: Degrees of freedom <= 0 for slice.
  var = nanvar(a, axis=axis, dtype=dtype, out=out, ddof=ddof,
C:\Users\Shreyas.1Gupta\AppData\Local\Python\pythoncore-3.14-64\Lib\site-packages\numpy\lib\_nanfunctions_impl.py:1997: RuntimeWarning: Degrees of freedom <= 0 for slice.
  var = nanvar(a, axis=axis, dtype=dtype, out=out, ddof=ddof,
C:\Users\Shreyas.1Gupta\AppData\Local\Python\pythoncore-3.14-64\Lib\site-packages\numpy\lib\_nanfunctions_impl.py:1997: RuntimeWarning: Degrees of freedom <= 0 for slice.
  var = nanvar(a, axis=axis, dtype=dtype, out=out, ddof=ddof,
C:\Users\Shreyas.1Gupta\AppData\Local\Python\pythoncore-3.14-64\Lib\site-packages\numpy\lib\_nanfunctions_impl.py:1997: RuntimeWarning: Degrees of freedom <= 0 for slice.
  var = nanvar(a, axis=axis, dtype=dtype, out=out, ddof=ddof,
C:\Users\Shreyas.1Gupta\AppData\Local\Python\pythoncore-3.14-64\Lib\site-packages\numpy\lib\_nanfunctions_impl.py:1997: RuntimeWarning: Degrees of freedom <= 0 for slice.
  var = nanvar(a, axis=axis, dtype=dtype, out=out, ddof=ddof,
C:\Users\Shreyas.1Gupta\AppData\Local\Python\pythoncore-3.14-64\Lib\site-packages\numpy\lib\_nanfunctions_impl.py:1997: RuntimeWarning: Degrees of freedom <= 0 for slice.
  var = nanvar(a, axis=axis, dtype=dtype, out=out, ddof=ddof,
C:\Users\Shreyas.1Gupta\AppData\Local\Python\pythoncore-3.14-64\Lib\site-packages\numpy\lib\_nanfunctions_impl.py:1997: RuntimeWarning: Degrees of freedom <= 0 for slice.
  var = nanvar(a, axis=axis, dtype=dtype, out=out, ddof=ddof,
C:\Users\Shreyas.1Gupta\AppData\Local\Python\pythoncore-3.14-64\Lib\site-packages\numpy\lib\_nanfunctions_impl.py:1997: RuntimeWarning: Degrees of freedom <= 0 for slice.
  var = nanvar(a, axis=axis, dtype=dtype, out=out, ddof=ddof,
C:\Users\Shreyas.1Gupta\AppData\Local\Python\pythoncore-3.14-64\Lib\site-packages\numpy\lib\_nanfunctions_impl.py:1997: RuntimeWarning: Degrees of freedom <= 0 for slice.
  var = nanvar(a, axis=axis, dtype=dtype, out=out, ddof=ddof,
C:\Users\Shreyas.1Gupta\AppData\Local\Python\pythoncore-3.14-64\Lib\site-packages\numpy\lib\_nanfunctions_impl.py:1997: RuntimeWarning: Degrees of freedom <= 0 for slice.
  var = nanvar(a, axis=axis, dtype=dtype, out=out, ddof=ddof,
C:\Users\Shreyas.1Gupta\AppData\Local\Python\pythoncore-3.14-64\Lib\site-packages\numpy\lib\_nanfunctions_impl.py:1997: RuntimeWarning: Degrees of freedom <= 0 for slice.
  var = nanvar(a, axis=axis, dtype=dtype, out=out, ddof=ddof,
C:\Users\Shreyas.1Gupta\AppData\Local\Python\pythoncore-3.14-64\Lib\site-packages\numpy\lib\_nanfunctions_impl.py:1997: RuntimeWarning: Degrees of freedom <= 0 for slice.
  var = nanvar(a, axis=axis, dtype=dtype, out=out, ddof=ddof,
C:\Users\Shreyas.1Gupta\AppData\Local\Python\pythoncore-3.14-64\Lib\site-packages\numpy\lib\_nanfunctions_impl.py:1997: RuntimeWarning: Degrees of freedom <= 0 for slice.
  var = nanvar(a, axis=axis, dtype=dtype, out=out, ddof=ddof,
C:\Users\Shreyas.1Gupta\AppData\Local\Python\pythoncore-3.14-64\Lib\site-packages\numpy\lib\_nanfunctions_impl.py:1997: RuntimeWarning: Degrees of freedom <= 0 for slice.
  var = nanvar(a, axis=axis, dtype=dtype, out=out, ddof=ddof,
C:\Users\Shreyas.1Gupta\AppData\Local\Python\pythoncore-3.14-64\Lib\site-packages\numpy\lib\_nanfunctions_impl.py:1997: RuntimeWarning: Degrees of freedom <= 0 for slice.
  var = nanvar(a, axis=axis, dtype=dtype, out=out, ddof=ddof,
C:\Users\Shreyas.1Gupta\AppData\Local\Python\pythoncore-3.14-64\Lib\site-packages\numpy\lib\_nanfunctions_impl.py:1997: RuntimeWarning: Degrees of freedom <= 0 for slice.
  var = nanvar(a, axis=axis, dtype=dtype, out=out, ddof=ddof,
C:\Users\Shreyas.1Gupta\AppData\Local\Python\pythoncore-3.14-64\Lib\site-packages\numpy\lib\_nanfunctions_impl.py:1997: RuntimeWarning: Degrees of freedom <= 0 for slice.
  var = nanvar(a, axis=axis, dtype=dtype, out=out, ddof=ddof,
C:\Users\Shreyas.1Gupta\AppData\Local\Python\pythoncore-3.14-64\Lib\site-packages\numpy\lib\_nanfunctions_impl.py:1997: RuntimeWarning: Degrees of freedom <= 0 for slice.
  var = nanvar(a, axis=axis, dtype=dtype, out=out, ddof=ddof,
C:\Users\Shreyas.1Gupta\AppData\Local\Python\pythoncore-3.14-64\Lib\site-packages\numpy\lib\_nanfunctions_impl.py:1997: RuntimeWarning: Degrees of freedom <= 0 for slice.
  var = nanvar(a, axis=axis, dtype=dtype, out=out, ddof=ddof,
C:\Users\Shreyas.1Gupta\AppData\Local\Python\pythoncore-3.14-64\Lib\site-packages\numpy\lib\_nanfunctions_impl.py:1997: RuntimeWarning: Degrees of freedom <= 0 for slice.
  var = nanvar(a, axis=axis, dtype=dtype, out=out, ddof=ddof,
C:\Users\Shreyas.1Gupta\AppData\Local\Python\pythoncore-3.14-64\Lib\site-packages\numpy\lib\_nanfunctions_impl.py:1997: RuntimeWarning: Degrees of freedom <= 0 for slice.
  var = nanvar(a, axis=axis, dtype=dtype, out=out, ddof=ddof,
C:\Users\Shreyas.1Gupta\AppData\Local\Python\pythoncore-3.14-64\Lib\site-packages\numpy\lib\_nanfunctions_impl.py:1997: RuntimeWarning: Degrees of freedom <= 0 for slice.
  var = nanvar(a, axis=axis, dtype=dtype, out=out, ddof=ddof,
C:\Users\Shreyas.1Gupta\AppData\Local\Python\pythoncore-3.14-64\Lib\site-packages\numpy\lib\_nanfunctions_impl.py:1997: RuntimeWarning: Degrees of freedom <= 0 for slice.
  var = nanvar(a, axis=axis, dtype=dtype, out=out, ddof=ddof,
C:\Users\Shreyas.1Gupta\AppData\Local\Python\pythoncore-3.14-64\Lib\site-packages\numpy\lib\_nanfunctions_impl.py:1997: RuntimeWarning: Degrees of freedom <= 0 for slice.
  var = nanvar(a, axis=axis, dtype=dtype, out=out, ddof=ddof,
C:\Users\Shreyas.1Gupta\AppData\Local\Python\pythoncore-3.14-64\Lib\site-packages\numpy\lib\_nanfunctions_impl.py:1997: RuntimeWarning: Degrees of freedom <= 0 for slice.
  var = nanvar(a, axis=axis, dtype=dtype, out=out, ddof=ddof,
C:\Users\Shreyas.1Gupta\AppData\Local\Python\pythoncore-3.14-64\Lib\site-packages\numpy\lib\_nanfunctions_impl.py:1997: RuntimeWarning: Degrees of freedom <= 0 for slice.
  var = nanvar(a, axis=axis, dtype=dtype, out=out, ddof=ddof,
C:\Users\Shreyas.1Gupta\AppData\Local\Python\pythoncore-3.14-64\Lib\site-packages\numpy\lib\_nanfunctions_impl.py:1997: RuntimeWarning: Degrees of freedom <= 0 for slice.
  var = nanvar(a, axis=axis, dtype=dtype, out=out, ddof=ddof,
C:\Users\Shreyas.1Gupta\AppData\Local\Python\pythoncore-3.14-64\Lib\site-packages\numpy\lib\_nanfunctions_impl.py:1997: RuntimeWarning: Degrees of freedom <= 0 for slice.
  var = nanvar(a, axis=axis, dtype=dtype, out=out, ddof=ddof,
C:\Users\Shreyas.1Gupta\AppData\Local\Python\pythoncore-3.14-64\Lib\site-packages\numpy\lib\_nanfunctions_impl.py:1997: RuntimeWarning: Degrees of freedom <= 0 for slice.
  var = nanvar(a, axis=axis, dtype=dtype, out=out, ddof=ddof,
C:\Users\Shreyas.1Gupta\AppData\Local\Python\pythoncore-3.14-64\Lib\site-packages\numpy\lib\_nanfunctions_impl.py:1997: RuntimeWarning: Degrees of freedom <= 0 for slice.
  var = nanvar(a, axis=axis, dtype=dtype, out=out, ddof=ddof,
C:\Users\Shreyas.1Gupta\AppData\Local\Python\pythoncore-3.14-64\Lib\site-packages\numpy\lib\_nanfunctions_impl.py:1997: RuntimeWarning: Degrees of freedom <= 0 for slice.
  var = nanvar(a, axis=axis, dtype=dtype, out=out, ddof=ddof,
C:\Users\Shreyas.1Gupta\AppData\Local\Python\pythoncore-3.14-64\Lib\site-packages\numpy\lib\_nanfunctions_impl.py:1997: RuntimeWarning: Degrees of freedom <= 0 for slice.
  var = nanvar(a, axis=axis, dtype=dtype, out=out, ddof=ddof,
C:\Users\Shreyas.1Gupta\AppData\Local\Python\pythoncore-3.14-64\Lib\site-packages\numpy\lib\_nanfunctions_impl.py:1997: RuntimeWarning: Degrees of freedom <= 0 for slice.
  var = nanvar(a, axis=axis, dtype=dtype, out=out, ddof=ddof,
C:\Users\Shreyas.1Gupta\AppData\Local\Python\pythoncore-3.14-64\Lib\site-packages\numpy\lib\_nanfunctions_impl.py:1997: RuntimeWarning: Degrees of freedom <= 0 for slice.
  var = nanvar(a, axis=axis, dtype=dtype, out=out, ddof=ddof,
C:\Users\Shreyas.1Gupta\AppData\Local\Python\pythoncore-3.14-64\Lib\site-packages\numpy\lib\_nanfunctions_impl.py:1997: RuntimeWarning: Degrees of freedom <= 0 for slice.
  var = nanvar(a, axis=axis, dtype=dtype, out=out, ddof=ddof,
C:\Users\Shreyas.1Gupta\AppData\Local\Python\pythoncore-3.14-64\Lib\site-packages\numpy\lib\_nanfunctions_impl.py:1997: RuntimeWarning: Degrees of freedom <= 0 for slice.
  var = nanvar(a, axis=axis, dtype=dtype, out=out, ddof=ddof,
C:\Users\Shreyas.1Gupta\AppData\Local\Python\pythoncore-3.14-64\Lib\site-packages\numpy\lib\_nanfunctions_impl.py:1997: RuntimeWarning: Degrees of freedom <= 0 for slice.
  var = nanvar(a, axis=axis, dtype=dtype, out=out, ddof=ddof,
C:\Users\Shreyas.1Gupta\AppData\Local\Python\pythoncore-3.14-64\Lib\site-packages\numpy\lib\_nanfunctions_impl.py:1997: RuntimeWarning: Degrees of freedom <= 0 for slice.
  var = nanvar(a, axis=axis, dtype=dtype, out=out, ddof=ddof,
C:\Users\Shreyas.1Gupta\AppData\Local\Python\pythoncore-3.14-64\Lib\site-packages\numpy\lib\_nanfunctions_impl.py:1997: RuntimeWarning: Degrees of freedom <= 0 for slice.
  var = nanvar(a, axis=axis, dtype=dtype, out=out, ddof=ddof,
C:\Users\Shreyas.1Gupta\AppData\Local\Python\pythoncore-3.14-64\Lib\site-packages\numpy\lib\_nanfunctions_impl.py:1997: RuntimeWarning: Degrees of freedom <= 0 for slice.
  var = nanvar(a, axis=axis, dtype=dtype, out=out, ddof=ddof,
C:\Users\Shreyas.1Gupta\AppData\Local\Python\pythoncore-3.14-64\Lib\site-packages\numpy\lib\_nanfunctions_impl.py:1997: RuntimeWarning: Degrees of freedom <= 0 for slice.
  var = nanvar(a, axis=axis, dtype=dtype, out=out, ddof=ddof,
C:\Users\Shreyas.1Gupta\AppData\Local\Python\pythoncore-3.14-64\Lib\site-packages\numpy\lib\_nanfunctions_impl.py:1997: RuntimeWarning: Degrees of freedom <= 0 for slice.
  var = nanvar(a, axis=axis, dtype=dtype, out=out, ddof=ddof,
C:\Users\Shreyas.1Gupta\AppData\Local\Python\pythoncore-3.14-64\Lib\site-packages\numpy\lib\_nanfunctions_impl.py:1997: RuntimeWarning: Degrees of freedom <= 0 for slice.
  var = nanvar(a, axis=axis, dtype=dtype, out=out, ddof=ddof,
C:\Users\Shreyas.1Gupta\AppData\Local\Python\pythoncore-3.14-64\Lib\site-packages\numpy\lib\_nanfunctions_impl.py:1997: RuntimeWarning: Degrees of freedom <= 0 for slice.
  var = nanvar(a, axis=axis, dtype=dtype, out=out, ddof=ddof,
C:\Users\Shreyas.1Gupta\AppData\Local\Python\pythoncore-3.14-64\Lib\site-packages\numpy\lib\_nanfunctions_impl.py:1997: RuntimeWarning: Degrees of freedom <= 0 for slice.
  var = nanvar(a, axis=axis, dtype=dtype, out=out, ddof=ddof,
C:\Users\Shreyas.1Gupta\AppData\Local\Python\pythoncore-3.14-64\Lib\site-packages\numpy\lib\_nanfunctions_impl.py:1997: RuntimeWarning: Degrees of freedom <= 0 for slice.
  var = nanvar(a, axis=axis, dtype=dtype, out=out, ddof=ddof,
C:\Users\Shreyas.1Gupta\AppData\Local\Python\pythoncore-3.14-64\Lib\site-packages\numpy\lib\_nanfunctions_impl.py:1997: RuntimeWarning: Degrees of freedom <= 0 for slice.
  var = nanvar(a, axis=axis, dtype=dtype, out=out, ddof=ddof,
C:\Users\Shreyas.1Gupta\AppData\Local\Python\pythoncore-3.14-64\Lib\site-packages\numpy\lib\_nanfunctions_impl.py:1997: RuntimeWarning: Degrees of freedom <= 0 for slice.
  var = nanvar(a, axis=axis, dtype=dtype, out=out, ddof=ddof,
C:\Users\Shreyas.1Gupta\AppData\Local\Python\pythoncore-3.14-64\Lib\site-packages\numpy\lib\_nanfunctions_impl.py:1997: RuntimeWarning: Degrees of freedom <= 0 for slice.
  var = nanvar(a, axis=axis, dtype=dtype, out=out, ddof=ddof,
C:\Users\Shreyas.1Gupta\AppData\Local\Python\pythoncore-3.14-64\Lib\site-packages\numpy\lib\_nanfunctions_impl.py:1997: RuntimeWarning: Degrees of freedom <= 0 for slice.
  var = nanvar(a, axis=axis, dtype=dtype, out=out, ddof=ddof,
C:\Users\Shreyas.1Gupta\AppData\Local\Python\pythoncore-3.14-64\Lib\site-packages\numpy\lib\_nanfunctions_impl.py:1997: RuntimeWarning: Degrees of freedom <= 0 for slice.
  var = nanvar(a, axis=axis, dtype=dtype, out=out, ddof=ddof,
C:\Users\Shreyas.1Gupta\AppData\Local\Python\pythoncore-3.14-64\Lib\site-packages\numpy\lib\_nanfunctions_impl.py:1997: RuntimeWarning: Degrees of freedom <= 0 for slice.
  var = nanvar(a, axis=axis, dtype=dtype, out=out, ddof=ddof,
C:\Users\Shreyas.1Gupta\AppData\Local\Python\pythoncore-3.14-64\Lib\site-packages\numpy\lib\_nanfunctions_impl.py:1997: RuntimeWarning: Degrees of freedom <= 0 for slice.
  var = nanvar(a, axis=axis, dtype=dtype, out=out, ddof=ddof,
C:\Users\Shreyas.1Gupta\AppData\Local\Python\pythoncore-3.14-64\Lib\site-packages\numpy\lib\_nanfunctions_impl.py:1997: RuntimeWarning: Degrees of freedom <= 0 for slice.
  var = nanvar(a, axis=axis, dtype=dtype, out=out, ddof=ddof,
C:\Users\Shreyas.1Gupta\AppData\Local\Python\pythoncore-3.14-64\Lib\site-packages\numpy\lib\_nanfunctions_impl.py:1997: RuntimeWarning: Degrees of freedom <= 0 for slice.
  var = nanvar(a, axis=axis, dtype=dtype, out=out, ddof=ddof,
C:\Users\Shreyas.1Gupta\AppData\Local\Python\pythoncore-3.14-64\Lib\site-packages\numpy\lib\_nanfunctions_impl.py:1997: RuntimeWarning: Degrees of freedom <= 0 for slice.
  var = nanvar(a, axis=axis, dtype=dtype, out=out, ddof=ddof,
C:\Users\Shreyas.1Gupta\AppData\Local\Python\pythoncore-3.14-64\Lib\site-packages\numpy\lib\_nanfunctions_impl.py:1997: RuntimeWarning: Degrees of freedom <= 0 for slice.
  var = nanvar(a, axis=axis, dtype=dtype, out=out, ddof=ddof,
C:\Users\Shreyas.1Gupta\AppData\Local\Python\pythoncore-3.14-64\Lib\site-packages\numpy\lib\_nanfunctions_impl.py:1997: RuntimeWarning: Degrees of freedom <= 0 for slice.
  var = nanvar(a, axis=axis, dtype=dtype, out=out, ddof=ddof,
C:\Users\Shreyas.1Gupta\AppData\Local\Python\pythoncore-3.14-64\Lib\site-packages\numpy\lib\_nanfunctions_impl.py:1997: RuntimeWarning: Degrees of freedom <= 0 for slice.
  var = nanvar(a, axis=axis, dtype=dtype, out=out, ddof=ddof,
C:\Users\Shreyas.1Gupta\AppData\Local\Python\pythoncore-3.14-64\Lib\site-packages\numpy\lib\_nanfunctions_impl.py:1997: RuntimeWarning: Degrees of freedom <= 0 for slice.
  var = nanvar(a, axis=axis, dtype=dtype, out=out, ddof=ddof,
C:\Users\Shreyas.1Gupta\AppData\Local\Python\pythoncore-3.14-64\Lib\site-packages\numpy\lib\_nanfunctions_impl.py:1997: RuntimeWarning: Degrees of freedom <= 0 for slice.
  var = nanvar(a, axis=axis, dtype=dtype, out=out, ddof=ddof,
C:\Users\Shreyas.1Gupta\AppData\Local\Python\pythoncore-3.14-64\Lib\site-packages\numpy\lib\_nanfunctions_impl.py:1997: RuntimeWarning: Degrees of freedom <= 0 for slice.
  var = nanvar(a, axis=axis, dtype=dtype, out=out, ddof=ddof,
C:\Users\Shreyas.1Gupta\AppData\Local\Python\pythoncore-3.14-64\Lib\site-packages\numpy\lib\_nanfunctions_impl.py:1997: RuntimeWarning: Degrees of freedom <= 0 for slice.
  var = nanvar(a, axis=axis, dtype=dtype, out=out, ddof=ddof,
C:\Users\Shreyas.1Gupta\AppData\Local\Python\pythoncore-3.14-64\Lib\site-packages\numpy\lib\_nanfunctions_impl.py:1997: RuntimeWarning: Degrees of freedom <= 0 for slice.
  var = nanvar(a, axis=axis, dtype=dtype, out=out, ddof=ddof,
C:\Users\Shreyas.1Gupta\AppData\Local\Python\pythoncore-3.14-64\Lib\site-packages\numpy\lib\_nanfunctions_impl.py:1997: RuntimeWarning: Degrees of freedom <= 0 for slice.
  var = nanvar(a, axis=axis, dtype=dtype, out=out, ddof=ddof,
C:\Users\Shreyas.1Gupta\AppData\Local\Python\pythoncore-3.14-64\Lib\site-packages\numpy\lib\_nanfunctions_impl.py:1997: RuntimeWarning: Degrees of freedom <= 0 for slice.
  var = nanvar(a, axis=axis, dtype=dtype, out=out, ddof=ddof,
C:\Users\Shreyas.1Gupta\AppData\Local\Python\pythoncore-3.14-64\Lib\site-packages\numpy\lib\_nanfunctions_impl.py:1997: RuntimeWarning: Degrees of freedom <= 0 for slice.
  var = nanvar(a, axis=axis, dtype=dtype, out=out, ddof=ddof,
C:\Users\Shreyas.1Gupta\AppData\Local\Python\pythoncore-3.14-64\Lib\site-packages\numpy\lib\_nanfunctions_impl.py:1997: RuntimeWarning: Degrees of freedom <= 0 for slice.
  var = nanvar(a, axis=axis, dtype=dtype, out=out, ddof=ddof,
C:\Users\Shreyas.1Gupta\AppData\Local\Python\pythoncore-3.14-64\Lib\site-packages\numpy\lib\_nanfunctions_impl.py:1997: RuntimeWarning: Degrees of freedom <= 0 for slice.
  var = nanvar(a, axis=axis, dtype=dtype, out=out, ddof=ddof,
C:\Users\Shreyas.1Gupta\AppData\Local\Python\pythoncore-3.14-64\Lib\site-packages\numpy\lib\_nanfunctions_impl.py:1997: RuntimeWarning: Degrees of freedom <= 0 for slice.
  var = nanvar(a, axis=axis, dtype=dtype, out=out, ddof=ddof,
C:\Users\Shreyas.1Gupta\AppData\Local\Python\pythoncore-3.14-64\Lib\site-packages\numpy\lib\_nanfunctions_impl.py:1997: RuntimeWarning: Degrees of freedom <= 0 for slice.
  var = nanvar(a, axis=axis, dtype=dtype, out=out, ddof=ddof,
C:\Users\Shreyas.1Gupta\AppData\Local\Python\pythoncore-3.14-64\Lib\site-packages\numpy\lib\_nanfunctions_impl.py:1997: RuntimeWarning: Degrees of freedom <= 0 for slice.
  var = nanvar(a, axis=axis, dtype=dtype, out=out, ddof=ddof,
C:\Users\Shreyas.1Gupta\AppData\Local\Python\pythoncore-3.14-64\Lib\site-packages\numpy\lib\_nanfunctions_impl.py:1997: RuntimeWarning: Degrees of freedom <= 0 for slice.
  var = nanvar(a, axis=axis, dtype=dtype, out=out, ddof=ddof,
C:\Users\Shreyas.1Gupta\AppData\Local\Python\pythoncore-3.14-64\Lib\site-packages\numpy\lib\_nanfunctions_impl.py:1997: RuntimeWarning: Degrees of freedom <= 0 for slice.
  var = nanvar(a, axis=axis, dtype=dtype, out=out, ddof=ddof,
C:\Users\Shreyas.1Gupta\AppData\Local\Python\pythoncore-3.14-64\Lib\site-packages\numpy\lib\_nanfunctions_impl.py:1997: RuntimeWarning: Degrees of freedom <= 0 for slice.
  var = nanvar(a, axis=axis, dtype=dtype, out=out, ddof=ddof,
C:\Users\Shreyas.1Gupta\AppData\Local\Python\pythoncore-3.14-64\Lib\site-packages\numpy\lib\_nanfunctions_impl.py:1997: RuntimeWarning: Degrees of freedom <= 0 for slice.
  var = nanvar(a, axis=axis, dtype=dtype, out=out, ddof=ddof,
C:\Users\Shreyas.1Gupta\AppData\Local\Python\pythoncore-3.14-64\Lib\site-packages\numpy\lib\_nanfunctions_impl.py:1997: RuntimeWarning: Degrees of freedom <= 0 for slice.
  var = nanvar(a, axis=axis, dtype=dtype, out=out, ddof=ddof,
C:\Users\Shreyas.1Gupta\AppData\Local\Python\pythoncore-3.14-64\Lib\site-packages\numpy\lib\_nanfunctions_impl.py:1997: RuntimeWarning: Degrees of freedom <= 0 for slice.
  var = nanvar(a, axis=axis, dtype=dtype, out=out, ddof=ddof,
C:\Users\Shreyas.1Gupta\AppData\Local\Python\pythoncore-3.14-64\Lib\site-packages\numpy\lib\_nanfunctions_impl.py:1997: RuntimeWarning: Degrees of freedom <= 0 for slice.
  var = nanvar(a, axis=axis, dtype=dtype, out=out, ddof=ddof,
C:\Users\Shreyas.1Gupta\AppData\Local\Python\pythoncore-3.14-64\Lib\site-packages\numpy\lib\_nanfunctions_impl.py:1997: RuntimeWarning: Degrees of freedom <= 0 for slice.
  var = nanvar(a, axis=axis, dtype=dtype, out=out, ddof=ddof,
C:\Users\Shreyas.1Gupta\AppData\Local\Python\pythoncore-3.14-64\Lib\site-packages\numpy\lib\_nanfunctions_impl.py:1997: RuntimeWarning: Degrees of freedom <= 0 for slice.
  var = nanvar(a, axis=axis, dtype=dtype, out=out, ddof=ddof,
C:\Users\Shreyas.1Gupta\AppData\Local\Python\pythoncore-3.14-64\Lib\site-packages\numpy\lib\_nanfunctions_impl.py:1997: RuntimeWarning: Degrees of freedom <= 0 for slice.
  var = nanvar(a, axis=axis, dtype=dtype, out=out, ddof=ddof,
C:\Users\Shreyas.1Gupta\AppData\Local\Python\pythoncore-3.14-64\Lib\site-packages\numpy\lib\_nanfunctions_impl.py:1997: RuntimeWarning: Degrees of freedom <= 0 for slice.
  var = nanvar(a, axis=axis, dtype=dtype, out=out, ddof=ddof,
C:\Users\Shreyas.1Gupta\AppData\Local\Python\pythoncore-3.14-64\Lib\site-packages\numpy\lib\_nanfunctions_impl.py:1997: RuntimeWarning: Degrees of freedom <= 0 for slice.
  var = nanvar(a, axis=axis, dtype=dtype, out=out, ddof=ddof,
C:\Users\Shreyas.1Gupta\AppData\Local\Python\pythoncore-3.14-64\Lib\site-packages\numpy\lib\_nanfunctions_impl.py:1997: RuntimeWarning: Degrees of freedom <= 0 for slice.
  var = nanvar(a, axis=axis, dtype=dtype, out=out, ddof=ddof,
C:\Users\Shreyas.1Gupta\AppData\Local\Python\pythoncore-3.14-64\Lib\site-packages\numpy\lib\_nanfunctions_impl.py:1997: RuntimeWarning: Degrees of freedom <= 0 for slice.
  var = nanvar(a, axis=axis, dtype=dtype, out=out, ddof=ddof,
C:\Users\Shreyas.1Gupta\AppData\Local\Python\pythoncore-3.14-64\Lib\site-packages\numpy\lib\_nanfunctions_impl.py:1997: RuntimeWarning: Degrees of freedom <= 0 for slice.
  var = nanvar(a, axis=axis, dtype=dtype, out=out, ddof=ddof,
C:\Users\Shreyas.1Gupta\AppData\Local\Python\pythoncore-3.14-64\Lib\site-packages\numpy\lib\_nanfunctions_impl.py:1997: RuntimeWarning: Degrees of freedom <= 0 for slice.
  var = nanvar(a, axis=axis, dtype=dtype, out=out, ddof=ddof,
C:\Users\Shreyas.1Gupta\AppData\Local\Python\pythoncore-3.14-64\Lib\site-packages\numpy\lib\_nanfunctions_impl.py:1997: RuntimeWarning: Degrees of freedom <= 0 for slice.
  var = nanvar(a, axis=axis, dtype=dtype, out=out, ddof=ddof,
C:\Users\Shreyas.1Gupta\AppData\Local\Python\pythoncore-3.14-64\Lib\site-packages\numpy\lib\_nanfunctions_impl.py:1997: RuntimeWarning: Degrees of freedom <= 0 for slice.
  var = nanvar(a, axis=axis, dtype=dtype, out=out, ddof=ddof,
C:\Users\Shreyas.1Gupta\AppData\Local\Python\pythoncore-3.14-64\Lib\site-packages\numpy\lib\_nanfunctions_impl.py:1997: RuntimeWarning: Degrees of freedom <= 0 for slice.
  var = nanvar(a, axis=axis, dtype=dtype, out=out, ddof=ddof,
C:\Users\Shreyas.1Gupta\AppData\Local\Python\pythoncore-3.14-64\Lib\site-packages\numpy\lib\_nanfunctions_impl.py:1997: RuntimeWarning: Degrees of freedom <= 0 for slice.
  var = nanvar(a, axis=axis, dtype=dtype, out=out, ddof=ddof,
C:\Users\Shreyas.1Gupta\AppData\Local\Python\pythoncore-3.14-64\Lib\site-packages\numpy\lib\_nanfunctions_impl.py:1997: RuntimeWarning: Degrees of freedom <= 0 for slice.
  var = nanvar(a, axis=axis, dtype=dtype, out=out, ddof=ddof,
C:\Users\Shreyas.1Gupta\AppData\Local\Python\pythoncore-3.14-64\Lib\site-packages\numpy\lib\_nanfunctions_impl.py:1997: RuntimeWarning: Degrees of freedom <= 0 for slice.
  var = nanvar(a, axis=axis, dtype=dtype, out=out, ddof=ddof,
C:\Users\Shreyas.1Gupta\AppData\Local\Python\pythoncore-3.14-64\Lib\site-packages\numpy\lib\_nanfunctions_impl.py:1997: RuntimeWarning: Degrees of freedom <= 0 for slice.
  var = nanvar(a, axis=axis, dtype=dtype, out=out, ddof=ddof,
C:\Users\Shreyas.1Gupta\AppData\Local\Python\pythoncore-3.14-64\Lib\site-packages\numpy\lib\_nanfunctions_impl.py:1997: RuntimeWarning: Degrees of freedom <= 0 for slice.
  var = nanvar(a, axis=axis, dtype=dtype, out=out, ddof=ddof,
C:\Users\Shreyas.1Gupta\AppData\Local\Python\pythoncore-3.14-64\Lib\site-packages\numpy\lib\_nanfunctions_impl.py:1997: RuntimeWarning: Degrees of freedom <= 0 for slice.
  var = nanvar(a, axis=axis, dtype=dtype, out=out, ddof=ddof,
C:\Users\Shreyas.1Gupta\AppData\Local\Python\pythoncore-3.14-64\Lib\site-packages\numpy\lib\_nanfunctions_impl.py:1997: RuntimeWarning: Degrees of freedom <= 0 for slice.
  var = nanvar(a, axis=axis, dtype=dtype, out=out, ddof=ddof,
C:\Users\Shreyas.1Gupta\AppData\Local\Python\pythoncore-3.14-64\Lib\site-packages\numpy\lib\_nanfunctions_impl.py:1997: RuntimeWarning: Degrees of freedom <= 0 for slice.
  var = nanvar(a, axis=axis, dtype=dtype, out=out, ddof=ddof,
C:\Users\Shreyas.1Gupta\AppData\Local\Python\pythoncore-3.14-64\Lib\site-packages\numpy\lib\_nanfunctions_impl.py:1997: RuntimeWarning: Degrees of freedom <= 0 for slice.
  var = nanvar(a, axis=axis, dtype=dtype, out=out, ddof=ddof,
[2_smallcap_MQ25] rebals=246 active 2005-04-01->2026-01-22 ann_turnover~443.7% fricCAGR=21.00% net1CAGR=15.54% net2CAGR=10.30%

[build] 3_n500_MQ50 ...
C:\Users\Shreyas.1Gupta\AppData\Local\Python\pythoncore-3.14-64\Lib\site-packages\numpy\lib\_nanfunctions_impl.py:1997: RuntimeWarning: Degrees of freedom <= 0 for slice.
  var = nanvar(a, axis=axis, dtype=dtype, out=out, ddof=ddof,
C:\Users\Shreyas.1Gupta\AppData\Local\Python\pythoncore-3.14-64\Lib\site-packages\numpy\lib\_nanfunctions_impl.py:1997: RuntimeWarning: Degrees of freedom <= 0 for slice.
  var = nanvar(a, axis=axis, dtype=dtype, out=out, ddof=ddof,
C:\Users\Shreyas.1Gupta\AppData\Local\Python\pythoncore-3.14-64\Lib\site-packages\numpy\lib\_nanfunctions_impl.py:1997: RuntimeWarning: Degrees of freedom <= 0 for slice.
  var = nanvar(a, axis=axis, dtype=dtype, out=out, ddof=ddof,
C:\Users\Shreyas.1Gupta\AppData\Local\Python\pythoncore-3.14-64\Lib\site-packages\numpy\lib\_nanfunctions_impl.py:1997: RuntimeWarning: Degrees of freedom <= 0 for slice.
  var = nanvar(a, axis=axis, dtype=dtype, out=out, ddof=ddof,
C:\Users\Shreyas.1Gupta\AppData\Local\Python\pythoncore-3.14-64\Lib\site-packages\numpy\lib\_nanfunctions_impl.py:1997: RuntimeWarning: Degrees of freedom <= 0 for slice.
  var = nanvar(a, axis=axis, dtype=dtype, out=out, ddof=ddof,
C:\Users\Shreyas.1Gupta\AppData\Local\Python\pythoncore-3.14-64\Lib\site-packages\numpy\lib\_nanfunctions_impl.py:1997: RuntimeWarning: Degrees of freedom <= 0 for slice.
  var = nanvar(a, axis=axis, dtype=dtype, out=out, ddof=ddof,
C:\Users\Shreyas.1Gupta\AppData\Local\Python\pythoncore-3.14-64\Lib\site-packages\numpy\lib\_nanfunctions_impl.py:1997: RuntimeWarning: Degrees of freedom <= 0 for slice.
  var = nanvar(a, axis=axis, dtype=dtype, out=out, ddof=ddof,
C:\Users\Shreyas.1Gupta\AppData\Local\Python\pythoncore-3.14-64\Lib\site-packages\numpy\lib\_nanfunctions_impl.py:1997: RuntimeWarning: Degrees of freedom <= 0 for slice.
  var = nanvar(a, axis=axis, dtype=dtype, out=out, ddof=ddof,
C:\Users\Shreyas.1Gupta\AppData\Local\Python\pythoncore-3.14-64\Lib\site-packages\numpy\lib\_nanfunctions_impl.py:1997: RuntimeWarning: Degrees of freedom <= 0 for slice.
  var = nanvar(a, axis=axis, dtype=dtype, out=out, ddof=ddof,
C:\Users\Shreyas.1Gupta\AppData\Local\Python\pythoncore-3.14-64\Lib\site-packages\numpy\lib\_nanfunctions_impl.py:1997: RuntimeWarning: Degrees of freedom <= 0 for slice.
  var = nanvar(a, axis=axis, dtype=dtype, out=out, ddof=ddof,
C:\Users\Shreyas.1Gupta\AppData\Local\Python\pythoncore-3.14-64\Lib\site-packages\numpy\lib\_nanfunctions_impl.py:1997: RuntimeWarning: Degrees of freedom <= 0 for slice.
  var = nanvar(a, axis=axis, dtype=dtype, out=out, ddof=ddof,
C:\Users\Shreyas.1Gupta\AppData\Local\Python\pythoncore-3.14-64\Lib\site-packages\numpy\lib\_nanfunctions_impl.py:1997: RuntimeWarning: Degrees of freedom <= 0 for slice.
  var = nanvar(a, axis=axis, dtype=dtype, out=out, ddof=ddof,
C:\Users\Shreyas.1Gupta\AppData\Local\Python\pythoncore-3.14-64\Lib\site-packages\numpy\lib\_nanfunctions_impl.py:1997: RuntimeWarning: Degrees of freedom <= 0 for slice.
  var = nanvar(a, axis=axis, dtype=dtype, out=out, ddof=ddof,
C:\Users\Shreyas.1Gupta\AppData\Local\Python\pythoncore-3.14-64\Lib\site-packages\numpy\lib\_nanfunctions_impl.py:1997: RuntimeWarning: Degrees of freedom <= 0 for slice.
  var = nanvar(a, axis=axis, dtype=dtype, out=out, ddof=ddof,
C:\Users\Shreyas.1Gupta\AppData\Local\Python\pythoncore-3.14-64\Lib\site-packages\numpy\lib\_nanfunctions_impl.py:1997: RuntimeWarning: Degrees of freedom <= 0 for slice.
  var = nanvar(a, axis=axis, dtype=dtype, out=out, ddof=ddof,
C:\Users\Shreyas.1Gupta\AppData\Local\Python\pythoncore-3.14-64\Lib\site-packages\numpy\lib\_nanfunctions_impl.py:1997: RuntimeWarning: Degrees of freedom <= 0 for slice.
  var = nanvar(a, axis=axis, dtype=dtype, out=out, ddof=ddof,
C:\Users\Shreyas.1Gupta\AppData\Local\Python\pythoncore-3.14-64\Lib\site-packages\numpy\lib\_nanfunctions_impl.py:1997: RuntimeWarning: Degrees of freedom <= 0 for slice.
  var = nanvar(a, axis=axis, dtype=dtype, out=out, ddof=ddof,
C:\Users\Shreyas.1Gupta\AppData\Local\Python\pythoncore-3.14-64\Lib\site-packages\numpy\lib\_nanfunctions_impl.py:1997: RuntimeWarning: Degrees of freedom <= 0 for slice.
  var = nanvar(a, axis=axis, dtype=dtype, out=out, ddof=ddof,
C:\Users\Shreyas.1Gupta\AppData\Local\Python\pythoncore-3.14-64\Lib\site-packages\numpy\lib\_nanfunctions_impl.py:1997: RuntimeWarning: Degrees of freedom <= 0 for slice.
  var = nanvar(a, axis=axis, dtype=dtype, out=out, ddof=ddof,
C:\Users\Shreyas.1Gupta\AppData\Local\Python\pythoncore-3.14-64\Lib\site-packages\numpy\lib\_nanfunctions_impl.py:1997: RuntimeWarning: Degrees of freedom <= 0 for slice.
  var = nanvar(a, axis=axis, dtype=dtype, out=out, ddof=ddof,
C:\Users\Shreyas.1Gupta\AppData\Local\Python\pythoncore-3.14-64\Lib\site-packages\numpy\lib\_nanfunctions_impl.py:1997: RuntimeWarning: Degrees of freedom <= 0 for slice.
  var = nanvar(a, axis=axis, dtype=dtype, out=out, ddof=ddof,
C:\Users\Shreyas.1Gupta\AppData\Local\Python\pythoncore-3.14-64\Lib\site-packages\numpy\lib\_nanfunctions_impl.py:1997: RuntimeWarning: Degrees of freedom <= 0 for slice.
  var = nanvar(a, axis=axis, dtype=dtype, out=out, ddof=ddof,
C:\Users\Shreyas.1Gupta\AppData\Local\Python\pythoncore-3.14-64\Lib\site-packages\numpy\lib\_nanfunctions_impl.py:1997: RuntimeWarning: Degrees of freedom <= 0 for slice.
  var = nanvar(a, axis=axis, dtype=dtype, out=out, ddof=ddof,
C:\Users\Shreyas.1Gupta\AppData\Local\Python\pythoncore-3.14-64\Lib\site-packages\numpy\lib\_nanfunctions_impl.py:1997: RuntimeWarning: Degrees of freedom <= 0 for slice.
  var = nanvar(a, axis=axis, dtype=dtype, out=out, ddof=ddof,
C:\Users\Shreyas.1Gupta\AppData\Local\Python\pythoncore-3.14-64\Lib\site-packages\numpy\lib\_nanfunctions_impl.py:1997: RuntimeWarning: Degrees of freedom <= 0 for slice.
  var = nanvar(a, axis=axis, dtype=dtype, out=out, ddof=ddof,
C:\Users\Shreyas.1Gupta\AppData\Local\Python\pythoncore-3.14-64\Lib\site-packages\numpy\lib\_nanfunctions_impl.py:1997: RuntimeWarning: Degrees of freedom <= 0 for slice.
  var = nanvar(a, axis=axis, dtype=dtype, out=out, ddof=ddof,
C:\Users\Shreyas.1Gupta\AppData\Local\Python\pythoncore-3.14-64\Lib\site-packages\numpy\lib\_nanfunctions_impl.py:1997: RuntimeWarning: Degrees of freedom <= 0 for slice.
  var = nanvar(a, axis=axis, dtype=dtype, out=out, ddof=ddof,
C:\Users\Shreyas.1Gupta\AppData\Local\Python\pythoncore-3.14-64\Lib\site-packages\numpy\lib\_nanfunctions_impl.py:1997: RuntimeWarning: Degrees of freedom <= 0 for slice.
  var = nanvar(a, axis=axis, dtype=dtype, out=out, ddof=ddof,
C:\Users\Shreyas.1Gupta\AppData\Local\Python\pythoncore-3.14-64\Lib\site-packages\numpy\lib\_nanfunctions_impl.py:1997: RuntimeWarning: Degrees of freedom <= 0 for slice.
  var = nanvar(a, axis=axis, dtype=dtype, out=out, ddof=ddof,
C:\Users\Shreyas.1Gupta\AppData\Local\Python\pythoncore-3.14-64\Lib\site-packages\numpy\lib\_nanfunctions_impl.py:1997: RuntimeWarning: Degrees of freedom <= 0 for slice.
  var = nanvar(a, axis=axis, dtype=dtype, out=out, ddof=ddof,
C:\Users\Shreyas.1Gupta\AppData\Local\Python\pythoncore-3.14-64\Lib\site-packages\numpy\lib\_nanfunctions_impl.py:1997: RuntimeWarning: Degrees of freedom <= 0 for slice.
  var = nanvar(a, axis=axis, dtype=dtype, out=out, ddof=ddof,
C:\Users\Shreyas.1Gupta\AppData\Local\Python\pythoncore-3.14-64\Lib\site-packages\numpy\lib\_nanfunctions_impl.py:1997: RuntimeWarning: Degrees of freedom <= 0 for slice.
  var = nanvar(a, axis=axis, dtype=dtype, out=out, ddof=ddof,
C:\Users\Shreyas.1Gupta\AppData\Local\Python\pythoncore-3.14-64\Lib\site-packages\numpy\lib\_nanfunctions_impl.py:1997: RuntimeWarning: Degrees of freedom <= 0 for slice.
  var = nanvar(a, axis=axis, dtype=dtype, out=out, ddof=ddof,
C:\Users\Shreyas.1Gupta\AppData\Local\Python\pythoncore-3.14-64\Lib\site-packages\numpy\lib\_nanfunctions_impl.py:1997: RuntimeWarning: Degrees of freedom <= 0 for slice.
  var = nanvar(a, axis=axis, dtype=dtype, out=out, ddof=ddof,
C:\Users\Shreyas.1Gupta\AppData\Local\Python\pythoncore-3.14-64\Lib\site-packages\numpy\lib\_nanfunctions_impl.py:1997: RuntimeWarning: Degrees of freedom <= 0 for slice.
  var = nanvar(a, axis=axis, dtype=dtype, out=out, ddof=ddof,
C:\Users\Shreyas.1Gupta\AppData\Local\Python\pythoncore-3.14-64\Lib\site-packages\numpy\lib\_nanfunctions_impl.py:1997: RuntimeWarning: Degrees of freedom <= 0 for slice.
  var = nanvar(a, axis=axis, dtype=dtype, out=out, ddof=ddof,
C:\Users\Shreyas.1Gupta\AppData\Local\Python\pythoncore-3.14-64\Lib\site-packages\numpy\lib\_nanfunctions_impl.py:1997: RuntimeWarning: Degrees of freedom <= 0 for slice.
  var = nanvar(a, axis=axis, dtype=dtype, out=out, ddof=ddof,
C:\Users\Shreyas.1Gupta\AppData\Local\Python\pythoncore-3.14-64\Lib\site-packages\numpy\lib\_nanfunctions_impl.py:1997: RuntimeWarning: Degrees of freedom <= 0 for slice.
  var = nanvar(a, axis=axis, dtype=dtype, out=out, ddof=ddof,
C:\Users\Shreyas.1Gupta\AppData\Local\Python\pythoncore-3.14-64\Lib\site-packages\numpy\lib\_nanfunctions_impl.py:1997: RuntimeWarning: Degrees of freedom <= 0 for slice.
  var = nanvar(a, axis=axis, dtype=dtype, out=out, ddof=ddof,
C:\Users\Shreyas.1Gupta\AppData\Local\Python\pythoncore-3.14-64\Lib\site-packages\numpy\lib\_nanfunctions_impl.py:1997: RuntimeWarning: Degrees of freedom <= 0 for slice.
  var = nanvar(a, axis=axis, dtype=dtype, out=out, ddof=ddof,
C:\Users\Shreyas.1Gupta\AppData\Local\Python\pythoncore-3.14-64\Lib\site-packages\numpy\lib\_nanfunctions_impl.py:1997: RuntimeWarning: Degrees of freedom <= 0 for slice.
  var = nanvar(a, axis=axis, dtype=dtype, out=out, ddof=ddof,
C:\Users\Shreyas.1Gupta\AppData\Local\Python\pythoncore-3.14-64\Lib\site-packages\numpy\lib\_nanfunctions_impl.py:1997: RuntimeWarning: Degrees of freedom <= 0 for slice.
  var = nanvar(a, axis=axis, dtype=dtype, out=out, ddof=ddof,
C:\Users\Shreyas.1Gupta\AppData\Local\Python\pythoncore-3.14-64\Lib\site-packages\numpy\lib\_nanfunctions_impl.py:1997: RuntimeWarning: Degrees of freedom <= 0 for slice.
  var = nanvar(a, axis=axis, dtype=dtype, out=out, ddof=ddof,
C:\Users\Shreyas.1Gupta\AppData\Local\Python\pythoncore-3.14-64\Lib\site-packages\numpy\lib\_nanfunctions_impl.py:1997: RuntimeWarning: Degrees of freedom <= 0 for slice.
  var = nanvar(a, axis=axis, dtype=dtype, out=out, ddof=ddof,
C:\Users\Shreyas.1Gupta\AppData\Local\Python\pythoncore-3.14-64\Lib\site-packages\numpy\lib\_nanfunctions_impl.py:1997: RuntimeWarning: Degrees of freedom <= 0 for slice.
  var = nanvar(a, axis=axis, dtype=dtype, out=out, ddof=ddof,
C:\Users\Shreyas.1Gupta\AppData\Local\Python\pythoncore-3.14-64\Lib\site-packages\numpy\lib\_nanfunctions_impl.py:1997: RuntimeWarning: Degrees of freedom <= 0 for slice.
  var = nanvar(a, axis=axis, dtype=dtype, out=out, ddof=ddof,
C:\Users\Shreyas.1Gupta\AppData\Local\Python\pythoncore-3.14-64\Lib\site-packages\numpy\lib\_nanfunctions_impl.py:1997: RuntimeWarning: Degrees of freedom <= 0 for slice.
  var = nanvar(a, axis=axis, dtype=dtype, out=out, ddof=ddof,
C:\Users\Shreyas.1Gupta\AppData\Local\Python\pythoncore-3.14-64\Lib\site-packages\numpy\lib\_nanfunctions_impl.py:1997: RuntimeWarning: Degrees of freedom <= 0 for slice.
  var = nanvar(a, axis=axis, dtype=dtype, out=out, ddof=ddof,
C:\Users\Shreyas.1Gupta\AppData\Local\Python\pythoncore-3.14-64\Lib\site-packages\numpy\lib\_nanfunctions_impl.py:1997: RuntimeWarning: Degrees of freedom <= 0 for slice.
  var = nanvar(a, axis=axis, dtype=dtype, out=out, ddof=ddof,
C:\Users\Shreyas.1Gupta\AppData\Local\Python\pythoncore-3.14-64\Lib\site-packages\numpy\lib\_nanfunctions_impl.py:1997: RuntimeWarning: Degrees of freedom <= 0 for slice.
  var = nanvar(a, axis=axis, dtype=dtype, out=out, ddof=ddof,
C:\Users\Shreyas.1Gupta\AppData\Local\Python\pythoncore-3.14-64\Lib\site-packages\numpy\lib\_nanfunctions_impl.py:1997: RuntimeWarning: Degrees of freedom <= 0 for slice.
  var = nanvar(a, axis=axis, dtype=dtype, out=out, ddof=ddof,
C:\Users\Shreyas.1Gupta\AppData\Local\Python\pythoncore-3.14-64\Lib\site-packages\numpy\lib\_nanfunctions_impl.py:1997: RuntimeWarning: Degrees of freedom <= 0 for slice.
  var = nanvar(a, axis=axis, dtype=dtype, out=out, ddof=ddof,
C:\Users\Shreyas.1Gupta\AppData\Local\Python\pythoncore-3.14-64\Lib\site-packages\numpy\lib\_nanfunctions_impl.py:1997: RuntimeWarning: Degrees of freedom <= 0 for slice.
  var = nanvar(a, axis=axis, dtype=dtype, out=out, ddof=ddof,
C:\Users\Shreyas.1Gupta\AppData\Local\Python\pythoncore-3.14-64\Lib\site-packages\numpy\lib\_nanfunctions_impl.py:1997: RuntimeWarning: Degrees of freedom <= 0 for slice.
  var = nanvar(a, axis=axis, dtype=dtype, out=out, ddof=ddof,
C:\Users\Shreyas.1Gupta\AppData\Local\Python\pythoncore-3.14-64\Lib\site-packages\numpy\lib\_nanfunctions_impl.py:1997: RuntimeWarning: Degrees of freedom <= 0 for slice.
  var = nanvar(a, axis=axis, dtype=dtype, out=out, ddof=ddof,
C:\Users\Shreyas.1Gupta\AppData\Local\Python\pythoncore-3.14-64\Lib\site-packages\numpy\lib\_nanfunctions_impl.py:1997: RuntimeWarning: Degrees of freedom <= 0 for slice.
  var = nanvar(a, axis=axis, dtype=dtype, out=out, ddof=ddof,
C:\Users\Shreyas.1Gupta\AppData\Local\Python\pythoncore-3.14-64\Lib\site-packages\numpy\lib\_nanfunctions_impl.py:1997: RuntimeWarning: Degrees of freedom <= 0 for slice.
  var = nanvar(a, axis=axis, dtype=dtype, out=out, ddof=ddof,
C:\Users\Shreyas.1Gupta\AppData\Local\Python\pythoncore-3.14-64\Lib\site-packages\numpy\lib\_nanfunctions_impl.py:1997: RuntimeWarning: Degrees of freedom <= 0 for slice.
  var = nanvar(a, axis=axis, dtype=dtype, out=out, ddof=ddof,
C:\Users\Shreyas.1Gupta\AppData\Local\Python\pythoncore-3.14-64\Lib\site-packages\numpy\lib\_nanfunctions_impl.py:1997: RuntimeWarning: Degrees of freedom <= 0 for slice.
  var = nanvar(a, axis=axis, dtype=dtype, out=out, ddof=ddof,
C:\Users\Shreyas.1Gupta\AppData\Local\Python\pythoncore-3.14-64\Lib\site-packages\numpy\lib\_nanfunctions_impl.py:1997: RuntimeWarning: Degrees of freedom <= 0 for slice.
  var = nanvar(a, axis=axis, dtype=dtype, out=out, ddof=ddof,
C:\Users\Shreyas.1Gupta\AppData\Local\Python\pythoncore-3.14-64\Lib\site-packages\numpy\lib\_nanfunctions_impl.py:1997: RuntimeWarning: Degrees of freedom <= 0 for slice.
  var = nanvar(a, axis=axis, dtype=dtype, out=out, ddof=ddof,
C:\Users\Shreyas.1Gupta\AppData\Local\Python\pythoncore-3.14-64\Lib\site-packages\numpy\lib\_nanfunctions_impl.py:1997: RuntimeWarning: Degrees of freedom <= 0 for slice.
  var = nanvar(a, axis=axis, dtype=dtype, out=out, ddof=ddof,
C:\Users\Shreyas.1Gupta\AppData\Local\Python\pythoncore-3.14-64\Lib\site-packages\numpy\lib\_nanfunctions_impl.py:1997: RuntimeWarning: Degrees of freedom <= 0 for slice.
  var = nanvar(a, axis=axis, dtype=dtype, out=out, ddof=ddof,
C:\Users\Shreyas.1Gupta\AppData\Local\Python\pythoncore-3.14-64\Lib\site-packages\numpy\lib\_nanfunctions_impl.py:1997: RuntimeWarning: Degrees of freedom <= 0 for slice.
  var = nanvar(a, axis=axis, dtype=dtype, out=out, ddof=ddof,
C:\Users\Shreyas.1Gupta\AppData\Local\Python\pythoncore-3.14-64\Lib\site-packages\numpy\lib\_nanfunctions_impl.py:1997: RuntimeWarning: Degrees of freedom <= 0 for slice.
  var = nanvar(a, axis=axis, dtype=dtype, out=out, ddof=ddof,
C:\Users\Shreyas.1Gupta\AppData\Local\Python\pythoncore-3.14-64\Lib\site-packages\numpy\lib\_nanfunctions_impl.py:1997: RuntimeWarning: Degrees of freedom <= 0 for slice.
  var = nanvar(a, axis=axis, dtype=dtype, out=out, ddof=ddof,
C:\Users\Shreyas.1Gupta\AppData\Local\Python\pythoncore-3.14-64\Lib\site-packages\numpy\lib\_nanfunctions_impl.py:1997: RuntimeWarning: Degrees of freedom <= 0 for slice.
  var = nanvar(a, axis=axis, dtype=dtype, out=out, ddof=ddof,
C:\Users\Shreyas.1Gupta\AppData\Local\Python\pythoncore-3.14-64\Lib\site-packages\numpy\lib\_nanfunctions_impl.py:1997: RuntimeWarning: Degrees of freedom <= 0 for slice.
  var = nanvar(a, axis=axis, dtype=dtype, out=out, ddof=ddof,
C:\Users\Shreyas.1Gupta\AppData\Local\Python\pythoncore-3.14-64\Lib\site-packages\numpy\lib\_nanfunctions_impl.py:1997: RuntimeWarning: Degrees of freedom <= 0 for slice.
  var = nanvar(a, axis=axis, dtype=dtype, out=out, ddof=ddof,
C:\Users\Shreyas.1Gupta\AppData\Local\Python\pythoncore-3.14-64\Lib\site-packages\numpy\lib\_nanfunctions_impl.py:1997: RuntimeWarning: Degrees of freedom <= 0 for slice.
  var = nanvar(a, axis=axis, dtype=dtype, out=out, ddof=ddof,
C:\Users\Shreyas.1Gupta\AppData\Local\Python\pythoncore-3.14-64\Lib\site-packages\numpy\lib\_nanfunctions_impl.py:1997: RuntimeWarning: Degrees of freedom <= 0 for slice.
  var = nanvar(a, axis=axis, dtype=dtype, out=out, ddof=ddof,
C:\Users\Shreyas.1Gupta\AppData\Local\Python\pythoncore-3.14-64\Lib\site-packages\numpy\lib\_nanfunctions_impl.py:1997: RuntimeWarning: Degrees of freedom <= 0 for slice.
  var = nanvar(a, axis=axis, dtype=dtype, out=out, ddof=ddof,
C:\Users\Shreyas.1Gupta\AppData\Local\Python\pythoncore-3.14-64\Lib\site-packages\numpy\lib\_nanfunctions_impl.py:1997: RuntimeWarning: Degrees of freedom <= 0 for slice.
  var = nanvar(a, axis=axis, dtype=dtype, out=out, ddof=ddof,
C:\Users\Shreyas.1Gupta\AppData\Local\Python\pythoncore-3.14-64\Lib\site-packages\numpy\lib\_nanfunctions_impl.py:1997: RuntimeWarning: Degrees of freedom <= 0 for slice.
  var = nanvar(a, axis=axis, dtype=dtype, out=out, ddof=ddof,
C:\Users\Shreyas.1Gupta\AppData\Local\Python\pythoncore-3.14-64\Lib\site-packages\numpy\lib\_nanfunctions_impl.py:1997: RuntimeWarning: Degrees of freedom <= 0 for slice.
  var = nanvar(a, axis=axis, dtype=dtype, out=out, ddof=ddof,
C:\Users\Shreyas.1Gupta\AppData\Local\Python\pythoncore-3.14-64\Lib\site-packages\numpy\lib\_nanfunctions_impl.py:1997: RuntimeWarning: Degrees of freedom <= 0 for slice.
  var = nanvar(a, axis=axis, dtype=dtype, out=out, ddof=ddof,
C:\Users\Shreyas.1Gupta\AppData\Local\Python\pythoncore-3.14-64\Lib\site-packages\numpy\lib\_nanfunctions_impl.py:1997: RuntimeWarning: Degrees of freedom <= 0 for slice.
  var = nanvar(a, axis=axis, dtype=dtype, out=out, ddof=ddof,
C:\Users\Shreyas.1Gupta\AppData\Local\Python\pythoncore-3.14-64\Lib\site-packages\numpy\lib\_nanfunctions_impl.py:1997: RuntimeWarning: Degrees of freedom <= 0 for slice.
  var = nanvar(a, axis=axis, dtype=dtype, out=out, ddof=ddof,
C:\Users\Shreyas.1Gupta\AppData\Local\Python\pythoncore-3.14-64\Lib\site-packages\numpy\lib\_nanfunctions_impl.py:1997: RuntimeWarning: Degrees of freedom <= 0 for slice.
  var = nanvar(a, axis=axis, dtype=dtype, out=out, ddof=ddof,
C:\Users\Shreyas.1Gupta\AppData\Local\Python\pythoncore-3.14-64\Lib\site-packages\numpy\lib\_nanfunctions_impl.py:1997: RuntimeWarning: Degrees of freedom <= 0 for slice.
  var = nanvar(a, axis=axis, dtype=dtype, out=out, ddof=ddof,
C:\Users\Shreyas.1Gupta\AppData\Local\Python\pythoncore-3.14-64\Lib\site-packages\numpy\lib\_nanfunctions_impl.py:1997: RuntimeWarning: Degrees of freedom <= 0 for slice.
  var = nanvar(a, axis=axis, dtype=dtype, out=out, ddof=ddof,
C:\Users\Shreyas.1Gupta\AppData\Local\Python\pythoncore-3.14-64\Lib\site-packages\numpy\lib\_nanfunctions_impl.py:1997: RuntimeWarning: Degrees of freedom <= 0 for slice.
  var = nanvar(a, axis=axis, dtype=dtype, out=out, ddof=ddof,
C:\Users\Shreyas.1Gupta\AppData\Local\Python\pythoncore-3.14-64\Lib\site-packages\numpy\lib\_nanfunctions_impl.py:1997: RuntimeWarning: Degrees of freedom <= 0 for slice.
  var = nanvar(a, axis=axis, dtype=dtype, out=out, ddof=ddof,
C:\Users\Shreyas.1Gupta\AppData\Local\Python\pythoncore-3.14-64\Lib\site-packages\numpy\lib\_nanfunctions_impl.py:1997: RuntimeWarning: Degrees of freedom <= 0 for slice.
  var = nanvar(a, axis=axis, dtype=dtype, out=out, ddof=ddof,
C:\Users\Shreyas.1Gupta\AppData\Local\Python\pythoncore-3.14-64\Lib\site-packages\numpy\lib\_nanfunctions_impl.py:1997: RuntimeWarning: Degrees of freedom <= 0 for slice.
  var = nanvar(a, axis=axis, dtype=dtype, out=out, ddof=ddof,
C:\Users\Shreyas.1Gupta\AppData\Local\Python\pythoncore-3.14-64\Lib\site-packages\numpy\lib\_nanfunctions_impl.py:1997: RuntimeWarning: Degrees of freedom <= 0 for slice.
  var = nanvar(a, axis=axis, dtype=dtype, out=out, ddof=ddof,
C:\Users\Shreyas.1Gupta\AppData\Local\Python\pythoncore-3.14-64\Lib\site-packages\numpy\lib\_nanfunctions_impl.py:1997: RuntimeWarning: Degrees of freedom <= 0 for slice.
  var = nanvar(a, axis=axis, dtype=dtype, out=out, ddof=ddof,
C:\Users\Shreyas.1Gupta\AppData\Local\Python\pythoncore-3.14-64\Lib\site-packages\numpy\lib\_nanfunctions_impl.py:1997: RuntimeWarning: Degrees of freedom <= 0 for slice.
  var = nanvar(a, axis=axis, dtype=dtype, out=out, ddof=ddof,
C:\Users\Shreyas.1Gupta\AppData\Local\Python\pythoncore-3.14-64\Lib\site-packages\numpy\lib\_nanfunctions_impl.py:1997: RuntimeWarning: Degrees of freedom <= 0 for slice.
  var = nanvar(a, axis=axis, dtype=dtype, out=out, ddof=ddof,
C:\Users\Shreyas.1Gupta\AppData\Local\Python\pythoncore-3.14-64\Lib\site-packages\numpy\lib\_nanfunctions_impl.py:1997: RuntimeWarning: Degrees of freedom <= 0 for slice.
  var = nanvar(a, axis=axis, dtype=dtype, out=out, ddof=ddof,
C:\Users\Shreyas.1Gupta\AppData\Local\Python\pythoncore-3.14-64\Lib\site-packages\numpy\lib\_nanfunctions_impl.py:1997: RuntimeWarning: Degrees of freedom <= 0 for slice.
  var = nanvar(a, axis=axis, dtype=dtype, out=out, ddof=ddof,
C:\Users\Shreyas.1Gupta\AppData\Local\Python\pythoncore-3.14-64\Lib\site-packages\numpy\lib\_nanfunctions_impl.py:1997: RuntimeWarning: Degrees of freedom <= 0 for slice.
  var = nanvar(a, axis=axis, dtype=dtype, out=out, ddof=ddof,
C:\Users\Shreyas.1Gupta\AppData\Local\Python\pythoncore-3.14-64\Lib\site-packages\numpy\lib\_nanfunctions_impl.py:1997: RuntimeWarning: Degrees of freedom <= 0 for slice.
  var = nanvar(a, axis=axis, dtype=dtype, out=out, ddof=ddof,
C:\Users\Shreyas.1Gupta\AppData\Local\Python\pythoncore-3.14-64\Lib\site-packages\numpy\lib\_nanfunctions_impl.py:1997: RuntimeWarning: Degrees of freedom <= 0 for slice.
  var = nanvar(a, axis=axis, dtype=dtype, out=out, ddof=ddof,
C:\Users\Shreyas.1Gupta\AppData\Local\Python\pythoncore-3.14-64\Lib\site-packages\numpy\lib\_nanfunctions_impl.py:1997: RuntimeWarning: Degrees of freedom <= 0 for slice.
  var = nanvar(a, axis=axis, dtype=dtype, out=out, ddof=ddof,
C:\Users\Shreyas.1Gupta\AppData\Local\Python\pythoncore-3.14-64\Lib\site-packages\numpy\lib\_nanfunctions_impl.py:1997: RuntimeWarning: Degrees of freedom <= 0 for slice.
  var = nanvar(a, axis=axis, dtype=dtype, out=out, ddof=ddof,
C:\Users\Shreyas.1Gupta\AppData\Local\Python\pythoncore-3.14-64\Lib\site-packages\numpy\lib\_nanfunctions_impl.py:1997: RuntimeWarning: Degrees of freedom <= 0 for slice.
  var = nanvar(a, axis=axis, dtype=dtype, out=out, ddof=ddof,
C:\Users\Shreyas.1Gupta\AppData\Local\Python\pythoncore-3.14-64\Lib\site-packages\numpy\lib\_nanfunctions_impl.py:1997: RuntimeWarning: Degrees of freedom <= 0 for slice.
  var = nanvar(a, axis=axis, dtype=dtype, out=out, ddof=ddof,
C:\Users\Shreyas.1Gupta\AppData\Local\Python\pythoncore-3.14-64\Lib\site-packages\numpy\lib\_nanfunctions_impl.py:1997: RuntimeWarning: Degrees of freedom <= 0 for slice.
  var = nanvar(a, axis=axis, dtype=dtype, out=out, ddof=ddof,
C:\Users\Shreyas.1Gupta\AppData\Local\Python\pythoncore-3.14-64\Lib\site-packages\numpy\lib\_nanfunctions_impl.py:1997: RuntimeWarning: Degrees of freedom <= 0 for slice.
  var = nanvar(a, axis=axis, dtype=dtype, out=out, ddof=ddof,
C:\Users\Shreyas.1Gupta\AppData\Local\Python\pythoncore-3.14-64\Lib\site-packages\numpy\lib\_nanfunctions_impl.py:1997: RuntimeWarning: Degrees of freedom <= 0 for slice.
  var = nanvar(a, axis=axis, dtype=dtype, out=out, ddof=ddof,
C:\Users\Shreyas.1Gupta\AppData\Local\Python\pythoncore-3.14-64\Lib\site-packages\numpy\lib\_nanfunctions_impl.py:1997: RuntimeWarning: Degrees of freedom <= 0 for slice.
  var = nanvar(a, axis=axis, dtype=dtype, out=out, ddof=ddof,
C:\Users\Shreyas.1Gupta\AppData\Local\Python\pythoncore-3.14-64\Lib\site-packages\numpy\lib\_nanfunctions_impl.py:1997: RuntimeWarning: Degrees of freedom <= 0 for slice.
  var = nanvar(a, axis=axis, dtype=dtype, out=out, ddof=ddof,
C:\Users\Shreyas.1Gupta\AppData\Local\Python\pythoncore-3.14-64\Lib\site-packages\numpy\lib\_nanfunctions_impl.py:1997: RuntimeWarning: Degrees of freedom <= 0 for slice.
  var = nanvar(a, axis=axis, dtype=dtype, out=out, ddof=ddof,
C:\Users\Shreyas.1Gupta\AppData\Local\Python\pythoncore-3.14-64\Lib\site-packages\numpy\lib\_nanfunctions_impl.py:1997: RuntimeWarning: Degrees of freedom <= 0 for slice.
  var = nanvar(a, axis=axis, dtype=dtype, out=out, ddof=ddof,
C:\Users\Shreyas.1Gupta\AppData\Local\Python\pythoncore-3.14-64\Lib\site-packages\numpy\lib\_nanfunctions_impl.py:1997: RuntimeWarning: Degrees of freedom <= 0 for slice.
  var = nanvar(a, axis=axis, dtype=dtype, out=out, ddof=ddof,
C:\Users\Shreyas.1Gupta\AppData\Local\Python\pythoncore-3.14-64\Lib\site-packages\numpy\lib\_nanfunctions_impl.py:1997: RuntimeWarning: Degrees of freedom <= 0 for slice.
  var = nanvar(a, axis=axis, dtype=dtype, out=out, ddof=ddof,
C:\Users\Shreyas.1Gupta\AppData\Local\Python\pythoncore-3.14-64\Lib\site-packages\numpy\lib\_nanfunctions_impl.py:1997: RuntimeWarning: Degrees of freedom <= 0 for slice.
  var = nanvar(a, axis=axis, dtype=dtype, out=out, ddof=ddof,
C:\Users\Shreyas.1Gupta\AppData\Local\Python\pythoncore-3.14-64\Lib\site-packages\numpy\lib\_nanfunctions_impl.py:1997: RuntimeWarning: Degrees of freedom <= 0 for slice.
  var = nanvar(a, axis=axis, dtype=dtype, out=out, ddof=ddof,
C:\Users\Shreyas.1Gupta\AppData\Local\Python\pythoncore-3.14-64\Lib\site-packages\numpy\lib\_nanfunctions_impl.py:1997: RuntimeWarning: Degrees of freedom <= 0 for slice.
  var = nanvar(a, axis=axis, dtype=dtype, out=out, ddof=ddof,
C:\Users\Shreyas.1Gupta\AppData\Local\Python\pythoncore-3.14-64\Lib\site-packages\numpy\lib\_nanfunctions_impl.py:1997: RuntimeWarning: Degrees of freedom <= 0 for slice.
  var = nanvar(a, axis=axis, dtype=dtype, out=out, ddof=ddof,
C:\Users\Shreyas.1Gupta\AppData\Local\Python\pythoncore-3.14-64\Lib\site-packages\numpy\lib\_nanfunctions_impl.py:1997: RuntimeWarning: Degrees of freedom <= 0 for slice.
  var = nanvar(a, axis=axis, dtype=dtype, out=out, ddof=ddof,
C:\Users\Shreyas.1Gupta\AppData\Local\Python\pythoncore-3.14-64\Lib\site-packages\numpy\lib\_nanfunctions_impl.py:1997: RuntimeWarning: Degrees of freedom <= 0 for slice.
  var = nanvar(a, axis=axis, dtype=dtype, out=out, ddof=ddof,
C:\Users\Shreyas.1Gupta\AppData\Local\Python\pythoncore-3.14-64\Lib\site-packages\numpy\lib\_nanfunctions_impl.py:1997: RuntimeWarning: Degrees of freedom <= 0 for slice.
  var = nanvar(a, axis=axis, dtype=dtype, out=out, ddof=ddof,
C:\Users\Shreyas.1Gupta\AppData\Local\Python\pythoncore-3.14-64\Lib\site-packages\numpy\lib\_nanfunctions_impl.py:1997: RuntimeWarning: Degrees of freedom <= 0 for slice.
  var = nanvar(a, axis=axis, dtype=dtype, out=out, ddof=ddof,
C:\Users\Shreyas.1Gupta\AppData\Local\Python\pythoncore-3.14-64\Lib\site-packages\numpy\lib\_nanfunctions_impl.py:1997: RuntimeWarning: Degrees of freedom <= 0 for slice.
  var = nanvar(a, axis=axis, dtype=dtype, out=out, ddof=ddof,
C:\Users\Shreyas.1Gupta\AppData\Local\Python\pythoncore-3.14-64\Lib\site-packages\numpy\lib\_nanfunctions_impl.py:1997: RuntimeWarning: Degrees of freedom <= 0 for slice.
  var = nanvar(a, axis=axis, dtype=dtype, out=out, ddof=ddof,
C:\Users\Shreyas.1Gupta\AppData\Local\Python\pythoncore-3.14-64\Lib\site-packages\numpy\lib\_nanfunctions_impl.py:1997: RuntimeWarning: Degrees of freedom <= 0 for slice.
  var = nanvar(a, axis=axis, dtype=dtype, out=out, ddof=ddof,
C:\Users\Shreyas.1Gupta\AppData\Local\Python\pythoncore-3.14-64\Lib\site-packages\numpy\lib\_nanfunctions_impl.py:1997: RuntimeWarning: Degrees of freedom <= 0 for slice.
  var = nanvar(a, axis=axis, dtype=dtype, out=out, ddof=ddof,
C:\Users\Shreyas.1Gupta\AppData\Local\Python\pythoncore-3.14-64\Lib\site-packages\numpy\lib\_nanfunctions_impl.py:1997: RuntimeWarning: Degrees of freedom <= 0 for slice.
  var = nanvar(a, axis=axis, dtype=dtype, out=out, ddof=ddof,
C:\Users\Shreyas.1Gupta\AppData\Local\Python\pythoncore-3.14-64\Lib\site-packages\numpy\lib\_nanfunctions_impl.py:1997: RuntimeWarning: Degrees of freedom <= 0 for slice.
  var = nanvar(a, axis=axis, dtype=dtype, out=out, ddof=ddof,
C:\Users\Shreyas.1Gupta\AppData\Local\Python\pythoncore-3.14-64\Lib\site-packages\numpy\lib\_nanfunctions_impl.py:1997: RuntimeWarning: Degrees of freedom <= 0 for slice.
  var = nanvar(a, axis=axis, dtype=dtype, out=out, ddof=ddof,
C:\Users\Shreyas.1Gupta\AppData\Local\Python\pythoncore-3.14-64\Lib\site-packages\numpy\lib\_nanfunctions_impl.py:1997: RuntimeWarning: Degrees of freedom <= 0 for slice.
  var = nanvar(a, axis=axis, dtype=dtype, out=out, ddof=ddof,
C:\Users\Shreyas.1Gupta\AppData\Local\Python\pythoncore-3.14-64\Lib\site-packages\numpy\lib\_nanfunctions_impl.py:1997: RuntimeWarning: Degrees of freedom <= 0 for slice.
  var = nanvar(a, axis=axis, dtype=dtype, out=out, ddof=ddof,
C:\Users\Shreyas.1Gupta\AppData\Local\Python\pythoncore-3.14-64\Lib\site-packages\numpy\lib\_nanfunctions_impl.py:1997: RuntimeWarning: Degrees of freedom <= 0 for slice.
  var = nanvar(a, axis=axis, dtype=dtype, out=out, ddof=ddof,
C:\Users\Shreyas.1Gupta\AppData\Local\Python\pythoncore-3.14-64\Lib\site-packages\numpy\lib\_nanfunctions_impl.py:1997: RuntimeWarning: Degrees of freedom <= 0 for slice.
  var = nanvar(a, axis=axis, dtype=dtype, out=out, ddof=ddof,
C:\Users\Shreyas.1Gupta\AppData\Local\Python\pythoncore-3.14-64\Lib\site-packages\numpy\lib\_nanfunctions_impl.py:1997: RuntimeWarning: Degrees of freedom <= 0 for slice.
  var = nanvar(a, axis=axis, dtype=dtype, out=out, ddof=ddof,
C:\Users\Shreyas.1Gupta\AppData\Local\Python\pythoncore-3.14-64\Lib\site-packages\numpy\lib\_nanfunctions_impl.py:1997: RuntimeWarning: Degrees of freedom <= 0 for slice.
  var = nanvar(a, axis=axis, dtype=dtype, out=out, ddof=ddof,
C:\Users\Shreyas.1Gupta\AppData\Local\Python\pythoncore-3.14-64\Lib\site-packages\numpy\lib\_nanfunctions_impl.py:1997: RuntimeWarning: Degrees of freedom <= 0 for slice.
  var = nanvar(a, axis=axis, dtype=dtype, out=out, ddof=ddof,
C:\Users\Shreyas.1Gupta\AppData\Local\Python\pythoncore-3.14-64\Lib\site-packages\numpy\lib\_nanfunctions_impl.py:1997: RuntimeWarning: Degrees of freedom <= 0 for slice.
  var = nanvar(a, axis=axis, dtype=dtype, out=out, ddof=ddof,
C:\Users\Shreyas.1Gupta\AppData\Local\Python\pythoncore-3.14-64\Lib\site-packages\numpy\lib\_nanfunctions_impl.py:1997: RuntimeWarning: Degrees of freedom <= 0 for slice.
  var = nanvar(a, axis=axis, dtype=dtype, out=out, ddof=ddof,
C:\Users\Shreyas.1Gupta\AppData\Local\Python\pythoncore-3.14-64\Lib\site-packages\numpy\lib\_nanfunctions_impl.py:1997: RuntimeWarning: Degrees of freedom <= 0 for slice.
  var = nanvar(a, axis=axis, dtype=dtype, out=out, ddof=ddof,
C:\Users\Shreyas.1Gupta\AppData\Local\Python\pythoncore-3.14-64\Lib\site-packages\numpy\lib\_nanfunctions_impl.py:1997: RuntimeWarning: Degrees of freedom <= 0 for slice.
  var = nanvar(a, axis=axis, dtype=dtype, out=out, ddof=ddof,
C:\Users\Shreyas.1Gupta\AppData\Local\Python\pythoncore-3.14-64\Lib\site-packages\numpy\lib\_nanfunctions_impl.py:1997: RuntimeWarning: Degrees of freedom <= 0 for slice.
  var = nanvar(a, axis=axis, dtype=dtype, out=out, ddof=ddof,
C:\Users\Shreyas.1Gupta\AppData\Local\Python\pythoncore-3.14-64\Lib\site-packages\numpy\lib\_nanfunctions_impl.py:1997: RuntimeWarning: Degrees of freedom <= 0 for slice.
  var = nanvar(a, axis=axis, dtype=dtype, out=out, ddof=ddof,
C:\Users\Shreyas.1Gupta\AppData\Local\Python\pythoncore-3.14-64\Lib\site-packages\numpy\lib\_nanfunctions_impl.py:1997: RuntimeWarning: Degrees of freedom <= 0 for slice.
  var = nanvar(a, axis=axis, dtype=dtype, out=out, ddof=ddof,
C:\Users\Shreyas.1Gupta\AppData\Local\Python\pythoncore-3.14-64\Lib\site-packages\numpy\lib\_nanfunctions_impl.py:1997: RuntimeWarning: Degrees of freedom <= 0 for slice.
  var = nanvar(a, axis=axis, dtype=dtype, out=out, ddof=ddof,
C:\Users\Shreyas.1Gupta\AppData\Local\Python\pythoncore-3.14-64\Lib\site-packages\numpy\lib\_nanfunctions_impl.py:1997: RuntimeWarning: Degrees of freedom <= 0 for slice.
  var = nanvar(a, axis=axis, dtype=dtype, out=out, ddof=ddof,
C:\Users\Shreyas.1Gupta\AppData\Local\Python\pythoncore-3.14-64\Lib\site-packages\numpy\lib\_nanfunctions_impl.py:1997: RuntimeWarning: Degrees of freedom <= 0 for slice.
  var = nanvar(a, axis=axis, dtype=dtype, out=out, ddof=ddof,
C:\Users\Shreyas.1Gupta\AppData\Local\Python\pythoncore-3.14-64\Lib\site-packages\numpy\lib\_nanfunctions_impl.py:1997: RuntimeWarning: Degrees of freedom <= 0 for slice.
  var = nanvar(a, axis=axis, dtype=dtype, out=out, ddof=ddof,
C:\Users\Shreyas.1Gupta\AppData\Local\Python\pythoncore-3.14-64\Lib\site-packages\numpy\lib\_nanfunctions_impl.py:1997: RuntimeWarning: Degrees of freedom <= 0 for slice.
  var = nanvar(a, axis=axis, dtype=dtype, out=out, ddof=ddof,
C:\Users\Shreyas.1Gupta\AppData\Local\Python\pythoncore-3.14-64\Lib\site-packages\numpy\lib\_nanfunctions_impl.py:1997: RuntimeWarning: Degrees of freedom <= 0 for slice.
  var = nanvar(a, axis=axis, dtype=dtype, out=out, ddof=ddof,
C:\Users\Shreyas.1Gupta\AppData\Local\Python\pythoncore-3.14-64\Lib\site-packages\numpy\lib\_nanfunctions_impl.py:1997: RuntimeWarning: Degrees of freedom <= 0 for slice.
  var = nanvar(a, axis=axis, dtype=dtype, out=out, ddof=ddof,
C:\Users\Shreyas.1Gupta\AppData\Local\Python\pythoncore-3.14-64\Lib\site-packages\numpy\lib\_nanfunctions_impl.py:1997: RuntimeWarning: Degrees of freedom <= 0 for slice.
  var = nanvar(a, axis=axis, dtype=dtype, out=out, ddof=ddof,
C:\Users\Shreyas.1Gupta\AppData\Local\Python\pythoncore-3.14-64\Lib\site-packages\numpy\lib\_nanfunctions_impl.py:1997: RuntimeWarning: Degrees of freedom <= 0 for slice.
  var = nanvar(a, axis=axis, dtype=dtype, out=out, ddof=ddof,
C:\Users\Shreyas.1Gupta\AppData\Local\Python\pythoncore-3.14-64\Lib\site-packages\numpy\lib\_nanfunctions_impl.py:1997: RuntimeWarning: Degrees of freedom <= 0 for slice.
  var = nanvar(a, axis=axis, dtype=dtype, out=out, ddof=ddof,
C:\Users\Shreyas.1Gupta\AppData\Local\Python\pythoncore-3.14-64\Lib\site-packages\numpy\lib\_nanfunctions_impl.py:1997: RuntimeWarning: Degrees of freedom <= 0 for slice.
  var = nanvar(a, axis=axis, dtype=dtype, out=out, ddof=ddof,
C:\Users\Shreyas.1Gupta\AppData\Local\Python\pythoncore-3.14-64\Lib\site-packages\numpy\lib\_nanfunctions_impl.py:1997: RuntimeWarning: Degrees of freedom <= 0 for slice.
  var = nanvar(a, axis=axis, dtype=dtype, out=out, ddof=ddof,
C:\Users\Shreyas.1Gupta\AppData\Local\Python\pythoncore-3.14-64\Lib\site-packages\numpy\lib\_nanfunctions_impl.py:1997: RuntimeWarning: Degrees of freedom <= 0 for slice.
  var = nanvar(a, axis=axis, dtype=dtype, out=out, ddof=ddof,
C:\Users\Shreyas.1Gupta\AppData\Local\Python\pythoncore-3.14-64\Lib\site-packages\numpy\lib\_nanfunctions_impl.py:1997: RuntimeWarning: Degrees of freedom <= 0 for slice.
  var = nanvar(a, axis=axis, dtype=dtype, out=out, ddof=ddof,
C:\Users\Shreyas.1Gupta\AppData\Local\Python\pythoncore-3.14-64\Lib\site-packages\numpy\lib\_nanfunctions_impl.py:1997: RuntimeWarning: Degrees of freedom <= 0 for slice.
  var = nanvar(a, axis=axis, dtype=dtype, out=out, ddof=ddof,
C:\Users\Shreyas.1Gupta\AppData\Local\Python\pythoncore-3.14-64\Lib\site-packages\numpy\lib\_nanfunctions_impl.py:1997: RuntimeWarning: Degrees of freedom <= 0 for slice.
  var = nanvar(a, axis=axis, dtype=dtype, out=out, ddof=ddof,
C:\Users\Shreyas.1Gupta\AppData\Local\Python\pythoncore-3.14-64\Lib\site-packages\numpy\lib\_nanfunctions_impl.py:1997: RuntimeWarning: Degrees of freedom <= 0 for slice.
  var = nanvar(a, axis=axis, dtype=dtype, out=out, ddof=ddof,
C:\Users\Shreyas.1Gupta\AppData\Local\Python\pythoncore-3.14-64\Lib\site-packages\numpy\lib\_nanfunctions_impl.py:1997: RuntimeWarning: Degrees of freedom <= 0 for slice.
  var = nanvar(a, axis=axis, dtype=dtype, out=out, ddof=ddof,
C:\Users\Shreyas.1Gupta\AppData\Local\Python\pythoncore-3.14-64\Lib\site-packages\numpy\lib\_nanfunctions_impl.py:1997: RuntimeWarning: Degrees of freedom <= 0 for slice.
  var = nanvar(a, axis=axis, dtype=dtype, out=out, ddof=ddof,
C:\Users\Shreyas.1Gupta\AppData\Local\Python\pythoncore-3.14-64\Lib\site-packages\numpy\lib\_nanfunctions_impl.py:1997: RuntimeWarning: Degrees of freedom <= 0 for slice.
  var = nanvar(a, axis=axis, dtype=dtype, out=out, ddof=ddof,
C:\Users\Shreyas.1Gupta\AppData\Local\Python\pythoncore-3.14-64\Lib\site-packages\numpy\lib\_nanfunctions_impl.py:1997: RuntimeWarning: Degrees of freedom <= 0 for slice.
  var = nanvar(a, axis=axis, dtype=dtype, out=out, ddof=ddof,
C:\Users\Shreyas.1Gupta\AppData\Local\Python\pythoncore-3.14-64\Lib\site-packages\numpy\lib\_nanfunctions_impl.py:1997: RuntimeWarning: Degrees of freedom <= 0 for slice.
  var = nanvar(a, axis=axis, dtype=dtype, out=out, ddof=ddof,
C:\Users\Shreyas.1Gupta\AppData\Local\Python\pythoncore-3.14-64\Lib\site-packages\numpy\lib\_nanfunctions_impl.py:1997: RuntimeWarning: Degrees of freedom <= 0 for slice.
  var = nanvar(a, axis=axis, dtype=dtype, out=out, ddof=ddof,
C:\Users\Shreyas.1Gupta\AppData\Local\Python\pythoncore-3.14-64\Lib\site-packages\numpy\lib\_nanfunctions_impl.py:1997: RuntimeWarning: Degrees of freedom <= 0 for slice.
  var = nanvar(a, axis=axis, dtype=dtype, out=out, ddof=ddof,
C:\Users\Shreyas.1Gupta\AppData\Local\Python\pythoncore-3.14-64\Lib\site-packages\numpy\lib\_nanfunctions_impl.py:1997: RuntimeWarning: Degrees of freedom <= 0 for slice.
  var = nanvar(a, axis=axis, dtype=dtype, out=out, ddof=ddof,
C:\Users\Shreyas.1Gupta\AppData\Local\Python\pythoncore-3.14-64\Lib\site-packages\numpy\lib\_nanfunctions_impl.py:1997: RuntimeWarning: Degrees of freedom <= 0 for slice.
  var = nanvar(a, axis=axis, dtype=dtype, out=out, ddof=ddof,
C:\Users\Shreyas.1Gupta\AppData\Local\Python\pythoncore-3.14-64\Lib\site-packages\numpy\lib\_nanfunctions_impl.py:1997: RuntimeWarning: Degrees of freedom <= 0 for slice.
  var = nanvar(a, axis=axis, dtype=dtype, out=out, ddof=ddof,
C:\Users\Shreyas.1Gupta\AppData\Local\Python\pythoncore-3.14-64\Lib\site-packages\numpy\lib\_nanfunctions_impl.py:1997: RuntimeWarning: Degrees of freedom <= 0 for slice.
  var = nanvar(a, axis=axis, dtype=dtype, out=out, ddof=ddof,
C:\Users\Shreyas.1Gupta\AppData\Local\Python\pythoncore-3.14-64\Lib\site-packages\numpy\lib\_nanfunctions_impl.py:1997: RuntimeWarning: Degrees of freedom <= 0 for slice.
  var = nanvar(a, axis=axis, dtype=dtype, out=out, ddof=ddof,
C:\Users\Shreyas.1Gupta\AppData\Local\Python\pythoncore-3.14-64\Lib\site-packages\numpy\lib\_nanfunctions_impl.py:1997: RuntimeWarning: Degrees of freedom <= 0 for slice.
  var = nanvar(a, axis=axis, dtype=dtype, out=out, ddof=ddof,
C:\Users\Shreyas.1Gupta\AppData\Local\Python\pythoncore-3.14-64\Lib\site-packages\numpy\lib\_nanfunctions_impl.py:1997: RuntimeWarning: Degrees of freedom <= 0 for slice.
  var = nanvar(a, axis=axis, dtype=dtype, out=out, ddof=ddof,
C:\Users\Shreyas.1Gupta\AppData\Local\Python\pythoncore-3.14-64\Lib\site-packages\numpy\lib\_nanfunctions_impl.py:1997: RuntimeWarning: Degrees of freedom <= 0 for slice.
  var = nanvar(a, axis=axis, dtype=dtype, out=out, ddof=ddof,
C:\Users\Shreyas.1Gupta\AppData\Local\Python\pythoncore-3.14-64\Lib\site-packages\numpy\lib\_nanfunctions_impl.py:1997: RuntimeWarning: Degrees of freedom <= 0 for slice.
  var = nanvar(a, axis=axis, dtype=dtype, out=out, ddof=ddof,
C:\Users\Shreyas.1Gupta\AppData\Local\Python\pythoncore-3.14-64\Lib\site-packages\numpy\lib\_nanfunctions_impl.py:1997: RuntimeWarning: Degrees of freedom <= 0 for slice.
  var = nanvar(a, axis=axis, dtype=dtype, out=out, ddof=ddof,
C:\Users\Shreyas.1Gupta\AppData\Local\Python\pythoncore-3.14-64\Lib\site-packages\numpy\lib\_nanfunctions_impl.py:1997: RuntimeWarning: Degrees of freedom <= 0 for slice.
  var = nanvar(a, axis=axis, dtype=dtype, out=out, ddof=ddof,
C:\Users\Shreyas.1Gupta\AppData\Local\Python\pythoncore-3.14-64\Lib\site-packages\numpy\lib\_nanfunctions_impl.py:1997: RuntimeWarning: Degrees of freedom <= 0 for slice.
  var = nanvar(a, axis=axis, dtype=dtype, out=out, ddof=ddof,
C:\Users\Shreyas.1Gupta\AppData\Local\Python\pythoncore-3.14-64\Lib\site-packages\numpy\lib\_nanfunctions_impl.py:1997: RuntimeWarning: Degrees of freedom <= 0 for slice.
  var = nanvar(a, axis=axis, dtype=dtype, out=out, ddof=ddof,
C:\Users\Shreyas.1Gupta\AppData\Local\Python\pythoncore-3.14-64\Lib\site-packages\numpy\lib\_nanfunctions_impl.py:1997: RuntimeWarning: Degrees of freedom <= 0 for slice.
  var = nanvar(a, axis=axis, dtype=dtype, out=out, ddof=ddof,
C:\Users\Shreyas.1Gupta\AppData\Local\Python\pythoncore-3.14-64\Lib\site-packages\numpy\lib\_nanfunctions_impl.py:1997: RuntimeWarning: Degrees of freedom <= 0 for slice.
  var = nanvar(a, axis=axis, dtype=dtype, out=out, ddof=ddof,
C:\Users\Shreyas.1Gupta\AppData\Local\Python\pythoncore-3.14-64\Lib\site-packages\numpy\lib\_nanfunctions_impl.py:1997: RuntimeWarning: Degrees of freedom <= 0 for slice.
  var = nanvar(a, axis=axis, dtype=dtype, out=out, ddof=ddof,
C:\Users\Shreyas.1Gupta\AppData\Local\Python\pythoncore-3.14-64\Lib\site-packages\numpy\lib\_nanfunctions_impl.py:1997: RuntimeWarning: Degrees of freedom <= 0 for slice.
  var = nanvar(a, axis=axis, dtype=dtype, out=out, ddof=ddof,
C:\Users\Shreyas.1Gupta\AppData\Local\Python\pythoncore-3.14-64\Lib\site-packages\numpy\lib\_nanfunctions_impl.py:1997: RuntimeWarning: Degrees of freedom <= 0 for slice.
  var = nanvar(a, axis=axis, dtype=dtype, out=out, ddof=ddof,
C:\Users\Shreyas.1Gupta\AppData\Local\Python\pythoncore-3.14-64\Lib\site-packages\numpy\lib\_nanfunctions_impl.py:1997: RuntimeWarning: Degrees of freedom <= 0 for slice.
  var = nanvar(a, axis=axis, dtype=dtype, out=out, ddof=ddof,
C:\Users\Shreyas.1Gupta\AppData\Local\Python\pythoncore-3.14-64\Lib\site-packages\numpy\lib\_nanfunctions_impl.py:1997: RuntimeWarning: Degrees of freedom <= 0 for slice.
  var = nanvar(a, axis=axis, dtype=dtype, out=out, ddof=ddof,
C:\Users\Shreyas.1Gupta\AppData\Local\Python\pythoncore-3.14-64\Lib\site-packages\numpy\lib\_nanfunctions_impl.py:1997: RuntimeWarning: Degrees of freedom <= 0 for slice.
  var = nanvar(a, axis=axis, dtype=dtype, out=out, ddof=ddof,
C:\Users\Shreyas.1Gupta\AppData\Local\Python\pythoncore-3.14-64\Lib\site-packages\numpy\lib\_nanfunctions_impl.py:1997: RuntimeWarning: Degrees of freedom <= 0 for slice.
  var = nanvar(a, axis=axis, dtype=dtype, out=out, ddof=ddof,
C:\Users\Shreyas.1Gupta\AppData\Local\Python\pythoncore-3.14-64\Lib\site-packages\numpy\lib\_nanfunctions_impl.py:1997: RuntimeWarning: Degrees of freedom <= 0 for slice.
  var = nanvar(a, axis=axis, dtype=dtype, out=out, ddof=ddof,
C:\Users\Shreyas.1Gupta\AppData\Local\Python\pythoncore-3.14-64\Lib\site-packages\numpy\lib\_nanfunctions_impl.py:1997: RuntimeWarning: Degrees of freedom <= 0 for slice.
  var = nanvar(a, axis=axis, dtype=dtype, out=out, ddof=ddof,
C:\Users\Shreyas.1Gupta\AppData\Local\Python\pythoncore-3.14-64\Lib\site-packages\numpy\lib\_nanfunctions_impl.py:1997: RuntimeWarning: Degrees of freedom <= 0 for slice.
  var = nanvar(a, axis=axis, dtype=dtype, out=out, ddof=ddof,
C:\Users\Shreyas.1Gupta\AppData\Local\Python\pythoncore-3.14-64\Lib\site-packages\numpy\lib\_nanfunctions_impl.py:1997: RuntimeWarning: Degrees of freedom <= 0 for slice.
  var = nanvar(a, axis=axis, dtype=dtype, out=out, ddof=ddof,
C:\Users\Shreyas.1Gupta\AppData\Local\Python\pythoncore-3.14-64\Lib\site-packages\numpy\lib\_nanfunctions_impl.py:1997: RuntimeWarning: Degrees of freedom <= 0 for slice.
  var = nanvar(a, axis=axis, dtype=dtype, out=out, ddof=ddof,
C:\Users\Shreyas.1Gupta\AppData\Local\Python\pythoncore-3.14-64\Lib\site-packages\numpy\lib\_nanfunctions_impl.py:1997: RuntimeWarning: Degrees of freedom <= 0 for slice.
  var = nanvar(a, axis=axis, dtype=dtype, out=out, ddof=ddof,
C:\Users\Shreyas.1Gupta\AppData\Local\Python\pythoncore-3.14-64\Lib\site-packages\numpy\lib\_nanfunctions_impl.py:1997: RuntimeWarning: Degrees of freedom <= 0 for slice.
  var = nanvar(a, axis=axis, dtype=dtype, out=out, ddof=ddof,
C:\Users\Shreyas.1Gupta\AppData\Local\Python\pythoncore-3.14-64\Lib\site-packages\numpy\lib\_nanfunctions_impl.py:1997: RuntimeWarning: Degrees of freedom <= 0 for slice.
  var = nanvar(a, axis=axis, dtype=dtype, out=out, ddof=ddof,
C:\Users\Shreyas.1Gupta\AppData\Local\Python\pythoncore-3.14-64\Lib\site-packages\numpy\lib\_nanfunctions_impl.py:1997: RuntimeWarning: Degrees of freedom <= 0 for slice.
  var = nanvar(a, axis=axis, dtype=dtype, out=out, ddof=ddof,
C:\Users\Shreyas.1Gupta\AppData\Local\Python\pythoncore-3.14-64\Lib\site-packages\numpy\lib\_nanfunctions_impl.py:1997: RuntimeWarning: Degrees of freedom <= 0 for slice.
  var = nanvar(a, axis=axis, dtype=dtype, out=out, ddof=ddof,
C:\Users\Shreyas.1Gupta\AppData\Local\Python\pythoncore-3.14-64\Lib\site-packages\numpy\lib\_nanfunctions_impl.py:1997: RuntimeWarning: Degrees of freedom <= 0 for slice.
  var = nanvar(a, axis=axis, dtype=dtype, out=out, ddof=ddof,
C:\Users\Shreyas.1Gupta\AppData\Local\Python\pythoncore-3.14-64\Lib\site-packages\numpy\lib\_nanfunctions_impl.py:1997: RuntimeWarning: Degrees of freedom <= 0 for slice.
  var = nanvar(a, axis=axis, dtype=dtype, out=out, ddof=ddof,
C:\Users\Shreyas.1Gupta\AppData\Local\Python\pythoncore-3.14-64\Lib\site-packages\numpy\lib\_nanfunctions_impl.py:1997: RuntimeWarning: Degrees of freedom <= 0 for slice.
  var = nanvar(a, axis=axis, dtype=dtype, out=out, ddof=ddof,
C:\Users\Shreyas.1Gupta\AppData\Local\Python\pythoncore-3.14-64\Lib\site-packages\numpy\lib\_nanfunctions_impl.py:1997: RuntimeWarning: Degrees of freedom <= 0 for slice.
  var = nanvar(a, axis=axis, dtype=dtype, out=out, ddof=ddof,
C:\Users\Shreyas.1Gupta\AppData\Local\Python\pythoncore-3.14-64\Lib\site-packages\numpy\lib\_nanfunctions_impl.py:1997: RuntimeWarning: Degrees of freedom <= 0 for slice.
  var = nanvar(a, axis=axis, dtype=dtype, out=out, ddof=ddof,
C:\Users\Shreyas.1Gupta\AppData\Local\Python\pythoncore-3.14-64\Lib\site-packages\numpy\lib\_nanfunctions_impl.py:1997: RuntimeWarning: Degrees of freedom <= 0 for slice.
  var = nanvar(a, axis=axis, dtype=dtype, out=out, ddof=ddof,
C:\Users\Shreyas.1Gupta\AppData\Local\Python\pythoncore-3.14-64\Lib\site-packages\numpy\lib\_nanfunctions_impl.py:1997: RuntimeWarning: Degrees of freedom <= 0 for slice.
  var = nanvar(a, axis=axis, dtype=dtype, out=out, ddof=ddof,
C:\Users\Shreyas.1Gupta\AppData\Local\Python\pythoncore-3.14-64\Lib\site-packages\numpy\lib\_nanfunctions_impl.py:1997: RuntimeWarning: Degrees of freedom <= 0 for slice.
  var = nanvar(a, axis=axis, dtype=dtype, out=out, ddof=ddof,
C:\Users\Shreyas.1Gupta\AppData\Local\Python\pythoncore-3.14-64\Lib\site-packages\numpy\lib\_nanfunctions_impl.py:1997: RuntimeWarning: Degrees of freedom <= 0 for slice.
  var = nanvar(a, axis=axis, dtype=dtype, out=out, ddof=ddof,
C:\Users\Shreyas.1Gupta\AppData\Local\Python\pythoncore-3.14-64\Lib\site-packages\numpy\lib\_nanfunctions_impl.py:1997: RuntimeWarning: Degrees of freedom <= 0 for slice.
  var = nanvar(a, axis=axis, dtype=dtype, out=out, ddof=ddof,
C:\Users\Shreyas.1Gupta\AppData\Local\Python\pythoncore-3.14-64\Lib\site-packages\numpy\lib\_nanfunctions_impl.py:1997: RuntimeWarning: Degrees of freedom <= 0 for slice.
  var = nanvar(a, axis=axis, dtype=dtype, out=out, ddof=ddof,
C:\Users\Shreyas.1Gupta\AppData\Local\Python\pythoncore-3.14-64\Lib\site-packages\numpy\lib\_nanfunctions_impl.py:1997: RuntimeWarning: Degrees of freedom <= 0 for slice.
  var = nanvar(a, axis=axis, dtype=dtype, out=out, ddof=ddof,
C:\Users\Shreyas.1Gupta\AppData\Local\Python\pythoncore-3.14-64\Lib\site-packages\numpy\lib\_nanfunctions_impl.py:1997: RuntimeWarning: Degrees of freedom <= 0 for slice.
  var = nanvar(a, axis=axis, dtype=dtype, out=out, ddof=ddof,
C:\Users\Shreyas.1Gupta\AppData\Local\Python\pythoncore-3.14-64\Lib\site-packages\numpy\lib\_nanfunctions_impl.py:1997: RuntimeWarning: Degrees of freedom <= 0 for slice.
  var = nanvar(a, axis=axis, dtype=dtype, out=out, ddof=ddof,
C:\Users\Shreyas.1Gupta\AppData\Local\Python\pythoncore-3.14-64\Lib\site-packages\numpy\lib\_nanfunctions_impl.py:1997: RuntimeWarning: Degrees of freedom <= 0 for slice.
  var = nanvar(a, axis=axis, dtype=dtype, out=out, ddof=ddof,
C:\Users\Shreyas.1Gupta\AppData\Local\Python\pythoncore-3.14-64\Lib\site-packages\numpy\lib\_nanfunctions_impl.py:1997: RuntimeWarning: Degrees of freedom <= 0 for slice.
  var = nanvar(a, axis=axis, dtype=dtype, out=out, ddof=ddof,
C:\Users\Shreyas.1Gupta\AppData\Local\Python\pythoncore-3.14-64\Lib\site-packages\numpy\lib\_nanfunctions_impl.py:1997: RuntimeWarning: Degrees of freedom <= 0 for slice.
  var = nanvar(a, axis=axis, dtype=dtype, out=out, ddof=ddof,
C:\Users\Shreyas.1Gupta\AppData\Local\Python\pythoncore-3.14-64\Lib\site-packages\numpy\lib\_nanfunctions_impl.py:1997: RuntimeWarning: Degrees of freedom <= 0 for slice.
  var = nanvar(a, axis=axis, dtype=dtype, out=out, ddof=ddof,
C:\Users\Shreyas.1Gupta\AppData\Local\Python\pythoncore-3.14-64\Lib\site-packages\numpy\lib\_nanfunctions_impl.py:1997: RuntimeWarning: Degrees of freedom <= 0 for slice.
  var = nanvar(a, axis=axis, dtype=dtype, out=out, ddof=ddof,
C:\Users\Shreyas.1Gupta\AppData\Local\Python\pythoncore-3.14-64\Lib\site-packages\numpy\lib\_nanfunctions_impl.py:1997: RuntimeWarning: Degrees of freedom <= 0 for slice.
  var = nanvar(a, axis=axis, dtype=dtype, out=out, ddof=ddof,
C:\Users\Shreyas.1Gupta\AppData\Local\Python\pythoncore-3.14-64\Lib\site-packages\numpy\lib\_nanfunctions_impl.py:1997: RuntimeWarning: Degrees of freedom <= 0 for slice.
  var = nanvar(a, axis=axis, dtype=dtype, out=out, ddof=ddof,
C:\Users\Shreyas.1Gupta\AppData\Local\Python\pythoncore-3.14-64\Lib\site-packages\numpy\lib\_nanfunctions_impl.py:1997: RuntimeWarning: Degrees of freedom <= 0 for slice.
  var = nanvar(a, axis=axis, dtype=dtype, out=out, ddof=ddof,
C:\Users\Shreyas.1Gupta\AppData\Local\Python\pythoncore-3.14-64\Lib\site-packages\numpy\lib\_nanfunctions_impl.py:1997: RuntimeWarning: Degrees of freedom <= 0 for slice.
  var = nanvar(a, axis=axis, dtype=dtype, out=out, ddof=ddof,
C:\Users\Shreyas.1Gupta\AppData\Local\Python\pythoncore-3.14-64\Lib\site-packages\numpy\lib\_nanfunctions_impl.py:1997: RuntimeWarning: Degrees of freedom <= 0 for slice.
  var = nanvar(a, axis=axis, dtype=dtype, out=out, ddof=ddof,
C:\Users\Shreyas.1Gupta\AppData\Local\Python\pythoncore-3.14-64\Lib\site-packages\numpy\lib\_nanfunctions_impl.py:1997: RuntimeWarning: Degrees of freedom <= 0 for slice.
  var = nanvar(a, axis=axis, dtype=dtype, out=out, ddof=ddof,
C:\Users\Shreyas.1Gupta\AppData\Local\Python\pythoncore-3.14-64\Lib\site-packages\numpy\lib\_nanfunctions_impl.py:1997: RuntimeWarning: Degrees of freedom <= 0 for slice.
  var = nanvar(a, axis=axis, dtype=dtype, out=out, ddof=ddof,
C:\Users\Shreyas.1Gupta\AppData\Local\Python\pythoncore-3.14-64\Lib\site-packages\numpy\lib\_nanfunctions_impl.py:1997: RuntimeWarning: Degrees of freedom <= 0 for slice.
  var = nanvar(a, axis=axis, dtype=dtype, out=out, ddof=ddof,
C:\Users\Shreyas.1Gupta\AppData\Local\Python\pythoncore-3.14-64\Lib\site-packages\numpy\lib\_nanfunctions_impl.py:1997: RuntimeWarning: Degrees of freedom <= 0 for slice.
  var = nanvar(a, axis=axis, dtype=dtype, out=out, ddof=ddof,
C:\Users\Shreyas.1Gupta\AppData\Local\Python\pythoncore-3.14-64\Lib\site-packages\numpy\lib\_nanfunctions_impl.py:1997: RuntimeWarning: Degrees of freedom <= 0 for slice.
  var = nanvar(a, axis=axis, dtype=dtype, out=out, ddof=ddof,
C:\Users\Shreyas.1Gupta\AppData\Local\Python\pythoncore-3.14-64\Lib\site-packages\numpy\lib\_nanfunctions_impl.py:1997: RuntimeWarning: Degrees of freedom <= 0 for slice.
  var = nanvar(a, axis=axis, dtype=dtype, out=out, ddof=ddof,
C:\Users\Shreyas.1Gupta\AppData\Local\Python\pythoncore-3.14-64\Lib\site-packages\numpy\lib\_nanfunctions_impl.py:1997: RuntimeWarning: Degrees of freedom <= 0 for slice.
  var = nanvar(a, axis=axis, dtype=dtype, out=out, ddof=ddof,
C:\Users\Shreyas.1Gupta\AppData\Local\Python\pythoncore-3.14-64\Lib\site-packages\numpy\lib\_nanfunctions_impl.py:1997: RuntimeWarning: Degrees of freedom <= 0 for slice.
  var = nanvar(a, axis=axis, dtype=dtype, out=out, ddof=ddof,
C:\Users\Shreyas.1Gupta\AppData\Local\Python\pythoncore-3.14-64\Lib\site-packages\numpy\lib\_nanfunctions_impl.py:1997: RuntimeWarning: Degrees of freedom <= 0 for slice.
  var = nanvar(a, axis=axis, dtype=dtype, out=out, ddof=ddof,
C:\Users\Shreyas.1Gupta\AppData\Local\Python\pythoncore-3.14-64\Lib\site-packages\numpy\lib\_nanfunctions_impl.py:1997: RuntimeWarning: Degrees of freedom <= 0 for slice.
  var = nanvar(a, axis=axis, dtype=dtype, out=out, ddof=ddof,
C:\Users\Shreyas.1Gupta\AppData\Local\Python\pythoncore-3.14-64\Lib\site-packages\numpy\lib\_nanfunctions_impl.py:1997: RuntimeWarning: Degrees of freedom <= 0 for slice.
  var = nanvar(a, axis=axis, dtype=dtype, out=out, ddof=ddof,
C:\Users\Shreyas.1Gupta\AppData\Local\Python\pythoncore-3.14-64\Lib\site-packages\numpy\lib\_nanfunctions_impl.py:1997: RuntimeWarning: Degrees of freedom <= 0 for slice.
  var = nanvar(a, axis=axis, dtype=dtype, out=out, ddof=ddof,
C:\Users\Shreyas.1Gupta\AppData\Local\Python\pythoncore-3.14-64\Lib\site-packages\numpy\lib\_nanfunctions_impl.py:1997: RuntimeWarning: Degrees of freedom <= 0 for slice.
  var = nanvar(a, axis=axis, dtype=dtype, out=out, ddof=ddof,
C:\Users\Shreyas.1Gupta\AppData\Local\Python\pythoncore-3.14-64\Lib\site-packages\numpy\lib\_nanfunctions_impl.py:1997: RuntimeWarning: Degrees of freedom <= 0 for slice.
  var = nanvar(a, axis=axis, dtype=dtype, out=out, ddof=ddof,
C:\Users\Shreyas.1Gupta\AppData\Local\Python\pythoncore-3.14-64\Lib\site-packages\numpy\lib\_nanfunctions_impl.py:1997: RuntimeWarning: Degrees of freedom <= 0 for slice.
  var = nanvar(a, axis=axis, dtype=dtype, out=out, ddof=ddof,
C:\Users\Shreyas.1Gupta\AppData\Local\Python\pythoncore-3.14-64\Lib\site-packages\numpy\lib\_nanfunctions_impl.py:1997: RuntimeWarning: Degrees of freedom <= 0 for slice.
  var = nanvar(a, axis=axis, dtype=dtype, out=out, ddof=ddof,
C:\Users\Shreyas.1Gupta\AppData\Local\Python\pythoncore-3.14-64\Lib\site-packages\numpy\lib\_nanfunctions_impl.py:1997: RuntimeWarning: Degrees of freedom <= 0 for slice.
  var = nanvar(a, axis=axis, dtype=dtype, out=out, ddof=ddof,
C:\Users\Shreyas.1Gupta\AppData\Local\Python\pythoncore-3.14-64\Lib\site-packages\numpy\lib\_nanfunctions_impl.py:1997: RuntimeWarning: Degrees of freedom <= 0 for slice.
  var = nanvar(a, axis=axis, dtype=dtype, out=out, ddof=ddof,
C:\Users\Shreyas.1Gupta\AppData\Local\Python\pythoncore-3.14-64\Lib\site-packages\numpy\lib\_nanfunctions_impl.py:1997: RuntimeWarning: Degrees of freedom <= 0 for slice.
  var = nanvar(a, axis=axis, dtype=dtype, out=out, ddof=ddof,
C:\Users\Shreyas.1Gupta\AppData\Local\Python\pythoncore-3.14-64\Lib\site-packages\numpy\lib\_nanfunctions_impl.py:1997: RuntimeWarning: Degrees of freedom <= 0 for slice.
  var = nanvar(a, axis=axis, dtype=dtype, out=out, ddof=ddof,
C:\Users\Shreyas.1Gupta\AppData\Local\Python\pythoncore-3.14-64\Lib\site-packages\numpy\lib\_nanfunctions_impl.py:1997: RuntimeWarning: Degrees of freedom <= 0 for slice.
  var = nanvar(a, axis=axis, dtype=dtype, out=out, ddof=ddof,
C:\Users\Shreyas.1Gupta\AppData\Local\Python\pythoncore-3.14-64\Lib\site-packages\numpy\lib\_nanfunctions_impl.py:1997: RuntimeWarning: Degrees of freedom <= 0 for slice.
  var = nanvar(a, axis=axis, dtype=dtype, out=out, ddof=ddof,
C:\Users\Shreyas.1Gupta\AppData\Local\Python\pythoncore-3.14-64\Lib\site-packages\numpy\lib\_nanfunctions_impl.py:1997: RuntimeWarning: Degrees of freedom <= 0 for slice.
  var = nanvar(a, axis=axis, dtype=dtype, out=out, ddof=ddof,
C:\Users\Shreyas.1Gupta\AppData\Local\Python\pythoncore-3.14-64\Lib\site-packages\numpy\lib\_nanfunctions_impl.py:1997: RuntimeWarning: Degrees of freedom <= 0 for slice.
  var = nanvar(a, axis=axis, dtype=dtype, out=out, ddof=ddof,
C:\Users\Shreyas.1Gupta\AppData\Local\Python\pythoncore-3.14-64\Lib\site-packages\numpy\lib\_nanfunctions_impl.py:1997: RuntimeWarning: Degrees of freedom <= 0 for slice.
  var = nanvar(a, axis=axis, dtype=dtype, out=out, ddof=ddof,
C:\Users\Shreyas.1Gupta\AppData\Local\Python\pythoncore-3.14-64\Lib\site-packages\numpy\lib\_nanfunctions_impl.py:1997: RuntimeWarning: Degrees of freedom <= 0 for slice.
  var = nanvar(a, axis=axis, dtype=dtype, out=out, ddof=ddof,
C:\Users\Shreyas.1Gupta\AppData\Local\Python\pythoncore-3.14-64\Lib\site-packages\numpy\lib\_nanfunctions_impl.py:1997: RuntimeWarning: Degrees of freedom <= 0 for slice.
  var = nanvar(a, axis=axis, dtype=dtype, out=out, ddof=ddof,
C:\Users\Shreyas.1Gupta\AppData\Local\Python\pythoncore-3.14-64\Lib\site-packages\numpy\lib\_nanfunctions_impl.py:1997: RuntimeWarning: Degrees of freedom <= 0 for slice.
  var = nanvar(a, axis=axis, dtype=dtype, out=out, ddof=ddof,
C:\Users\Shreyas.1Gupta\AppData\Local\Python\pythoncore-3.14-64\Lib\site-packages\numpy\lib\_nanfunctions_impl.py:1997: RuntimeWarning: Degrees of freedom <= 0 for slice.
  var = nanvar(a, axis=axis, dtype=dtype, out=out, ddof=ddof,
C:\Users\Shreyas.1Gupta\AppData\Local\Python\pythoncore-3.14-64\Lib\site-packages\numpy\lib\_nanfunctions_impl.py:1997: RuntimeWarning: Degrees of freedom <= 0 for slice.
  var = nanvar(a, axis=axis, dtype=dtype, out=out, ddof=ddof,
C:\Users\Shreyas.1Gupta\AppData\Local\Python\pythoncore-3.14-64\Lib\site-packages\numpy\lib\_nanfunctions_impl.py:1997: RuntimeWarning: Degrees of freedom <= 0 for slice.
  var = nanvar(a, axis=axis, dtype=dtype, out=out, ddof=ddof,
C:\Users\Shreyas.1Gupta\AppData\Local\Python\pythoncore-3.14-64\Lib\site-packages\numpy\lib\_nanfunctions_impl.py:1997: RuntimeWarning: Degrees of freedom <= 0 for slice.
  var = nanvar(a, axis=axis, dtype=dtype, out=out, ddof=ddof,
C:\Users\Shreyas.1Gupta\AppData\Local\Python\pythoncore-3.14-64\Lib\site-packages\numpy\lib\_nanfunctions_impl.py:1997: RuntimeWarning: Degrees of freedom <= 0 for slice.
  var = nanvar(a, axis=axis, dtype=dtype, out=out, ddof=ddof,
C:\Users\Shreyas.1Gupta\AppData\Local\Python\pythoncore-3.14-64\Lib\site-packages\numpy\lib\_nanfunctions_impl.py:1997: RuntimeWarning: Degrees of freedom <= 0 for slice.
  var = nanvar(a, axis=axis, dtype=dtype, out=out, ddof=ddof,
[3_n500_MQ50] rebals=246 active 2005-04-01->2026-01-22 ann_turnover~419.5% fricCAGR=18.92% net1CAGR=15.41% net2CAGR=11.98%
  [rep vs Nifty500 Multicap Momentum Quality 50]
       series     era   n   corr  te_ann                              official
  3_n500_MQ50 2023-26 344 0.9963  0.1758 Nifty500 Multicap Momentum Quality 50
  3_n500_MQ50    FULL 344 0.9963  0.1758 Nifty500 Multicap Momentum Quality 50

[build] 4_n500_lowvol50 ...
[4_n500_lowvol50] rebals=251 active 2005-04-01->2026-01-22 ann_turnover~172.7% fricCAGR=16.81% net1CAGR=15.31% net2CAGR=13.83%

[build] 5_smallcap_lowvol25 ...
[5_smallcap_lowvol25] rebals=251 active 2005-04-01->2026-01-22 ann_turnover~213.1% fricCAGR=10.53% net1CAGR=7.92% net2CAGR=5.36%

[build] 6_midsmall_MQ30 ...
C:\Users\Shreyas.1Gupta\AppData\Local\Python\pythoncore-3.14-64\Lib\site-packages\numpy\lib\_nanfunctions_impl.py:1997: RuntimeWarning: Degrees of freedom <= 0 for slice.
  var = nanvar(a, axis=axis, dtype=dtype, out=out, ddof=ddof,
C:\Users\Shreyas.1Gupta\AppData\Local\Python\pythoncore-3.14-64\Lib\site-packages\numpy\lib\_nanfunctions_impl.py:1997: RuntimeWarning: Degrees of freedom <= 0 for slice.
  var = nanvar(a, axis=axis, dtype=dtype, out=out, ddof=ddof,
C:\Users\Shreyas.1Gupta\AppData\Local\Python\pythoncore-3.14-64\Lib\site-packages\numpy\lib\_nanfunctions_impl.py:1997: RuntimeWarning: Degrees of freedom <= 0 for slice.
  var = nanvar(a, axis=axis, dtype=dtype, out=out, ddof=ddof,
C:\Users\Shreyas.1Gupta\AppData\Local\Python\pythoncore-3.14-64\Lib\site-packages\numpy\lib\_nanfunctions_impl.py:1997: RuntimeWarning: Degrees of freedom <= 0 for slice.
  var = nanvar(a, axis=axis, dtype=dtype, out=out, ddof=ddof,
C:\Users\Shreyas.1Gupta\AppData\Local\Python\pythoncore-3.14-64\Lib\site-packages\numpy\lib\_nanfunctions_impl.py:1997: RuntimeWarning: Degrees of freedom <= 0 for slice.
  var = nanvar(a, axis=axis, dtype=dtype, out=out, ddof=ddof,
C:\Users\Shreyas.1Gupta\AppData\Local\Python\pythoncore-3.14-64\Lib\site-packages\numpy\lib\_nanfunctions_impl.py:1997: RuntimeWarning: Degrees of freedom <= 0 for slice.
  var = nanvar(a, axis=axis, dtype=dtype, out=out, ddof=ddof,
C:\Users\Shreyas.1Gupta\AppData\Local\Python\pythoncore-3.14-64\Lib\site-packages\numpy\lib\_nanfunctions_impl.py:1997: RuntimeWarning: Degrees of freedom <= 0 for slice.
  var = nanvar(a, axis=axis, dtype=dtype, out=out, ddof=ddof,
C:\Users\Shreyas.1Gupta\AppData\Local\Python\pythoncore-3.14-64\Lib\site-packages\numpy\lib\_nanfunctions_impl.py:1997: RuntimeWarning: Degrees of freedom <= 0 for slice.
  var = nanvar(a, axis=axis, dtype=dtype, out=out, ddof=ddof,
C:\Users\Shreyas.1Gupta\AppData\Local\Python\pythoncore-3.14-64\Lib\site-packages\numpy\lib\_nanfunctions_impl.py:1997: RuntimeWarning: Degrees of freedom <= 0 for slice.
  var = nanvar(a, axis=axis, dtype=dtype, out=out, ddof=ddof,
C:\Users\Shreyas.1Gupta\AppData\Local\Python\pythoncore-3.14-64\Lib\site-packages\numpy\lib\_nanfunctions_impl.py:1997: RuntimeWarning: Degrees of freedom <= 0 for slice.
  var = nanvar(a, axis=axis, dtype=dtype, out=out, ddof=ddof,
C:\Users\Shreyas.1Gupta\AppData\Local\Python\pythoncore-3.14-64\Lib\site-packages\numpy\lib\_nanfunctions_impl.py:1997: RuntimeWarning: Degrees of freedom <= 0 for slice.
  var = nanvar(a, axis=axis, dtype=dtype, out=out, ddof=ddof,
C:\Users\Shreyas.1Gupta\AppData\Local\Python\pythoncore-3.14-64\Lib\site-packages\numpy\lib\_nanfunctions_impl.py:1997: RuntimeWarning: Degrees of freedom <= 0 for slice.
  var = nanvar(a, axis=axis, dtype=dtype, out=out, ddof=ddof,
C:\Users\Shreyas.1Gupta\AppData\Local\Python\pythoncore-3.14-64\Lib\site-packages\numpy\lib\_nanfunctions_impl.py:1997: RuntimeWarning: Degrees of freedom <= 0 for slice.
  var = nanvar(a, axis=axis, dtype=dtype, out=out, ddof=ddof,
C:\Users\Shreyas.1Gupta\AppData\Local\Python\pythoncore-3.14-64\Lib\site-packages\numpy\lib\_nanfunctions_impl.py:1997: RuntimeWarning: Degrees of freedom <= 0 for slice.
  var = nanvar(a, axis=axis, dtype=dtype, out=out, ddof=ddof,
C:\Users\Shreyas.1Gupta\AppData\Local\Python\pythoncore-3.14-64\Lib\site-packages\numpy\lib\_nanfunctions_impl.py:1997: RuntimeWarning: Degrees of freedom <= 0 for slice.
  var = nanvar(a, axis=axis, dtype=dtype, out=out, ddof=ddof,
C:\Users\Shreyas.1Gupta\AppData\Local\Python\pythoncore-3.14-64\Lib\site-packages\numpy\lib\_nanfunctions_impl.py:1997: RuntimeWarning: Degrees of freedom <= 0 for slice.
  var = nanvar(a, axis=axis, dtype=dtype, out=out, ddof=ddof,
C:\Users\Shreyas.1Gupta\AppData\Local\Python\pythoncore-3.14-64\Lib\site-packages\numpy\lib\_nanfunctions_impl.py:1997: RuntimeWarning: Degrees of freedom <= 0 for slice.
  var = nanvar(a, axis=axis, dtype=dtype, out=out, ddof=ddof,
C:\Users\Shreyas.1Gupta\AppData\Local\Python\pythoncore-3.14-64\Lib\site-packages\numpy\lib\_nanfunctions_impl.py:1997: RuntimeWarning: Degrees of freedom <= 0 for slice.
  var = nanvar(a, axis=axis, dtype=dtype, out=out, ddof=ddof,
C:\Users\Shreyas.1Gupta\AppData\Local\Python\pythoncore-3.14-64\Lib\site-packages\numpy\lib\_nanfunctions_impl.py:1997: RuntimeWarning: Degrees of freedom <= 0 for slice.
  var = nanvar(a, axis=axis, dtype=dtype, out=out, ddof=ddof,
C:\Users\Shreyas.1Gupta\AppData\Local\Python\pythoncore-3.14-64\Lib\site-packages\numpy\lib\_nanfunctions_impl.py:1997: RuntimeWarning: Degrees of freedom <= 0 for slice.
  var = nanvar(a, axis=axis, dtype=dtype, out=out, ddof=ddof,
C:\Users\Shreyas.1Gupta\AppData\Local\Python\pythoncore-3.14-64\Lib\site-packages\numpy\lib\_nanfunctions_impl.py:1997: RuntimeWarning: Degrees of freedom <= 0 for slice.
  var = nanvar(a, axis=axis, dtype=dtype, out=out, ddof=ddof,
C:\Users\Shreyas.1Gupta\AppData\Local\Python\pythoncore-3.14-64\Lib\site-packages\numpy\lib\_nanfunctions_impl.py:1997: RuntimeWarning: Degrees of freedom <= 0 for slice.
  var = nanvar(a, axis=axis, dtype=dtype, out=out, ddof=ddof,
C:\Users\Shreyas.1Gupta\AppData\Local\Python\pythoncore-3.14-64\Lib\site-packages\numpy\lib\_nanfunctions_impl.py:1997: RuntimeWarning: Degrees of freedom <= 0 for slice.
  var = nanvar(a, axis=axis, dtype=dtype, out=out, ddof=ddof,
C:\Users\Shreyas.1Gupta\AppData\Local\Python\pythoncore-3.14-64\Lib\site-packages\numpy\lib\_nanfunctions_impl.py:1997: RuntimeWarning: Degrees of freedom <= 0 for slice.
  var = nanvar(a, axis=axis, dtype=dtype, out=out, ddof=ddof,
C:\Users\Shreyas.1Gupta\AppData\Local\Python\pythoncore-3.14-64\Lib\site-packages\numpy\lib\_nanfunctions_impl.py:1997: RuntimeWarning: Degrees of freedom <= 0 for slice.
  var = nanvar(a, axis=axis, dtype=dtype, out=out, ddof=ddof,
C:\Users\Shreyas.1Gupta\AppData\Local\Python\pythoncore-3.14-64\Lib\site-packages\numpy\lib\_nanfunctions_impl.py:1997: RuntimeWarning: Degrees of freedom <= 0 for slice.
  var = nanvar(a, axis=axis, dtype=dtype, out=out, ddof=ddof,
C:\Users\Shreyas.1Gupta\AppData\Local\Python\pythoncore-3.14-64\Lib\site-packages\numpy\lib\_nanfunctions_impl.py:1997: RuntimeWarning: Degrees of freedom <= 0 for slice.
  var = nanvar(a, axis=axis, dtype=dtype, out=out, ddof=ddof,
C:\Users\Shreyas.1Gupta\AppData\Local\Python\pythoncore-3.14-64\Lib\site-packages\numpy\lib\_nanfunctions_impl.py:1997: RuntimeWarning: Degrees of freedom <= 0 for slice.
  var = nanvar(a, axis=axis, dtype=dtype, out=out, ddof=ddof,
C:\Users\Shreyas.1Gupta\AppData\Local\Python\pythoncore-3.14-64\Lib\site-packages\numpy\lib\_nanfunctions_impl.py:1997: RuntimeWarning: Degrees of freedom <= 0 for slice.
  var = nanvar(a, axis=axis, dtype=dtype, out=out, ddof=ddof,
C:\Users\Shreyas.1Gupta\AppData\Local\Python\pythoncore-3.14-64\Lib\site-packages\numpy\lib\_nanfunctions_impl.py:1997: RuntimeWarning: Degrees of freedom <= 0 for slice.
  var = nanvar(a, axis=axis, dtype=dtype, out=out, ddof=ddof,
C:\Users\Shreyas.1Gupta\AppData\Local\Python\pythoncore-3.14-64\Lib\site-packages\numpy\lib\_nanfunctions_impl.py:1997: RuntimeWarning: Degrees of freedom <= 0 for slice.
  var = nanvar(a, axis=axis, dtype=dtype, out=out, ddof=ddof,
C:\Users\Shreyas.1Gupta\AppData\Local\Python\pythoncore-3.14-64\Lib\site-packages\numpy\lib\_nanfunctions_impl.py:1997: RuntimeWarning: Degrees of freedom <= 0 for slice.
  var = nanvar(a, axis=axis, dtype=dtype, out=out, ddof=ddof,
C:\Users\Shreyas.1Gupta\AppData\Local\Python\pythoncore-3.14-64\Lib\site-packages\numpy\lib\_nanfunctions_impl.py:1997: RuntimeWarning: Degrees of freedom <= 0 for slice.
  var = nanvar(a, axis=axis, dtype=dtype, out=out, ddof=ddof,
C:\Users\Shreyas.1Gupta\AppData\Local\Python\pythoncore-3.14-64\Lib\site-packages\numpy\lib\_nanfunctions_impl.py:1997: RuntimeWarning: Degrees of freedom <= 0 for slice.
  var = nanvar(a, axis=axis, dtype=dtype, out=out, ddof=ddof,
C:\Users\Shreyas.1Gupta\AppData\Local\Python\pythoncore-3.14-64\Lib\site-packages\numpy\lib\_nanfunctions_impl.py:1997: RuntimeWarning: Degrees of freedom <= 0 for slice.
  var = nanvar(a, axis=axis, dtype=dtype, out=out, ddof=ddof,
C:\Users\Shreyas.1Gupta\AppData\Local\Python\pythoncore-3.14-64\Lib\site-packages\numpy\lib\_nanfunctions_impl.py:1997: RuntimeWarning: Degrees of freedom <= 0 for slice.
  var = nanvar(a, axis=axis, dtype=dtype, out=out, ddof=ddof,
C:\Users\Shreyas.1Gupta\AppData\Local\Python\pythoncore-3.14-64\Lib\site-packages\numpy\lib\_nanfunctions_impl.py:1997: RuntimeWarning: Degrees of freedom <= 0 for slice.
  var = nanvar(a, axis=axis, dtype=dtype, out=out, ddof=ddof,
C:\Users\Shreyas.1Gupta\AppData\Local\Python\pythoncore-3.14-64\Lib\site-packages\numpy\lib\_nanfunctions_impl.py:1997: RuntimeWarning: Degrees of freedom <= 0 for slice.
  var = nanvar(a, axis=axis, dtype=dtype, out=out, ddof=ddof,
C:\Users\Shreyas.1Gupta\AppData\Local\Python\pythoncore-3.14-64\Lib\site-packages\numpy\lib\_nanfunctions_impl.py:1997: RuntimeWarning: Degrees of freedom <= 0 for slice.
  var = nanvar(a, axis=axis, dtype=dtype, out=out, ddof=ddof,
C:\Users\Shreyas.1Gupta\AppData\Local\Python\pythoncore-3.14-64\Lib\site-packages\numpy\lib\_nanfunctions_impl.py:1997: RuntimeWarning: Degrees of freedom <= 0 for slice.
  var = nanvar(a, axis=axis, dtype=dtype, out=out, ddof=ddof,
C:\Users\Shreyas.1Gupta\AppData\Local\Python\pythoncore-3.14-64\Lib\site-packages\numpy\lib\_nanfunctions_impl.py:1997: RuntimeWarning: Degrees of freedom <= 0 for slice.
  var = nanvar(a, axis=axis, dtype=dtype, out=out, ddof=ddof,
C:\Users\Shreyas.1Gupta\AppData\Local\Python\pythoncore-3.14-64\Lib\site-packages\numpy\lib\_nanfunctions_impl.py:1997: RuntimeWarning: Degrees of freedom <= 0 for slice.
  var = nanvar(a, axis=axis, dtype=dtype, out=out, ddof=ddof,
C:\Users\Shreyas.1Gupta\AppData\Local\Python\pythoncore-3.14-64\Lib\site-packages\numpy\lib\_nanfunctions_impl.py:1997: RuntimeWarning: Degrees of freedom <= 0 for slice.
  var = nanvar(a, axis=axis, dtype=dtype, out=out, ddof=ddof,
C:\Users\Shreyas.1Gupta\AppData\Local\Python\pythoncore-3.14-64\Lib\site-packages\numpy\lib\_nanfunctions_impl.py:1997: RuntimeWarning: Degrees of freedom <= 0 for slice.
  var = nanvar(a, axis=axis, dtype=dtype, out=out, ddof=ddof,
C:\Users\Shreyas.1Gupta\AppData\Local\Python\pythoncore-3.14-64\Lib\site-packages\numpy\lib\_nanfunctions_impl.py:1997: RuntimeWarning: Degrees of freedom <= 0 for slice.
  var = nanvar(a, axis=axis, dtype=dtype, out=out, ddof=ddof,
C:\Users\Shreyas.1Gupta\AppData\Local\Python\pythoncore-3.14-64\Lib\site-packages\numpy\lib\_nanfunctions_impl.py:1997: RuntimeWarning: Degrees of freedom <= 0 for slice.
  var = nanvar(a, axis=axis, dtype=dtype, out=out, ddof=ddof,
C:\Users\Shreyas.1Gupta\AppData\Local\Python\pythoncore-3.14-64\Lib\site-packages\numpy\lib\_nanfunctions_impl.py:1997: RuntimeWarning: Degrees of freedom <= 0 for slice.
  var = nanvar(a, axis=axis, dtype=dtype, out=out, ddof=ddof,
C:\Users\Shreyas.1Gupta\AppData\Local\Python\pythoncore-3.14-64\Lib\site-packages\numpy\lib\_nanfunctions_impl.py:1997: RuntimeWarning: Degrees of freedom <= 0 for slice.
  var = nanvar(a, axis=axis, dtype=dtype, out=out, ddof=ddof,
C:\Users\Shreyas.1Gupta\AppData\Local\Python\pythoncore-3.14-64\Lib\site-packages\numpy\lib\_nanfunctions_impl.py:1997: RuntimeWarning: Degrees of freedom <= 0 for slice.
  var = nanvar(a, axis=axis, dtype=dtype, out=out, ddof=ddof,
C:\Users\Shreyas.1Gupta\AppData\Local\Python\pythoncore-3.14-64\Lib\site-packages\numpy\lib\_nanfunctions_impl.py:1997: RuntimeWarning: Degrees of freedom <= 0 for slice.
  var = nanvar(a, axis=axis, dtype=dtype, out=out, ddof=ddof,
C:\Users\Shreyas.1Gupta\AppData\Local\Python\pythoncore-3.14-64\Lib\site-packages\numpy\lib\_nanfunctions_impl.py:1997: RuntimeWarning: Degrees of freedom <= 0 for slice.
  var = nanvar(a, axis=axis, dtype=dtype, out=out, ddof=ddof,
C:\Users\Shreyas.1Gupta\AppData\Local\Python\pythoncore-3.14-64\Lib\site-packages\numpy\lib\_nanfunctions_impl.py:1997: RuntimeWarning: Degrees of freedom <= 0 for slice.
  var = nanvar(a, axis=axis, dtype=dtype, out=out, ddof=ddof,
C:\Users\Shreyas.1Gupta\AppData\Local\Python\pythoncore-3.14-64\Lib\site-packages\numpy\lib\_nanfunctions_impl.py:1997: RuntimeWarning: Degrees of freedom <= 0 for slice.
  var = nanvar(a, axis=axis, dtype=dtype, out=out, ddof=ddof,
C:\Users\Shreyas.1Gupta\AppData\Local\Python\pythoncore-3.14-64\Lib\site-packages\numpy\lib\_nanfunctions_impl.py:1997: RuntimeWarning: Degrees of freedom <= 0 for slice.
  var = nanvar(a, axis=axis, dtype=dtype, out=out, ddof=ddof,
C:\Users\Shreyas.1Gupta\AppData\Local\Python\pythoncore-3.14-64\Lib\site-packages\numpy\lib\_nanfunctions_impl.py:1997: RuntimeWarning: Degrees of freedom <= 0 for slice.
  var = nanvar(a, axis=axis, dtype=dtype, out=out, ddof=ddof,
C:\Users\Shreyas.1Gupta\AppData\Local\Python\pythoncore-3.14-64\Lib\site-packages\numpy\lib\_nanfunctions_impl.py:1997: RuntimeWarning: Degrees of freedom <= 0 for slice.
  var = nanvar(a, axis=axis, dtype=dtype, out=out, ddof=ddof,
C:\Users\Shreyas.1Gupta\AppData\Local\Python\pythoncore-3.14-64\Lib\site-packages\numpy\lib\_nanfunctions_impl.py:1997: RuntimeWarning: Degrees of freedom <= 0 for slice.
  var = nanvar(a, axis=axis, dtype=dtype, out=out, ddof=ddof,
C:\Users\Shreyas.1Gupta\AppData\Local\Python\pythoncore-3.14-64\Lib\site-packages\numpy\lib\_nanfunctions_impl.py:1997: RuntimeWarning: Degrees of freedom <= 0 for slice.
  var = nanvar(a, axis=axis, dtype=dtype, out=out, ddof=ddof,
C:\Users\Shreyas.1Gupta\AppData\Local\Python\pythoncore-3.14-64\Lib\site-packages\numpy\lib\_nanfunctions_impl.py:1997: RuntimeWarning: Degrees of freedom <= 0 for slice.
  var = nanvar(a, axis=axis, dtype=dtype, out=out, ddof=ddof,
C:\Users\Shreyas.1Gupta\AppData\Local\Python\pythoncore-3.14-64\Lib\site-packages\numpy\lib\_nanfunctions_impl.py:1997: RuntimeWarning: Degrees of freedom <= 0 for slice.
  var = nanvar(a, axis=axis, dtype=dtype, out=out, ddof=ddof,
C:\Users\Shreyas.1Gupta\AppData\Local\Python\pythoncore-3.14-64\Lib\site-packages\numpy\lib\_nanfunctions_impl.py:1997: RuntimeWarning: Degrees of freedom <= 0 for slice.
  var = nanvar(a, axis=axis, dtype=dtype, out=out, ddof=ddof,
C:\Users\Shreyas.1Gupta\AppData\Local\Python\pythoncore-3.14-64\Lib\site-packages\numpy\lib\_nanfunctions_impl.py:1997: RuntimeWarning: Degrees of freedom <= 0 for slice.
  var = nanvar(a, axis=axis, dtype=dtype, out=out, ddof=ddof,
C:\Users\Shreyas.1Gupta\AppData\Local\Python\pythoncore-3.14-64\Lib\site-packages\numpy\lib\_nanfunctions_impl.py:1997: RuntimeWarning: Degrees of freedom <= 0 for slice.
  var = nanvar(a, axis=axis, dtype=dtype, out=out, ddof=ddof,
C:\Users\Shreyas.1Gupta\AppData\Local\Python\pythoncore-3.14-64\Lib\site-packages\numpy\lib\_nanfunctions_impl.py:1997: RuntimeWarning: Degrees of freedom <= 0 for slice.
  var = nanvar(a, axis=axis, dtype=dtype, out=out, ddof=ddof,
C:\Users\Shreyas.1Gupta\AppData\Local\Python\pythoncore-3.14-64\Lib\site-packages\numpy\lib\_nanfunctions_impl.py:1997: RuntimeWarning: Degrees of freedom <= 0 for slice.
  var = nanvar(a, axis=axis, dtype=dtype, out=out, ddof=ddof,
C:\Users\Shreyas.1Gupta\AppData\Local\Python\pythoncore-3.14-64\Lib\site-packages\numpy\lib\_nanfunctions_impl.py:1997: RuntimeWarning: Degrees of freedom <= 0 for slice.
  var = nanvar(a, axis=axis, dtype=dtype, out=out, ddof=ddof,
C:\Users\Shreyas.1Gupta\AppData\Local\Python\pythoncore-3.14-64\Lib\site-packages\numpy\lib\_nanfunctions_impl.py:1997: RuntimeWarning: Degrees of freedom <= 0 for slice.
  var = nanvar(a, axis=axis, dtype=dtype, out=out, ddof=ddof,
C:\Users\Shreyas.1Gupta\AppData\Local\Python\pythoncore-3.14-64\Lib\site-packages\numpy\lib\_nanfunctions_impl.py:1997: RuntimeWarning: Degrees of freedom <= 0 for slice.
  var = nanvar(a, axis=axis, dtype=dtype, out=out, ddof=ddof,
C:\Users\Shreyas.1Gupta\AppData\Local\Python\pythoncore-3.14-64\Lib\site-packages\numpy\lib\_nanfunctions_impl.py:1997: RuntimeWarning: Degrees of freedom <= 0 for slice.
  var = nanvar(a, axis=axis, dtype=dtype, out=out, ddof=ddof,
C:\Users\Shreyas.1Gupta\AppData\Local\Python\pythoncore-3.14-64\Lib\site-packages\numpy\lib\_nanfunctions_impl.py:1997: RuntimeWarning: Degrees of freedom <= 0 for slice.
  var = nanvar(a, axis=axis, dtype=dtype, out=out, ddof=ddof,
C:\Users\Shreyas.1Gupta\AppData\Local\Python\pythoncore-3.14-64\Lib\site-packages\numpy\lib\_nanfunctions_impl.py:1997: RuntimeWarning: Degrees of freedom <= 0 for slice.
  var = nanvar(a, axis=axis, dtype=dtype, out=out, ddof=ddof,
C:\Users\Shreyas.1Gupta\AppData\Local\Python\pythoncore-3.14-64\Lib\site-packages\numpy\lib\_nanfunctions_impl.py:1997: RuntimeWarning: Degrees of freedom <= 0 for slice.
  var = nanvar(a, axis=axis, dtype=dtype, out=out, ddof=ddof,
C:\Users\Shreyas.1Gupta\AppData\Local\Python\pythoncore-3.14-64\Lib\site-packages\numpy\lib\_nanfunctions_impl.py:1997: RuntimeWarning: Degrees of freedom <= 0 for slice.
  var = nanvar(a, axis=axis, dtype=dtype, out=out, ddof=ddof,
C:\Users\Shreyas.1Gupta\AppData\Local\Python\pythoncore-3.14-64\Lib\site-packages\numpy\lib\_nanfunctions_impl.py:1997: RuntimeWarning: Degrees of freedom <= 0 for slice.
  var = nanvar(a, axis=axis, dtype=dtype, out=out, ddof=ddof,
C:\Users\Shreyas.1Gupta\AppData\Local\Python\pythoncore-3.14-64\Lib\site-packages\numpy\lib\_nanfunctions_impl.py:1997: RuntimeWarning: Degrees of freedom <= 0 for slice.
  var = nanvar(a, axis=axis, dtype=dtype, out=out, ddof=ddof,
C:\Users\Shreyas.1Gupta\AppData\Local\Python\pythoncore-3.14-64\Lib\site-packages\numpy\lib\_nanfunctions_impl.py:1997: RuntimeWarning: Degrees of freedom <= 0 for slice.
  var = nanvar(a, axis=axis, dtype=dtype, out=out, ddof=ddof,
C:\Users\Shreyas.1Gupta\AppData\Local\Python\pythoncore-3.14-64\Lib\site-packages\numpy\lib\_nanfunctions_impl.py:1997: RuntimeWarning: Degrees of freedom <= 0 for slice.
  var = nanvar(a, axis=axis, dtype=dtype, out=out, ddof=ddof,
C:\Users\Shreyas.1Gupta\AppData\Local\Python\pythoncore-3.14-64\Lib\site-packages\numpy\lib\_nanfunctions_impl.py:1997: RuntimeWarning: Degrees of freedom <= 0 for slice.
  var = nanvar(a, axis=axis, dtype=dtype, out=out, ddof=ddof,
C:\Users\Shreyas.1Gupta\AppData\Local\Python\pythoncore-3.14-64\Lib\site-packages\numpy\lib\_nanfunctions_impl.py:1997: RuntimeWarning: Degrees of freedom <= 0 for slice.
  var = nanvar(a, axis=axis, dtype=dtype, out=out, ddof=ddof,
C:\Users\Shreyas.1Gupta\AppData\Local\Python\pythoncore-3.14-64\Lib\site-packages\numpy\lib\_nanfunctions_impl.py:1997: RuntimeWarning: Degrees of freedom <= 0 for slice.
  var = nanvar(a, axis=axis, dtype=dtype, out=out, ddof=ddof,
C:\Users\Shreyas.1Gupta\AppData\Local\Python\pythoncore-3.14-64\Lib\site-packages\numpy\lib\_nanfunctions_impl.py:1997: RuntimeWarning: Degrees of freedom <= 0 for slice.
  var = nanvar(a, axis=axis, dtype=dtype, out=out, ddof=ddof,
C:\Users\Shreyas.1Gupta\AppData\Local\Python\pythoncore-3.14-64\Lib\site-packages\numpy\lib\_nanfunctions_impl.py:1997: RuntimeWarning: Degrees of freedom <= 0 for slice.
  var = nanvar(a, axis=axis, dtype=dtype, out=out, ddof=ddof,
C:\Users\Shreyas.1Gupta\AppData\Local\Python\pythoncore-3.14-64\Lib\site-packages\numpy\lib\_nanfunctions_impl.py:1997: RuntimeWarning: Degrees of freedom <= 0 for slice.
  var = nanvar(a, axis=axis, dtype=dtype, out=out, ddof=ddof,
C:\Users\Shreyas.1Gupta\AppData\Local\Python\pythoncore-3.14-64\Lib\site-packages\numpy\lib\_nanfunctions_impl.py:1997: RuntimeWarning: Degrees of freedom <= 0 for slice.
  var = nanvar(a, axis=axis, dtype=dtype, out=out, ddof=ddof,
C:\Users\Shreyas.1Gupta\AppData\Local\Python\pythoncore-3.14-64\Lib\site-packages\numpy\lib\_nanfunctions_impl.py:1997: RuntimeWarning: Degrees of freedom <= 0 for slice.
  var = nanvar(a, axis=axis, dtype=dtype, out=out, ddof=ddof,
C:\Users\Shreyas.1Gupta\AppData\Local\Python\pythoncore-3.14-64\Lib\site-packages\numpy\lib\_nanfunctions_impl.py:1997: RuntimeWarning: Degrees of freedom <= 0 for slice.
  var = nanvar(a, axis=axis, dtype=dtype, out=out, ddof=ddof,
C:\Users\Shreyas.1Gupta\AppData\Local\Python\pythoncore-3.14-64\Lib\site-packages\numpy\lib\_nanfunctions_impl.py:1997: RuntimeWarning: Degrees of freedom <= 0 for slice.
  var = nanvar(a, axis=axis, dtype=dtype, out=out, ddof=ddof,
C:\Users\Shreyas.1Gupta\AppData\Local\Python\pythoncore-3.14-64\Lib\site-packages\numpy\lib\_nanfunctions_impl.py:1997: RuntimeWarning: Degrees of freedom <= 0 for slice.
  var = nanvar(a, axis=axis, dtype=dtype, out=out, ddof=ddof,
C:\Users\Shreyas.1Gupta\AppData\Local\Python\pythoncore-3.14-64\Lib\site-packages\numpy\lib\_nanfunctions_impl.py:1997: RuntimeWarning: Degrees of freedom <= 0 for slice.
  var = nanvar(a, axis=axis, dtype=dtype, out=out, ddof=ddof,
C:\Users\Shreyas.1Gupta\AppData\Local\Python\pythoncore-3.14-64\Lib\site-packages\numpy\lib\_nanfunctions_impl.py:1997: RuntimeWarning: Degrees of freedom <= 0 for slice.
  var = nanvar(a, axis=axis, dtype=dtype, out=out, ddof=ddof,
C:\Users\Shreyas.1Gupta\AppData\Local\Python\pythoncore-3.14-64\Lib\site-packages\numpy\lib\_nanfunctions_impl.py:1997: RuntimeWarning: Degrees of freedom <= 0 for slice.
  var = nanvar(a, axis=axis, dtype=dtype, out=out, ddof=ddof,
C:\Users\Shreyas.1Gupta\AppData\Local\Python\pythoncore-3.14-64\Lib\site-packages\numpy\lib\_nanfunctions_impl.py:1997: RuntimeWarning: Degrees of freedom <= 0 for slice.
  var = nanvar(a, axis=axis, dtype=dtype, out=out, ddof=ddof,
C:\Users\Shreyas.1Gupta\AppData\Local\Python\pythoncore-3.14-64\Lib\site-packages\numpy\lib\_nanfunctions_impl.py:1997: RuntimeWarning: Degrees of freedom <= 0 for slice.
  var = nanvar(a, axis=axis, dtype=dtype, out=out, ddof=ddof,
C:\Users\Shreyas.1Gupta\AppData\Local\Python\pythoncore-3.14-64\Lib\site-packages\numpy\lib\_nanfunctions_impl.py:1997: RuntimeWarning: Degrees of freedom <= 0 for slice.
  var = nanvar(a, axis=axis, dtype=dtype, out=out, ddof=ddof,
C:\Users\Shreyas.1Gupta\AppData\Local\Python\pythoncore-3.14-64\Lib\site-packages\numpy\lib\_nanfunctions_impl.py:1997: RuntimeWarning: Degrees of freedom <= 0 for slice.
  var = nanvar(a, axis=axis, dtype=dtype, out=out, ddof=ddof,
C:\Users\Shreyas.1Gupta\AppData\Local\Python\pythoncore-3.14-64\Lib\site-packages\numpy\lib\_nanfunctions_impl.py:1997: RuntimeWarning: Degrees of freedom <= 0 for slice.
  var = nanvar(a, axis=axis, dtype=dtype, out=out, ddof=ddof,
C:\Users\Shreyas.1Gupta\AppData\Local\Python\pythoncore-3.14-64\Lib\site-packages\numpy\lib\_nanfunctions_impl.py:1997: RuntimeWarning: Degrees of freedom <= 0 for slice.
  var = nanvar(a, axis=axis, dtype=dtype, out=out, ddof=ddof,
C:\Users\Shreyas.1Gupta\AppData\Local\Python\pythoncore-3.14-64\Lib\site-packages\numpy\lib\_nanfunctions_impl.py:1997: RuntimeWarning: Degrees of freedom <= 0 for slice.
  var = nanvar(a, axis=axis, dtype=dtype, out=out, ddof=ddof,
C:\Users\Shreyas.1Gupta\AppData\Local\Python\pythoncore-3.14-64\Lib\site-packages\numpy\lib\_nanfunctions_impl.py:1997: RuntimeWarning: Degrees of freedom <= 0 for slice.
  var = nanvar(a, axis=axis, dtype=dtype, out=out, ddof=ddof,
C:\Users\Shreyas.1Gupta\AppData\Local\Python\pythoncore-3.14-64\Lib\site-packages\numpy\lib\_nanfunctions_impl.py:1997: RuntimeWarning: Degrees of freedom <= 0 for slice.
  var = nanvar(a, axis=axis, dtype=dtype, out=out, ddof=ddof,
C:\Users\Shreyas.1Gupta\AppData\Local\Python\pythoncore-3.14-64\Lib\site-packages\numpy\lib\_nanfunctions_impl.py:1997: RuntimeWarning: Degrees of freedom <= 0 for slice.
  var = nanvar(a, axis=axis, dtype=dtype, out=out, ddof=ddof,
C:\Users\Shreyas.1Gupta\AppData\Local\Python\pythoncore-3.14-64\Lib\site-packages\numpy\lib\_nanfunctions_impl.py:1997: RuntimeWarning: Degrees of freedom <= 0 for slice.
  var = nanvar(a, axis=axis, dtype=dtype, out=out, ddof=ddof,
C:\Users\Shreyas.1Gupta\AppData\Local\Python\pythoncore-3.14-64\Lib\site-packages\numpy\lib\_nanfunctions_impl.py:1997: RuntimeWarning: Degrees of freedom <= 0 for slice.
  var = nanvar(a, axis=axis, dtype=dtype, out=out, ddof=ddof,
C:\Users\Shreyas.1Gupta\AppData\Local\Python\pythoncore-3.14-64\Lib\site-packages\numpy\lib\_nanfunctions_impl.py:1997: RuntimeWarning: Degrees of freedom <= 0 for slice.
  var = nanvar(a, axis=axis, dtype=dtype, out=out, ddof=ddof,
C:\Users\Shreyas.1Gupta\AppData\Local\Python\pythoncore-3.14-64\Lib\site-packages\numpy\lib\_nanfunctions_impl.py:1997: RuntimeWarning: Degrees of freedom <= 0 for slice.
  var = nanvar(a, axis=axis, dtype=dtype, out=out, ddof=ddof,
C:\Users\Shreyas.1Gupta\AppData\Local\Python\pythoncore-3.14-64\Lib\site-packages\numpy\lib\_nanfunctions_impl.py:1997: RuntimeWarning: Degrees of freedom <= 0 for slice.
  var = nanvar(a, axis=axis, dtype=dtype, out=out, ddof=ddof,
C:\Users\Shreyas.1Gupta\AppData\Local\Python\pythoncore-3.14-64\Lib\site-packages\numpy\lib\_nanfunctions_impl.py:1997: RuntimeWarning: Degrees of freedom <= 0 for slice.
  var = nanvar(a, axis=axis, dtype=dtype, out=out, ddof=ddof,
C:\Users\Shreyas.1Gupta\AppData\Local\Python\pythoncore-3.14-64\Lib\site-packages\numpy\lib\_nanfunctions_impl.py:1997: RuntimeWarning: Degrees of freedom <= 0 for slice.
  var = nanvar(a, axis=axis, dtype=dtype, out=out, ddof=ddof,
C:\Users\Shreyas.1Gupta\AppData\Local\Python\pythoncore-3.14-64\Lib\site-packages\numpy\lib\_nanfunctions_impl.py:1997: RuntimeWarning: Degrees of freedom <= 0 for slice.
  var = nanvar(a, axis=axis, dtype=dtype, out=out, ddof=ddof,
C:\Users\Shreyas.1Gupta\AppData\Local\Python\pythoncore-3.14-64\Lib\site-packages\numpy\lib\_nanfunctions_impl.py:1997: RuntimeWarning: Degrees of freedom <= 0 for slice.
  var = nanvar(a, axis=axis, dtype=dtype, out=out, ddof=ddof,
C:\Users\Shreyas.1Gupta\AppData\Local\Python\pythoncore-3.14-64\Lib\site-packages\numpy\lib\_nanfunctions_impl.py:1997: RuntimeWarning: Degrees of freedom <= 0 for slice.
  var = nanvar(a, axis=axis, dtype=dtype, out=out, ddof=ddof,
C:\Users\Shreyas.1Gupta\AppData\Local\Python\pythoncore-3.14-64\Lib\site-packages\numpy\lib\_nanfunctions_impl.py:1997: RuntimeWarning: Degrees of freedom <= 0 for slice.
  var = nanvar(a, axis=axis, dtype=dtype, out=out, ddof=ddof,
C:\Users\Shreyas.1Gupta\AppData\Local\Python\pythoncore-3.14-64\Lib\site-packages\numpy\lib\_nanfunctions_impl.py:1997: RuntimeWarning: Degrees of freedom <= 0 for slice.
  var = nanvar(a, axis=axis, dtype=dtype, out=out, ddof=ddof,
C:\Users\Shreyas.1Gupta\AppData\Local\Python\pythoncore-3.14-64\Lib\site-packages\numpy\lib\_nanfunctions_impl.py:1997: RuntimeWarning: Degrees of freedom <= 0 for slice.
  var = nanvar(a, axis=axis, dtype=dtype, out=out, ddof=ddof,
C:\Users\Shreyas.1Gupta\AppData\Local\Python\pythoncore-3.14-64\Lib\site-packages\numpy\lib\_nanfunctions_impl.py:1997: RuntimeWarning: Degrees of freedom <= 0 for slice.
  var = nanvar(a, axis=axis, dtype=dtype, out=out, ddof=ddof,
C:\Users\Shreyas.1Gupta\AppData\Local\Python\pythoncore-3.14-64\Lib\site-packages\numpy\lib\_nanfunctions_impl.py:1997: RuntimeWarning: Degrees of freedom <= 0 for slice.
  var = nanvar(a, axis=axis, dtype=dtype, out=out, ddof=ddof,
C:\Users\Shreyas.1Gupta\AppData\Local\Python\pythoncore-3.14-64\Lib\site-packages\numpy\lib\_nanfunctions_impl.py:1997: RuntimeWarning: Degrees of freedom <= 0 for slice.
  var = nanvar(a, axis=axis, dtype=dtype, out=out, ddof=ddof,
C:\Users\Shreyas.1Gupta\AppData\Local\Python\pythoncore-3.14-64\Lib\site-packages\numpy\lib\_nanfunctions_impl.py:1997: RuntimeWarning: Degrees of freedom <= 0 for slice.
  var = nanvar(a, axis=axis, dtype=dtype, out=out, ddof=ddof,
C:\Users\Shreyas.1Gupta\AppData\Local\Python\pythoncore-3.14-64\Lib\site-packages\numpy\lib\_nanfunctions_impl.py:1997: RuntimeWarning: Degrees of freedom <= 0 for slice.
  var = nanvar(a, axis=axis, dtype=dtype, out=out, ddof=ddof,
C:\Users\Shreyas.1Gupta\AppData\Local\Python\pythoncore-3.14-64\Lib\site-packages\numpy\lib\_nanfunctions_impl.py:1997: RuntimeWarning: Degrees of freedom <= 0 for slice.
  var = nanvar(a, axis=axis, dtype=dtype, out=out, ddof=ddof,
C:\Users\Shreyas.1Gupta\AppData\Local\Python\pythoncore-3.14-64\Lib\site-packages\numpy\lib\_nanfunctions_impl.py:1997: RuntimeWarning: Degrees of freedom <= 0 for slice.
  var = nanvar(a, axis=axis, dtype=dtype, out=out, ddof=ddof,
C:\Users\Shreyas.1Gupta\AppData\Local\Python\pythoncore-3.14-64\Lib\site-packages\numpy\lib\_nanfunctions_impl.py:1997: RuntimeWarning: Degrees of freedom <= 0 for slice.
  var = nanvar(a, axis=axis, dtype=dtype, out=out, ddof=ddof,
C:\Users\Shreyas.1Gupta\AppData\Local\Python\pythoncore-3.14-64\Lib\site-packages\numpy\lib\_nanfunctions_impl.py:1997: RuntimeWarning: Degrees of freedom <= 0 for slice.
  var = nanvar(a, axis=axis, dtype=dtype, out=out, ddof=ddof,
C:\Users\Shreyas.1Gupta\AppData\Local\Python\pythoncore-3.14-64\Lib\site-packages\numpy\lib\_nanfunctions_impl.py:1997: RuntimeWarning: Degrees of freedom <= 0 for slice.
  var = nanvar(a, axis=axis, dtype=dtype, out=out, ddof=ddof,
C:\Users\Shreyas.1Gupta\AppData\Local\Python\pythoncore-3.14-64\Lib\site-packages\numpy\lib\_nanfunctions_impl.py:1997: RuntimeWarning: Degrees of freedom <= 0 for slice.
  var = nanvar(a, axis=axis, dtype=dtype, out=out, ddof=ddof,
C:\Users\Shreyas.1Gupta\AppData\Local\Python\pythoncore-3.14-64\Lib\site-packages\numpy\lib\_nanfunctions_impl.py:1997: RuntimeWarning: Degrees of freedom <= 0 for slice.
  var = nanvar(a, axis=axis, dtype=dtype, out=out, ddof=ddof,
C:\Users\Shreyas.1Gupta\AppData\Local\Python\pythoncore-3.14-64\Lib\site-packages\numpy\lib\_nanfunctions_impl.py:1997: RuntimeWarning: Degrees of freedom <= 0 for slice.
  var = nanvar(a, axis=axis, dtype=dtype, out=out, ddof=ddof,
C:\Users\Shreyas.1Gupta\AppData\Local\Python\pythoncore-3.14-64\Lib\site-packages\numpy\lib\_nanfunctions_impl.py:1997: RuntimeWarning: Degrees of freedom <= 0 for slice.
  var = nanvar(a, axis=axis, dtype=dtype, out=out, ddof=ddof,
C:\Users\Shreyas.1Gupta\AppData\Local\Python\pythoncore-3.14-64\Lib\site-packages\numpy\lib\_nanfunctions_impl.py:1997: RuntimeWarning: Degrees of freedom <= 0 for slice.
  var = nanvar(a, axis=axis, dtype=dtype, out=out, ddof=ddof,
C:\Users\Shreyas.1Gupta\AppData\Local\Python\pythoncore-3.14-64\Lib\site-packages\numpy\lib\_nanfunctions_impl.py:1997: RuntimeWarning: Degrees of freedom <= 0 for slice.
  var = nanvar(a, axis=axis, dtype=dtype, out=out, ddof=ddof,
C:\Users\Shreyas.1Gupta\AppData\Local\Python\pythoncore-3.14-64\Lib\site-packages\numpy\lib\_nanfunctions_impl.py:1997: RuntimeWarning: Degrees of freedom <= 0 for slice.
  var = nanvar(a, axis=axis, dtype=dtype, out=out, ddof=ddof,
C:\Users\Shreyas.1Gupta\AppData\Local\Python\pythoncore-3.14-64\Lib\site-packages\numpy\lib\_nanfunctions_impl.py:1997: RuntimeWarning: Degrees of freedom <= 0 for slice.
  var = nanvar(a, axis=axis, dtype=dtype, out=out, ddof=ddof,
C:\Users\Shreyas.1Gupta\AppData\Local\Python\pythoncore-3.14-64\Lib\site-packages\numpy\lib\_nanfunctions_impl.py:1997: RuntimeWarning: Degrees of freedom <= 0 for slice.
  var = nanvar(a, axis=axis, dtype=dtype, out=out, ddof=ddof,
C:\Users\Shreyas.1Gupta\AppData\Local\Python\pythoncore-3.14-64\Lib\site-packages\numpy\lib\_nanfunctions_impl.py:1997: RuntimeWarning: Degrees of freedom <= 0 for slice.
  var = nanvar(a, axis=axis, dtype=dtype, out=out, ddof=ddof,
C:\Users\Shreyas.1Gupta\AppData\Local\Python\pythoncore-3.14-64\Lib\site-packages\numpy\lib\_nanfunctions_impl.py:1997: RuntimeWarning: Degrees of freedom <= 0 for slice.
  var = nanvar(a, axis=axis, dtype=dtype, out=out, ddof=ddof,
C:\Users\Shreyas.1Gupta\AppData\Local\Python\pythoncore-3.14-64\Lib\site-packages\numpy\lib\_nanfunctions_impl.py:1997: RuntimeWarning: Degrees of freedom <= 0 for slice.
  var = nanvar(a, axis=axis, dtype=dtype, out=out, ddof=ddof,
C:\Users\Shreyas.1Gupta\AppData\Local\Python\pythoncore-3.14-64\Lib\site-packages\numpy\lib\_nanfunctions_impl.py:1997: RuntimeWarning: Degrees of freedom <= 0 for slice.
  var = nanvar(a, axis=axis, dtype=dtype, out=out, ddof=ddof,
C:\Users\Shreyas.1Gupta\AppData\Local\Python\pythoncore-3.14-64\Lib\site-packages\numpy\lib\_nanfunctions_impl.py:1997: RuntimeWarning: Degrees of freedom <= 0 for slice.
  var = nanvar(a, axis=axis, dtype=dtype, out=out, ddof=ddof,
C:\Users\Shreyas.1Gupta\AppData\Local\Python\pythoncore-3.14-64\Lib\site-packages\numpy\lib\_nanfunctions_impl.py:1997: RuntimeWarning: Degrees of freedom <= 0 for slice.
  var = nanvar(a, axis=axis, dtype=dtype, out=out, ddof=ddof,
C:\Users\Shreyas.1Gupta\AppData\Local\Python\pythoncore-3.14-64\Lib\site-packages\numpy\lib\_nanfunctions_impl.py:1997: RuntimeWarning: Degrees of freedom <= 0 for slice.
  var = nanvar(a, axis=axis, dtype=dtype, out=out, ddof=ddof,
C:\Users\Shreyas.1Gupta\AppData\Local\Python\pythoncore-3.14-64\Lib\site-packages\numpy\lib\_nanfunctions_impl.py:1997: RuntimeWarning: Degrees of freedom <= 0 for slice.
  var = nanvar(a, axis=axis, dtype=dtype, out=out, ddof=ddof,
C:\Users\Shreyas.1Gupta\AppData\Local\Python\pythoncore-3.14-64\Lib\site-packages\numpy\lib\_nanfunctions_impl.py:1997: RuntimeWarning: Degrees of freedom <= 0 for slice.
  var = nanvar(a, axis=axis, dtype=dtype, out=out, ddof=ddof,
C:\Users\Shreyas.1Gupta\AppData\Local\Python\pythoncore-3.14-64\Lib\site-packages\numpy\lib\_nanfunctions_impl.py:1997: RuntimeWarning: Degrees of freedom <= 0 for slice.
  var = nanvar(a, axis=axis, dtype=dtype, out=out, ddof=ddof,
C:\Users\Shreyas.1Gupta\AppData\Local\Python\pythoncore-3.14-64\Lib\site-packages\numpy\lib\_nanfunctions_impl.py:1997: RuntimeWarning: Degrees of freedom <= 0 for slice.
  var = nanvar(a, axis=axis, dtype=dtype, out=out, ddof=ddof,
C:\Users\Shreyas.1Gupta\AppData\Local\Python\pythoncore-3.14-64\Lib\site-packages\numpy\lib\_nanfunctions_impl.py:1997: RuntimeWarning: Degrees of freedom <= 0 for slice.
  var = nanvar(a, axis=axis, dtype=dtype, out=out, ddof=ddof,
C:\Users\Shreyas.1Gupta\AppData\Local\Python\pythoncore-3.14-64\Lib\site-packages\numpy\lib\_nanfunctions_impl.py:1997: RuntimeWarning: Degrees of freedom <= 0 for slice.
  var = nanvar(a, axis=axis, dtype=dtype, out=out, ddof=ddof,
C:\Users\Shreyas.1Gupta\AppData\Local\Python\pythoncore-3.14-64\Lib\site-packages\numpy\lib\_nanfunctions_impl.py:1997: RuntimeWarning: Degrees of freedom <= 0 for slice.
  var = nanvar(a, axis=axis, dtype=dtype, out=out, ddof=ddof,
C:\Users\Shreyas.1Gupta\AppData\Local\Python\pythoncore-3.14-64\Lib\site-packages\numpy\lib\_nanfunctions_impl.py:1997: RuntimeWarning: Degrees of freedom <= 0 for slice.
  var = nanvar(a, axis=axis, dtype=dtype, out=out, ddof=ddof,
C:\Users\Shreyas.1Gupta\AppData\Local\Python\pythoncore-3.14-64\Lib\site-packages\numpy\lib\_nanfunctions_impl.py:1997: RuntimeWarning: Degrees of freedom <= 0 for slice.
  var = nanvar(a, axis=axis, dtype=dtype, out=out, ddof=ddof,
C:\Users\Shreyas.1Gupta\AppData\Local\Python\pythoncore-3.14-64\Lib\site-packages\numpy\lib\_nanfunctions_impl.py:1997: RuntimeWarning: Degrees of freedom <= 0 for slice.
  var = nanvar(a, axis=axis, dtype=dtype, out=out, ddof=ddof,
C:\Users\Shreyas.1Gupta\AppData\Local\Python\pythoncore-3.14-64\Lib\site-packages\numpy\lib\_nanfunctions_impl.py:1997: RuntimeWarning: Degrees of freedom <= 0 for slice.
  var = nanvar(a, axis=axis, dtype=dtype, out=out, ddof=ddof,
C:\Users\Shreyas.1Gupta\AppData\Local\Python\pythoncore-3.14-64\Lib\site-packages\numpy\lib\_nanfunctions_impl.py:1997: RuntimeWarning: Degrees of freedom <= 0 for slice.
  var = nanvar(a, axis=axis, dtype=dtype, out=out, ddof=ddof,
C:\Users\Shreyas.1Gupta\AppData\Local\Python\pythoncore-3.14-64\Lib\site-packages\numpy\lib\_nanfunctions_impl.py:1997: RuntimeWarning: Degrees of freedom <= 0 for slice.
  var = nanvar(a, axis=axis, dtype=dtype, out=out, ddof=ddof,
C:\Users\Shreyas.1Gupta\AppData\Local\Python\pythoncore-3.14-64\Lib\site-packages\numpy\lib\_nanfunctions_impl.py:1997: RuntimeWarning: Degrees of freedom <= 0 for slice.
  var = nanvar(a, axis=axis, dtype=dtype, out=out, ddof=ddof,
C:\Users\Shreyas.1Gupta\AppData\Local\Python\pythoncore-3.14-64\Lib\site-packages\numpy\lib\_nanfunctions_impl.py:1997: RuntimeWarning: Degrees of freedom <= 0 for slice.
  var = nanvar(a, axis=axis, dtype=dtype, out=out, ddof=ddof,
C:\Users\Shreyas.1Gupta\AppData\Local\Python\pythoncore-3.14-64\Lib\site-packages\numpy\lib\_nanfunctions_impl.py:1997: RuntimeWarning: Degrees of freedom <= 0 for slice.
  var = nanvar(a, axis=axis, dtype=dtype, out=out, ddof=ddof,
C:\Users\Shreyas.1Gupta\AppData\Local\Python\pythoncore-3.14-64\Lib\site-packages\numpy\lib\_nanfunctions_impl.py:1997: RuntimeWarning: Degrees of freedom <= 0 for slice.
  var = nanvar(a, axis=axis, dtype=dtype, out=out, ddof=ddof,
C:\Users\Shreyas.1Gupta\AppData\Local\Python\pythoncore-3.14-64\Lib\site-packages\numpy\lib\_nanfunctions_impl.py:1997: RuntimeWarning: Degrees of freedom <= 0 for slice.
  var = nanvar(a, axis=axis, dtype=dtype, out=out, ddof=ddof,
C:\Users\Shreyas.1Gupta\AppData\Local\Python\pythoncore-3.14-64\Lib\site-packages\numpy\lib\_nanfunctions_impl.py:1997: RuntimeWarning: Degrees of freedom <= 0 for slice.
  var = nanvar(a, axis=axis, dtype=dtype, out=out, ddof=ddof,
C:\Users\Shreyas.1Gupta\AppData\Local\Python\pythoncore-3.14-64\Lib\site-packages\numpy\lib\_nanfunctions_impl.py:1997: RuntimeWarning: Degrees of freedom <= 0 for slice.
  var = nanvar(a, axis=axis, dtype=dtype, out=out, ddof=ddof,
C:\Users\Shreyas.1Gupta\AppData\Local\Python\pythoncore-3.14-64\Lib\site-packages\numpy\lib\_nanfunctions_impl.py:1997: RuntimeWarning: Degrees of freedom <= 0 for slice.
  var = nanvar(a, axis=axis, dtype=dtype, out=out, ddof=ddof,
C:\Users\Shreyas.1Gupta\AppData\Local\Python\pythoncore-3.14-64\Lib\site-packages\numpy\lib\_nanfunctions_impl.py:1997: RuntimeWarning: Degrees of freedom <= 0 for slice.
  var = nanvar(a, axis=axis, dtype=dtype, out=out, ddof=ddof,
C:\Users\Shreyas.1Gupta\AppData\Local\Python\pythoncore-3.14-64\Lib\site-packages\numpy\lib\_nanfunctions_impl.py:1997: RuntimeWarning: Degrees of freedom <= 0 for slice.
  var = nanvar(a, axis=axis, dtype=dtype, out=out, ddof=ddof,
C:\Users\Shreyas.1Gupta\AppData\Local\Python\pythoncore-3.14-64\Lib\site-packages\numpy\lib\_nanfunctions_impl.py:1997: RuntimeWarning: Degrees of freedom <= 0 for slice.
  var = nanvar(a, axis=axis, dtype=dtype, out=out, ddof=ddof,
C:\Users\Shreyas.1Gupta\AppData\Local\Python\pythoncore-3.14-64\Lib\site-packages\numpy\lib\_nanfunctions_impl.py:1997: RuntimeWarning: Degrees of freedom <= 0 for slice.
  var = nanvar(a, axis=axis, dtype=dtype, out=out, ddof=ddof,
C:\Users\Shreyas.1Gupta\AppData\Local\Python\pythoncore-3.14-64\Lib\site-packages\numpy\lib\_nanfunctions_impl.py:1997: RuntimeWarning: Degrees of freedom <= 0 for slice.
  var = nanvar(a, axis=axis, dtype=dtype, out=out, ddof=ddof,
C:\Users\Shreyas.1Gupta\AppData\Local\Python\pythoncore-3.14-64\Lib\site-packages\numpy\lib\_nanfunctions_impl.py:1997: RuntimeWarning: Degrees of freedom <= 0 for slice.
  var = nanvar(a, axis=axis, dtype=dtype, out=out, ddof=ddof,
C:\Users\Shreyas.1Gupta\AppData\Local\Python\pythoncore-3.14-64\Lib\site-packages\numpy\lib\_nanfunctions_impl.py:1997: RuntimeWarning: Degrees of freedom <= 0 for slice.
  var = nanvar(a, axis=axis, dtype=dtype, out=out, ddof=ddof,
C:\Users\Shreyas.1Gupta\AppData\Local\Python\pythoncore-3.14-64\Lib\site-packages\numpy\lib\_nanfunctions_impl.py:1997: RuntimeWarning: Degrees of freedom <= 0 for slice.
  var = nanvar(a, axis=axis, dtype=dtype, out=out, ddof=ddof,
C:\Users\Shreyas.1Gupta\AppData\Local\Python\pythoncore-3.14-64\Lib\site-packages\numpy\lib\_nanfunctions_impl.py:1997: RuntimeWarning: Degrees of freedom <= 0 for slice.
  var = nanvar(a, axis=axis, dtype=dtype, out=out, ddof=ddof,
C:\Users\Shreyas.1Gupta\AppData\Local\Python\pythoncore-3.14-64\Lib\site-packages\numpy\lib\_nanfunctions_impl.py:1997: RuntimeWarning: Degrees of freedom <= 0 for slice.
  var = nanvar(a, axis=axis, dtype=dtype, out=out, ddof=ddof,
C:\Users\Shreyas.1Gupta\AppData\Local\Python\pythoncore-3.14-64\Lib\site-packages\numpy\lib\_nanfunctions_impl.py:1997: RuntimeWarning: Degrees of freedom <= 0 for slice.
  var = nanvar(a, axis=axis, dtype=dtype, out=out, ddof=ddof,
C:\Users\Shreyas.1Gupta\AppData\Local\Python\pythoncore-3.14-64\Lib\site-packages\numpy\lib\_nanfunctions_impl.py:1997: RuntimeWarning: Degrees of freedom <= 0 for slice.
  var = nanvar(a, axis=axis, dtype=dtype, out=out, ddof=ddof,
C:\Users\Shreyas.1Gupta\AppData\Local\Python\pythoncore-3.14-64\Lib\site-packages\numpy\lib\_nanfunctions_impl.py:1997: RuntimeWarning: Degrees of freedom <= 0 for slice.
  var = nanvar(a, axis=axis, dtype=dtype, out=out, ddof=ddof,
C:\Users\Shreyas.1Gupta\AppData\Local\Python\pythoncore-3.14-64\Lib\site-packages\numpy\lib\_nanfunctions_impl.py:1997: RuntimeWarning: Degrees of freedom <= 0 for slice.
  var = nanvar(a, axis=axis, dtype=dtype, out=out, ddof=ddof,
C:\Users\Shreyas.1Gupta\AppData\Local\Python\pythoncore-3.14-64\Lib\site-packages\numpy\lib\_nanfunctions_impl.py:1997: RuntimeWarning: Degrees of freedom <= 0 for slice.
  var = nanvar(a, axis=axis, dtype=dtype, out=out, ddof=ddof,
C:\Users\Shreyas.1Gupta\AppData\Local\Python\pythoncore-3.14-64\Lib\site-packages\numpy\lib\_nanfunctions_impl.py:1997: RuntimeWarning: Degrees of freedom <= 0 for slice.
  var = nanvar(a, axis=axis, dtype=dtype, out=out, ddof=ddof,
C:\Users\Shreyas.1Gupta\AppData\Local\Python\pythoncore-3.14-64\Lib\site-packages\numpy\lib\_nanfunctions_impl.py:1997: RuntimeWarning: Degrees of freedom <= 0 for slice.
  var = nanvar(a, axis=axis, dtype=dtype, out=out, ddof=ddof,
C:\Users\Shreyas.1Gupta\AppData\Local\Python\pythoncore-3.14-64\Lib\site-packages\numpy\lib\_nanfunctions_impl.py:1997: RuntimeWarning: Degrees of freedom <= 0 for slice.
  var = nanvar(a, axis=axis, dtype=dtype, out=out, ddof=ddof,
C:\Users\Shreyas.1Gupta\AppData\Local\Python\pythoncore-3.14-64\Lib\site-packages\numpy\lib\_nanfunctions_impl.py:1997: RuntimeWarning: Degrees of freedom <= 0 for slice.
  var = nanvar(a, axis=axis, dtype=dtype, out=out, ddof=ddof,
C:\Users\Shreyas.1Gupta\AppData\Local\Python\pythoncore-3.14-64\Lib\site-packages\numpy\lib\_nanfunctions_impl.py:1997: RuntimeWarning: Degrees of freedom <= 0 for slice.
  var = nanvar(a, axis=axis, dtype=dtype, out=out, ddof=ddof,
C:\Users\Shreyas.1Gupta\AppData\Local\Python\pythoncore-3.14-64\Lib\site-packages\numpy\lib\_nanfunctions_impl.py:1997: RuntimeWarning: Degrees of freedom <= 0 for slice.
  var = nanvar(a, axis=axis, dtype=dtype, out=out, ddof=ddof,
C:\Users\Shreyas.1Gupta\AppData\Local\Python\pythoncore-3.14-64\Lib\site-packages\numpy\lib\_nanfunctions_impl.py:1997: RuntimeWarning: Degrees of freedom <= 0 for slice.
  var = nanvar(a, axis=axis, dtype=dtype, out=out, ddof=ddof,
C:\Users\Shreyas.1Gupta\AppData\Local\Python\pythoncore-3.14-64\Lib\site-packages\numpy\lib\_nanfunctions_impl.py:1997: RuntimeWarning: Degrees of freedom <= 0 for slice.
  var = nanvar(a, axis=axis, dtype=dtype, out=out, ddof=ddof,
C:\Users\Shreyas.1Gupta\AppData\Local\Python\pythoncore-3.14-64\Lib\site-packages\numpy\lib\_nanfunctions_impl.py:1997: RuntimeWarning: Degrees of freedom <= 0 for slice.
  var = nanvar(a, axis=axis, dtype=dtype, out=out, ddof=ddof,
C:\Users\Shreyas.1Gupta\AppData\Local\Python\pythoncore-3.14-64\Lib\site-packages\numpy\lib\_nanfunctions_impl.py:1997: RuntimeWarning: Degrees of freedom <= 0 for slice.
  var = nanvar(a, axis=axis, dtype=dtype, out=out, ddof=ddof,
C:\Users\Shreyas.1Gupta\AppData\Local\Python\pythoncore-3.14-64\Lib\site-packages\numpy\lib\_nanfunctions_impl.py:1997: RuntimeWarning: Degrees of freedom <= 0 for slice.
  var = nanvar(a, axis=axis, dtype=dtype, out=out, ddof=ddof,
C:\Users\Shreyas.1Gupta\AppData\Local\Python\pythoncore-3.14-64\Lib\site-packages\numpy\lib\_nanfunctions_impl.py:1997: RuntimeWarning: Degrees of freedom <= 0 for slice.
  var = nanvar(a, axis=axis, dtype=dtype, out=out, ddof=ddof,
C:\Users\Shreyas.1Gupta\AppData\Local\Python\pythoncore-3.14-64\Lib\site-packages\numpy\lib\_nanfunctions_impl.py:1997: RuntimeWarning: Degrees of freedom <= 0 for slice.
  var = nanvar(a, axis=axis, dtype=dtype, out=out, ddof=ddof,
C:\Users\Shreyas.1Gupta\AppData\Local\Python\pythoncore-3.14-64\Lib\site-packages\numpy\lib\_nanfunctions_impl.py:1997: RuntimeWarning: Degrees of freedom <= 0 for slice.
  var = nanvar(a, axis=axis, dtype=dtype, out=out, ddof=ddof,
C:\Users\Shreyas.1Gupta\AppData\Local\Python\pythoncore-3.14-64\Lib\site-packages\numpy\lib\_nanfunctions_impl.py:1997: RuntimeWarning: Degrees of freedom <= 0 for slice.
  var = nanvar(a, axis=axis, dtype=dtype, out=out, ddof=ddof,
C:\Users\Shreyas.1Gupta\AppData\Local\Python\pythoncore-3.14-64\Lib\site-packages\numpy\lib\_nanfunctions_impl.py:1997: RuntimeWarning: Degrees of freedom <= 0 for slice.
  var = nanvar(a, axis=axis, dtype=dtype, out=out, ddof=ddof,
C:\Users\Shreyas.1Gupta\AppData\Local\Python\pythoncore-3.14-64\Lib\site-packages\numpy\lib\_nanfunctions_impl.py:1997: RuntimeWarning: Degrees of freedom <= 0 for slice.
  var = nanvar(a, axis=axis, dtype=dtype, out=out, ddof=ddof,
C:\Users\Shreyas.1Gupta\AppData\Local\Python\pythoncore-3.14-64\Lib\site-packages\numpy\lib\_nanfunctions_impl.py:1997: RuntimeWarning: Degrees of freedom <= 0 for slice.
  var = nanvar(a, axis=axis, dtype=dtype, out=out, ddof=ddof,
C:\Users\Shreyas.1Gupta\AppData\Local\Python\pythoncore-3.14-64\Lib\site-packages\numpy\lib\_nanfunctions_impl.py:1997: RuntimeWarning: Degrees of freedom <= 0 for slice.
  var = nanvar(a, axis=axis, dtype=dtype, out=out, ddof=ddof,
C:\Users\Shreyas.1Gupta\AppData\Local\Python\pythoncore-3.14-64\Lib\site-packages\numpy\lib\_nanfunctions_impl.py:1997: RuntimeWarning: Degrees of freedom <= 0 for slice.
  var = nanvar(a, axis=axis, dtype=dtype, out=out, ddof=ddof,
C:\Users\Shreyas.1Gupta\AppData\Local\Python\pythoncore-3.14-64\Lib\site-packages\numpy\lib\_nanfunctions_impl.py:1997: RuntimeWarning: Degrees of freedom <= 0 for slice.
  var = nanvar(a, axis=axis, dtype=dtype, out=out, ddof=ddof,
C:\Users\Shreyas.1Gupta\AppData\Local\Python\pythoncore-3.14-64\Lib\site-packages\numpy\lib\_nanfunctions_impl.py:1997: RuntimeWarning: Degrees of freedom <= 0 for slice.
  var = nanvar(a, axis=axis, dtype=dtype, out=out, ddof=ddof,
C:\Users\Shreyas.1Gupta\AppData\Local\Python\pythoncore-3.14-64\Lib\site-packages\numpy\lib\_nanfunctions_impl.py:1997: RuntimeWarning: Degrees of freedom <= 0 for slice.
  var = nanvar(a, axis=axis, dtype=dtype, out=out, ddof=ddof,
C:\Users\Shreyas.1Gupta\AppData\Local\Python\pythoncore-3.14-64\Lib\site-packages\numpy\lib\_nanfunctions_impl.py:1997: RuntimeWarning: Degrees of freedom <= 0 for slice.
  var = nanvar(a, axis=axis, dtype=dtype, out=out, ddof=ddof,
C:\Users\Shreyas.1Gupta\AppData\Local\Python\pythoncore-3.14-64\Lib\site-packages\numpy\lib\_nanfunctions_impl.py:1997: RuntimeWarning: Degrees of freedom <= 0 for slice.
  var = nanvar(a, axis=axis, dtype=dtype, out=out, ddof=ddof,
C:\Users\Shreyas.1Gupta\AppData\Local\Python\pythoncore-3.14-64\Lib\site-packages\numpy\lib\_nanfunctions_impl.py:1997: RuntimeWarning: Degrees of freedom <= 0 for slice.
  var = nanvar(a, axis=axis, dtype=dtype, out=out, ddof=ddof,
C:\Users\Shreyas.1Gupta\AppData\Local\Python\pythoncore-3.14-64\Lib\site-packages\numpy\lib\_nanfunctions_impl.py:1997: RuntimeWarning: Degrees of freedom <= 0 for slice.
  var = nanvar(a, axis=axis, dtype=dtype, out=out, ddof=ddof,
C:\Users\Shreyas.1Gupta\AppData\Local\Python\pythoncore-3.14-64\Lib\site-packages\numpy\lib\_nanfunctions_impl.py:1997: RuntimeWarning: Degrees of freedom <= 0 for slice.
  var = nanvar(a, axis=axis, dtype=dtype, out=out, ddof=ddof,
C:\Users\Shreyas.1Gupta\AppData\Local\Python\pythoncore-3.14-64\Lib\site-packages\numpy\lib\_nanfunctions_impl.py:1997: RuntimeWarning: Degrees of freedom <= 0 for slice.
  var = nanvar(a, axis=axis, dtype=dtype, out=out, ddof=ddof,
C:\Users\Shreyas.1Gupta\AppData\Local\Python\pythoncore-3.14-64\Lib\site-packages\numpy\lib\_nanfunctions_impl.py:1997: RuntimeWarning: Degrees of freedom <= 0 for slice.
  var = nanvar(a, axis=axis, dtype=dtype, out=out, ddof=ddof,
C:\Users\Shreyas.1Gupta\AppData\Local\Python\pythoncore-3.14-64\Lib\site-packages\numpy\lib\_nanfunctions_impl.py:1997: RuntimeWarning: Degrees of freedom <= 0 for slice.
  var = nanvar(a, axis=axis, dtype=dtype, out=out, ddof=ddof,
C:\Users\Shreyas.1Gupta\AppData\Local\Python\pythoncore-3.14-64\Lib\site-packages\numpy\lib\_nanfunctions_impl.py:1997: RuntimeWarning: Degrees of freedom <= 0 for slice.
  var = nanvar(a, axis=axis, dtype=dtype, out=out, ddof=ddof,
C:\Users\Shreyas.1Gupta\AppData\Local\Python\pythoncore-3.14-64\Lib\site-packages\numpy\lib\_nanfunctions_impl.py:1997: RuntimeWarning: Degrees of freedom <= 0 for slice.
  var = nanvar(a, axis=axis, dtype=dtype, out=out, ddof=ddof,
C:\Users\Shreyas.1Gupta\AppData\Local\Python\pythoncore-3.14-64\Lib\site-packages\numpy\lib\_nanfunctions_impl.py:1997: RuntimeWarning: Degrees of freedom <= 0 for slice.
  var = nanvar(a, axis=axis, dtype=dtype, out=out, ddof=ddof,
C:\Users\Shreyas.1Gupta\AppData\Local\Python\pythoncore-3.14-64\Lib\site-packages\numpy\lib\_nanfunctions_impl.py:1997: RuntimeWarning: Degrees of freedom <= 0 for slice.
  var = nanvar(a, axis=axis, dtype=dtype, out=out, ddof=ddof,
C:\Users\Shreyas.1Gupta\AppData\Local\Python\pythoncore-3.14-64\Lib\site-packages\numpy\lib\_nanfunctions_impl.py:1997: RuntimeWarning: Degrees of freedom <= 0 for slice.
  var = nanvar(a, axis=axis, dtype=dtype, out=out, ddof=ddof,
C:\Users\Shreyas.1Gupta\AppData\Local\Python\pythoncore-3.14-64\Lib\site-packages\numpy\lib\_nanfunctions_impl.py:1997: RuntimeWarning: Degrees of freedom <= 0 for slice.
  var = nanvar(a, axis=axis, dtype=dtype, out=out, ddof=ddof,
C:\Users\Shreyas.1Gupta\AppData\Local\Python\pythoncore-3.14-64\Lib\site-packages\numpy\lib\_nanfunctions_impl.py:1997: RuntimeWarning: Degrees of freedom <= 0 for slice.
  var = nanvar(a, axis=axis, dtype=dtype, out=out, ddof=ddof,
C:\Users\Shreyas.1Gupta\AppData\Local\Python\pythoncore-3.14-64\Lib\site-packages\numpy\lib\_nanfunctions_impl.py:1997: RuntimeWarning: Degrees of freedom <= 0 for slice.
  var = nanvar(a, axis=axis, dtype=dtype, out=out, ddof=ddof,
C:\Users\Shreyas.1Gupta\AppData\Local\Python\pythoncore-3.14-64\Lib\site-packages\numpy\lib\_nanfunctions_impl.py:1997: RuntimeWarning: Degrees of freedom <= 0 for slice.
  var = nanvar(a, axis=axis, dtype=dtype, out=out, ddof=ddof,
C:\Users\Shreyas.1Gupta\AppData\Local\Python\pythoncore-3.14-64\Lib\site-packages\numpy\lib\_nanfunctions_impl.py:1997: RuntimeWarning: Degrees of freedom <= 0 for slice.
  var = nanvar(a, axis=axis, dtype=dtype, out=out, ddof=ddof,
C:\Users\Shreyas.1Gupta\AppData\Local\Python\pythoncore-3.14-64\Lib\site-packages\numpy\lib\_nanfunctions_impl.py:1997: RuntimeWarning: Degrees of freedom <= 0 for slice.
  var = nanvar(a, axis=axis, dtype=dtype, out=out, ddof=ddof,
C:\Users\Shreyas.1Gupta\AppData\Local\Python\pythoncore-3.14-64\Lib\site-packages\numpy\lib\_nanfunctions_impl.py:1997: RuntimeWarning: Degrees of freedom <= 0 for slice.
  var = nanvar(a, axis=axis, dtype=dtype, out=out, ddof=ddof,
C:\Users\Shreyas.1Gupta\AppData\Local\Python\pythoncore-3.14-64\Lib\site-packages\numpy\lib\_nanfunctions_impl.py:1997: RuntimeWarning: Degrees of freedom <= 0 for slice.
  var = nanvar(a, axis=axis, dtype=dtype, out=out, ddof=ddof,
C:\Users\Shreyas.1Gupta\AppData\Local\Python\pythoncore-3.14-64\Lib\site-packages\numpy\lib\_nanfunctions_impl.py:1997: RuntimeWarning: Degrees of freedom <= 0 for slice.
  var = nanvar(a, axis=axis, dtype=dtype, out=out, ddof=ddof,
C:\Users\Shreyas.1Gupta\AppData\Local\Python\pythoncore-3.14-64\Lib\site-packages\numpy\lib\_nanfunctions_impl.py:1997: RuntimeWarning: Degrees of freedom <= 0 for slice.
  var = nanvar(a, axis=axis, dtype=dtype, out=out, ddof=ddof,
C:\Users\Shreyas.1Gupta\AppData\Local\Python\pythoncore-3.14-64\Lib\site-packages\numpy\lib\_nanfunctions_impl.py:1997: RuntimeWarning: Degrees of freedom <= 0 for slice.
  var = nanvar(a, axis=axis, dtype=dtype, out=out, ddof=ddof,
C:\Users\Shreyas.1Gupta\AppData\Local\Python\pythoncore-3.14-64\Lib\site-packages\numpy\lib\_nanfunctions_impl.py:1997: RuntimeWarning: Degrees of freedom <= 0 for slice.
  var = nanvar(a, axis=axis, dtype=dtype, out=out, ddof=ddof,
C:\Users\Shreyas.1Gupta\AppData\Local\Python\pythoncore-3.14-64\Lib\site-packages\numpy\lib\_nanfunctions_impl.py:1997: RuntimeWarning: Degrees of freedom <= 0 for slice.
  var = nanvar(a, axis=axis, dtype=dtype, out=out, ddof=ddof,
C:\Users\Shreyas.1Gupta\AppData\Local\Python\pythoncore-3.14-64\Lib\site-packages\numpy\lib\_nanfunctions_impl.py:1997: RuntimeWarning: Degrees of freedom <= 0 for slice.
  var = nanvar(a, axis=axis, dtype=dtype, out=out, ddof=ddof,
C:\Users\Shreyas.1Gupta\AppData\Local\Python\pythoncore-3.14-64\Lib\site-packages\numpy\lib\_nanfunctions_impl.py:1997: RuntimeWarning: Degrees of freedom <= 0 for slice.
  var = nanvar(a, axis=axis, dtype=dtype, out=out, ddof=ddof,
C:\Users\Shreyas.1Gupta\AppData\Local\Python\pythoncore-3.14-64\Lib\site-packages\numpy\lib\_nanfunctions_impl.py:1997: RuntimeWarning: Degrees of freedom <= 0 for slice.
  var = nanvar(a, axis=axis, dtype=dtype, out=out, ddof=ddof,
C:\Users\Shreyas.1Gupta\AppData\Local\Python\pythoncore-3.14-64\Lib\site-packages\numpy\lib\_nanfunctions_impl.py:1997: RuntimeWarning: Degrees of freedom <= 0 for slice.
  var = nanvar(a, axis=axis, dtype=dtype, out=out, ddof=ddof,
C:\Users\Shreyas.1Gupta\AppData\Local\Python\pythoncore-3.14-64\Lib\site-packages\numpy\lib\_nanfunctions_impl.py:1997: RuntimeWarning: Degrees of freedom <= 0 for slice.
  var = nanvar(a, axis=axis, dtype=dtype, out=out, ddof=ddof,
C:\Users\Shreyas.1Gupta\AppData\Local\Python\pythoncore-3.14-64\Lib\site-packages\numpy\lib\_nanfunctions_impl.py:1997: RuntimeWarning: Degrees of freedom <= 0 for slice.
  var = nanvar(a, axis=axis, dtype=dtype, out=out, ddof=ddof,
C:\Users\Shreyas.1Gupta\AppData\Local\Python\pythoncore-3.14-64\Lib\site-packages\numpy\lib\_nanfunctions_impl.py:1997: RuntimeWarning: Degrees of freedom <= 0 for slice.
  var = nanvar(a, axis=axis, dtype=dtype, out=out, ddof=ddof,
C:\Users\Shreyas.1Gupta\AppData\Local\Python\pythoncore-3.14-64\Lib\site-packages\numpy\lib\_nanfunctions_impl.py:1997: RuntimeWarning: Degrees of freedom <= 0 for slice.
  var = nanvar(a, axis=axis, dtype=dtype, out=out, ddof=ddof,
C:\Users\Shreyas.1Gupta\AppData\Local\Python\pythoncore-3.14-64\Lib\site-packages\numpy\lib\_nanfunctions_impl.py:1997: RuntimeWarning: Degrees of freedom <= 0 for slice.
  var = nanvar(a, axis=axis, dtype=dtype, out=out, ddof=ddof,
C:\Users\Shreyas.1Gupta\AppData\Local\Python\pythoncore-3.14-64\Lib\site-packages\numpy\lib\_nanfunctions_impl.py:1997: RuntimeWarning: Degrees of freedom <= 0 for slice.
  var = nanvar(a, axis=axis, dtype=dtype, out=out, ddof=ddof,
C:\Users\Shreyas.1Gupta\AppData\Local\Python\pythoncore-3.14-64\Lib\site-packages\numpy\lib\_nanfunctions_impl.py:1997: RuntimeWarning: Degrees of freedom <= 0 for slice.
  var = nanvar(a, axis=axis, dtype=dtype, out=out, ddof=ddof,
C:\Users\Shreyas.1Gupta\AppData\Local\Python\pythoncore-3.14-64\Lib\site-packages\numpy\lib\_nanfunctions_impl.py:1997: RuntimeWarning: Degrees of freedom <= 0 for slice.
  var = nanvar(a, axis=axis, dtype=dtype, out=out, ddof=ddof,
C:\Users\Shreyas.1Gupta\AppData\Local\Python\pythoncore-3.14-64\Lib\site-packages\numpy\lib\_nanfunctions_impl.py:1997: RuntimeWarning: Degrees of freedom <= 0 for slice.
  var = nanvar(a, axis=axis, dtype=dtype, out=out, ddof=ddof,
C:\Users\Shreyas.1Gupta\AppData\Local\Python\pythoncore-3.14-64\Lib\site-packages\numpy\lib\_nanfunctions_impl.py:1997: RuntimeWarning: Degrees of freedom <= 0 for slice.
  var = nanvar(a, axis=axis, dtype=dtype, out=out, ddof=ddof,
C:\Users\Shreyas.1Gupta\AppData\Local\Python\pythoncore-3.14-64\Lib\site-packages\numpy\lib\_nanfunctions_impl.py:1997: RuntimeWarning: Degrees of freedom <= 0 for slice.
  var = nanvar(a, axis=axis, dtype=dtype, out=out, ddof=ddof,
C:\Users\Shreyas.1Gupta\AppData\Local\Python\pythoncore-3.14-64\Lib\site-packages\numpy\lib\_nanfunctions_impl.py:1997: RuntimeWarning: Degrees of freedom <= 0 for slice.
  var = nanvar(a, axis=axis, dtype=dtype, out=out, ddof=ddof,
C:\Users\Shreyas.1Gupta\AppData\Local\Python\pythoncore-3.14-64\Lib\site-packages\numpy\lib\_nanfunctions_impl.py:1997: RuntimeWarning: Degrees of freedom <= 0 for slice.
  var = nanvar(a, axis=axis, dtype=dtype, out=out, ddof=ddof,
C:\Users\Shreyas.1Gupta\AppData\Local\Python\pythoncore-3.14-64\Lib\site-packages\numpy\lib\_nanfunctions_impl.py:1997: RuntimeWarning: Degrees of freedom <= 0 for slice.
  var = nanvar(a, axis=axis, dtype=dtype, out=out, ddof=ddof,
C:\Users\Shreyas.1Gupta\AppData\Local\Python\pythoncore-3.14-64\Lib\site-packages\numpy\lib\_nanfunctions_impl.py:1997: RuntimeWarning: Degrees of freedom <= 0 for slice.
  var = nanvar(a, axis=axis, dtype=dtype, out=out, ddof=ddof,
C:\Users\Shreyas.1Gupta\AppData\Local\Python\pythoncore-3.14-64\Lib\site-packages\numpy\lib\_nanfunctions_impl.py:1997: RuntimeWarning: Degrees of freedom <= 0 for slice.
  var = nanvar(a, axis=axis, dtype=dtype, out=out, ddof=ddof,
C:\Users\Shreyas.1Gupta\AppData\Local\Python\pythoncore-3.14-64\Lib\site-packages\numpy\lib\_nanfunctions_impl.py:1997: RuntimeWarning: Degrees of freedom <= 0 for slice.
  var = nanvar(a, axis=axis, dtype=dtype, out=out, ddof=ddof,
C:\Users\Shreyas.1Gupta\AppData\Local\Python\pythoncore-3.14-64\Lib\site-packages\numpy\lib\_nanfunctions_impl.py:1997: RuntimeWarning: Degrees of freedom <= 0 for slice.
  var = nanvar(a, axis=axis, dtype=dtype, out=out, ddof=ddof,
C:\Users\Shreyas.1Gupta\AppData\Local\Python\pythoncore-3.14-64\Lib\site-packages\numpy\lib\_nanfunctions_impl.py:1997: RuntimeWarning: Degrees of freedom <= 0 for slice.
  var = nanvar(a, axis=axis, dtype=dtype, out=out, ddof=ddof,
C:\Users\Shreyas.1Gupta\AppData\Local\Python\pythoncore-3.14-64\Lib\site-packages\numpy\lib\_nanfunctions_impl.py:1997: RuntimeWarning: Degrees of freedom <= 0 for slice.
  var = nanvar(a, axis=axis, dtype=dtype, out=out, ddof=ddof,
C:\Users\Shreyas.1Gupta\AppData\Local\Python\pythoncore-3.14-64\Lib\site-packages\numpy\lib\_nanfunctions_impl.py:1997: RuntimeWarning: Degrees of freedom <= 0 for slice.
  var = nanvar(a, axis=axis, dtype=dtype, out=out, ddof=ddof,
[6_midsmall_MQ30] rebals=246 active 2005-04-01->2026-01-22 ann_turnover~448.3% fricCAGR=22.33% net1CAGR=16.87% net2CAGR=11.62%
  [rep vs Nifty MidSmallcap400 Momentum Quality 100 (loose cousin)]
           series     era   n   corr  te_ann                                                 official
  6_midsmall_MQ30 2023-26 482 0.9652  0.3641 Nifty MidSmallcap400 Momentum Quality 100 (loose cousin)
  6_midsmall_MQ30    FULL 482 0.9652  0.3641 Nifty MidSmallcap400 Momentum Quality 100 (loose cousin)

=== SUMMARY TABLE (written) ===
              index      variant  cagr_full  vol_full  maxdd_full  ann_turnover  cagr_1Y  cagr_3Y  cagr_5Y  cagr_10Y
   1_smallcap_MQ100 frictionless     0.1515    0.2797     -0.7508         3.283   0.0471   0.2694   0.2751    0.2010
   1_smallcap_MQ100  cost_loaded     0.1130    0.2793     -0.7571         3.283   0.0135   0.2272   0.2314    0.1599
   1_smallcap_MQ100      cost_2x     0.0756    0.2793     -0.7802         3.283  -0.0192   0.1863   0.1891    0.1200
    2_smallcap_MQ25 frictionless     0.2100    0.2939     -0.7473         4.437   0.1206   0.1891   0.2470    0.1966
    2_smallcap_MQ25  cost_loaded     0.1554    0.2935     -0.7564         4.437   0.0718   0.1364   0.1887    0.1424
    2_smallcap_MQ25      cost_2x     0.1030    0.2939     -0.7663         4.437   0.0250   0.0859   0.1329    0.0905
        3_n500_MQ50 frictionless     0.1892    0.2395     -0.6708         4.195   0.1235   0.2533   0.2457    0.1943
        3_n500_MQ50  cost_loaded     0.1541    0.2393     -0.6822         4.195   0.0943   0.2187   0.2087    0.1602
        3_n500_MQ50      cost_2x     0.1198    0.2395     -0.6935         4.195   0.0658   0.1849   0.1728    0.1271
    4_n500_lowvol50 frictionless     0.1681    0.1260     -0.4382         1.727   0.0918   0.1471   0.1477    0.1370
    4_n500_lowvol50  cost_loaded     0.1531    0.1260     -0.4442         1.727   0.0838   0.1375   0.1362    0.1246
    4_n500_lowvol50      cost_2x     0.1383    0.1262     -0.4516         1.727   0.0759   0.1280   0.1249    0.1124
5_smallcap_lowvol25 frictionless     0.1053    0.1393     -0.5606         2.131  -0.0029   0.1122   0.1266    0.0790
5_smallcap_lowvol25  cost_loaded     0.0792    0.1393     -0.5696         2.131  -0.0240   0.0902   0.1023    0.0559
5_smallcap_lowvol25      cost_2x     0.0536    0.1398     -0.5785         2.131  -0.0447   0.0685   0.0784    0.0333
    6_midsmall_MQ30 frictionless     0.2233    0.2639     -0.7138         4.483   0.0583   0.2618   0.2691    0.1928
    6_midsmall_MQ30  cost_loaded     0.1687    0.2636     -0.7326         4.483   0.0149   0.2100   0.2146    0.1425
    6_midsmall_MQ30      cost_2x     0.1162    0.2641     -0.7503         4.483  -0.0268   0.1602   0.1623    0.0941

[done] outputs in c:\Users\Shreyas.1Gupta\OneDrive - Angel Broking Limited\Desktop\Backup\NIFTY 500\results\factor_replication\20260704_factor_family
